Hours,HPHtgLd_W,HPClgLd_W
0,0,0
1,5000,0
2,5000,0
3,5000,0
4,5000,0
5,5000,0
6,5000,0
7,5000,0
8,5000,0
9,5000,0
10,5000,0
11,5000,0
12,5000,0
13,5000,0
14,5000,0
15,5000,0
16,5000,0
17,5000,0
18,5000,0
19,5000,0
20,5000,0
21,5000,0
22,5000,0
23,5000,0
24,5000,0
25,5000,0
26,5000,0
27,5000,0
28,5000,0
29,5000,0
30,5000,0
31,5000,0
32,5000,0
33,5000,0
34,5000,0
35,5000,0
36,5000,0
37,5000,0
38,5000,0
39,5000,0
40,5000,0
41,5000,0
42,5000,0
43,5000,0
44,5000,0
45,5000,0
46,5000,0
47,5000,0
48,5000,0
49,5000,0
50,5000,0
51,5000,0
52,5000,0
53,5000,0
54,5000,0
55,5000,0
56,5000,0
57,5000,0
58,5000,0
59,5000,0
60,5000,0
61,5000,0
62,5000,0
63,5000,0
64,5000,0
65,5000,0
66,5000,0
67,5000,0
68,5000,0
69,5000,0
70,5000,0
71,5000,0
72,5000,0
73,5000,0
74,5000,0
75,5000,0
76,5000,0
77,5000,0
78,5000,0
79,5000,0
80,5000,0
81,5000,0
82,5000,0
83,5000,0
84,5000,0
85,5000,0
86,5000,0
87,5000,0
88,5000,0
89,5000,0
90,5000,0
91,5000,0
92,5000,0
93,5000,0
94,5000,0
95,5000,0
96,5000,0
97,5000,0
98,5000,0
99,5000,0
100,5000,0
101,5000,0
102,5000,0
103,5000,0
104,5000,0
105,5000,0
106,5000,0
107,5000,0
108,5000,0
109,5000,0
110,5000,0
111,5000,0
112,5000,0
113,5000,0
114,5000,0
115,5000,0
116,5000,0
117,5000,0
118,5000,0
119,5000,0
120,5000,0
121,5000,0
122,5000,0
123,5000,0
124,5000,0
125,5000,0
126,5000,0
127,5000,0
128,5000,0
129,5000,0
130,5000,0
131,5000,0
132,5000,0
133,5000,0
134,5000,0
135,5000,0
136,5000,0
137,5000,0
138,5000,0
139,5000,0
140,5000,0
141,5000,0
142,5000,0
143,5000,0
144,5000,0
145,5000,0
146,5000,0
147,5000,0
148,5000,0
149,5000,0
150,5000,0
151,5000,0
152,5000,0
153,5000,0
154,5000,0
155,5000,0
156,5000,0
157,5000,0
158,5000,0
159,5000,0
160,5000,0
161,5000,0
162,5000,0
163,5000,0
164,5000,0
165,5000,0
166,5000,0
167,5000,0
168,5000,0
169,5000,0
170,5000,0
171,5000,0
172,5000,0
173,5000,0
174,5000,0
175,5000,0
176,5000,0
177,5000,0
178,5000,0
179,5000,0
180,5000,0
181,5000,0
182,5000,0
183,5000,0
184,5000,0
185,5000,0
186,5000,0
187,5000,0
188,5000,0
189,5000,0
190,5000,0
191,5000,0
192,5000,0
193,5000,0
194,5000,0
195,5000,0
196,5000,0
197,5000,0
198,5000,0
199,5000,0
200,5000,0
201,5000,0
202,5000,0
203,5000,0
204,5000,0
205,5000,0
206,5000,0
207,5000,0
208,5000,0
209,5000,0
210,5000,0
211,5000,0
212,5000,0
213,5000,0
214,5000,0
215,5000,0
216,5000,0
217,5000,0
218,5000,0
219,5000,0
220,5000,0
221,5000,0
222,5000,0
223,5000,0
224,5000,0
225,5000,0
226,5000,0
227,5000,0
228,5000,0
229,5000,0
230,5000,0
231,5000,0
232,5000,0
233,5000,0
234,5000,0
235,5000,0
236,5000,0
237,5000,0
238,5000,0
239,5000,0
240,5000,0
241,5000,0
242,5000,0
243,5000,0
244,5000,0
245,5000,0
246,5000,0
247,5000,0
248,5000,0
249,5000,0
250,5000,0
251,5000,0
252,5000,0
253,5000,0
254,5000,0
255,5000,0
256,5000,0
257,5000,0
258,5000,0
259,5000,0
260,5000,0
261,5000,0
262,5000,0
263,5000,0
264,5000,0
265,5000,0
266,5000,0
267,5000,0
268,5000,0
269,5000,0
270,5000,0
271,5000,0
272,5000,0
273,5000,0
274,5000,0
275,5000,0
276,5000,0
277,5000,0
278,5000,0
279,5000,0
280,5000,0
281,5000,0
282,5000,0
283,5000,0
284,5000,0
285,5000,0
286,5000,0
287,5000,0
288,5000,0
289,5000,0
290,5000,0
291,5000,0
292,5000,0
293,5000,0
294,5000,0
295,5000,0
296,5000,0
297,5000,0
298,5000,0
299,5000,0
300,5000,0
301,5000,0
302,5000,0
303,5000,0
304,5000,0
305,5000,0
306,5000,0
307,5000,0
308,5000,0
309,5000,0
310,5000,0
311,5000,0
312,5000,0
313,5000,0
314,5000,0
315,5000,0
316,5000,0
317,5000,0
318,5000,0
319,5000,0
320,5000,0
321,5000,0
322,5000,0
323,5000,0
324,5000,0
325,5000,0
326,5000,0
327,5000,0
328,5000,0
329,5000,0
330,5000,0
331,5000,0
332,5000,0
333,5000,0
334,5000,0
335,5000,0
336,5000,0
337,5000,0
338,5000,0
339,5000,0
340,5000,0
341,5000,0
342,5000,0
343,5000,0
344,5000,0
345,5000,0
346,5000,0
347,5000,0
348,5000,0
349,5000,0
350,5000,0
351,5000,0
352,5000,0
353,5000,0
354,5000,0
355,5000,0
356,5000,0
357,5000,0
358,5000,0
359,5000,0
360,5000,0
361,5000,0
362,5000,0
363,5000,0
364,5000,0
365,5000,0
366,5000,0
367,5000,0
368,5000,0
369,5000,0
370,5000,0
371,5000,0
372,5000,0
373,5000,0
374,5000,0
375,5000,0
376,5000,0
377,5000,0
378,5000,0
379,5000,0
380,5000,0
381,5000,0
382,5000,0
383,5000,0
384,5000,0
385,5000,0
386,5000,0
387,5000,0
388,5000,0
389,5000,0
390,5000,0
391,5000,0
392,5000,0
393,5000,0
394,5000,0
395,5000,0
396,5000,0
397,5000,0
398,5000,0
399,5000,0
400,5000,0
401,5000,0
402,5000,0
403,5000,0
404,5000,0
405,5000,0
406,5000,0
407,5000,0
408,5000,0
409,5000,0
410,5000,0
411,5000,0
412,5000,0
413,5000,0
414,5000,0
415,5000,0
416,5000,0
417,5000,0
418,5000,0
419,5000,0
420,5000,0
421,5000,0
422,5000,0
423,5000,0
424,5000,0
425,5000,0
426,5000,0
427,5000,0
428,5000,0
429,5000,0
430,5000,0
431,5000,0
432,5000,0
433,5000,0
434,5000,0
435,5000,0
436,5000,0
437,5000,0
438,5000,0
439,5000,0
440,5000,0
441,5000,0
442,5000,0
443,5000,0
444,5000,0
445,5000,0
446,5000,0
447,5000,0
448,5000,0
449,5000,0
450,5000,0
451,5000,0
452,5000,0
453,5000,0
454,5000,0
455,5000,0
456,5000,0
457,5000,0
458,5000,0
459,5000,0
460,5000,0
461,5000,0
462,5000,0
463,5000,0
464,5000,0
465,5000,0
466,5000,0
467,5000,0
468,5000,0
469,5000,0
470,5000,0
471,5000,0
472,5000,0
473,5000,0
474,5000,0
475,5000,0
476,5000,0
477,5000,0
478,5000,0
479,5000,0
480,5000,0
481,5000,0
482,5000,0
483,5000,0
484,5000,0
485,5000,0
486,5000,0
487,5000,0
488,5000,0
489,5000,0
490,5000,0
491,5000,0
492,5000,0
493,5000,0
494,5000,0
495,5000,0
496,5000,0
497,5000,0
498,5000,0
499,5000,0
500,5000,0
501,5000,0
502,5000,0
503,5000,0
504,5000,0
505,5000,0
506,5000,0
507,5000,0
508,5000,0
509,5000,0
510,5000,0
511,5000,0
512,5000,0
513,5000,0
514,5000,0
515,5000,0
516,5000,0
517,5000,0
518,5000,0
519,5000,0
520,5000,0
521,5000,0
522,5000,0
523,5000,0
524,5000,0
525,5000,0
526,5000,0
527,5000,0
528,5000,0
529,5000,0
530,5000,0
531,5000,0
532,5000,0
533,5000,0
534,5000,0
535,5000,0
536,5000,0
537,5000,0
538,5000,0
539,5000,0
540,5000,0
541,5000,0
542,5000,0
543,5000,0
544,5000,0
545,5000,0
546,5000,0
547,5000,0
548,5000,0
549,5000,0
550,5000,0
551,5000,0
552,5000,0
553,5000,0
554,5000,0
555,5000,0
556,5000,0
557,5000,0
558,5000,0
559,5000,0
560,5000,0
561,5000,0
562,5000,0
563,5000,0
564,5000,0
565,5000,0
566,5000,0
567,5000,0
568,5000,0
569,5000,0
570,5000,0
571,5000,0
572,5000,0
573,5000,0
574,5000,0
575,5000,0
576,5000,0
577,5000,0
578,5000,0
579,5000,0
580,5000,0
581,5000,0
582,5000,0
583,5000,0
584,5000,0
585,5000,0
586,5000,0
587,5000,0
588,5000,0
589,5000,0
590,5000,0
591,5000,0
592,5000,0
593,5000,0
594,5000,0
595,5000,0
596,5000,0
597,5000,0
598,5000,0
599,5000,0
600,5000,0
601,5000,0
602,5000,0
603,5000,0
604,5000,0
605,5000,0
606,5000,0
607,5000,0
608,5000,0
609,5000,0
610,5000,0
611,5000,0
612,5000,0
613,5000,0
614,5000,0
615,5000,0
616,5000,0
617,5000,0
618,5000,0
619,5000,0
620,5000,0
621,5000,0
622,5000,0
623,5000,0
624,5000,0
625,5000,0
626,5000,0
627,5000,0
628,5000,0
629,5000,0
630,5000,0
631,5000,0
632,5000,0
633,5000,0
634,5000,0
635,5000,0
636,5000,0
637,5000,0
638,5000,0
639,5000,0
640,5000,0
641,5000,0
642,5000,0
643,5000,0
644,5000,0
645,5000,0
646,5000,0
647,5000,0
648,5000,0
649,5000,0
650,5000,0
651,5000,0
652,5000,0
653,5000,0
654,5000,0
655,5000,0
656,5000,0
657,5000,0
658,5000,0
659,5000,0
660,5000,0
661,5000,0
662,5000,0
663,5000,0
664,5000,0
665,5000,0
666,5000,0
667,5000,0
668,5000,0
669,5000,0
670,5000,0
671,5000,0
672,5000,0
673,5000,0
674,5000,0
675,5000,0
676,5000,0
677,5000,0
678,5000,0
679,5000,0
680,5000,0
681,5000,0
682,5000,0
683,5000,0
684,5000,0
685,5000,0
686,5000,0
687,5000,0
688,5000,0
689,5000,0
690,5000,0
691,5000,0
692,5000,0
693,5000,0
694,5000,0
695,5000,0
696,5000,0
697,5000,0
698,5000,0
699,5000,0
700,5000,0
701,5000,0
702,5000,0
703,5000,0
704,5000,0
705,5000,0
706,5000,0
707,5000,0
708,5000,0
709,5000,0
710,5000,0
711,5000,0
712,5000,0
713,5000,0
714,5000,0
715,5000,0
716,5000,0
717,5000,0
718,5000,0
719,5000,0
720,5000,0
721,5000,0
722,5000,0
723,5000,0
724,5000,0
725,5000,0
726,5000,0
727,5000,0
728,5000,0
729,5000,0
730,5000,0
731,5000,0
732,5000,0
733,5000,0
734,5000,0
735,5000,0
736,5000,0
737,5000,0
738,5000,0
739,5000,0
740,5000,0
741,5000,0
742,5000,0
743,5000,0
744,5000,0
745,5000,0
746,5000,0
747,5000,0
748,5000,0
749,5000,0
750,5000,0
751,5000,0
752,5000,0
753,5000,0
754,5000,0
755,5000,0
756,5000,0
757,5000,0
758,5000,0
759,5000,0
760,5000,0
761,5000,0
762,5000,0
763,5000,0
764,5000,0
765,5000,0
766,5000,0
767,5000,0
768,5000,0
769,5000,0
770,5000,0
771,5000,0
772,5000,0
773,5000,0
774,5000,0
775,5000,0
776,5000,0
777,5000,0
778,5000,0
779,5000,0
780,5000,0
781,5000,0
782,5000,0
783,5000,0
784,5000,0
785,5000,0
786,5000,0
787,5000,0
788,5000,0
789,5000,0
790,5000,0
791,5000,0
792,5000,0
793,5000,0
794,5000,0
795,5000,0
796,5000,0
797,5000,0
798,5000,0
799,5000,0
800,5000,0
801,5000,0
802,5000,0
803,5000,0
804,5000,0
805,5000,0
806,5000,0
807,5000,0
808,5000,0
809,5000,0
810,5000,0
811,5000,0
812,5000,0
813,5000,0
814,5000,0
815,5000,0
816,5000,0
817,5000,0
818,5000,0
819,5000,0
820,5000,0
821,5000,0
822,5000,0
823,5000,0
824,5000,0
825,5000,0
826,5000,0
827,5000,0
828,5000,0
829,5000,0
830,5000,0
831,5000,0
832,5000,0
833,5000,0
834,5000,0
835,5000,0
836,5000,0
837,5000,0
838,5000,0
839,5000,0
840,5000,0
841,5000,0
842,5000,0
843,5000,0
844,5000,0
845,5000,0
846,5000,0
847,5000,0
848,5000,0
849,5000,0
850,5000,0
851,5000,0
852,5000,0
853,5000,0
854,5000,0
855,5000,0
856,5000,0
857,5000,0
858,5000,0
859,5000,0
860,5000,0
861,5000,0
862,5000,0
863,5000,0
864,5000,0
865,5000,0
866,5000,0
867,5000,0
868,5000,0
869,5000,0
870,5000,0
871,5000,0
872,5000,0
873,5000,0
874,5000,0
875,5000,0
876,5000,0
877,5000,0
878,5000,0
879,5000,0
880,5000,0
881,5000,0
882,5000,0
883,5000,0
884,5000,0
885,5000,0
886,5000,0
887,5000,0
888,5000,0
889,5000,0
890,5000,0
891,5000,0
892,5000,0
893,5000,0
894,5000,0
895,5000,0
896,5000,0
897,5000,0
898,5000,0
899,5000,0
900,5000,0
901,5000,0
902,5000,0
903,5000,0
904,5000,0
905,5000,0
906,5000,0
907,5000,0
908,5000,0
909,5000,0
910,5000,0
911,5000,0
912,5000,0
913,5000,0
914,5000,0
915,5000,0
916,5000,0
917,5000,0
918,5000,0
919,5000,0
920,5000,0
921,5000,0
922,5000,0
923,5000,0
924,5000,0
925,5000,0
926,5000,0
927,5000,0
928,5000,0
929,5000,0
930,5000,0
931,5000,0
932,5000,0
933,5000,0
934,5000,0
935,5000,0
936,5000,0
937,5000,0
938,5000,0
939,5000,0
940,5000,0
941,5000,0
942,5000,0
943,5000,0
944,5000,0
945,5000,0
946,5000,0
947,5000,0
948,5000,0
949,5000,0
950,5000,0
951,5000,0
952,5000,0
953,5000,0
954,5000,0
955,5000,0
956,5000,0
957,5000,0
958,5000,0
959,5000,0
960,5000,0
961,5000,0
962,5000,0
963,5000,0
964,5000,0
965,5000,0
966,5000,0
967,5000,0
968,5000,0
969,5000,0
970,5000,0
971,5000,0
972,5000,0
973,5000,0
974,5000,0
975,5000,0
976,5000,0
977,5000,0
978,5000,0
979,5000,0
980,5000,0
981,5000,0
982,5000,0
983,5000,0
984,5000,0
985,5000,0
986,5000,0
987,5000,0
988,5000,0
989,5000,0
990,5000,0
991,5000,0
992,5000,0
993,5000,0
994,5000,0
995,5000,0
996,5000,0
997,5000,0
998,5000,0
999,5000,0
1000,5000,0
1001,5000,0
1002,5000,0
1003,5000,0
1004,5000,0
1005,5000,0
1006,5000,0
1007,5000,0
1008,5000,0
1009,5000,0
1010,5000,0
1011,5000,0
1012,5000,0
1013,5000,0
1014,5000,0
1015,5000,0
1016,5000,0
1017,5000,0
1018,5000,0
1019,5000,0
1020,5000,0
1021,5000,0
1022,5000,0
1023,5000,0
1024,5000,0
1025,5000,0
1026,5000,0
1027,5000,0
1028,5000,0
1029,5000,0
1030,5000,0
1031,5000,0
1032,5000,0
1033,5000,0
1034,5000,0
1035,5000,0
1036,5000,0
1037,5000,0
1038,5000,0
1039,5000,0
1040,5000,0
1041,5000,0
1042,5000,0
1043,5000,0
1044,5000,0
1045,5000,0
1046,5000,0
1047,5000,0
1048,5000,0
1049,5000,0
1050,5000,0
1051,5000,0
1052,5000,0
1053,5000,0
1054,5000,0
1055,5000,0
1056,5000,0
1057,5000,0
1058,5000,0
1059,5000,0
1060,5000,0
1061,5000,0
1062,5000,0
1063,5000,0
1064,5000,0
1065,5000,0
1066,5000,0
1067,5000,0
1068,5000,0
1069,5000,0
1070,5000,0
1071,5000,0
1072,5000,0
1073,5000,0
1074,5000,0
1075,5000,0
1076,5000,0
1077,5000,0
1078,5000,0
1079,5000,0
1080,5000,0
1081,5000,0
1082,5000,0
1083,5000,0
1084,5000,0
1085,5000,0
1086,5000,0
1087,5000,0
1088,5000,0
1089,5000,0
1090,5000,0
1091,5000,0
1092,5000,0
1093,5000,0
1094,5000,0
1095,5000,0
1096,5000,0
1097,5000,0
1098,5000,0
1099,5000,0
1100,5000,0
1101,5000,0
1102,5000,0
1103,5000,0
1104,5000,0
1105,5000,0
1106,5000,0
1107,5000,0
1108,5000,0
1109,5000,0
1110,5000,0
1111,5000,0
1112,5000,0
1113,5000,0
1114,5000,0
1115,5000,0
1116,5000,0
1117,5000,0
1118,5000,0
1119,5000,0
1120,5000,0
1121,5000,0
1122,5000,0
1123,5000,0
1124,5000,0
1125,5000,0
1126,5000,0
1127,5000,0
1128,5000,0
1129,5000,0
1130,5000,0
1131,5000,0
1132,5000,0
1133,5000,0
1134,5000,0
1135,5000,0
1136,5000,0
1137,5000,0
1138,5000,0
1139,5000,0
1140,5000,0
1141,5000,0
1142,5000,0
1143,5000,0
1144,5000,0
1145,5000,0
1146,5000,0
1147,5000,0
1148,5000,0
1149,5000,0
1150,5000,0
1151,5000,0
1152,5000,0
1153,5000,0
1154,5000,0
1155,5000,0
1156,5000,0
1157,5000,0
1158,5000,0
1159,5000,0
1160,5000,0
1161,5000,0
1162,5000,0
1163,5000,0
1164,5000,0
1165,5000,0
1166,5000,0
1167,5000,0
1168,5000,0
1169,5000,0
1170,5000,0
1171,5000,0
1172,5000,0
1173,5000,0
1174,5000,0
1175,5000,0
1176,5000,0
1177,5000,0
1178,5000,0
1179,5000,0
1180,5000,0
1181,5000,0
1182,5000,0
1183,5000,0
1184,5000,0
1185,5000,0
1186,5000,0
1187,5000,0
1188,5000,0
1189,5000,0
1190,5000,0
1191,5000,0
1192,5000,0
1193,5000,0
1194,5000,0
1195,5000,0
1196,5000,0
1197,5000,0
1198,5000,0
1199,5000,0
1200,5000,0
1201,5000,0
1202,5000,0
1203,5000,0
1204,5000,0
1205,5000,0
1206,5000,0
1207,5000,0
1208,5000,0
1209,5000,0
1210,5000,0
1211,5000,0
1212,5000,0
1213,5000,0
1214,5000,0
1215,5000,0
1216,5000,0
1217,5000,0
1218,5000,0
1219,5000,0
1220,5000,0
1221,5000,0
1222,5000,0
1223,5000,0
1224,5000,0
1225,5000,0
1226,5000,0
1227,5000,0
1228,5000,0
1229,5000,0
1230,5000,0
1231,5000,0
1232,5000,0
1233,5000,0
1234,5000,0
1235,5000,0
1236,5000,0
1237,5000,0
1238,5000,0
1239,5000,0
1240,5000,0
1241,5000,0
1242,5000,0
1243,5000,0
1244,5000,0
1245,5000,0
1246,5000,0
1247,5000,0
1248,5000,0
1249,5000,0
1250,5000,0
1251,5000,0
1252,5000,0
1253,5000,0
1254,5000,0
1255,5000,0
1256,5000,0
1257,5000,0
1258,5000,0
1259,5000,0
1260,5000,0
1261,5000,0
1262,5000,0
1263,5000,0
1264,5000,0
1265,5000,0
1266,5000,0
1267,5000,0
1268,5000,0
1269,5000,0
1270,5000,0
1271,5000,0
1272,5000,0
1273,5000,0
1274,5000,0
1275,5000,0
1276,5000,0
1277,5000,0
1278,5000,0
1279,5000,0
1280,5000,0
1281,5000,0
1282,5000,0
1283,5000,0
1284,5000,0
1285,5000,0
1286,5000,0
1287,5000,0
1288,5000,0
1289,5000,0
1290,5000,0
1291,5000,0
1292,5000,0
1293,5000,0
1294,5000,0
1295,5000,0
1296,5000,0
1297,5000,0
1298,5000,0
1299,5000,0
1300,5000,0
1301,5000,0
1302,5000,0
1303,5000,0
1304,5000,0
1305,5000,0
1306,5000,0
1307,5000,0
1308,5000,0
1309,5000,0
1310,5000,0
1311,5000,0
1312,5000,0
1313,5000,0
1314,5000,0
1315,5000,0
1316,5000,0
1317,5000,0
1318,5000,0
1319,5000,0
1320,5000,0
1321,5000,0
1322,5000,0
1323,5000,0
1324,5000,0
1325,5000,0
1326,5000,0
1327,5000,0
1328,5000,0
1329,5000,0
1330,5000,0
1331,5000,0
1332,5000,0
1333,5000,0
1334,5000,0
1335,5000,0
1336,5000,0
1337,5000,0
1338,5000,0
1339,5000,0
1340,5000,0
1341,5000,0
1342,5000,0
1343,5000,0
1344,5000,0
1345,5000,0
1346,5000,0
1347,5000,0
1348,5000,0
1349,5000,0
1350,5000,0
1351,5000,0
1352,5000,0
1353,5000,0
1354,5000,0
1355,5000,0
1356,5000,0
1357,5000,0
1358,5000,0
1359,5000,0
1360,5000,0
1361,5000,0
1362,5000,0
1363,5000,0
1364,5000,0
1365,5000,0
1366,5000,0
1367,5000,0
1368,5000,0
1369,5000,0
1370,5000,0
1371,5000,0
1372,5000,0
1373,5000,0
1374,5000,0
1375,5000,0
1376,5000,0
1377,5000,0
1378,5000,0
1379,5000,0
1380,5000,0
1381,5000,0
1382,5000,0
1383,5000,0
1384,5000,0
1385,5000,0
1386,5000,0
1387,5000,0
1388,5000,0
1389,5000,0
1390,5000,0
1391,5000,0
1392,5000,0
1393,5000,0
1394,5000,0
1395,5000,0
1396,5000,0
1397,5000,0
1398,5000,0
1399,5000,0
1400,5000,0
1401,5000,0
1402,5000,0
1403,5000,0
1404,5000,0
1405,5000,0
1406,5000,0
1407,5000,0
1408,5000,0
1409,5000,0
1410,5000,0
1411,5000,0
1412,5000,0
1413,5000,0
1414,5000,0
1415,5000,0
1416,5000,0
1417,5000,0
1418,5000,0
1419,5000,0
1420,5000,0
1421,5000,0
1422,5000,0
1423,5000,0
1424,5000,0
1425,5000,0
1426,5000,0
1427,5000,0
1428,5000,0
1429,5000,0
1430,5000,0
1431,5000,0
1432,5000,0
1433,5000,0
1434,5000,0
1435,5000,0
1436,5000,0
1437,5000,0
1438,5000,0
1439,5000,0
1440,5000,0
1441,5000,0
1442,5000,0
1443,5000,0
1444,5000,0
1445,5000,0
1446,5000,0
1447,5000,0
1448,5000,0
1449,5000,0
1450,5000,0
1451,5000,0
1452,5000,0
1453,5000,0
1454,5000,0
1455,5000,0
1456,5000,0
1457,5000,0
1458,5000,0
1459,5000,0
1460,5000,0
1461,5000,0
1462,5000,0
1463,5000,0
1464,5000,0
1465,5000,0
1466,5000,0
1467,5000,0
1468,5000,0
1469,5000,0
1470,5000,0
1471,5000,0
1472,5000,0
1473,5000,0
1474,5000,0
1475,5000,0
1476,5000,0
1477,5000,0
1478,5000,0
1479,5000,0
1480,5000,0
1481,5000,0
1482,5000,0
1483,5000,0
1484,5000,0
1485,5000,0
1486,5000,0
1487,5000,0
1488,5000,0
1489,5000,0
1490,5000,0
1491,5000,0
1492,5000,0
1493,5000,0
1494,5000,0
1495,5000,0
1496,5000,0
1497,5000,0
1498,5000,0
1499,5000,0
1500,5000,0
1501,5000,0
1502,5000,0
1503,5000,0
1504,5000,0
1505,5000,0
1506,5000,0
1507,5000,0
1508,5000,0
1509,5000,0
1510,5000,0
1511,5000,0
1512,5000,0
1513,5000,0
1514,5000,0
1515,5000,0
1516,5000,0
1517,5000,0
1518,5000,0
1519,5000,0
1520,5000,0
1521,5000,0
1522,5000,0
1523,5000,0
1524,5000,0
1525,5000,0
1526,5000,0
1527,5000,0
1528,5000,0
1529,5000,0
1530,5000,0
1531,5000,0
1532,5000,0
1533,5000,0
1534,5000,0
1535,5000,0
1536,5000,0
1537,5000,0
1538,5000,0
1539,5000,0
1540,5000,0
1541,5000,0
1542,5000,0
1543,5000,0
1544,5000,0
1545,5000,0
1546,5000,0
1547,5000,0
1548,5000,0
1549,5000,0
1550,5000,0
1551,5000,0
1552,5000,0
1553,5000,0
1554,5000,0
1555,5000,0
1556,5000,0
1557,5000,0
1558,5000,0
1559,5000,0
1560,5000,0
1561,5000,0
1562,5000,0
1563,5000,0
1564,5000,0
1565,5000,0
1566,5000,0
1567,5000,0
1568,5000,0
1569,5000,0
1570,5000,0
1571,5000,0
1572,5000,0
1573,5000,0
1574,5000,0
1575,5000,0
1576,5000,0
1577,5000,0
1578,5000,0
1579,5000,0
1580,5000,0
1581,5000,0
1582,5000,0
1583,5000,0
1584,5000,0
1585,5000,0
1586,5000,0
1587,5000,0
1588,5000,0
1589,5000,0
1590,5000,0
1591,5000,0
1592,5000,0
1593,5000,0
1594,5000,0
1595,5000,0
1596,5000,0
1597,5000,0
1598,5000,0
1599,5000,0
1600,5000,0
1601,5000,0
1602,5000,0
1603,5000,0
1604,5000,0
1605,5000,0
1606,5000,0
1607,5000,0
1608,5000,0
1609,5000,0
1610,5000,0
1611,5000,0
1612,5000,0
1613,5000,0
1614,5000,0
1615,5000,0
1616,5000,0
1617,5000,0
1618,5000,0
1619,5000,0
1620,5000,0
1621,5000,0
1622,5000,0
1623,5000,0
1624,5000,0
1625,5000,0
1626,5000,0
1627,5000,0
1628,5000,0
1629,5000,0
1630,5000,0
1631,5000,0
1632,5000,0
1633,5000,0
1634,5000,0
1635,5000,0
1636,5000,0
1637,5000,0
1638,5000,0
1639,5000,0
1640,5000,0
1641,5000,0
1642,5000,0
1643,5000,0
1644,5000,0
1645,5000,0
1646,5000,0
1647,5000,0
1648,5000,0
1649,5000,0
1650,5000,0
1651,5000,0
1652,5000,0
1653,5000,0
1654,5000,0
1655,5000,0
1656,5000,0
1657,5000,0
1658,5000,0
1659,5000,0
1660,5000,0
1661,5000,0
1662,5000,0
1663,5000,0
1664,5000,0
1665,5000,0
1666,5000,0
1667,5000,0
1668,5000,0
1669,5000,0
1670,5000,0
1671,5000,0
1672,5000,0
1673,5000,0
1674,5000,0
1675,5000,0
1676,5000,0
1677,5000,0
1678,5000,0
1679,5000,0
1680,5000,0
1681,5000,0
1682,5000,0
1683,5000,0
1684,5000,0
1685,5000,0
1686,5000,0
1687,5000,0
1688,5000,0
1689,5000,0
1690,5000,0
1691,5000,0
1692,5000,0
1693,5000,0
1694,5000,0
1695,5000,0
1696,5000,0
1697,5000,0
1698,5000,0
1699,5000,0
1700,5000,0
1701,5000,0
1702,5000,0
1703,5000,0
1704,5000,0
1705,5000,0
1706,5000,0
1707,5000,0
1708,5000,0
1709,5000,0
1710,5000,0
1711,5000,0
1712,5000,0
1713,5000,0
1714,5000,0
1715,5000,0
1716,5000,0
1717,5000,0
1718,5000,0
1719,5000,0
1720,5000,0
1721,5000,0
1722,5000,0
1723,5000,0
1724,5000,0
1725,5000,0
1726,5000,0
1727,5000,0
1728,5000,0
1729,5000,0
1730,5000,0
1731,5000,0
1732,5000,0
1733,5000,0
1734,5000,0
1735,5000,0
1736,5000,0
1737,5000,0
1738,5000,0
1739,5000,0
1740,5000,0
1741,5000,0
1742,5000,0
1743,5000,0
1744,5000,0
1745,5000,0
1746,5000,0
1747,5000,0
1748,5000,0
1749,5000,0
1750,5000,0
1751,5000,0
1752,5000,0
1753,5000,0
1754,5000,0
1755,5000,0
1756,5000,0
1757,5000,0
1758,5000,0
1759,5000,0
1760,5000,0
1761,5000,0
1762,5000,0
1763,5000,0
1764,5000,0
1765,5000,0
1766,5000,0
1767,5000,0
1768,5000,0
1769,5000,0
1770,5000,0
1771,5000,0
1772,5000,0
1773,5000,0
1774,5000,0
1775,5000,0
1776,5000,0
1777,5000,0
1778,5000,0
1779,5000,0
1780,5000,0
1781,5000,0
1782,5000,0
1783,5000,0
1784,5000,0
1785,5000,0
1786,5000,0
1787,5000,0
1788,5000,0
1789,5000,0
1790,5000,0
1791,5000,0
1792,5000,0
1793,5000,0
1794,5000,0
1795,5000,0
1796,5000,0
1797,5000,0
1798,5000,0
1799,5000,0
1800,5000,0
1801,5000,0
1802,5000,0
1803,5000,0
1804,5000,0
1805,5000,0
1806,5000,0
1807,5000,0
1808,5000,0
1809,5000,0
1810,5000,0
1811,5000,0
1812,5000,0
1813,5000,0
1814,5000,0
1815,5000,0
1816,5000,0
1817,5000,0
1818,5000,0
1819,5000,0
1820,5000,0
1821,5000,0
1822,5000,0
1823,5000,0
1824,5000,0
1825,5000,0
1826,5000,0
1827,5000,0
1828,5000,0
1829,5000,0
1830,5000,0
1831,5000,0
1832,5000,0
1833,5000,0
1834,5000,0
1835,5000,0
1836,5000,0
1837,5000,0
1838,5000,0
1839,5000,0
1840,5000,0
1841,5000,0
1842,5000,0
1843,5000,0
1844,5000,0
1845,5000,0
1846,5000,0
1847,5000,0
1848,5000,0
1849,5000,0
1850,5000,0
1851,5000,0
1852,5000,0
1853,5000,0
1854,5000,0
1855,5000,0
1856,5000,0
1857,5000,0
1858,5000,0
1859,5000,0
1860,5000,0
1861,5000,0
1862,5000,0
1863,5000,0
1864,5000,0
1865,5000,0
1866,5000,0
1867,5000,0
1868,5000,0
1869,5000,0
1870,5000,0
1871,5000,0
1872,5000,0
1873,5000,0
1874,5000,0
1875,5000,0
1876,5000,0
1877,5000,0
1878,5000,0
1879,5000,0
1880,5000,0
1881,5000,0
1882,5000,0
1883,5000,0
1884,5000,0
1885,5000,0
1886,5000,0
1887,5000,0
1888,5000,0
1889,5000,0
1890,5000,0
1891,5000,0
1892,5000,0
1893,5000,0
1894,5000,0
1895,5000,0
1896,5000,0
1897,5000,0
1898,5000,0
1899,5000,0
1900,5000,0
1901,5000,0
1902,5000,0
1903,5000,0
1904,5000,0
1905,5000,0
1906,5000,0
1907,5000,0
1908,5000,0
1909,5000,0
1910,5000,0
1911,5000,0
1912,5000,0
1913,5000,0
1914,5000,0
1915,5000,0
1916,5000,0
1917,5000,0
1918,5000,0
1919,5000,0
1920,5000,0
1921,5000,0
1922,5000,0
1923,5000,0
1924,5000,0
1925,5000,0
1926,5000,0
1927,5000,0
1928,5000,0
1929,5000,0
1930,5000,0
1931,5000,0
1932,5000,0
1933,5000,0
1934,5000,0
1935,5000,0
1936,5000,0
1937,5000,0
1938,5000,0
1939,5000,0
1940,5000,0
1941,5000,0
1942,5000,0
1943,5000,0
1944,5000,0
1945,5000,0
1946,5000,0
1947,5000,0
1948,5000,0
1949,5000,0
1950,5000,0
1951,5000,0
1952,5000,0
1953,5000,0
1954,5000,0
1955,5000,0
1956,5000,0
1957,5000,0
1958,5000,0
1959,5000,0
1960,5000,0
1961,5000,0
1962,5000,0
1963,5000,0
1964,5000,0
1965,5000,0
1966,5000,0
1967,5000,0
1968,5000,0
1969,5000,0
1970,5000,0
1971,5000,0
1972,5000,0
1973,5000,0
1974,5000,0
1975,5000,0
1976,5000,0
1977,5000,0
1978,5000,0
1979,5000,0
1980,5000,0
1981,5000,0
1982,5000,0
1983,5000,0
1984,5000,0
1985,5000,0
1986,5000,0
1987,5000,0
1988,5000,0
1989,5000,0
1990,5000,0
1991,5000,0
1992,5000,0
1993,5000,0
1994,5000,0
1995,5000,0
1996,5000,0
1997,5000,0
1998,5000,0
1999,5000,0
2000,5000,0
2001,5000,0
2002,5000,0
2003,5000,0
2004,5000,0
2005,5000,0
2006,5000,0
2007,5000,0
2008,5000,0
2009,5000,0
2010,5000,0
2011,5000,0
2012,5000,0
2013,5000,0
2014,5000,0
2015,5000,0
2016,5000,0
2017,5000,0
2018,5000,0
2019,5000,0
2020,5000,0
2021,5000,0
2022,5000,0
2023,5000,0
2024,5000,0
2025,5000,0
2026,5000,0
2027,5000,0
2028,5000,0
2029,5000,0
2030,5000,0
2031,5000,0
2032,5000,0
2033,5000,0
2034,5000,0
2035,5000,0
2036,5000,0
2037,5000,0
2038,5000,0
2039,5000,0
2040,5000,0
2041,5000,0
2042,5000,0
2043,5000,0
2044,5000,0
2045,5000,0
2046,5000,0
2047,5000,0
2048,5000,0
2049,5000,0
2050,5000,0
2051,5000,0
2052,5000,0
2053,5000,0
2054,5000,0
2055,5000,0
2056,5000,0
2057,5000,0
2058,5000,0
2059,5000,0
2060,5000,0
2061,5000,0
2062,5000,0
2063,5000,0
2064,5000,0
2065,5000,0
2066,5000,0
2067,5000,0
2068,5000,0
2069,5000,0
2070,5000,0
2071,5000,0
2072,5000,0
2073,5000,0
2074,5000,0
2075,5000,0
2076,5000,0
2077,5000,0
2078,5000,0
2079,5000,0
2080,5000,0
2081,5000,0
2082,5000,0
2083,5000,0
2084,5000,0
2085,5000,0
2086,5000,0
2087,5000,0
2088,5000,0
2089,5000,0
2090,5000,0
2091,5000,0
2092,5000,0
2093,5000,0
2094,5000,0
2095,5000,0
2096,5000,0
2097,5000,0
2098,5000,0
2099,5000,0
2100,5000,0
2101,5000,0
2102,5000,0
2103,5000,0
2104,5000,0
2105,5000,0
2106,5000,0
2107,5000,0
2108,5000,0
2109,5000,0
2110,5000,0
2111,5000,0
2112,5000,0
2113,5000,0
2114,5000,0
2115,5000,0
2116,5000,0
2117,5000,0
2118,5000,0
2119,5000,0
2120,5000,0
2121,5000,0
2122,5000,0
2123,5000,0
2124,5000,0
2125,5000,0
2126,5000,0
2127,5000,0
2128,5000,0
2129,5000,0
2130,5000,0
2131,5000,0
2132,5000,0
2133,5000,0
2134,5000,0
2135,5000,0
2136,5000,0
2137,5000,0
2138,5000,0
2139,5000,0
2140,5000,0
2141,5000,0
2142,5000,0
2143,5000,0
2144,5000,0
2145,5000,0
2146,5000,0
2147,5000,0
2148,5000,0
2149,5000,0
2150,5000,0
2151,5000,0
2152,5000,0
2153,5000,0
2154,5000,0
2155,5000,0
2156,5000,0
2157,5000,0
2158,5000,0
2159,5000,0
2160,5000,0
2161,5000,0
2162,5000,0
2163,5000,0
2164,5000,0
2165,5000,0
2166,5000,0
2167,5000,0
2168,5000,0
2169,5000,0
2170,5000,0
2171,5000,0
2172,5000,0
2173,5000,0
2174,5000,0
2175,5000,0
2176,5000,0
2177,5000,0
2178,5000,0
2179,5000,0
2180,5000,0
2181,5000,0
2182,5000,0
2183,5000,0
2184,5000,0
2185,5000,0
2186,5000,0
2187,5000,0
2188,5000,0
2189,5000,0
2190,5000,0
2191,5000,0
2192,5000,0
2193,5000,0
2194,5000,0
2195,5000,0
2196,5000,0
2197,5000,0
2198,5000,0
2199,5000,0
2200,5000,0
2201,5000,0
2202,5000,0
2203,5000,0
2204,5000,0
2205,5000,0
2206,5000,0
2207,5000,0
2208,5000,0
2209,5000,0
2210,5000,0
2211,5000,0
2212,5000,0
2213,5000,0
2214,5000,0
2215,5000,0
2216,5000,0
2217,5000,0
2218,5000,0
2219,5000,0
2220,5000,0
2221,5000,0
2222,5000,0
2223,5000,0
2224,5000,0
2225,5000,0
2226,5000,0
2227,5000,0
2228,5000,0
2229,5000,0
2230,5000,0
2231,5000,0
2232,5000,0
2233,5000,0
2234,5000,0
2235,5000,0
2236,5000,0
2237,5000,0
2238,5000,0
2239,5000,0
2240,5000,0
2241,5000,0
2242,5000,0
2243,5000,0
2244,5000,0
2245,5000,0
2246,5000,0
2247,5000,0
2248,5000,0
2249,5000,0
2250,5000,0
2251,5000,0
2252,5000,0
2253,5000,0
2254,5000,0
2255,5000,0
2256,5000,0
2257,5000,0
2258,5000,0
2259,5000,0
2260,5000,0
2261,5000,0
2262,5000,0
2263,5000,0
2264,5000,0
2265,5000,0
2266,5000,0
2267,5000,0
2268,5000,0
2269,5000,0
2270,5000,0
2271,5000,0
2272,5000,0
2273,5000,0
2274,5000,0
2275,5000,0
2276,5000,0
2277,5000,0
2278,5000,0
2279,5000,0
2280,5000,0
2281,5000,0
2282,5000,0
2283,5000,0
2284,5000,0
2285,5000,0
2286,5000,0
2287,5000,0
2288,5000,0
2289,5000,0
2290,5000,0
2291,5000,0
2292,5000,0
2293,5000,0
2294,5000,0
2295,5000,0
2296,5000,0
2297,5000,0
2298,5000,0
2299,5000,0
2300,5000,0
2301,5000,0
2302,5000,0
2303,5000,0
2304,5000,0
2305,5000,0
2306,5000,0
2307,5000,0
2308,5000,0
2309,5000,0
2310,5000,0
2311,5000,0
2312,5000,0
2313,5000,0
2314,5000,0
2315,5000,0
2316,5000,0
2317,5000,0
2318,5000,0
2319,5000,0
2320,5000,0
2321,5000,0
2322,5000,0
2323,5000,0
2324,5000,0
2325,5000,0
2326,5000,0
2327,5000,0
2328,5000,0
2329,5000,0
2330,5000,0
2331,5000,0
2332,5000,0
2333,5000,0
2334,5000,0
2335,5000,0
2336,5000,0
2337,5000,0
2338,5000,0
2339,5000,0
2340,5000,0
2341,5000,0
2342,5000,0
2343,5000,0
2344,5000,0
2345,5000,0
2346,5000,0
2347,5000,0
2348,5000,0
2349,5000,0
2350,5000,0
2351,5000,0
2352,5000,0
2353,5000,0
2354,5000,0
2355,5000,0
2356,5000,0
2357,5000,0
2358,5000,0
2359,5000,0
2360,5000,0
2361,5000,0
2362,5000,0
2363,5000,0
2364,5000,0
2365,5000,0
2366,5000,0
2367,5000,0
2368,5000,0
2369,5000,0
2370,5000,0
2371,5000,0
2372,5000,0
2373,5000,0
2374,5000,0
2375,5000,0
2376,5000,0
2377,5000,0
2378,5000,0
2379,5000,0
2380,5000,0
2381,5000,0
2382,5000,0
2383,5000,0
2384,5000,0
2385,5000,0
2386,5000,0
2387,5000,0
2388,5000,0
2389,5000,0
2390,5000,0
2391,5000,0
2392,5000,0
2393,5000,0
2394,5000,0
2395,5000,0
2396,5000,0
2397,5000,0
2398,5000,0
2399,5000,0
2400,5000,0
2401,5000,0
2402,5000,0
2403,5000,0
2404,5000,0
2405,5000,0
2406,5000,0
2407,5000,0
2408,5000,0
2409,5000,0
2410,5000,0
2411,5000,0
2412,5000,0
2413,5000,0
2414,5000,0
2415,5000,0
2416,5000,0
2417,5000,0
2418,5000,0
2419,5000,0
2420,5000,0
2421,5000,0
2422,5000,0
2423,5000,0
2424,5000,0
2425,5000,0
2426,5000,0
2427,5000,0
2428,5000,0
2429,5000,0
2430,5000,0
2431,5000,0
2432,5000,0
2433,5000,0
2434,5000,0
2435,5000,0
2436,5000,0
2437,5000,0
2438,5000,0
2439,5000,0
2440,5000,0
2441,5000,0
2442,5000,0
2443,5000,0
2444,5000,0
2445,5000,0
2446,5000,0
2447,5000,0
2448,5000,0
2449,5000,0
2450,5000,0
2451,5000,0
2452,5000,0
2453,5000,0
2454,5000,0
2455,5000,0
2456,5000,0
2457,5000,0
2458,5000,0
2459,5000,0
2460,5000,0
2461,5000,0
2462,5000,0
2463,5000,0
2464,5000,0
2465,5000,0
2466,5000,0
2467,5000,0
2468,5000,0
2469,5000,0
2470,5000,0
2471,5000,0
2472,5000,0
2473,5000,0
2474,5000,0
2475,5000,0
2476,5000,0
2477,5000,0
2478,5000,0
2479,5000,0
2480,5000,0
2481,5000,0
2482,5000,0
2483,5000,0
2484,5000,0
2485,5000,0
2486,5000,0
2487,5000,0
2488,5000,0
2489,5000,0
2490,5000,0
2491,5000,0
2492,5000,0
2493,5000,0
2494,5000,0
2495,5000,0
2496,5000,0
2497,5000,0
2498,5000,0
2499,5000,0
2500,5000,0
2501,5000,0
2502,5000,0
2503,5000,0
2504,5000,0
2505,5000,0
2506,5000,0
2507,5000,0
2508,5000,0
2509,5000,0
2510,5000,0
2511,5000,0
2512,5000,0
2513,5000,0
2514,5000,0
2515,5000,0
2516,5000,0
2517,5000,0
2518,5000,0
2519,5000,0
2520,5000,0
2521,5000,0
2522,5000,0
2523,5000,0
2524,5000,0
2525,5000,0
2526,5000,0
2527,5000,0
2528,5000,0
2529,5000,0
2530,5000,0
2531,5000,0
2532,5000,0
2533,5000,0
2534,5000,0
2535,5000,0
2536,5000,0
2537,5000,0
2538,5000,0
2539,5000,0
2540,5000,0
2541,5000,0
2542,5000,0
2543,5000,0
2544,5000,0
2545,5000,0
2546,5000,0
2547,5000,0
2548,5000,0
2549,5000,0
2550,5000,0
2551,5000,0
2552,5000,0
2553,5000,0
2554,5000,0
2555,5000,0
2556,5000,0
2557,5000,0
2558,5000,0
2559,5000,0
2560,5000,0
2561,5000,0
2562,5000,0
2563,5000,0
2564,5000,0
2565,5000,0
2566,5000,0
2567,5000,0
2568,5000,0
2569,5000,0
2570,5000,0
2571,5000,0
2572,5000,0
2573,5000,0
2574,5000,0
2575,5000,0
2576,5000,0
2577,5000,0
2578,5000,0
2579,5000,0
2580,5000,0
2581,5000,0
2582,5000,0
2583,5000,0
2584,5000,0
2585,5000,0
2586,5000,0
2587,5000,0
2588,5000,0
2589,5000,0
2590,5000,0
2591,5000,0
2592,5000,0
2593,5000,0
2594,5000,0
2595,5000,0
2596,5000,0
2597,5000,0
2598,5000,0
2599,5000,0
2600,5000,0
2601,5000,0
2602,5000,0
2603,5000,0
2604,5000,0
2605,5000,0
2606,5000,0
2607,5000,0
2608,5000,0
2609,5000,0
2610,5000,0
2611,5000,0
2612,5000,0
2613,5000,0
2614,5000,0
2615,5000,0
2616,5000,0
2617,5000,0
2618,5000,0
2619,5000,0
2620,5000,0
2621,5000,0
2622,5000,0
2623,5000,0
2624,5000,0
2625,5000,0
2626,5000,0
2627,5000,0
2628,5000,0
2629,5000,0
2630,5000,0
2631,5000,0
2632,5000,0
2633,5000,0
2634,5000,0
2635,5000,0
2636,5000,0
2637,5000,0
2638,5000,0
2639,5000,0
2640,5000,0
2641,5000,0
2642,5000,0
2643,5000,0
2644,5000,0
2645,5000,0
2646,5000,0
2647,5000,0
2648,5000,0
2649,5000,0
2650,5000,0
2651,5000,0
2652,5000,0
2653,5000,0
2654,5000,0
2655,5000,0
2656,5000,0
2657,5000,0
2658,5000,0
2659,5000,0
2660,5000,0
2661,5000,0
2662,5000,0
2663,5000,0
2664,5000,0
2665,5000,0
2666,5000,0
2667,5000,0
2668,5000,0
2669,5000,0
2670,5000,0
2671,5000,0
2672,5000,0
2673,5000,0
2674,5000,0
2675,5000,0
2676,5000,0
2677,5000,0
2678,5000,0
2679,5000,0
2680,5000,0
2681,5000,0
2682,5000,0
2683,5000,0
2684,5000,0
2685,5000,0
2686,5000,0
2687,5000,0
2688,5000,0
2689,5000,0
2690,5000,0
2691,5000,0
2692,5000,0
2693,5000,0
2694,5000,0
2695,5000,0
2696,5000,0
2697,5000,0
2698,5000,0
2699,5000,0
2700,5000,0
2701,5000,0
2702,5000,0
2703,5000,0
2704,5000,0
2705,5000,0
2706,5000,0
2707,5000,0
2708,5000,0
2709,5000,0
2710,5000,0
2711,5000,0
2712,5000,0
2713,5000,0
2714,5000,0
2715,5000,0
2716,5000,0
2717,5000,0
2718,5000,0
2719,5000,0
2720,5000,0
2721,5000,0
2722,5000,0
2723,5000,0
2724,5000,0
2725,5000,0
2726,5000,0
2727,5000,0
2728,5000,0
2729,5000,0
2730,5000,0
2731,5000,0
2732,5000,0
2733,5000,0
2734,5000,0
2735,5000,0
2736,5000,0
2737,5000,0
2738,5000,0
2739,5000,0
2740,5000,0
2741,5000,0
2742,5000,0
2743,5000,0
2744,5000,0
2745,5000,0
2746,5000,0
2747,5000,0
2748,5000,0
2749,5000,0
2750,5000,0
2751,5000,0
2752,5000,0
2753,5000,0
2754,5000,0
2755,5000,0
2756,5000,0
2757,5000,0
2758,5000,0
2759,5000,0
2760,5000,0
2761,5000,0
2762,5000,0
2763,5000,0
2764,5000,0
2765,5000,0
2766,5000,0
2767,5000,0
2768,5000,0
2769,5000,0
2770,5000,0
2771,5000,0
2772,5000,0
2773,5000,0
2774,5000,0
2775,5000,0
2776,5000,0
2777,5000,0
2778,5000,0
2779,5000,0
2780,5000,0
2781,5000,0
2782,5000,0
2783,5000,0
2784,5000,0
2785,5000,0
2786,5000,0
2787,5000,0
2788,5000,0
2789,5000,0
2790,5000,0
2791,5000,0
2792,5000,0
2793,5000,0
2794,5000,0
2795,5000,0
2796,5000,0
2797,5000,0
2798,5000,0
2799,5000,0
2800,5000,0
2801,5000,0
2802,5000,0
2803,5000,0
2804,5000,0
2805,5000,0
2806,5000,0
2807,5000,0
2808,5000,0
2809,5000,0
2810,5000,0
2811,5000,0
2812,5000,0
2813,5000,0
2814,5000,0
2815,5000,0
2816,5000,0
2817,5000,0
2818,5000,0
2819,5000,0
2820,5000,0
2821,5000,0
2822,5000,0
2823,5000,0
2824,5000,0
2825,5000,0
2826,5000,0
2827,5000,0
2828,5000,0
2829,5000,0
2830,5000,0
2831,5000,0
2832,5000,0
2833,5000,0
2834,5000,0
2835,5000,0
2836,5000,0
2837,5000,0
2838,5000,0
2839,5000,0
2840,5000,0
2841,5000,0
2842,5000,0
2843,5000,0
2844,5000,0
2845,5000,0
2846,5000,0
2847,5000,0
2848,5000,0
2849,5000,0
2850,5000,0
2851,5000,0
2852,5000,0
2853,5000,0
2854,5000,0
2855,5000,0
2856,5000,0
2857,5000,0
2858,5000,0
2859,5000,0
2860,5000,0
2861,5000,0
2862,5000,0
2863,5000,0
2864,5000,0
2865,5000,0
2866,5000,0
2867,5000,0
2868,5000,0
2869,5000,0
2870,5000,0
2871,5000,0
2872,5000,0
2873,5000,0
2874,5000,0
2875,5000,0
2876,5000,0
2877,5000,0
2878,5000,0
2879,5000,0
2880,5000,0
2881,5000,0
2882,5000,0
2883,5000,0
2884,5000,0
2885,5000,0
2886,5000,0
2887,5000,0
2888,5000,0
2889,5000,0
2890,5000,0
2891,5000,0
2892,5000,0
2893,5000,0
2894,5000,0
2895,5000,0
2896,5000,0
2897,5000,0
2898,5000,0
2899,5000,0
2900,5000,0
2901,5000,0
2902,5000,0
2903,5000,0
2904,5000,0
2905,5000,0
2906,5000,0
2907,5000,0
2908,5000,0
2909,5000,0
2910,5000,0
2911,5000,0
2912,5000,0
2913,5000,0
2914,5000,0
2915,5000,0
2916,5000,0
2917,5000,0
2918,5000,0
2919,5000,0
2920,5000,0
2921,5000,0
2922,5000,0
2923,5000,0
2924,5000,0
2925,5000,0
2926,5000,0
2927,5000,0
2928,5000,0
2929,5000,0
2930,5000,0
2931,5000,0
2932,5000,0
2933,5000,0
2934,5000,0
2935,5000,0
2936,5000,0
2937,5000,0
2938,5000,0
2939,5000,0
2940,5000,0
2941,5000,0
2942,5000,0
2943,5000,0
2944,5000,0
2945,5000,0
2946,5000,0
2947,5000,0
2948,5000,0
2949,5000,0
2950,5000,0
2951,5000,0
2952,5000,0
2953,5000,0
2954,5000,0
2955,5000,0
2956,5000,0
2957,5000,0
2958,5000,0
2959,5000,0
2960,5000,0
2961,5000,0
2962,5000,0
2963,5000,0
2964,5000,0
2965,5000,0
2966,5000,0
2967,5000,0
2968,5000,0
2969,5000,0
2970,5000,0
2971,5000,0
2972,5000,0
2973,5000,0
2974,5000,0
2975,5000,0
2976,5000,0
2977,5000,0
2978,5000,0
2979,5000,0
2980,5000,0
2981,5000,0
2982,5000,0
2983,5000,0
2984,5000,0
2985,5000,0
2986,5000,0
2987,5000,0
2988,5000,0
2989,5000,0
2990,5000,0
2991,5000,0
2992,5000,0
2993,5000,0
2994,5000,0
2995,5000,0
2996,5000,0
2997,5000,0
2998,5000,0
2999,5000,0
3000,5000,0
3001,5000,0
3002,5000,0
3003,5000,0
3004,5000,0
3005,5000,0
3006,5000,0
3007,5000,0
3008,5000,0
3009,5000,0
3010,5000,0
3011,5000,0
3012,5000,0
3013,5000,0
3014,5000,0
3015,5000,0
3016,5000,0
3017,5000,0
3018,5000,0
3019,5000,0
3020,5000,0
3021,5000,0
3022,5000,0
3023,5000,0
3024,5000,0
3025,5000,0
3026,5000,0
3027,5000,0
3028,5000,0
3029,5000,0
3030,5000,0
3031,5000,0
3032,5000,0
3033,5000,0
3034,5000,0
3035,5000,0
3036,5000,0
3037,5000,0
3038,5000,0
3039,5000,0
3040,5000,0
3041,5000,0
3042,5000,0
3043,5000,0
3044,5000,0
3045,5000,0
3046,5000,0
3047,5000,0
3048,5000,0
3049,5000,0
3050,5000,0
3051,5000,0
3052,5000,0
3053,5000,0
3054,5000,0
3055,5000,0
3056,5000,0
3057,5000,0
3058,5000,0
3059,5000,0
3060,5000,0
3061,5000,0
3062,5000,0
3063,5000,0
3064,5000,0
3065,5000,0
3066,5000,0
3067,5000,0
3068,5000,0
3069,5000,0
3070,5000,0
3071,5000,0
3072,5000,0
3073,5000,0
3074,5000,0
3075,5000,0
3076,5000,0
3077,5000,0
3078,5000,0
3079,5000,0
3080,5000,0
3081,5000,0
3082,5000,0
3083,5000,0
3084,5000,0
3085,5000,0
3086,5000,0
3087,5000,0
3088,5000,0
3089,5000,0
3090,5000,0
3091,5000,0
3092,5000,0
3093,5000,0
3094,5000,0
3095,5000,0
3096,5000,0
3097,5000,0
3098,5000,0
3099,5000,0
3100,5000,0
3101,5000,0
3102,5000,0
3103,5000,0
3104,5000,0
3105,5000,0
3106,5000,0
3107,5000,0
3108,5000,0
3109,5000,0
3110,5000,0
3111,5000,0
3112,5000,0
3113,5000,0
3114,5000,0
3115,5000,0
3116,5000,0
3117,5000,0
3118,5000,0
3119,5000,0
3120,5000,0
3121,5000,0
3122,5000,0
3123,5000,0
3124,5000,0
3125,5000,0
3126,5000,0
3127,5000,0
3128,5000,0
3129,5000,0
3130,5000,0
3131,5000,0
3132,5000,0
3133,5000,0
3134,5000,0
3135,5000,0
3136,5000,0
3137,5000,0
3138,5000,0
3139,5000,0
3140,5000,0
3141,5000,0
3142,5000,0
3143,5000,0
3144,5000,0
3145,5000,0
3146,5000,0
3147,5000,0
3148,5000,0
3149,5000,0
3150,5000,0
3151,5000,0
3152,5000,0
3153,5000,0
3154,5000,0
3155,5000,0
3156,5000,0
3157,5000,0
3158,5000,0
3159,5000,0
3160,5000,0
3161,5000,0
3162,5000,0
3163,5000,0
3164,5000,0
3165,5000,0
3166,5000,0
3167,5000,0
3168,5000,0
3169,5000,0
3170,5000,0
3171,5000,0
3172,5000,0
3173,5000,0
3174,5000,0
3175,5000,0
3176,5000,0
3177,5000,0
3178,5000,0
3179,5000,0
3180,5000,0
3181,5000,0
3182,5000,0
3183,5000,0
3184,5000,0
3185,5000,0
3186,5000,0
3187,5000,0
3188,5000,0
3189,5000,0
3190,5000,0
3191,5000,0
3192,5000,0
3193,5000,0
3194,5000,0
3195,5000,0
3196,5000,0
3197,5000,0
3198,5000,0
3199,5000,0
3200,5000,0
3201,5000,0
3202,5000,0
3203,5000,0
3204,5000,0
3205,5000,0
3206,5000,0
3207,5000,0
3208,5000,0
3209,5000,0
3210,5000,0
3211,5000,0
3212,5000,0
3213,5000,0
3214,5000,0
3215,5000,0
3216,5000,0
3217,5000,0
3218,5000,0
3219,5000,0
3220,5000,0
3221,5000,0
3222,5000,0
3223,5000,0
3224,5000,0
3225,5000,0
3226,5000,0
3227,5000,0
3228,5000,0
3229,5000,0
3230,5000,0
3231,5000,0
3232,5000,0
3233,5000,0
3234,5000,0
3235,5000,0
3236,5000,0
3237,5000,0
3238,5000,0
3239,5000,0
3240,5000,0
3241,5000,0
3242,5000,0
3243,5000,0
3244,5000,0
3245,5000,0
3246,5000,0
3247,5000,0
3248,5000,0
3249,5000,0
3250,5000,0
3251,5000,0
3252,5000,0
3253,5000,0
3254,5000,0
3255,5000,0
3256,5000,0
3257,5000,0
3258,5000,0
3259,5000,0
3260,5000,0
3261,5000,0
3262,5000,0
3263,5000,0
3264,5000,0
3265,5000,0
3266,5000,0
3267,5000,0
3268,5000,0
3269,5000,0
3270,5000,0
3271,5000,0
3272,5000,0
3273,5000,0
3274,5000,0
3275,5000,0
3276,5000,0
3277,5000,0
3278,5000,0
3279,5000,0
3280,5000,0
3281,5000,0
3282,5000,0
3283,5000,0
3284,5000,0
3285,5000,0
3286,5000,0
3287,5000,0
3288,5000,0
3289,5000,0
3290,5000,0
3291,5000,0
3292,5000,0
3293,5000,0
3294,5000,0
3295,5000,0
3296,5000,0
3297,5000,0
3298,5000,0
3299,5000,0
3300,5000,0
3301,5000,0
3302,5000,0
3303,5000,0
3304,5000,0
3305,5000,0
3306,5000,0
3307,5000,0
3308,5000,0
3309,5000,0
3310,5000,0
3311,5000,0
3312,5000,0
3313,5000,0
3314,5000,0
3315,5000,0
3316,5000,0
3317,5000,0
3318,5000,0
3319,5000,0
3320,5000,0
3321,5000,0
3322,5000,0
3323,5000,0
3324,5000,0
3325,5000,0
3326,5000,0
3327,5000,0
3328,5000,0
3329,5000,0
3330,5000,0
3331,5000,0
3332,5000,0
3333,5000,0
3334,5000,0
3335,5000,0
3336,5000,0
3337,5000,0
3338,5000,0
3339,5000,0
3340,5000,0
3341,5000,0
3342,5000,0
3343,5000,0
3344,5000,0
3345,5000,0
3346,5000,0
3347,5000,0
3348,5000,0
3349,5000,0
3350,5000,0
3351,5000,0
3352,5000,0
3353,5000,0
3354,5000,0
3355,5000,0
3356,5000,0
3357,5000,0
3358,5000,0
3359,5000,0
3360,5000,0
3361,5000,0
3362,5000,0
3363,5000,0
3364,5000,0
3365,5000,0
3366,5000,0
3367,5000,0
3368,5000,0
3369,5000,0
3370,5000,0
3371,5000,0
3372,5000,0
3373,5000,0
3374,5000,0
3375,5000,0
3376,5000,0
3377,5000,0
3378,5000,0
3379,5000,0
3380,5000,0
3381,5000,0
3382,5000,0
3383,5000,0
3384,5000,0
3385,5000,0
3386,5000,0
3387,5000,0
3388,5000,0
3389,5000,0
3390,5000,0
3391,5000,0
3392,5000,0
3393,5000,0
3394,5000,0
3395,5000,0
3396,5000,0
3397,5000,0
3398,5000,0
3399,5000,0
3400,5000,0
3401,5000,0
3402,5000,0
3403,5000,0
3404,5000,0
3405,5000,0
3406,5000,0
3407,5000,0
3408,5000,0
3409,5000,0
3410,5000,0
3411,5000,0
3412,5000,0
3413,5000,0
3414,5000,0
3415,5000,0
3416,5000,0
3417,5000,0
3418,5000,0
3419,5000,0
3420,5000,0
3421,5000,0
3422,5000,0
3423,5000,0
3424,5000,0
3425,5000,0
3426,5000,0
3427,5000,0
3428,5000,0
3429,5000,0
3430,5000,0
3431,5000,0
3432,5000,0
3433,5000,0
3434,5000,0
3435,5000,0
3436,5000,0
3437,5000,0
3438,5000,0
3439,5000,0
3440,5000,0
3441,5000,0
3442,5000,0
3443,5000,0
3444,5000,0
3445,5000,0
3446,5000,0
3447,5000,0
3448,5000,0
3449,5000,0
3450,5000,0
3451,5000,0
3452,5000,0
3453,5000,0
3454,5000,0
3455,5000,0
3456,5000,0
3457,5000,0
3458,5000,0
3459,5000,0
3460,5000,0
3461,5000,0
3462,5000,0
3463,5000,0
3464,5000,0
3465,5000,0
3466,5000,0
3467,5000,0
3468,5000,0
3469,5000,0
3470,5000,0
3471,5000,0
3472,5000,0
3473,5000,0
3474,5000,0
3475,5000,0
3476,5000,0
3477,5000,0
3478,5000,0
3479,5000,0
3480,5000,0
3481,5000,0
3482,5000,0
3483,5000,0
3484,5000,0
3485,5000,0
3486,5000,0
3487,5000,0
3488,5000,0
3489,5000,0
3490,5000,0
3491,5000,0
3492,5000,0
3493,5000,0
3494,5000,0
3495,5000,0
3496,5000,0
3497,5000,0
3498,5000,0
3499,5000,0
3500,5000,0
3501,5000,0
3502,5000,0
3503,5000,0
3504,5000,0
3505,5000,0
3506,5000,0
3507,5000,0
3508,5000,0
3509,5000,0
3510,5000,0
3511,5000,0
3512,5000,0
3513,5000,0
3514,5000,0
3515,5000,0
3516,5000,0
3517,5000,0
3518,5000,0
3519,5000,0
3520,5000,0
3521,5000,0
3522,5000,0
3523,5000,0
3524,5000,0
3525,5000,0
3526,5000,0
3527,5000,0
3528,5000,0
3529,5000,0
3530,5000,0
3531,5000,0
3532,5000,0
3533,5000,0
3534,5000,0
3535,5000,0
3536,5000,0
3537,5000,0
3538,5000,0
3539,5000,0
3540,5000,0
3541,5000,0
3542,5000,0
3543,5000,0
3544,5000,0
3545,5000,0
3546,5000,0
3547,5000,0
3548,5000,0
3549,5000,0
3550,5000,0
3551,5000,0
3552,5000,0
3553,5000,0
3554,5000,0
3555,5000,0
3556,5000,0
3557,5000,0
3558,5000,0
3559,5000,0
3560,5000,0
3561,5000,0
3562,5000,0
3563,5000,0
3564,5000,0
3565,5000,0
3566,5000,0
3567,5000,0
3568,5000,0
3569,5000,0
3570,5000,0
3571,5000,0
3572,5000,0
3573,5000,0
3574,5000,0
3575,5000,0
3576,5000,0
3577,5000,0
3578,5000,0
3579,5000,0
3580,5000,0
3581,5000,0
3582,5000,0
3583,5000,0
3584,5000,0
3585,5000,0
3586,5000,0
3587,5000,0
3588,5000,0
3589,5000,0
3590,5000,0
3591,5000,0
3592,5000,0
3593,5000,0
3594,5000,0
3595,5000,0
3596,5000,0
3597,5000,0
3598,5000,0
3599,5000,0
3600,5000,0
3601,5000,0
3602,5000,0
3603,5000,0
3604,5000,0
3605,5000,0
3606,5000,0
3607,5000,0
3608,5000,0
3609,5000,0
3610,5000,0
3611,5000,0
3612,5000,0
3613,5000,0
3614,5000,0
3615,5000,0
3616,5000,0
3617,5000,0
3618,5000,0
3619,5000,0
3620,5000,0
3621,5000,0
3622,5000,0
3623,5000,0
3624,5000,0
3625,5000,0
3626,5000,0
3627,5000,0
3628,5000,0
3629,5000,0
3630,5000,0
3631,5000,0
3632,5000,0
3633,5000,0
3634,5000,0
3635,5000,0
3636,5000,0
3637,5000,0
3638,5000,0
3639,5000,0
3640,5000,0
3641,5000,0
3642,5000,0
3643,5000,0
3644,5000,0
3645,5000,0
3646,5000,0
3647,5000,0
3648,5000,0
3649,5000,0
3650,5000,0
3651,5000,0
3652,5000,0
3653,5000,0
3654,5000,0
3655,5000,0
3656,5000,0
3657,5000,0
3658,5000,0
3659,5000,0
3660,5000,0
3661,5000,0
3662,5000,0
3663,5000,0
3664,5000,0
3665,5000,0
3666,5000,0
3667,5000,0
3668,5000,0
3669,5000,0
3670,5000,0
3671,5000,0
3672,5000,0
3673,5000,0
3674,5000,0
3675,5000,0
3676,5000,0
3677,5000,0
3678,5000,0
3679,5000,0
3680,5000,0
3681,5000,0
3682,5000,0
3683,5000,0
3684,5000,0
3685,5000,0
3686,5000,0
3687,5000,0
3688,5000,0
3689,5000,0
3690,5000,0
3691,5000,0
3692,5000,0
3693,5000,0
3694,5000,0
3695,5000,0
3696,5000,0
3697,5000,0
3698,5000,0
3699,5000,0
3700,5000,0
3701,5000,0
3702,5000,0
3703,5000,0
3704,5000,0
3705,5000,0
3706,5000,0
3707,5000,0
3708,5000,0
3709,5000,0
3710,5000,0
3711,5000,0
3712,5000,0
3713,5000,0
3714,5000,0
3715,5000,0
3716,5000,0
3717,5000,0
3718,5000,0
3719,5000,0
3720,5000,0
3721,5000,0
3722,5000,0
3723,5000,0
3724,5000,0
3725,5000,0
3726,5000,0
3727,5000,0
3728,5000,0
3729,5000,0
3730,5000,0
3731,5000,0
3732,5000,0
3733,5000,0
3734,5000,0
3735,5000,0
3736,5000,0
3737,5000,0
3738,5000,0
3739,5000,0
3740,5000,0
3741,5000,0
3742,5000,0
3743,5000,0
3744,5000,0
3745,5000,0
3746,5000,0
3747,5000,0
3748,5000,0
3749,5000,0
3750,5000,0
3751,5000,0
3752,5000,0
3753,5000,0
3754,5000,0
3755,5000,0
3756,5000,0
3757,5000,0
3758,5000,0
3759,5000,0
3760,5000,0
3761,5000,0
3762,5000,0
3763,5000,0
3764,5000,0
3765,5000,0
3766,5000,0
3767,5000,0
3768,5000,0
3769,5000,0
3770,5000,0
3771,5000,0
3772,5000,0
3773,5000,0
3774,5000,0
3775,5000,0
3776,5000,0
3777,5000,0
3778,5000,0
3779,5000,0
3780,5000,0
3781,5000,0
3782,5000,0
3783,5000,0
3784,5000,0
3785,5000,0
3786,5000,0
3787,5000,0
3788,5000,0
3789,5000,0
3790,5000,0
3791,5000,0
3792,5000,0
3793,5000,0
3794,5000,0
3795,5000,0
3796,5000,0
3797,5000,0
3798,5000,0
3799,5000,0
3800,5000,0
3801,5000,0
3802,5000,0
3803,5000,0
3804,5000,0
3805,5000,0
3806,5000,0
3807,5000,0
3808,5000,0
3809,5000,0
3810,5000,0
3811,5000,0
3812,5000,0
3813,5000,0
3814,5000,0
3815,5000,0
3816,5000,0
3817,5000,0
3818,5000,0
3819,5000,0
3820,5000,0
3821,5000,0
3822,5000,0
3823,5000,0
3824,5000,0
3825,5000,0
3826,5000,0
3827,5000,0
3828,5000,0
3829,5000,0
3830,5000,0
3831,5000,0
3832,5000,0
3833,5000,0
3834,5000,0
3835,5000,0
3836,5000,0
3837,5000,0
3838,5000,0
3839,5000,0
3840,5000,0
3841,5000,0
3842,5000,0
3843,5000,0
3844,5000,0
3845,5000,0
3846,5000,0
3847,5000,0
3848,5000,0
3849,5000,0
3850,5000,0
3851,5000,0
3852,5000,0
3853,5000,0
3854,5000,0
3855,5000,0
3856,5000,0
3857,5000,0
3858,5000,0
3859,5000,0
3860,5000,0
3861,5000,0
3862,5000,0
3863,5000,0
3864,5000,0
3865,5000,0
3866,5000,0
3867,5000,0
3868,5000,0
3869,5000,0
3870,5000,0
3871,5000,0
3872,5000,0
3873,5000,0
3874,5000,0
3875,5000,0
3876,5000,0
3877,5000,0
3878,5000,0
3879,5000,0
3880,5000,0
3881,5000,0
3882,5000,0
3883,5000,0
3884,5000,0
3885,5000,0
3886,5000,0
3887,5000,0
3888,5000,0
3889,5000,0
3890,5000,0
3891,5000,0
3892,5000,0
3893,5000,0
3894,5000,0
3895,5000,0
3896,5000,0
3897,5000,0
3898,5000,0
3899,5000,0
3900,5000,0
3901,5000,0
3902,5000,0
3903,5000,0
3904,5000,0
3905,5000,0
3906,5000,0
3907,5000,0
3908,5000,0
3909,5000,0
3910,5000,0
3911,5000,0
3912,5000,0
3913,5000,0
3914,5000,0
3915,5000,0
3916,5000,0
3917,5000,0
3918,5000,0
3919,5000,0
3920,5000,0
3921,5000,0
3922,5000,0
3923,5000,0
3924,5000,0
3925,5000,0
3926,5000,0
3927,5000,0
3928,5000,0
3929,5000,0
3930,5000,0
3931,5000,0
3932,5000,0
3933,5000,0
3934,5000,0
3935,5000,0
3936,5000,0
3937,5000,0
3938,5000,0
3939,5000,0
3940,5000,0
3941,5000,0
3942,5000,0
3943,5000,0
3944,5000,0
3945,5000,0
3946,5000,0
3947,5000,0
3948,5000,0
3949,5000,0
3950,5000,0
3951,5000,0
3952,5000,0
3953,5000,0
3954,5000,0
3955,5000,0
3956,5000,0
3957,5000,0
3958,5000,0
3959,5000,0
3960,5000,0
3961,5000,0
3962,5000,0
3963,5000,0
3964,5000,0
3965,5000,0
3966,5000,0
3967,5000,0
3968,5000,0
3969,5000,0
3970,5000,0
3971,5000,0
3972,5000,0
3973,5000,0
3974,5000,0
3975,5000,0
3976,5000,0
3977,5000,0
3978,5000,0
3979,5000,0
3980,5000,0
3981,5000,0
3982,5000,0
3983,5000,0
3984,5000,0
3985,5000,0
3986,5000,0
3987,5000,0
3988,5000,0
3989,5000,0
3990,5000,0
3991,5000,0
3992,5000,0
3993,5000,0
3994,5000,0
3995,5000,0
3996,5000,0
3997,5000,0
3998,5000,0
3999,5000,0
4000,5000,0
4001,5000,0
4002,5000,0
4003,5000,0
4004,5000,0
4005,5000,0
4006,5000,0
4007,5000,0
4008,5000,0
4009,5000,0
4010,5000,0
4011,5000,0
4012,5000,0
4013,5000,0
4014,5000,0
4015,5000,0
4016,5000,0
4017,5000,0
4018,5000,0
4019,5000,0
4020,5000,0
4021,5000,0
4022,5000,0
4023,5000,0
4024,5000,0
4025,5000,0
4026,5000,0
4027,5000,0
4028,5000,0
4029,5000,0
4030,5000,0
4031,5000,0
4032,5000,0
4033,5000,0
4034,5000,0
4035,5000,0
4036,5000,0
4037,5000,0
4038,5000,0
4039,5000,0
4040,5000,0
4041,5000,0
4042,5000,0
4043,5000,0
4044,5000,0
4045,5000,0
4046,5000,0
4047,5000,0
4048,5000,0
4049,5000,0
4050,5000,0
4051,5000,0
4052,5000,0
4053,5000,0
4054,5000,0
4055,5000,0
4056,5000,0
4057,5000,0
4058,5000,0
4059,5000,0
4060,5000,0
4061,5000,0
4062,5000,0
4063,5000,0
4064,5000,0
4065,5000,0
4066,5000,0
4067,5000,0
4068,5000,0
4069,5000,0
4070,5000,0
4071,5000,0
4072,5000,0
4073,5000,0
4074,5000,0
4075,5000,0
4076,5000,0
4077,5000,0
4078,5000,0
4079,5000,0
4080,5000,0
4081,5000,0
4082,5000,0
4083,5000,0
4084,5000,0
4085,5000,0
4086,5000,0
4087,5000,0
4088,5000,0
4089,5000,0
4090,5000,0
4091,5000,0
4092,5000,0
4093,5000,0
4094,5000,0
4095,5000,0
4096,5000,0
4097,5000,0
4098,5000,0
4099,5000,0
4100,5000,0
4101,5000,0
4102,5000,0
4103,5000,0
4104,5000,0
4105,5000,0
4106,5000,0
4107,5000,0
4108,5000,0
4109,5000,0
4110,5000,0
4111,5000,0
4112,5000,0
4113,5000,0
4114,5000,0
4115,5000,0
4116,5000,0
4117,5000,0
4118,5000,0
4119,5000,0
4120,5000,0
4121,5000,0
4122,5000,0
4123,5000,0
4124,5000,0
4125,5000,0
4126,5000,0
4127,5000,0
4128,5000,0
4129,5000,0
4130,5000,0
4131,5000,0
4132,5000,0
4133,5000,0
4134,5000,0
4135,5000,0
4136,5000,0
4137,5000,0
4138,5000,0
4139,5000,0
4140,5000,0
4141,5000,0
4142,5000,0
4143,5000,0
4144,5000,0
4145,5000,0
4146,5000,0
4147,5000,0
4148,5000,0
4149,5000,0
4150,5000,0
4151,5000,0
4152,5000,0
4153,5000,0
4154,5000,0
4155,5000,0
4156,5000,0
4157,5000,0
4158,5000,0
4159,5000,0
4160,5000,0
4161,5000,0
4162,5000,0
4163,5000,0
4164,5000,0
4165,5000,0
4166,5000,0
4167,5000,0
4168,5000,0
4169,5000,0
4170,5000,0
4171,5000,0
4172,5000,0
4173,5000,0
4174,5000,0
4175,5000,0
4176,5000,0
4177,5000,0
4178,5000,0
4179,5000,0
4180,5000,0
4181,5000,0
4182,5000,0
4183,5000,0
4184,5000,0
4185,5000,0
4186,5000,0
4187,5000,0
4188,5000,0
4189,5000,0
4190,5000,0
4191,5000,0
4192,5000,0
4193,5000,0
4194,5000,0
4195,5000,0
4196,5000,0
4197,5000,0
4198,5000,0
4199,5000,0
4200,5000,0
4201,5000,0
4202,5000,0
4203,5000,0
4204,5000,0
4205,5000,0
4206,5000,0
4207,5000,0
4208,5000,0
4209,5000,0
4210,5000,0
4211,5000,0
4212,5000,0
4213,5000,0
4214,5000,0
4215,5000,0
4216,5000,0
4217,5000,0
4218,5000,0
4219,5000,0
4220,5000,0
4221,5000,0
4222,5000,0
4223,5000,0
4224,5000,0
4225,5000,0
4226,5000,0
4227,5000,0
4228,5000,0
4229,5000,0
4230,5000,0
4231,5000,0
4232,5000,0
4233,5000,0
4234,5000,0
4235,5000,0
4236,5000,0
4237,5000,0
4238,5000,0
4239,5000,0
4240,5000,0
4241,5000,0
4242,5000,0
4243,5000,0
4244,5000,0
4245,5000,0
4246,5000,0
4247,5000,0
4248,5000,0
4249,5000,0
4250,5000,0
4251,5000,0
4252,5000,0
4253,5000,0
4254,5000,0
4255,5000,0
4256,5000,0
4257,5000,0
4258,5000,0
4259,5000,0
4260,5000,0
4261,5000,0
4262,5000,0
4263,5000,0
4264,5000,0
4265,5000,0
4266,5000,0
4267,5000,0
4268,5000,0
4269,5000,0
4270,5000,0
4271,5000,0
4272,5000,0
4273,5000,0
4274,5000,0
4275,5000,0
4276,5000,0
4277,5000,0
4278,5000,0
4279,5000,0
4280,5000,0
4281,5000,0
4282,5000,0
4283,5000,0
4284,5000,0
4285,5000,0
4286,5000,0
4287,5000,0
4288,5000,0
4289,5000,0
4290,5000,0
4291,5000,0
4292,5000,0
4293,5000,0
4294,5000,0
4295,5000,0
4296,5000,0
4297,5000,0
4298,5000,0
4299,5000,0
4300,5000,0
4301,5000,0
4302,5000,0
4303,5000,0
4304,5000,0
4305,5000,0
4306,5000,0
4307,5000,0
4308,5000,0
4309,5000,0
4310,5000,0
4311,5000,0
4312,5000,0
4313,5000,0
4314,5000,0
4315,5000,0
4316,5000,0
4317,5000,0
4318,5000,0
4319,5000,0
4320,5000,0
4321,5000,0
4322,5000,0
4323,5000,0
4324,5000,0
4325,5000,0
4326,5000,0
4327,5000,0
4328,5000,0
4329,5000,0
4330,5000,0
4331,5000,0
4332,5000,0
4333,5000,0
4334,5000,0
4335,5000,0
4336,5000,0
4337,5000,0
4338,5000,0
4339,5000,0
4340,5000,0
4341,5000,0
4342,5000,0
4343,5000,0
4344,5000,0
4345,5000,0
4346,5000,0
4347,5000,0
4348,5000,0
4349,5000,0
4350,5000,0
4351,5000,0
4352,5000,0
4353,5000,0
4354,5000,0
4355,5000,0
4356,5000,0
4357,5000,0
4358,5000,0
4359,5000,0
4360,5000,0
4361,5000,0
4362,5000,0
4363,5000,0
4364,5000,0
4365,5000,0
4366,5000,0
4367,5000,0
4368,5000,0
4369,5000,0
4370,5000,0
4371,5000,0
4372,5000,0
4373,5000,0
4374,5000,0
4375,5000,0
4376,5000,0
4377,5000,0
4378,5000,0
4379,5000,0
4380,5000,0
4381,5000,0
4382,5000,0
4383,5000,0
4384,5000,0
4385,5000,0
4386,5000,0
4387,5000,0
4388,5000,0
4389,5000,0
4390,5000,0
4391,5000,0
4392,5000,0
4393,5000,0
4394,5000,0
4395,5000,0
4396,5000,0
4397,5000,0
4398,5000,0
4399,5000,0
4400,5000,0
4401,5000,0
4402,5000,0
4403,5000,0
4404,5000,0
4405,5000,0
4406,5000,0
4407,5000,0
4408,5000,0
4409,5000,0
4410,5000,0
4411,5000,0
4412,5000,0
4413,5000,0
4414,5000,0
4415,5000,0
4416,5000,0
4417,5000,0
4418,5000,0
4419,5000,0
4420,5000,0
4421,5000,0
4422,5000,0
4423,5000,0
4424,5000,0
4425,5000,0
4426,5000,0
4427,5000,0
4428,5000,0
4429,5000,0
4430,5000,0
4431,5000,0
4432,5000,0
4433,5000,0
4434,5000,0
4435,5000,0
4436,5000,0
4437,5000,0
4438,5000,0
4439,5000,0
4440,5000,0
4441,5000,0
4442,5000,0
4443,5000,0
4444,5000,0
4445,5000,0
4446,5000,0
4447,5000,0
4448,5000,0
4449,5000,0
4450,5000,0
4451,5000,0
4452,5000,0
4453,5000,0
4454,5000,0
4455,5000,0
4456,5000,0
4457,5000,0
4458,5000,0
4459,5000,0
4460,5000,0
4461,5000,0
4462,5000,0
4463,5000,0
4464,5000,0
4465,5000,0
4466,5000,0
4467,5000,0
4468,5000,0
4469,5000,0
4470,5000,0
4471,5000,0
4472,5000,0
4473,5000,0
4474,5000,0
4475,5000,0
4476,5000,0
4477,5000,0
4478,5000,0
4479,5000,0
4480,5000,0
4481,5000,0
4482,5000,0
4483,5000,0
4484,5000,0
4485,5000,0
4486,5000,0
4487,5000,0
4488,5000,0
4489,5000,0
4490,5000,0
4491,5000,0
4492,5000,0
4493,5000,0
4494,5000,0
4495,5000,0
4496,5000,0
4497,5000,0
4498,5000,0
4499,5000,0
4500,5000,0
4501,5000,0
4502,5000,0
4503,5000,0
4504,5000,0
4505,5000,0
4506,5000,0
4507,5000,0
4508,5000,0
4509,5000,0
4510,5000,0
4511,5000,0
4512,5000,0
4513,5000,0
4514,5000,0
4515,5000,0
4516,5000,0
4517,5000,0
4518,5000,0
4519,5000,0
4520,5000,0
4521,5000,0
4522,5000,0
4523,5000,0
4524,5000,0
4525,5000,0
4526,5000,0
4527,5000,0
4528,5000,0
4529,5000,0
4530,5000,0
4531,5000,0
4532,5000,0
4533,5000,0
4534,5000,0
4535,5000,0
4536,5000,0
4537,5000,0
4538,5000,0
4539,5000,0
4540,5000,0
4541,5000,0
4542,5000,0
4543,5000,0
4544,5000,0
4545,5000,0
4546,5000,0
4547,5000,0
4548,5000,0
4549,5000,0
4550,5000,0
4551,5000,0
4552,5000,0
4553,5000,0
4554,5000,0
4555,5000,0
4556,5000,0
4557,5000,0
4558,5000,0
4559,5000,0
4560,5000,0
4561,5000,0
4562,5000,0
4563,5000,0
4564,5000,0
4565,5000,0
4566,5000,0
4567,5000,0
4568,5000,0
4569,5000,0
4570,5000,0
4571,5000,0
4572,5000,0
4573,5000,0
4574,5000,0
4575,5000,0
4576,5000,0
4577,5000,0
4578,5000,0
4579,5000,0
4580,5000,0
4581,5000,0
4582,5000,0
4583,5000,0
4584,5000,0
4585,5000,0
4586,5000,0
4587,5000,0
4588,5000,0
4589,5000,0
4590,5000,0
4591,5000,0
4592,5000,0
4593,5000,0
4594,5000,0
4595,5000,0
4596,5000,0
4597,5000,0
4598,5000,0
4599,5000,0
4600,5000,0
4601,5000,0
4602,5000,0
4603,5000,0
4604,5000,0
4605,5000,0
4606,5000,0
4607,5000,0
4608,5000,0
4609,5000,0
4610,5000,0
4611,5000,0
4612,5000,0
4613,5000,0
4614,5000,0
4615,5000,0
4616,5000,0
4617,5000,0
4618,5000,0
4619,5000,0
4620,5000,0
4621,5000,0
4622,5000,0
4623,5000,0
4624,5000,0
4625,5000,0
4626,5000,0
4627,5000,0
4628,5000,0
4629,5000,0
4630,5000,0
4631,5000,0
4632,5000,0
4633,5000,0
4634,5000,0
4635,5000,0
4636,5000,0
4637,5000,0
4638,5000,0
4639,5000,0
4640,5000,0
4641,5000,0
4642,5000,0
4643,5000,0
4644,5000,0
4645,5000,0
4646,5000,0
4647,5000,0
4648,5000,0
4649,5000,0
4650,5000,0
4651,5000,0
4652,5000,0
4653,5000,0
4654,5000,0
4655,5000,0
4656,5000,0
4657,5000,0
4658,5000,0
4659,5000,0
4660,5000,0
4661,5000,0
4662,5000,0
4663,5000,0
4664,5000,0
4665,5000,0
4666,5000,0
4667,5000,0
4668,5000,0
4669,5000,0
4670,5000,0
4671,5000,0
4672,5000,0
4673,5000,0
4674,5000,0
4675,5000,0
4676,5000,0
4677,5000,0
4678,5000,0
4679,5000,0
4680,5000,0
4681,5000,0
4682,5000,0
4683,5000,0
4684,5000,0
4685,5000,0
4686,5000,0
4687,5000,0
4688,5000,0
4689,5000,0
4690,5000,0
4691,5000,0
4692,5000,0
4693,5000,0
4694,5000,0
4695,5000,0
4696,5000,0
4697,5000,0
4698,5000,0
4699,5000,0
4700,5000,0
4701,5000,0
4702,5000,0
4703,5000,0
4704,5000,0
4705,5000,0
4706,5000,0
4707,5000,0
4708,5000,0
4709,5000,0
4710,5000,0
4711,5000,0
4712,5000,0
4713,5000,0
4714,5000,0
4715,5000,0
4716,5000,0
4717,5000,0
4718,5000,0
4719,5000,0
4720,5000,0
4721,5000,0
4722,5000,0
4723,5000,0
4724,5000,0
4725,5000,0
4726,5000,0
4727,5000,0
4728,5000,0
4729,5000,0
4730,5000,0
4731,5000,0
4732,5000,0
4733,5000,0
4734,5000,0
4735,5000,0
4736,5000,0
4737,5000,0
4738,5000,0
4739,5000,0
4740,5000,0
4741,5000,0
4742,5000,0
4743,5000,0
4744,5000,0
4745,5000,0
4746,5000,0
4747,5000,0
4748,5000,0
4749,5000,0
4750,5000,0
4751,5000,0
4752,5000,0
4753,5000,0
4754,5000,0
4755,5000,0
4756,5000,0
4757,5000,0
4758,5000,0
4759,5000,0
4760,5000,0
4761,5000,0
4762,5000,0
4763,5000,0
4764,5000,0
4765,5000,0
4766,5000,0
4767,5000,0
4768,5000,0
4769,5000,0
4770,5000,0
4771,5000,0
4772,5000,0
4773,5000,0
4774,5000,0
4775,5000,0
4776,5000,0
4777,5000,0
4778,5000,0
4779,5000,0
4780,5000,0
4781,5000,0
4782,5000,0
4783,5000,0
4784,5000,0
4785,5000,0
4786,5000,0
4787,5000,0
4788,5000,0
4789,5000,0
4790,5000,0
4791,5000,0
4792,5000,0
4793,5000,0
4794,5000,0
4795,5000,0
4796,5000,0
4797,5000,0
4798,5000,0
4799,5000,0
4800,5000,0
4801,5000,0
4802,5000,0
4803,5000,0
4804,5000,0
4805,5000,0
4806,5000,0
4807,5000,0
4808,5000,0
4809,5000,0
4810,5000,0
4811,5000,0
4812,5000,0
4813,5000,0
4814,5000,0
4815,5000,0
4816,5000,0
4817,5000,0
4818,5000,0
4819,5000,0
4820,5000,0
4821,5000,0
4822,5000,0
4823,5000,0
4824,5000,0
4825,5000,0
4826,5000,0
4827,5000,0
4828,5000,0
4829,5000,0
4830,5000,0
4831,5000,0
4832,5000,0
4833,5000,0
4834,5000,0
4835,5000,0
4836,5000,0
4837,5000,0
4838,5000,0
4839,5000,0
4840,5000,0
4841,5000,0
4842,5000,0
4843,5000,0
4844,5000,0
4845,5000,0
4846,5000,0
4847,5000,0
4848,5000,0
4849,5000,0
4850,5000,0
4851,5000,0
4852,5000,0
4853,5000,0
4854,5000,0
4855,5000,0
4856,5000,0
4857,5000,0
4858,5000,0
4859,5000,0
4860,5000,0
4861,5000,0
4862,5000,0
4863,5000,0
4864,5000,0
4865,5000,0
4866,5000,0
4867,5000,0
4868,5000,0
4869,5000,0
4870,5000,0
4871,5000,0
4872,5000,0
4873,5000,0
4874,5000,0
4875,5000,0
4876,5000,0
4877,5000,0
4878,5000,0
4879,5000,0
4880,5000,0
4881,5000,0
4882,5000,0
4883,5000,0
4884,5000,0
4885,5000,0
4886,5000,0
4887,5000,0
4888,5000,0
4889,5000,0
4890,5000,0
4891,5000,0
4892,5000,0
4893,5000,0
4894,5000,0
4895,5000,0
4896,5000,0
4897,5000,0
4898,5000,0
4899,5000,0
4900,5000,0
4901,5000,0
4902,5000,0
4903,5000,0
4904,5000,0
4905,5000,0
4906,5000,0
4907,5000,0
4908,5000,0
4909,5000,0
4910,5000,0
4911,5000,0
4912,5000,0
4913,5000,0
4914,5000,0
4915,5000,0
4916,5000,0
4917,5000,0
4918,5000,0
4919,5000,0
4920,5000,0
4921,5000,0
4922,5000,0
4923,5000,0
4924,5000,0
4925,5000,0
4926,5000,0
4927,5000,0
4928,5000,0
4929,5000,0
4930,5000,0
4931,5000,0
4932,5000,0
4933,5000,0
4934,5000,0
4935,5000,0
4936,5000,0
4937,5000,0
4938,5000,0
4939,5000,0
4940,5000,0
4941,5000,0
4942,5000,0
4943,5000,0
4944,5000,0
4945,5000,0
4946,5000,0
4947,5000,0
4948,5000,0
4949,5000,0
4950,5000,0
4951,5000,0
4952,5000,0
4953,5000,0
4954,5000,0
4955,5000,0
4956,5000,0
4957,5000,0
4958,5000,0
4959,5000,0
4960,5000,0
4961,5000,0
4962,5000,0
4963,5000,0
4964,5000,0
4965,5000,0
4966,5000,0
4967,5000,0
4968,5000,0
4969,5000,0
4970,5000,0
4971,5000,0
4972,5000,0
4973,5000,0
4974,5000,0
4975,5000,0
4976,5000,0
4977,5000,0
4978,5000,0
4979,5000,0
4980,5000,0
4981,5000,0
4982,5000,0
4983,5000,0
4984,5000,0
4985,5000,0
4986,5000,0
4987,5000,0
4988,5000,0
4989,5000,0
4990,5000,0
4991,5000,0
4992,5000,0
4993,5000,0
4994,5000,0
4995,5000,0
4996,5000,0
4997,5000,0
4998,5000,0
4999,5000,0
5000,5000,0
5001,5000,0
5002,5000,0
5003,5000,0
5004,5000,0
5005,5000,0
5006,5000,0
5007,5000,0
5008,5000,0
5009,5000,0
5010,5000,0
5011,5000,0
5012,5000,0
5013,5000,0
5014,5000,0
5015,5000,0
5016,5000,0
5017,5000,0
5018,5000,0
5019,5000,0
5020,5000,0
5021,5000,0
5022,5000,0
5023,5000,0
5024,5000,0
5025,5000,0
5026,5000,0
5027,5000,0
5028,5000,0
5029,5000,0
5030,5000,0
5031,5000,0
5032,5000,0
5033,5000,0
5034,5000,0
5035,5000,0
5036,5000,0
5037,5000,0
5038,5000,0
5039,5000,0
5040,5000,0
5041,5000,0
5042,5000,0
5043,5000,0
5044,5000,0
5045,5000,0
5046,5000,0
5047,5000,0
5048,5000,0
5049,5000,0
5050,5000,0
5051,5000,0
5052,5000,0
5053,5000,0
5054,5000,0
5055,5000,0
5056,5000,0
5057,5000,0
5058,5000,0
5059,5000,0
5060,5000,0
5061,5000,0
5062,5000,0
5063,5000,0
5064,5000,0
5065,5000,0
5066,5000,0
5067,5000,0
5068,5000,0
5069,5000,0
5070,5000,0
5071,5000,0
5072,5000,0
5073,5000,0
5074,5000,0
5075,5000,0
5076,5000,0
5077,5000,0
5078,5000,0
5079,5000,0
5080,5000,0
5081,5000,0
5082,5000,0
5083,5000,0
5084,5000,0
5085,5000,0
5086,5000,0
5087,5000,0
5088,5000,0
5089,5000,0
5090,5000,0
5091,5000,0
5092,5000,0
5093,5000,0
5094,5000,0
5095,5000,0
5096,5000,0
5097,5000,0
5098,5000,0
5099,5000,0
5100,5000,0
5101,5000,0
5102,5000,0
5103,5000,0
5104,5000,0
5105,5000,0
5106,5000,0
5107,5000,0
5108,5000,0
5109,5000,0
5110,5000,0
5111,5000,0
5112,5000,0
5113,5000,0
5114,5000,0
5115,5000,0
5116,5000,0
5117,5000,0
5118,5000,0
5119,5000,0
5120,5000,0
5121,5000,0
5122,5000,0
5123,5000,0
5124,5000,0
5125,5000,0
5126,5000,0
5127,5000,0
5128,5000,0
5129,5000,0
5130,5000,0
5131,5000,0
5132,5000,0
5133,5000,0
5134,5000,0
5135,5000,0
5136,5000,0
5137,5000,0
5138,5000,0
5139,5000,0
5140,5000,0
5141,5000,0
5142,5000,0
5143,5000,0
5144,5000,0
5145,5000,0
5146,5000,0
5147,5000,0
5148,5000,0
5149,5000,0
5150,5000,0
5151,5000,0
5152,5000,0
5153,5000,0
5154,5000,0
5155,5000,0
5156,5000,0
5157,5000,0
5158,5000,0
5159,5000,0
5160,5000,0
5161,5000,0
5162,5000,0
5163,5000,0
5164,5000,0
5165,5000,0
5166,5000,0
5167,5000,0
5168,5000,0
5169,5000,0
5170,5000,0
5171,5000,0
5172,5000,0
5173,5000,0
5174,5000,0
5175,5000,0
5176,5000,0
5177,5000,0
5178,5000,0
5179,5000,0
5180,5000,0
5181,5000,0
5182,5000,0
5183,5000,0
5184,5000,0
5185,5000,0
5186,5000,0
5187,5000,0
5188,5000,0
5189,5000,0
5190,5000,0
5191,5000,0
5192,5000,0
5193,5000,0
5194,5000,0
5195,5000,0
5196,5000,0
5197,5000,0
5198,5000,0
5199,5000,0
5200,5000,0
5201,5000,0
5202,5000,0
5203,5000,0
5204,5000,0
5205,5000,0
5206,5000,0
5207,5000,0
5208,5000,0
5209,5000,0
5210,5000,0
5211,5000,0
5212,5000,0
5213,5000,0
5214,5000,0
5215,5000,0
5216,5000,0
5217,5000,0
5218,5000,0
5219,5000,0
5220,5000,0
5221,5000,0
5222,5000,0
5223,5000,0
5224,5000,0
5225,5000,0
5226,5000,0
5227,5000,0
5228,5000,0
5229,5000,0
5230,5000,0
5231,5000,0
5232,5000,0
5233,5000,0
5234,5000,0
5235,5000,0
5236,5000,0
5237,5000,0
5238,5000,0
5239,5000,0
5240,5000,0
5241,5000,0
5242,5000,0
5243,5000,0
5244,5000,0
5245,5000,0
5246,5000,0
5247,5000,0
5248,5000,0
5249,5000,0
5250,5000,0
5251,5000,0
5252,5000,0
5253,5000,0
5254,5000,0
5255,5000,0
5256,5000,0
5257,5000,0
5258,5000,0
5259,5000,0
5260,5000,0
5261,5000,0
5262,5000,0
5263,5000,0
5264,5000,0
5265,5000,0
5266,5000,0
5267,5000,0
5268,5000,0
5269,5000,0
5270,5000,0
5271,5000,0
5272,5000,0
5273,5000,0
5274,5000,0
5275,5000,0
5276,5000,0
5277,5000,0
5278,5000,0
5279,5000,0
5280,5000,0
5281,5000,0
5282,5000,0
5283,5000,0
5284,5000,0
5285,5000,0
5286,5000,0
5287,5000,0
5288,5000,0
5289,5000,0
5290,5000,0
5291,5000,0
5292,5000,0
5293,5000,0
5294,5000,0
5295,5000,0
5296,5000,0
5297,5000,0
5298,5000,0
5299,5000,0
5300,5000,0
5301,5000,0
5302,5000,0
5303,5000,0
5304,5000,0
5305,5000,0
5306,5000,0
5307,5000,0
5308,5000,0
5309,5000,0
5310,5000,0
5311,5000,0
5312,5000,0
5313,5000,0
5314,5000,0
5315,5000,0
5316,5000,0
5317,5000,0
5318,5000,0
5319,5000,0
5320,5000,0
5321,5000,0
5322,5000,0
5323,5000,0
5324,5000,0
5325,5000,0
5326,5000,0
5327,5000,0
5328,5000,0
5329,5000,0
5330,5000,0
5331,5000,0
5332,5000,0
5333,5000,0
5334,5000,0
5335,5000,0
5336,5000,0
5337,5000,0
5338,5000,0
5339,5000,0
5340,5000,0
5341,5000,0
5342,5000,0
5343,5000,0
5344,5000,0
5345,5000,0
5346,5000,0
5347,5000,0
5348,5000,0
5349,5000,0
5350,5000,0
5351,5000,0
5352,5000,0
5353,5000,0
5354,5000,0
5355,5000,0
5356,5000,0
5357,5000,0
5358,5000,0
5359,5000,0
5360,5000,0
5361,5000,0
5362,5000,0
5363,5000,0
5364,5000,0
5365,5000,0
5366,5000,0
5367,5000,0
5368,5000,0
5369,5000,0
5370,5000,0
5371,5000,0
5372,5000,0
5373,5000,0
5374,5000,0
5375,5000,0
5376,5000,0
5377,5000,0
5378,5000,0
5379,5000,0
5380,5000,0
5381,5000,0
5382,5000,0
5383,5000,0
5384,5000,0
5385,5000,0
5386,5000,0
5387,5000,0
5388,5000,0
5389,5000,0
5390,5000,0
5391,5000,0
5392,5000,0
5393,5000,0
5394,5000,0
5395,5000,0
5396,5000,0
5397,5000,0
5398,5000,0
5399,5000,0
5400,5000,0
5401,5000,0
5402,5000,0
5403,5000,0
5404,5000,0
5405,5000,0
5406,5000,0
5407,5000,0
5408,5000,0
5409,5000,0
5410,5000,0
5411,5000,0
5412,5000,0
5413,5000,0
5414,5000,0
5415,5000,0
5416,5000,0
5417,5000,0
5418,5000,0
5419,5000,0
5420,5000,0
5421,5000,0
5422,5000,0
5423,5000,0
5424,5000,0
5425,5000,0
5426,5000,0
5427,5000,0
5428,5000,0
5429,5000,0
5430,5000,0
5431,5000,0
5432,5000,0
5433,5000,0
5434,5000,0
5435,5000,0
5436,5000,0
5437,5000,0
5438,5000,0
5439,5000,0
5440,5000,0
5441,5000,0
5442,5000,0
5443,5000,0
5444,5000,0
5445,5000,0
5446,5000,0
5447,5000,0
5448,5000,0
5449,5000,0
5450,5000,0
5451,5000,0
5452,5000,0
5453,5000,0
5454,5000,0
5455,5000,0
5456,5000,0
5457,5000,0
5458,5000,0
5459,5000,0
5460,5000,0
5461,5000,0
5462,5000,0
5463,5000,0
5464,5000,0
5465,5000,0
5466,5000,0
5467,5000,0
5468,5000,0
5469,5000,0
5470,5000,0
5471,5000,0
5472,5000,0
5473,5000,0
5474,5000,0
5475,5000,0
5476,5000,0
5477,5000,0
5478,5000,0
5479,5000,0
5480,5000,0
5481,5000,0
5482,5000,0
5483,5000,0
5484,5000,0
5485,5000,0
5486,5000,0
5487,5000,0
5488,5000,0
5489,5000,0
5490,5000,0
5491,5000,0
5492,5000,0
5493,5000,0
5494,5000,0
5495,5000,0
5496,5000,0
5497,5000,0
5498,5000,0
5499,5000,0
5500,5000,0
5501,5000,0
5502,5000,0
5503,5000,0
5504,5000,0
5505,5000,0
5506,5000,0
5507,5000,0
5508,5000,0
5509,5000,0
5510,5000,0
5511,5000,0
5512,5000,0
5513,5000,0
5514,5000,0
5515,5000,0
5516,5000,0
5517,5000,0
5518,5000,0
5519,5000,0
5520,5000,0
5521,5000,0
5522,5000,0
5523,5000,0
5524,5000,0
5525,5000,0
5526,5000,0
5527,5000,0
5528,5000,0
5529,5000,0
5530,5000,0
5531,5000,0
5532,5000,0
5533,5000,0
5534,5000,0
5535,5000,0
5536,5000,0
5537,5000,0
5538,5000,0
5539,5000,0
5540,5000,0
5541,5000,0
5542,5000,0
5543,5000,0
5544,5000,0
5545,5000,0
5546,5000,0
5547,5000,0
5548,5000,0
5549,5000,0
5550,5000,0
5551,5000,0
5552,5000,0
5553,5000,0
5554,5000,0
5555,5000,0
5556,5000,0
5557,5000,0
5558,5000,0
5559,5000,0
5560,5000,0
5561,5000,0
5562,5000,0
5563,5000,0
5564,5000,0
5565,5000,0
5566,5000,0
5567,5000,0
5568,5000,0
5569,5000,0
5570,5000,0
5571,5000,0
5572,5000,0
5573,5000,0
5574,5000,0
5575,5000,0
5576,5000,0
5577,5000,0
5578,5000,0
5579,5000,0
5580,5000,0
5581,5000,0
5582,5000,0
5583,5000,0
5584,5000,0
5585,5000,0
5586,5000,0
5587,5000,0
5588,5000,0
5589,5000,0
5590,5000,0
5591,5000,0
5592,5000,0
5593,5000,0
5594,5000,0
5595,5000,0
5596,5000,0
5597,5000,0
5598,5000,0
5599,5000,0
5600,5000,0
5601,5000,0
5602,5000,0
5603,5000,0
5604,5000,0
5605,5000,0
5606,5000,0
5607,5000,0
5608,5000,0
5609,5000,0
5610,5000,0
5611,5000,0
5612,5000,0
5613,5000,0
5614,5000,0
5615,5000,0
5616,5000,0
5617,5000,0
5618,5000,0
5619,5000,0
5620,5000,0
5621,5000,0
5622,5000,0
5623,5000,0
5624,5000,0
5625,5000,0
5626,5000,0
5627,5000,0
5628,5000,0
5629,5000,0
5630,5000,0
5631,5000,0
5632,5000,0
5633,5000,0
5634,5000,0
5635,5000,0
5636,5000,0
5637,5000,0
5638,5000,0
5639,5000,0
5640,5000,0
5641,5000,0
5642,5000,0
5643,5000,0
5644,5000,0
5645,5000,0
5646,5000,0
5647,5000,0
5648,5000,0
5649,5000,0
5650,5000,0
5651,5000,0
5652,5000,0
5653,5000,0
5654,5000,0
5655,5000,0
5656,5000,0
5657,5000,0
5658,5000,0
5659,5000,0
5660,5000,0
5661,5000,0
5662,5000,0
5663,5000,0
5664,5000,0
5665,5000,0
5666,5000,0
5667,5000,0
5668,5000,0
5669,5000,0
5670,5000,0
5671,5000,0
5672,5000,0
5673,5000,0
5674,5000,0
5675,5000,0
5676,5000,0
5677,5000,0
5678,5000,0
5679,5000,0
5680,5000,0
5681,5000,0
5682,5000,0
5683,5000,0
5684,5000,0
5685,5000,0
5686,5000,0
5687,5000,0
5688,5000,0
5689,5000,0
5690,5000,0
5691,5000,0
5692,5000,0
5693,5000,0
5694,5000,0
5695,5000,0
5696,5000,0
5697,5000,0
5698,5000,0
5699,5000,0
5700,5000,0
5701,5000,0
5702,5000,0
5703,5000,0
5704,5000,0
5705,5000,0
5706,5000,0
5707,5000,0
5708,5000,0
5709,5000,0
5710,5000,0
5711,5000,0
5712,5000,0
5713,5000,0
5714,5000,0
5715,5000,0
5716,5000,0
5717,5000,0
5718,5000,0
5719,5000,0
5720,5000,0
5721,5000,0
5722,5000,0
5723,5000,0
5724,5000,0
5725,5000,0
5726,5000,0
5727,5000,0
5728,5000,0
5729,5000,0
5730,5000,0
5731,5000,0
5732,5000,0
5733,5000,0
5734,5000,0
5735,5000,0
5736,5000,0
5737,5000,0
5738,5000,0
5739,5000,0
5740,5000,0
5741,5000,0
5742,5000,0
5743,5000,0
5744,5000,0
5745,5000,0
5746,5000,0
5747,5000,0
5748,5000,0
5749,5000,0
5750,5000,0
5751,5000,0
5752,5000,0
5753,5000,0
5754,5000,0
5755,5000,0
5756,5000,0
5757,5000,0
5758,5000,0
5759,5000,0
5760,5000,0
5761,5000,0
5762,5000,0
5763,5000,0
5764,5000,0
5765,5000,0
5766,5000,0
5767,5000,0
5768,5000,0
5769,5000,0
5770,5000,0
5771,5000,0
5772,5000,0
5773,5000,0
5774,5000,0
5775,5000,0
5776,5000,0
5777,5000,0
5778,5000,0
5779,5000,0
5780,5000,0
5781,5000,0
5782,5000,0
5783,5000,0
5784,5000,0
5785,5000,0
5786,5000,0
5787,5000,0
5788,5000,0
5789,5000,0
5790,5000,0
5791,5000,0
5792,5000,0
5793,5000,0
5794,5000,0
5795,5000,0
5796,5000,0
5797,5000,0
5798,5000,0
5799,5000,0
5800,5000,0
5801,5000,0
5802,5000,0
5803,5000,0
5804,5000,0
5805,5000,0
5806,5000,0
5807,5000,0
5808,5000,0
5809,5000,0
5810,5000,0
5811,5000,0
5812,5000,0
5813,5000,0
5814,5000,0
5815,5000,0
5816,5000,0
5817,5000,0
5818,5000,0
5819,5000,0
5820,5000,0
5821,5000,0
5822,5000,0
5823,5000,0
5824,5000,0
5825,5000,0
5826,5000,0
5827,5000,0
5828,5000,0
5829,5000,0
5830,5000,0
5831,5000,0
5832,5000,0
5833,5000,0
5834,5000,0
5835,5000,0
5836,5000,0
5837,5000,0
5838,5000,0
5839,5000,0
5840,5000,0
5841,5000,0
5842,5000,0
5843,5000,0
5844,5000,0
5845,5000,0
5846,5000,0
5847,5000,0
5848,5000,0
5849,5000,0
5850,5000,0
5851,5000,0
5852,5000,0
5853,5000,0
5854,5000,0
5855,5000,0
5856,5000,0
5857,5000,0
5858,5000,0
5859,5000,0
5860,5000,0
5861,5000,0
5862,5000,0
5863,5000,0
5864,5000,0
5865,5000,0
5866,5000,0
5867,5000,0
5868,5000,0
5869,5000,0
5870,5000,0
5871,5000,0
5872,5000,0
5873,5000,0
5874,5000,0
5875,5000,0
5876,5000,0
5877,5000,0
5878,5000,0
5879,5000,0
5880,5000,0
5881,5000,0
5882,5000,0
5883,5000,0
5884,5000,0
5885,5000,0
5886,5000,0
5887,5000,0
5888,5000,0
5889,5000,0
5890,5000,0
5891,5000,0
5892,5000,0
5893,5000,0
5894,5000,0
5895,5000,0
5896,5000,0
5897,5000,0
5898,5000,0
5899,5000,0
5900,5000,0
5901,5000,0
5902,5000,0
5903,5000,0
5904,5000,0
5905,5000,0
5906,5000,0
5907,5000,0
5908,5000,0
5909,5000,0
5910,5000,0
5911,5000,0
5912,5000,0
5913,5000,0
5914,5000,0
5915,5000,0
5916,5000,0
5917,5000,0
5918,5000,0
5919,5000,0
5920,5000,0
5921,5000,0
5922,5000,0
5923,5000,0
5924,5000,0
5925,5000,0
5926,5000,0
5927,5000,0
5928,5000,0
5929,5000,0
5930,5000,0
5931,5000,0
5932,5000,0
5933,5000,0
5934,5000,0
5935,5000,0
5936,5000,0
5937,5000,0
5938,5000,0
5939,5000,0
5940,5000,0
5941,5000,0
5942,5000,0
5943,5000,0
5944,5000,0
5945,5000,0
5946,5000,0
5947,5000,0
5948,5000,0
5949,5000,0
5950,5000,0
5951,5000,0
5952,5000,0
5953,5000,0
5954,5000,0
5955,5000,0
5956,5000,0
5957,5000,0
5958,5000,0
5959,5000,0
5960,5000,0
5961,5000,0
5962,5000,0
5963,5000,0
5964,5000,0
5965,5000,0
5966,5000,0
5967,5000,0
5968,5000,0
5969,5000,0
5970,5000,0
5971,5000,0
5972,5000,0
5973,5000,0
5974,5000,0
5975,5000,0
5976,5000,0
5977,5000,0
5978,5000,0
5979,5000,0
5980,5000,0
5981,5000,0
5982,5000,0
5983,5000,0
5984,5000,0
5985,5000,0
5986,5000,0
5987,5000,0
5988,5000,0
5989,5000,0
5990,5000,0
5991,5000,0
5992,5000,0
5993,5000,0
5994,5000,0
5995,5000,0
5996,5000,0
5997,5000,0
5998,5000,0
5999,5000,0
6000,5000,0
6001,5000,0
6002,5000,0
6003,5000,0
6004,5000,0
6005,5000,0
6006,5000,0
6007,5000,0
6008,5000,0
6009,5000,0
6010,5000,0
6011,5000,0
6012,5000,0
6013,5000,0
6014,5000,0
6015,5000,0
6016,5000,0
6017,5000,0
6018,5000,0
6019,5000,0
6020,5000,0
6021,5000,0
6022,5000,0
6023,5000,0
6024,5000,0
6025,5000,0
6026,5000,0
6027,5000,0
6028,5000,0
6029,5000,0
6030,5000,0
6031,5000,0
6032,5000,0
6033,5000,0
6034,5000,0
6035,5000,0
6036,5000,0
6037,5000,0
6038,5000,0
6039,5000,0
6040,5000,0
6041,5000,0
6042,5000,0
6043,5000,0
6044,5000,0
6045,5000,0
6046,5000,0
6047,5000,0
6048,5000,0
6049,5000,0
6050,5000,0
6051,5000,0
6052,5000,0
6053,5000,0
6054,5000,0
6055,5000,0
6056,5000,0
6057,5000,0
6058,5000,0
6059,5000,0
6060,5000,0
6061,5000,0
6062,5000,0
6063,5000,0
6064,5000,0
6065,5000,0
6066,5000,0
6067,5000,0
6068,5000,0
6069,5000,0
6070,5000,0
6071,5000,0
6072,5000,0
6073,5000,0
6074,5000,0
6075,5000,0
6076,5000,0
6077,5000,0
6078,5000,0
6079,5000,0
6080,5000,0
6081,5000,0
6082,5000,0
6083,5000,0
6084,5000,0
6085,5000,0
6086,5000,0
6087,5000,0
6088,5000,0
6089,5000,0
6090,5000,0
6091,5000,0
6092,5000,0
6093,5000,0
6094,5000,0
6095,5000,0
6096,5000,0
6097,5000,0
6098,5000,0
6099,5000,0
6100,5000,0
6101,5000,0
6102,5000,0
6103,5000,0
6104,5000,0
6105,5000,0
6106,5000,0
6107,5000,0
6108,5000,0
6109,5000,0
6110,5000,0
6111,5000,0
6112,5000,0
6113,5000,0
6114,5000,0
6115,5000,0
6116,5000,0
6117,5000,0
6118,5000,0
6119,5000,0
6120,5000,0
6121,5000,0
6122,5000,0
6123,5000,0
6124,5000,0
6125,5000,0
6126,5000,0
6127,5000,0
6128,5000,0
6129,5000,0
6130,5000,0
6131,5000,0
6132,5000,0
6133,5000,0
6134,5000,0
6135,5000,0
6136,5000,0
6137,5000,0
6138,5000,0
6139,5000,0
6140,5000,0
6141,5000,0
6142,5000,0
6143,5000,0
6144,5000,0
6145,5000,0
6146,5000,0
6147,5000,0
6148,5000,0
6149,5000,0
6150,5000,0
6151,5000,0
6152,5000,0
6153,5000,0
6154,5000,0
6155,5000,0
6156,5000,0
6157,5000,0
6158,5000,0
6159,5000,0
6160,5000,0
6161,5000,0
6162,5000,0
6163,5000,0
6164,5000,0
6165,5000,0
6166,5000,0
6167,5000,0
6168,5000,0
6169,5000,0
6170,5000,0
6171,5000,0
6172,5000,0
6173,5000,0
6174,5000,0
6175,5000,0
6176,5000,0
6177,5000,0
6178,5000,0
6179,5000,0
6180,5000,0
6181,5000,0
6182,5000,0
6183,5000,0
6184,5000,0
6185,5000,0
6186,5000,0
6187,5000,0
6188,5000,0
6189,5000,0
6190,5000,0
6191,5000,0
6192,5000,0
6193,5000,0
6194,5000,0
6195,5000,0
6196,5000,0
6197,5000,0
6198,5000,0
6199,5000,0
6200,5000,0
6201,5000,0
6202,5000,0
6203,5000,0
6204,5000,0
6205,5000,0
6206,5000,0
6207,5000,0
6208,5000,0
6209,5000,0
6210,5000,0
6211,5000,0
6212,5000,0
6213,5000,0
6214,5000,0
6215,5000,0
6216,5000,0
6217,5000,0
6218,5000,0
6219,5000,0
6220,5000,0
6221,5000,0
6222,5000,0
6223,5000,0
6224,5000,0
6225,5000,0
6226,5000,0
6227,5000,0
6228,5000,0
6229,5000,0
6230,5000,0
6231,5000,0
6232,5000,0
6233,5000,0
6234,5000,0
6235,5000,0
6236,5000,0
6237,5000,0
6238,5000,0
6239,5000,0
6240,5000,0
6241,5000,0
6242,5000,0
6243,5000,0
6244,5000,0
6245,5000,0
6246,5000,0
6247,5000,0
6248,5000,0
6249,5000,0
6250,5000,0
6251,5000,0
6252,5000,0
6253,5000,0
6254,5000,0
6255,5000,0
6256,5000,0
6257,5000,0
6258,5000,0
6259,5000,0
6260,5000,0
6261,5000,0
6262,5000,0
6263,5000,0
6264,5000,0
6265,5000,0
6266,5000,0
6267,5000,0
6268,5000,0
6269,5000,0
6270,5000,0
6271,5000,0
6272,5000,0
6273,5000,0
6274,5000,0
6275,5000,0
6276,5000,0
6277,5000,0
6278,5000,0
6279,5000,0
6280,5000,0
6281,5000,0
6282,5000,0
6283,5000,0
6284,5000,0
6285,5000,0
6286,5000,0
6287,5000,0
6288,5000,0
6289,5000,0
6290,5000,0
6291,5000,0
6292,5000,0
6293,5000,0
6294,5000,0
6295,5000,0
6296,5000,0
6297,5000,0
6298,5000,0
6299,5000,0
6300,5000,0
6301,5000,0
6302,5000,0
6303,5000,0
6304,5000,0
6305,5000,0
6306,5000,0
6307,5000,0
6308,5000,0
6309,5000,0
6310,5000,0
6311,5000,0
6312,5000,0
6313,5000,0
6314,5000,0
6315,5000,0
6316,5000,0
6317,5000,0
6318,5000,0
6319,5000,0
6320,5000,0
6321,5000,0
6322,5000,0
6323,5000,0
6324,5000,0
6325,5000,0
6326,5000,0
6327,5000,0
6328,5000,0
6329,5000,0
6330,5000,0
6331,5000,0
6332,5000,0
6333,5000,0
6334,5000,0
6335,5000,0
6336,5000,0
6337,5000,0
6338,5000,0
6339,5000,0
6340,5000,0
6341,5000,0
6342,5000,0
6343,5000,0
6344,5000,0
6345,5000,0
6346,5000,0
6347,5000,0
6348,5000,0
6349,5000,0
6350,5000,0
6351,5000,0
6352,5000,0
6353,5000,0
6354,5000,0
6355,5000,0
6356,5000,0
6357,5000,0
6358,5000,0
6359,5000,0
6360,5000,0
6361,5000,0
6362,5000,0
6363,5000,0
6364,5000,0
6365,5000,0
6366,5000,0
6367,5000,0
6368,5000,0
6369,5000,0
6370,5000,0
6371,5000,0
6372,5000,0
6373,5000,0
6374,5000,0
6375,5000,0
6376,5000,0
6377,5000,0
6378,5000,0
6379,5000,0
6380,5000,0
6381,5000,0
6382,5000,0
6383,5000,0
6384,5000,0
6385,5000,0
6386,5000,0
6387,5000,0
6388,5000,0
6389,5000,0
6390,5000,0
6391,5000,0
6392,5000,0
6393,5000,0
6394,5000,0
6395,5000,0
6396,5000,0
6397,5000,0
6398,5000,0
6399,5000,0
6400,5000,0
6401,5000,0
6402,5000,0
6403,5000,0
6404,5000,0
6405,5000,0
6406,5000,0
6407,5000,0
6408,5000,0
6409,5000,0
6410,5000,0
6411,5000,0
6412,5000,0
6413,5000,0
6414,5000,0
6415,5000,0
6416,5000,0
6417,5000,0
6418,5000,0
6419,5000,0
6420,5000,0
6421,5000,0
6422,5000,0
6423,5000,0
6424,5000,0
6425,5000,0
6426,5000,0
6427,5000,0
6428,5000,0
6429,5000,0
6430,5000,0
6431,5000,0
6432,5000,0
6433,5000,0
6434,5000,0
6435,5000,0
6436,5000,0
6437,5000,0
6438,5000,0
6439,5000,0
6440,5000,0
6441,5000,0
6442,5000,0
6443,5000,0
6444,5000,0
6445,5000,0
6446,5000,0
6447,5000,0
6448,5000,0
6449,5000,0
6450,5000,0
6451,5000,0
6452,5000,0
6453,5000,0
6454,5000,0
6455,5000,0
6456,5000,0
6457,5000,0
6458,5000,0
6459,5000,0
6460,5000,0
6461,5000,0
6462,5000,0
6463,5000,0
6464,5000,0
6465,5000,0
6466,5000,0
6467,5000,0
6468,5000,0
6469,5000,0
6470,5000,0
6471,5000,0
6472,5000,0
6473,5000,0
6474,5000,0
6475,5000,0
6476,5000,0
6477,5000,0
6478,5000,0
6479,5000,0
6480,5000,0
6481,5000,0
6482,5000,0
6483,5000,0
6484,5000,0
6485,5000,0
6486,5000,0
6487,5000,0
6488,5000,0
6489,5000,0
6490,5000,0
6491,5000,0
6492,5000,0
6493,5000,0
6494,5000,0
6495,5000,0
6496,5000,0
6497,5000,0
6498,5000,0
6499,5000,0
6500,5000,0
6501,5000,0
6502,5000,0
6503,5000,0
6504,5000,0
6505,5000,0
6506,5000,0
6507,5000,0
6508,5000,0
6509,5000,0
6510,5000,0
6511,5000,0
6512,5000,0
6513,5000,0
6514,5000,0
6515,5000,0
6516,5000,0
6517,5000,0
6518,5000,0
6519,5000,0
6520,5000,0
6521,5000,0
6522,5000,0
6523,5000,0
6524,5000,0
6525,5000,0
6526,5000,0
6527,5000,0
6528,5000,0
6529,5000,0
6530,5000,0
6531,5000,0
6532,5000,0
6533,5000,0
6534,5000,0
6535,5000,0
6536,5000,0
6537,5000,0
6538,5000,0
6539,5000,0
6540,5000,0
6541,5000,0
6542,5000,0
6543,5000,0
6544,5000,0
6545,5000,0
6546,5000,0
6547,5000,0
6548,5000,0
6549,5000,0
6550,5000,0
6551,5000,0
6552,5000,0
6553,5000,0
6554,5000,0
6555,5000,0
6556,5000,0
6557,5000,0
6558,5000,0
6559,5000,0
6560,5000,0
6561,5000,0
6562,5000,0
6563,5000,0
6564,5000,0
6565,5000,0
6566,5000,0
6567,5000,0
6568,5000,0
6569,5000,0
6570,5000,0
6571,5000,0
6572,5000,0
6573,5000,0
6574,5000,0
6575,5000,0
6576,5000,0
6577,5000,0
6578,5000,0
6579,5000,0
6580,5000,0
6581,5000,0
6582,5000,0
6583,5000,0
6584,5000,0
6585,5000,0
6586,5000,0
6587,5000,0
6588,5000,0
6589,5000,0
6590,5000,0
6591,5000,0
6592,5000,0
6593,5000,0
6594,5000,0
6595,5000,0
6596,5000,0
6597,5000,0
6598,5000,0
6599,5000,0
6600,5000,0
6601,5000,0
6602,5000,0
6603,5000,0
6604,5000,0
6605,5000,0
6606,5000,0
6607,5000,0
6608,5000,0
6609,5000,0
6610,5000,0
6611,5000,0
6612,5000,0
6613,5000,0
6614,5000,0
6615,5000,0
6616,5000,0
6617,5000,0
6618,5000,0
6619,5000,0
6620,5000,0
6621,5000,0
6622,5000,0
6623,5000,0
6624,5000,0
6625,5000,0
6626,5000,0
6627,5000,0
6628,5000,0
6629,5000,0
6630,5000,0
6631,5000,0
6632,5000,0
6633,5000,0
6634,5000,0
6635,5000,0
6636,5000,0
6637,5000,0
6638,5000,0
6639,5000,0
6640,5000,0
6641,5000,0
6642,5000,0
6643,5000,0
6644,5000,0
6645,5000,0
6646,5000,0
6647,5000,0
6648,5000,0
6649,5000,0
6650,5000,0
6651,5000,0
6652,5000,0
6653,5000,0
6654,5000,0
6655,5000,0
6656,5000,0
6657,5000,0
6658,5000,0
6659,5000,0
6660,5000,0
6661,5000,0
6662,5000,0
6663,5000,0
6664,5000,0
6665,5000,0
6666,5000,0
6667,5000,0
6668,5000,0
6669,5000,0
6670,5000,0
6671,5000,0
6672,5000,0
6673,5000,0
6674,5000,0
6675,5000,0
6676,5000,0
6677,5000,0
6678,5000,0
6679,5000,0
6680,5000,0
6681,5000,0
6682,5000,0
6683,5000,0
6684,5000,0
6685,5000,0
6686,5000,0
6687,5000,0
6688,5000,0
6689,5000,0
6690,5000,0
6691,5000,0
6692,5000,0
6693,5000,0
6694,5000,0
6695,5000,0
6696,5000,0
6697,5000,0
6698,5000,0
6699,5000,0
6700,5000,0
6701,5000,0
6702,5000,0
6703,5000,0
6704,5000,0
6705,5000,0
6706,5000,0
6707,5000,0
6708,5000,0
6709,5000,0
6710,5000,0
6711,5000,0
6712,5000,0
6713,5000,0
6714,5000,0
6715,5000,0
6716,5000,0
6717,5000,0
6718,5000,0
6719,5000,0
6720,5000,0
6721,5000,0
6722,5000,0
6723,5000,0
6724,5000,0
6725,5000,0
6726,5000,0
6727,5000,0
6728,5000,0
6729,5000,0
6730,5000,0
6731,5000,0
6732,5000,0
6733,5000,0
6734,5000,0
6735,5000,0
6736,5000,0
6737,5000,0
6738,5000,0
6739,5000,0
6740,5000,0
6741,5000,0
6742,5000,0
6743,5000,0
6744,5000,0
6745,5000,0
6746,5000,0
6747,5000,0
6748,5000,0
6749,5000,0
6750,5000,0
6751,5000,0
6752,5000,0
6753,5000,0
6754,5000,0
6755,5000,0
6756,5000,0
6757,5000,0
6758,5000,0
6759,5000,0
6760,5000,0
6761,5000,0
6762,5000,0
6763,5000,0
6764,5000,0
6765,5000,0
6766,5000,0
6767,5000,0
6768,5000,0
6769,5000,0
6770,5000,0
6771,5000,0
6772,5000,0
6773,5000,0
6774,5000,0
6775,5000,0
6776,5000,0
6777,5000,0
6778,5000,0
6779,5000,0
6780,5000,0
6781,5000,0
6782,5000,0
6783,5000,0
6784,5000,0
6785,5000,0
6786,5000,0
6787,5000,0
6788,5000,0
6789,5000,0
6790,5000,0
6791,5000,0
6792,5000,0
6793,5000,0
6794,5000,0
6795,5000,0
6796,5000,0
6797,5000,0
6798,5000,0
6799,5000,0
6800,5000,0
6801,5000,0
6802,5000,0
6803,5000,0
6804,5000,0
6805,5000,0
6806,5000,0
6807,5000,0
6808,5000,0
6809,5000,0
6810,5000,0
6811,5000,0
6812,5000,0
6813,5000,0
6814,5000,0
6815,5000,0
6816,5000,0
6817,5000,0
6818,5000,0
6819,5000,0
6820,5000,0
6821,5000,0
6822,5000,0
6823,5000,0
6824,5000,0
6825,5000,0
6826,5000,0
6827,5000,0
6828,5000,0
6829,5000,0
6830,5000,0
6831,5000,0
6832,5000,0
6833,5000,0
6834,5000,0
6835,5000,0
6836,5000,0
6837,5000,0
6838,5000,0
6839,5000,0
6840,5000,0
6841,5000,0
6842,5000,0
6843,5000,0
6844,5000,0
6845,5000,0
6846,5000,0
6847,5000,0
6848,5000,0
6849,5000,0
6850,5000,0
6851,5000,0
6852,5000,0
6853,5000,0
6854,5000,0
6855,5000,0
6856,5000,0
6857,5000,0
6858,5000,0
6859,5000,0
6860,5000,0
6861,5000,0
6862,5000,0
6863,5000,0
6864,5000,0
6865,5000,0
6866,5000,0
6867,5000,0
6868,5000,0
6869,5000,0
6870,5000,0
6871,5000,0
6872,5000,0
6873,5000,0
6874,5000,0
6875,5000,0
6876,5000,0
6877,5000,0
6878,5000,0
6879,5000,0
6880,5000,0
6881,5000,0
6882,5000,0
6883,5000,0
6884,5000,0
6885,5000,0
6886,5000,0
6887,5000,0
6888,5000,0
6889,5000,0
6890,5000,0
6891,5000,0
6892,5000,0
6893,5000,0
6894,5000,0
6895,5000,0
6896,5000,0
6897,5000,0
6898,5000,0
6899,5000,0
6900,5000,0
6901,5000,0
6902,5000,0
6903,5000,0
6904,5000,0
6905,5000,0
6906,5000,0
6907,5000,0
6908,5000,0
6909,5000,0
6910,5000,0
6911,5000,0
6912,5000,0
6913,5000,0
6914,5000,0
6915,5000,0
6916,5000,0
6917,5000,0
6918,5000,0
6919,5000,0
6920,5000,0
6921,5000,0
6922,5000,0
6923,5000,0
6924,5000,0
6925,5000,0
6926,5000,0
6927,5000,0
6928,5000,0
6929,5000,0
6930,5000,0
6931,5000,0
6932,5000,0
6933,5000,0
6934,5000,0
6935,5000,0
6936,5000,0
6937,5000,0
6938,5000,0
6939,5000,0
6940,5000,0
6941,5000,0
6942,5000,0
6943,5000,0
6944,5000,0
6945,5000,0
6946,5000,0
6947,5000,0
6948,5000,0
6949,5000,0
6950,5000,0
6951,5000,0
6952,5000,0
6953,5000,0
6954,5000,0
6955,5000,0
6956,5000,0
6957,5000,0
6958,5000,0
6959,5000,0
6960,5000,0
6961,5000,0
6962,5000,0
6963,5000,0
6964,5000,0
6965,5000,0
6966,5000,0
6967,5000,0
6968,5000,0
6969,5000,0
6970,5000,0
6971,5000,0
6972,5000,0
6973,5000,0
6974,5000,0
6975,5000,0
6976,5000,0
6977,5000,0
6978,5000,0
6979,5000,0
6980,5000,0
6981,5000,0
6982,5000,0
6983,5000,0
6984,5000,0
6985,5000,0
6986,5000,0
6987,5000,0
6988,5000,0
6989,5000,0
6990,5000,0
6991,5000,0
6992,5000,0
6993,5000,0
6994,5000,0
6995,5000,0
6996,5000,0
6997,5000,0
6998,5000,0
6999,5000,0
7000,5000,0
7001,5000,0
7002,5000,0
7003,5000,0
7004,5000,0
7005,5000,0
7006,5000,0
7007,5000,0
7008,5000,0
7009,5000,0
7010,5000,0
7011,5000,0
7012,5000,0
7013,5000,0
7014,5000,0
7015,5000,0
7016,5000,0
7017,5000,0
7018,5000,0
7019,5000,0
7020,5000,0
7021,5000,0
7022,5000,0
7023,5000,0
7024,5000,0
7025,5000,0
7026,5000,0
7027,5000,0
7028,5000,0
7029,5000,0
7030,5000,0
7031,5000,0
7032,5000,0
7033,5000,0
7034,5000,0
7035,5000,0
7036,5000,0
7037,5000,0
7038,5000,0
7039,5000,0
7040,5000,0
7041,5000,0
7042,5000,0
7043,5000,0
7044,5000,0
7045,5000,0
7046,5000,0
7047,5000,0
7048,5000,0
7049,5000,0
7050,5000,0
7051,5000,0
7052,5000,0
7053,5000,0
7054,5000,0
7055,5000,0
7056,5000,0
7057,5000,0
7058,5000,0
7059,5000,0
7060,5000,0
7061,5000,0
7062,5000,0
7063,5000,0
7064,5000,0
7065,5000,0
7066,5000,0
7067,5000,0
7068,5000,0
7069,5000,0
7070,5000,0
7071,5000,0
7072,5000,0
7073,5000,0
7074,5000,0
7075,5000,0
7076,5000,0
7077,5000,0
7078,5000,0
7079,5000,0
7080,5000,0
7081,5000,0
7082,5000,0
7083,5000,0
7084,5000,0
7085,5000,0
7086,5000,0
7087,5000,0
7088,5000,0
7089,5000,0
7090,5000,0
7091,5000,0
7092,5000,0
7093,5000,0
7094,5000,0
7095,5000,0
7096,5000,0
7097,5000,0
7098,5000,0
7099,5000,0
7100,5000,0
7101,5000,0
7102,5000,0
7103,5000,0
7104,5000,0
7105,5000,0
7106,5000,0
7107,5000,0
7108,5000,0
7109,5000,0
7110,5000,0
7111,5000,0
7112,5000,0
7113,5000,0
7114,5000,0
7115,5000,0
7116,5000,0
7117,5000,0
7118,5000,0
7119,5000,0
7120,5000,0
7121,5000,0
7122,5000,0
7123,5000,0
7124,5000,0
7125,5000,0
7126,5000,0
7127,5000,0
7128,5000,0
7129,5000,0
7130,5000,0
7131,5000,0
7132,5000,0
7133,5000,0
7134,5000,0
7135,5000,0
7136,5000,0
7137,5000,0
7138,5000,0
7139,5000,0
7140,5000,0
7141,5000,0
7142,5000,0
7143,5000,0
7144,5000,0
7145,5000,0
7146,5000,0
7147,5000,0
7148,5000,0
7149,5000,0
7150,5000,0
7151,5000,0
7152,5000,0
7153,5000,0
7154,5000,0
7155,5000,0
7156,5000,0
7157,5000,0
7158,5000,0
7159,5000,0
7160,5000,0
7161,5000,0
7162,5000,0
7163,5000,0
7164,5000,0
7165,5000,0
7166,5000,0
7167,5000,0
7168,5000,0
7169,5000,0
7170,5000,0
7171,5000,0
7172,5000,0
7173,5000,0
7174,5000,0
7175,5000,0
7176,5000,0
7177,5000,0
7178,5000,0
7179,5000,0
7180,5000,0
7181,5000,0
7182,5000,0
7183,5000,0
7184,5000,0
7185,5000,0
7186,5000,0
7187,5000,0
7188,5000,0
7189,5000,0
7190,5000,0
7191,5000,0
7192,5000,0
7193,5000,0
7194,5000,0
7195,5000,0
7196,5000,0
7197,5000,0
7198,5000,0
7199,5000,0
7200,5000,0
7201,5000,0
7202,5000,0
7203,5000,0
7204,5000,0
7205,5000,0
7206,5000,0
7207,5000,0
7208,5000,0
7209,5000,0
7210,5000,0
7211,5000,0
7212,5000,0
7213,5000,0
7214,5000,0
7215,5000,0
7216,5000,0
7217,5000,0
7218,5000,0
7219,5000,0
7220,5000,0
7221,5000,0
7222,5000,0
7223,5000,0
7224,5000,0
7225,5000,0
7226,5000,0
7227,5000,0
7228,5000,0
7229,5000,0
7230,5000,0
7231,5000,0
7232,5000,0
7233,5000,0
7234,5000,0
7235,5000,0
7236,5000,0
7237,5000,0
7238,5000,0
7239,5000,0
7240,5000,0
7241,5000,0
7242,5000,0
7243,5000,0
7244,5000,0
7245,5000,0
7246,5000,0
7247,5000,0
7248,5000,0
7249,5000,0
7250,5000,0
7251,5000,0
7252,5000,0
7253,5000,0
7254,5000,0
7255,5000,0
7256,5000,0
7257,5000,0
7258,5000,0
7259,5000,0
7260,5000,0
7261,5000,0
7262,5000,0
7263,5000,0
7264,5000,0
7265,5000,0
7266,5000,0
7267,5000,0
7268,5000,0
7269,5000,0
7270,5000,0
7271,5000,0
7272,5000,0
7273,5000,0
7274,5000,0
7275,5000,0
7276,5000,0
7277,5000,0
7278,5000,0
7279,5000,0
7280,5000,0
7281,5000,0
7282,5000,0
7283,5000,0
7284,5000,0
7285,5000,0
7286,5000,0
7287,5000,0
7288,5000,0
7289,5000,0
7290,5000,0
7291,5000,0
7292,5000,0
7293,5000,0
7294,5000,0
7295,5000,0
7296,5000,0
7297,5000,0
7298,5000,0
7299,5000,0
7300,5000,0
7301,5000,0
7302,5000,0
7303,5000,0
7304,5000,0
7305,5000,0
7306,5000,0
7307,5000,0
7308,5000,0
7309,5000,0
7310,5000,0
7311,5000,0
7312,5000,0
7313,5000,0
7314,5000,0
7315,5000,0
7316,5000,0
7317,5000,0
7318,5000,0
7319,5000,0
7320,5000,0
7321,5000,0
7322,5000,0
7323,5000,0
7324,5000,0
7325,5000,0
7326,5000,0
7327,5000,0
7328,5000,0
7329,5000,0
7330,5000,0
7331,5000,0
7332,5000,0
7333,5000,0
7334,5000,0
7335,5000,0
7336,5000,0
7337,5000,0
7338,5000,0
7339,5000,0
7340,5000,0
7341,5000,0
7342,5000,0
7343,5000,0
7344,5000,0
7345,5000,0
7346,5000,0
7347,5000,0
7348,5000,0
7349,5000,0
7350,5000,0
7351,5000,0
7352,5000,0
7353,5000,0
7354,5000,0
7355,5000,0
7356,5000,0
7357,5000,0
7358,5000,0
7359,5000,0
7360,5000,0
7361,5000,0
7362,5000,0
7363,5000,0
7364,5000,0
7365,5000,0
7366,5000,0
7367,5000,0
7368,5000,0
7369,5000,0
7370,5000,0
7371,5000,0
7372,5000,0
7373,5000,0
7374,5000,0
7375,5000,0
7376,5000,0
7377,5000,0
7378,5000,0
7379,5000,0
7380,5000,0
7381,5000,0
7382,5000,0
7383,5000,0
7384,5000,0
7385,5000,0
7386,5000,0
7387,5000,0
7388,5000,0
7389,5000,0
7390,5000,0
7391,5000,0
7392,5000,0
7393,5000,0
7394,5000,0
7395,5000,0
7396,5000,0
7397,5000,0
7398,5000,0
7399,5000,0
7400,5000,0
7401,5000,0
7402,5000,0
7403,5000,0
7404,5000,0
7405,5000,0
7406,5000,0
7407,5000,0
7408,5000,0
7409,5000,0
7410,5000,0
7411,5000,0
7412,5000,0
7413,5000,0
7414,5000,0
7415,5000,0
7416,5000,0
7417,5000,0
7418,5000,0
7419,5000,0
7420,5000,0
7421,5000,0
7422,5000,0
7423,5000,0
7424,5000,0
7425,5000,0
7426,5000,0
7427,5000,0
7428,5000,0
7429,5000,0
7430,5000,0
7431,5000,0
7432,5000,0
7433,5000,0
7434,5000,0
7435,5000,0
7436,5000,0
7437,5000,0
7438,5000,0
7439,5000,0
7440,5000,0
7441,5000,0
7442,5000,0
7443,5000,0
7444,5000,0
7445,5000,0
7446,5000,0
7447,5000,0
7448,5000,0
7449,5000,0
7450,5000,0
7451,5000,0
7452,5000,0
7453,5000,0
7454,5000,0
7455,5000,0
7456,5000,0
7457,5000,0
7458,5000,0
7459,5000,0
7460,5000,0
7461,5000,0
7462,5000,0
7463,5000,0
7464,5000,0
7465,5000,0
7466,5000,0
7467,5000,0
7468,5000,0
7469,5000,0
7470,5000,0
7471,5000,0
7472,5000,0
7473,5000,0
7474,5000,0
7475,5000,0
7476,5000,0
7477,5000,0
7478,5000,0
7479,5000,0
7480,5000,0
7481,5000,0
7482,5000,0
7483,5000,0
7484,5000,0
7485,5000,0
7486,5000,0
7487,5000,0
7488,5000,0
7489,5000,0
7490,5000,0
7491,5000,0
7492,5000,0
7493,5000,0
7494,5000,0
7495,5000,0
7496,5000,0
7497,5000,0
7498,5000,0
7499,5000,0
7500,5000,0
7501,5000,0
7502,5000,0
7503,5000,0
7504,5000,0
7505,5000,0
7506,5000,0
7507,5000,0
7508,5000,0
7509,5000,0
7510,5000,0
7511,5000,0
7512,5000,0
7513,5000,0
7514,5000,0
7515,5000,0
7516,5000,0
7517,5000,0
7518,5000,0
7519,5000,0
7520,5000,0
7521,5000,0
7522,5000,0
7523,5000,0
7524,5000,0
7525,5000,0
7526,5000,0
7527,5000,0
7528,5000,0
7529,5000,0
7530,5000,0
7531,5000,0
7532,5000,0
7533,5000,0
7534,5000,0
7535,5000,0
7536,5000,0
7537,5000,0
7538,5000,0
7539,5000,0
7540,5000,0
7541,5000,0
7542,5000,0
7543,5000,0
7544,5000,0
7545,5000,0
7546,5000,0
7547,5000,0
7548,5000,0
7549,5000,0
7550,5000,0
7551,5000,0
7552,5000,0
7553,5000,0
7554,5000,0
7555,5000,0
7556,5000,0
7557,5000,0
7558,5000,0
7559,5000,0
7560,5000,0
7561,5000,0
7562,5000,0
7563,5000,0
7564,5000,0
7565,5000,0
7566,5000,0
7567,5000,0
7568,5000,0
7569,5000,0
7570,5000,0
7571,5000,0
7572,5000,0
7573,5000,0
7574,5000,0
7575,5000,0
7576,5000,0
7577,5000,0
7578,5000,0
7579,5000,0
7580,5000,0
7581,5000,0
7582,5000,0
7583,5000,0
7584,5000,0
7585,5000,0
7586,5000,0
7587,5000,0
7588,5000,0
7589,5000,0
7590,5000,0
7591,5000,0
7592,5000,0
7593,5000,0
7594,5000,0
7595,5000,0
7596,5000,0
7597,5000,0
7598,5000,0
7599,5000,0
7600,5000,0
7601,5000,0
7602,5000,0
7603,5000,0
7604,5000,0
7605,5000,0
7606,5000,0
7607,5000,0
7608,5000,0
7609,5000,0
7610,5000,0
7611,5000,0
7612,5000,0
7613,5000,0
7614,5000,0
7615,5000,0
7616,5000,0
7617,5000,0
7618,5000,0
7619,5000,0
7620,5000,0
7621,5000,0
7622,5000,0
7623,5000,0
7624,5000,0
7625,5000,0
7626,5000,0
7627,5000,0
7628,5000,0
7629,5000,0
7630,5000,0
7631,5000,0
7632,5000,0
7633,5000,0
7634,5000,0
7635,5000,0
7636,5000,0
7637,5000,0
7638,5000,0
7639,5000,0
7640,5000,0
7641,5000,0
7642,5000,0
7643,5000,0
7644,5000,0
7645,5000,0
7646,5000,0
7647,5000,0
7648,5000,0
7649,5000,0
7650,5000,0
7651,5000,0
7652,5000,0
7653,5000,0
7654,5000,0
7655,5000,0
7656,5000,0
7657,5000,0
7658,5000,0
7659,5000,0
7660,5000,0
7661,5000,0
7662,5000,0
7663,5000,0
7664,5000,0
7665,5000,0
7666,5000,0
7667,5000,0
7668,5000,0
7669,5000,0
7670,5000,0
7671,5000,0
7672,5000,0
7673,5000,0
7674,5000,0
7675,5000,0
7676,5000,0
7677,5000,0
7678,5000,0
7679,5000,0
7680,5000,0
7681,5000,0
7682,5000,0
7683,5000,0
7684,5000,0
7685,5000,0
7686,5000,0
7687,5000,0
7688,5000,0
7689,5000,0
7690,5000,0
7691,5000,0
7692,5000,0
7693,5000,0
7694,5000,0
7695,5000,0
7696,5000,0
7697,5000,0
7698,5000,0
7699,5000,0
7700,5000,0
7701,5000,0
7702,5000,0
7703,5000,0
7704,5000,0
7705,5000,0
7706,5000,0
7707,5000,0
7708,5000,0
7709,5000,0
7710,5000,0
7711,5000,0
7712,5000,0
7713,5000,0
7714,5000,0
7715,5000,0
7716,5000,0
7717,5000,0
7718,5000,0
7719,5000,0
7720,5000,0
7721,5000,0
7722,5000,0
7723,5000,0
7724,5000,0
7725,5000,0
7726,5000,0
7727,5000,0
7728,5000,0
7729,5000,0
7730,5000,0
7731,5000,0
7732,5000,0
7733,5000,0
7734,5000,0
7735,5000,0
7736,5000,0
7737,5000,0
7738,5000,0
7739,5000,0
7740,5000,0
7741,5000,0
7742,5000,0
7743,5000,0
7744,5000,0
7745,5000,0
7746,5000,0
7747,5000,0
7748,5000,0
7749,5000,0
7750,5000,0
7751,5000,0
7752,5000,0
7753,5000,0
7754,5000,0
7755,5000,0
7756,5000,0
7757,5000,0
7758,5000,0
7759,5000,0
7760,5000,0
7761,5000,0
7762,5000,0
7763,5000,0
7764,5000,0
7765,5000,0
7766,5000,0
7767,5000,0
7768,5000,0
7769,5000,0
7770,5000,0
7771,5000,0
7772,5000,0
7773,5000,0
7774,5000,0
7775,5000,0
7776,5000,0
7777,5000,0
7778,5000,0
7779,5000,0
7780,5000,0
7781,5000,0
7782,5000,0
7783,5000,0
7784,5000,0
7785,5000,0
7786,5000,0
7787,5000,0
7788,5000,0
7789,5000,0
7790,5000,0
7791,5000,0
7792,5000,0
7793,5000,0
7794,5000,0
7795,5000,0
7796,5000,0
7797,5000,0
7798,5000,0
7799,5000,0
7800,5000,0
7801,5000,0
7802,5000,0
7803,5000,0
7804,5000,0
7805,5000,0
7806,5000,0
7807,5000,0
7808,5000,0
7809,5000,0
7810,5000,0
7811,5000,0
7812,5000,0
7813,5000,0
7814,5000,0
7815,5000,0
7816,5000,0
7817,5000,0
7818,5000,0
7819,5000,0
7820,5000,0
7821,5000,0
7822,5000,0
7823,5000,0
7824,5000,0
7825,5000,0
7826,5000,0
7827,5000,0
7828,5000,0
7829,5000,0
7830,5000,0
7831,5000,0
7832,5000,0
7833,5000,0
7834,5000,0
7835,5000,0
7836,5000,0
7837,5000,0
7838,5000,0
7839,5000,0
7840,5000,0
7841,5000,0
7842,5000,0
7843,5000,0
7844,5000,0
7845,5000,0
7846,5000,0
7847,5000,0
7848,5000,0
7849,5000,0
7850,5000,0
7851,5000,0
7852,5000,0
7853,5000,0
7854,5000,0
7855,5000,0
7856,5000,0
7857,5000,0
7858,5000,0
7859,5000,0
7860,5000,0
7861,5000,0
7862,5000,0
7863,5000,0
7864,5000,0
7865,5000,0
7866,5000,0
7867,5000,0
7868,5000,0
7869,5000,0
7870,5000,0
7871,5000,0
7872,5000,0
7873,5000,0
7874,5000,0
7875,5000,0
7876,5000,0
7877,5000,0
7878,5000,0
7879,5000,0
7880,5000,0
7881,5000,0
7882,5000,0
7883,5000,0
7884,5000,0
7885,5000,0
7886,5000,0
7887,5000,0
7888,5000,0
7889,5000,0
7890,5000,0
7891,5000,0
7892,5000,0
7893,5000,0
7894,5000,0
7895,5000,0
7896,5000,0
7897,5000,0
7898,5000,0
7899,5000,0
7900,5000,0
7901,5000,0
7902,5000,0
7903,5000,0
7904,5000,0
7905,5000,0
7906,5000,0
7907,5000,0
7908,5000,0
7909,5000,0
7910,5000,0
7911,5000,0
7912,5000,0
7913,5000,0
7914,5000,0
7915,5000,0
7916,5000,0
7917,5000,0
7918,5000,0
7919,5000,0
7920,5000,0
7921,5000,0
7922,5000,0
7923,5000,0
7924,5000,0
7925,5000,0
7926,5000,0
7927,5000,0
7928,5000,0
7929,5000,0
7930,5000,0
7931,5000,0
7932,5000,0
7933,5000,0
7934,5000,0
7935,5000,0
7936,5000,0
7937,5000,0
7938,5000,0
7939,5000,0
7940,5000,0
7941,5000,0
7942,5000,0
7943,5000,0
7944,5000,0
7945,5000,0
7946,5000,0
7947,5000,0
7948,5000,0
7949,5000,0
7950,5000,0
7951,5000,0
7952,5000,0
7953,5000,0
7954,5000,0
7955,5000,0
7956,5000,0
7957,5000,0
7958,5000,0
7959,5000,0
7960,5000,0
7961,5000,0
7962,5000,0
7963,5000,0
7964,5000,0
7965,5000,0
7966,5000,0
7967,5000,0
7968,5000,0
7969,5000,0
7970,5000,0
7971,5000,0
7972,5000,0
7973,5000,0
7974,5000,0
7975,5000,0
7976,5000,0
7977,5000,0
7978,5000,0
7979,5000,0
7980,5000,0
7981,5000,0
7982,5000,0
7983,5000,0
7984,5000,0
7985,5000,0
7986,5000,0
7987,5000,0
7988,5000,0
7989,5000,0
7990,5000,0
7991,5000,0
7992,5000,0
7993,5000,0
7994,5000,0
7995,5000,0
7996,5000,0
7997,5000,0
7998,5000,0
7999,5000,0
8000,5000,0
8001,5000,0
8002,5000,0
8003,5000,0
8004,5000,0
8005,5000,0
8006,5000,0
8007,5000,0
8008,5000,0
8009,5000,0
8010,5000,0
8011,5000,0
8012,5000,0
8013,5000,0
8014,5000,0
8015,5000,0
8016,5000,0
8017,5000,0
8018,5000,0
8019,5000,0
8020,5000,0
8021,5000,0
8022,5000,0
8023,5000,0
8024,5000,0
8025,5000,0
8026,5000,0
8027,5000,0
8028,5000,0
8029,5000,0
8030,5000,0
8031,5000,0
8032,5000,0
8033,5000,0
8034,5000,0
8035,5000,0
8036,5000,0
8037,5000,0
8038,5000,0
8039,5000,0
8040,5000,0
8041,5000,0
8042,5000,0
8043,5000,0
8044,5000,0
8045,5000,0
8046,5000,0
8047,5000,0
8048,5000,0
8049,5000,0
8050,5000,0
8051,5000,0
8052,5000,0
8053,5000,0
8054,5000,0
8055,5000,0
8056,5000,0
8057,5000,0
8058,5000,0
8059,5000,0
8060,5000,0
8061,5000,0
8062,5000,0
8063,5000,0
8064,5000,0
8065,5000,0
8066,5000,0
8067,5000,0
8068,5000,0
8069,5000,0
8070,5000,0
8071,5000,0
8072,5000,0
8073,5000,0
8074,5000,0
8075,5000,0
8076,5000,0
8077,5000,0
8078,5000,0
8079,5000,0
8080,5000,0
8081,5000,0
8082,5000,0
8083,5000,0
8084,5000,0
8085,5000,0
8086,5000,0
8087,5000,0
8088,5000,0
8089,5000,0
8090,5000,0
8091,5000,0
8092,5000,0
8093,5000,0
8094,5000,0
8095,5000,0
8096,5000,0
8097,5000,0
8098,5000,0
8099,5000,0
8100,5000,0
8101,5000,0
8102,5000,0
8103,5000,0
8104,5000,0
8105,5000,0
8106,5000,0
8107,5000,0
8108,5000,0
8109,5000,0
8110,5000,0
8111,5000,0
8112,5000,0
8113,5000,0
8114,5000,0
8115,5000,0
8116,5000,0
8117,5000,0
8118,5000,0
8119,5000,0
8120,5000,0
8121,5000,0
8122,5000,0
8123,5000,0
8124,5000,0
8125,5000,0
8126,5000,0
8127,5000,0
8128,5000,0
8129,5000,0
8130,5000,0
8131,5000,0
8132,5000,0
8133,5000,0
8134,5000,0
8135,5000,0
8136,5000,0
8137,5000,0
8138,5000,0
8139,5000,0
8140,5000,0
8141,5000,0
8142,5000,0
8143,5000,0
8144,5000,0
8145,5000,0
8146,5000,0
8147,5000,0
8148,5000,0
8149,5000,0
8150,5000,0
8151,5000,0
8152,5000,0
8153,5000,0
8154,5000,0
8155,5000,0
8156,5000,0
8157,5000,0
8158,5000,0
8159,5000,0
8160,5000,0
8161,5000,0
8162,5000,0
8163,5000,0
8164,5000,0
8165,5000,0
8166,5000,0
8167,5000,0
8168,5000,0
8169,5000,0
8170,5000,0
8171,5000,0
8172,5000,0
8173,5000,0
8174,5000,0
8175,5000,0
8176,5000,0
8177,5000,0
8178,5000,0
8179,5000,0
8180,5000,0
8181,5000,0
8182,5000,0
8183,5000,0
8184,5000,0
8185,5000,0
8186,5000,0
8187,5000,0
8188,5000,0
8189,5000,0
8190,5000,0
8191,5000,0
8192,5000,0
8193,5000,0
8194,5000,0
8195,5000,0
8196,5000,0
8197,5000,0
8198,5000,0
8199,5000,0
8200,5000,0
8201,5000,0
8202,5000,0
8203,5000,0
8204,5000,0
8205,5000,0
8206,5000,0
8207,5000,0
8208,5000,0
8209,5000,0
8210,5000,0
8211,5000,0
8212,5000,0
8213,5000,0
8214,5000,0
8215,5000,0
8216,5000,0
8217,5000,0
8218,5000,0
8219,5000,0
8220,5000,0
8221,5000,0
8222,5000,0
8223,5000,0
8224,5000,0
8225,5000,0
8226,5000,0
8227,5000,0
8228,5000,0
8229,5000,0
8230,5000,0
8231,5000,0
8232,5000,0
8233,5000,0
8234,5000,0
8235,5000,0
8236,5000,0
8237,5000,0
8238,5000,0
8239,5000,0
8240,5000,0
8241,5000,0
8242,5000,0
8243,5000,0
8244,5000,0
8245,5000,0
8246,5000,0
8247,5000,0
8248,5000,0
8249,5000,0
8250,5000,0
8251,5000,0
8252,5000,0
8253,5000,0
8254,5000,0
8255,5000,0
8256,5000,0
8257,5000,0
8258,5000,0
8259,5000,0
8260,5000,0
8261,5000,0
8262,5000,0
8263,5000,0
8264,5000,0
8265,5000,0
8266,5000,0
8267,5000,0
8268,5000,0
8269,5000,0
8270,5000,0
8271,5000,0
8272,5000,0
8273,5000,0
8274,5000,0
8275,5000,0
8276,5000,0
8277,5000,0
8278,5000,0
8279,5000,0
8280,5000,0
8281,5000,0
8282,5000,0
8283,5000,0
8284,5000,0
8285,5000,0
8286,5000,0
8287,5000,0
8288,5000,0
8289,5000,0
8290,5000,0
8291,5000,0
8292,5000,0
8293,5000,0
8294,5000,0
8295,5000,0
8296,5000,0
8297,5000,0
8298,5000,0
8299,5000,0
8300,5000,0
8301,5000,0
8302,5000,0
8303,5000,0
8304,5000,0
8305,5000,0
8306,5000,0
8307,5000,0
8308,5000,0
8309,5000,0
8310,5000,0
8311,5000,0
8312,5000,0
8313,5000,0
8314,5000,0
8315,5000,0
8316,5000,0
8317,5000,0
8318,5000,0
8319,5000,0
8320,5000,0
8321,5000,0
8322,5000,0
8323,5000,0
8324,5000,0
8325,5000,0
8326,5000,0
8327,5000,0
8328,5000,0
8329,5000,0
8330,5000,0
8331,5000,0
8332,5000,0
8333,5000,0
8334,5000,0
8335,5000,0
8336,5000,0
8337,5000,0
8338,5000,0
8339,5000,0
8340,5000,0
8341,5000,0
8342,5000,0
8343,5000,0
8344,5000,0
8345,5000,0
8346,5000,0
8347,5000,0
8348,5000,0
8349,5000,0
8350,5000,0
8351,5000,0
8352,5000,0
8353,5000,0
8354,5000,0
8355,5000,0
8356,5000,0
8357,5000,0
8358,5000,0
8359,5000,0
8360,5000,0
8361,5000,0
8362,5000,0
8363,5000,0
8364,5000,0
8365,5000,0
8366,5000,0
8367,5000,0
8368,5000,0
8369,5000,0
8370,5000,0
8371,5000,0
8372,5000,0
8373,5000,0
8374,5000,0
8375,5000,0
8376,5000,0
8377,5000,0
8378,5000,0
8379,5000,0
8380,5000,0
8381,5000,0
8382,5000,0
8383,5000,0
8384,5000,0
8385,5000,0
8386,5000,0
8387,5000,0
8388,5000,0
8389,5000,0
8390,5000,0
8391,5000,0
8392,5000,0
8393,5000,0
8394,5000,0
8395,5000,0
8396,5000,0
8397,5000,0
8398,5000,0
8399,5000,0
8400,5000,0
8401,5000,0
8402,5000,0
8403,5000,0
8404,5000,0
8405,5000,0
8406,5000,0
8407,5000,0
8408,5000,0
8409,5000,0
8410,5000,0
8411,5000,0
8412,5000,0
8413,5000,0
8414,5000,0
8415,5000,0
8416,5000,0
8417,5000,0
8418,5000,0
8419,5000,0
8420,5000,0
8421,5000,0
8422,5000,0
8423,5000,0
8424,5000,0
8425,5000,0
8426,5000,0
8427,5000,0
8428,5000,0
8429,5000,0
8430,5000,0
8431,5000,0
8432,5000,0
8433,5000,0
8434,5000,0
8435,5000,0
8436,5000,0
8437,5000,0
8438,5000,0
8439,5000,0
8440,5000,0
8441,5000,0
8442,5000,0
8443,5000,0
8444,5000,0
8445,5000,0
8446,5000,0
8447,5000,0
8448,5000,0
8449,5000,0
8450,5000,0
8451,5000,0
8452,5000,0
8453,5000,0
8454,5000,0
8455,5000,0
8456,5000,0
8457,5000,0
8458,5000,0
8459,5000,0
8460,5000,0
8461,5000,0
8462,5000,0
8463,5000,0
8464,5000,0
8465,5000,0
8466,5000,0
8467,5000,0
8468,5000,0
8469,5000,0
8470,5000,0
8471,5000,0
8472,5000,0
8473,5000,0
8474,5000,0
8475,5000,0
8476,5000,0
8477,5000,0
8478,5000,0
8479,5000,0
8480,5000,0
8481,5000,0
8482,5000,0
8483,5000,0
8484,5000,0
8485,5000,0
8486,5000,0
8487,5000,0
8488,5000,0
8489,5000,0
8490,5000,0
8491,5000,0
8492,5000,0
8493,5000,0
8494,5000,0
8495,5000,0
8496,5000,0
8497,5000,0
8498,5000,0
8499,5000,0
8500,5000,0
8501,5000,0
8502,5000,0
8503,5000,0
8504,5000,0
8505,5000,0
8506,5000,0
8507,5000,0
8508,5000,0
8509,5000,0
8510,5000,0
8511,5000,0
8512,5000,0
8513,5000,0
8514,5000,0
8515,5000,0
8516,5000,0
8517,5000,0
8518,5000,0
8519,5000,0
8520,5000,0
8521,5000,0
8522,5000,0
8523,5000,0
8524,5000,0
8525,5000,0
8526,5000,0
8527,5000,0
8528,5000,0
8529,5000,0
8530,5000,0
8531,5000,0
8532,5000,0
8533,5000,0
8534,5000,0
8535,5000,0
8536,5000,0
8537,5000,0
8538,5000,0
8539,5000,0
8540,5000,0
8541,5000,0
8542,5000,0
8543,5000,0
8544,5000,0
8545,5000,0
8546,5000,0
8547,5000,0
8548,5000,0
8549,5000,0
8550,5000,0
8551,5000,0
8552,5000,0
8553,5000,0
8554,5000,0
8555,5000,0
8556,5000,0
8557,5000,0
8558,5000,0
8559,5000,0
8560,5000,0
8561,5000,0
8562,5000,0
8563,5000,0
8564,5000,0
8565,5000,0
8566,5000,0
8567,5000,0
8568,5000,0
8569,5000,0
8570,5000,0
8571,5000,0
8572,5000,0
8573,5000,0
8574,5000,0
8575,5000,0
8576,5000,0
8577,5000,0
8578,5000,0
8579,5000,0
8580,5000,0
8581,5000,0
8582,5000,0
8583,5000,0
8584,5000,0
8585,5000,0
8586,5000,0
8587,5000,0
8588,5000,0
8589,5000,0
8590,5000,0
8591,5000,0
8592,5000,0
8593,5000,0
8594,5000,0
8595,5000,0
8596,5000,0
8597,5000,0
8598,5000,0
8599,5000,0
8600,5000,0
8601,5000,0
8602,5000,0
8603,5000,0
8604,5000,0
8605,5000,0
8606,5000,0
8607,5000,0
8608,5000,0
8609,5000,0
8610,5000,0
8611,5000,0
8612,5000,0
8613,5000,0
8614,5000,0
8615,5000,0
8616,5000,0
8617,5000,0
8618,5000,0
8619,5000,0
8620,5000,0
8621,5000,0
8622,5000,0
8623,5000,0
8624,5000,0
8625,5000,0
8626,5000,0
8627,5000,0
8628,5000,0
8629,5000,0
8630,5000,0
8631,5000,0
8632,5000,0
8633,5000,0
8634,5000,0
8635,5000,0
8636,5000,0
8637,5000,0
8638,5000,0
8639,5000,0
8640,5000,0
8641,5000,0
8642,5000,0
8643,5000,0
8644,5000,0
8645,5000,0
8646,5000,0
8647,5000,0
8648,5000,0
8649,5000,0
8650,5000,0
8651,5000,0
8652,5000,0
8653,5000,0
8654,5000,0
8655,5000,0
8656,5000,0
8657,5000,0
8658,5000,0
8659,5000,0
8660,5000,0
8661,5000,0
8662,5000,0
8663,5000,0
8664,5000,0
8665,5000,0
8666,5000,0
8667,5000,0
8668,5000,0
8669,5000,0
8670,5000,0
8671,5000,0
8672,5000,0
8673,5000,0
8674,5000,0
8675,5000,0
8676,5000,0
8677,5000,0
8678,5000,0
8679,5000,0
8680,5000,0
8681,5000,0
8682,5000,0
8683,5000,0
8684,5000,0
8685,5000,0
8686,5000,0
8687,5000,0
8688,5000,0
8689,5000,0
8690,5000,0
8691,5000,0
8692,5000,0
8693,5000,0
8694,5000,0
8695,5000,0
8696,5000,0
8697,5000,0
8698,5000,0
8699,5000,0
8700,5000,0
8701,5000,0
8702,5000,0
8703,5000,0
8704,5000,0
8705,5000,0
8706,5000,0
8707,5000,0
8708,5000,0
8709,5000,0
8710,5000,0
8711,5000,0
8712,5000,0
8713,5000,0
8714,5000,0
8715,5000,0
8716,5000,0
8717,5000,0
8718,5000,0
8719,5000,0
8720,5000,0
8721,5000,0
8722,5000,0
8723,5000,0
8724,5000,0
8725,5000,0
8726,5000,0
8727,5000,0
8728,5000,0
8729,5000,0
8730,5000,0
8731,5000,0
8732,5000,0
8733,5000,0
8734,5000,0
8735,5000,0
8736,5000,0
8737,5000,0
8738,5000,0
8739,5000,0
8740,5000,0
8741,5000,0
8742,5000,0
8743,5000,0
8744,5000,0
8745,5000,0
8746,5000,0
8747,5000,0
8748,5000,0
8749,5000,0
8750,5000,0
8751,5000,0
8752,5000,0
8753,5000,0
8754,5000,0
8755,5000,0
8756,5000,0
8757,5000,0
8758,5000,0
8759,5000,0
8760,5000,0
