,Zone0_P_htg,Zone0_P_clg,Zone0_P_cp,central_loop_P_cp,GHX0_P_cp
1,266.0,0.0,13.834029621875619,3.4767107888965453e-06,0.09643531166835943
2,266.0,0.0,13.85665526098396,3.4937972480214923e-06,0.09675101069210776
3,266.0,0.0,13.861873659938682,3.497746013705049e-06,0.09682389703201472
4,266.0,0.0,13.86499142263168,3.500106645873798e-06,0.0968674564944023
5,266.0,0.0,13.867191348367545,3.501772971424681e-06,0.09689819839825911
6,266.0,0.0,13.871631102453915,3.505137457116665e-06,0.09696025466172357
7,266.0,0.0,13.875994699602387,3.5084463296392147e-06,0.09702126580513963
8,266.0,0.0,13.879699888948533,3.5112575722969973e-06,0.09707308625663628
9,266.0,0.0,13.88290946487033,3.5136939911111034e-06,0.09711798628562032
10,266.0,0.0,13.885740485319277,3.5158439802421173e-06,0.09715759916924437
11,266.0,0.0,13.888273044723773,3.517768049287318e-06,0.09719304269930601
12,266.0,0.0,13.890564218600336,3.519509334459739e-06,0.09722511357351347
13,266.0,0.0,13.892656118752692,3.5210996739512617e-06,0.09725439971934116
14,266.0,0.0,13.894580708452516,3.522563240948507e-06,0.09728134745047276
15,266.0,0.0,13.896362823585442,3.5239188238026086e-06,0.09730630360900029
16,266.0,0.0,13.898022146699999,3.5251813163564888e-06,0.0973295431056518
17,266.0,0.0,13.899574541472088,3.5263627256852636e-06,0.09735128753961617
18,266.0,0.0,13.900999880556292,3.52744767502123e-06,0.0973712544399195
19,266.0,0.0,13.902249199316154,3.5283988229957606e-06,0.09738875723860828
20,266.0,0.0,13.903428965165554,3.5292971749753037e-06,0.09740528705380282
21,266.0,0.0,13.904548274482567,3.5301496322916435e-06,0.09742097110329129
22,266.0,0.0,13.905613071374209,3.530960700758086e-06,0.09743589248255093
23,266.0,0.0,13.90662842881429,3.531734226309672e-06,0.09745012211338624
24,266.0,0.0,13.907598741848805,3.532473541424693e-06,0.09746372144452137
25,266.0,0.0,13.908527843995628,3.533181553226124e-06,0.09747674407757981
26,266.0,0.0,13.909419099049304,3.533860812973696e-06,0.09748923704955591
27,266.0,0.0,13.910275474840903,3.5345135719043686e-06,0.0975012418632775
28,266.0,0.0,13.91109960306232,3.5351418265286897e-06,0.09751279532323597
29,266.0,0.0,13.911893828200428,3.5357473556863227e-06,0.09752393021930937
30,266.0,0.0,13.912660247876909,3.536331751097146e-06,0.09753467589043618
31,266.0,0.0,13.913400746344024,3.5368964427320452e-06,0.09754505869268419
32,266.0,0.0,13.914117022484252,3.5374427200231026e-06,0.097555102390538
33,266.0,0.0,13.914810613361817,3.5379717497062397e-06,0.09756482848604367
34,266.0,0.0,13.915482914148159,3.5384845909183026e-06,0.09757425649729146
35,266.0,0.0,13.916135195071364,3.5389822080406027e-06,0.09758340419531737
36,266.0,0.0,13.91676861590758,3.5394654816809313e-06,0.09759228780665825
37,266.0,0.0,13.917384238430193,3.5399352181088194e-06,0.09760092218737058
38,266.0,0.0,13.917983037152748,3.540392157398377e-06,0.09760932097320466
39,266.0,0.0,13.91856590863875,3.5408369804854845e-06,0.09761749670975174
40,266.0,0.0,13.919133679601906,3.5412703153086413e-06,0.09762546096568683
41,266.0,0.0,13.919687113980581,3.541692742172606e-06,0.09763322443167505
42,266.0,0.0,13.920226919138555,3.5421047984500144e-06,0.09764079700706631
43,266.0,0.0,13.920753751318458,3.5425069827166963e-06,0.0976481878761451
44,266.0,0.0,13.921268220453449,3.5428997584006108e-06,0.09765540557540929
45,266.0,0.0,13.921770894425652,3.543283557011508e-06,0.09766245805311582
46,266.0,0.0,13.922262302846052,3.543658781007855e-06,0.0976693527221372
47,266.0,0.0,13.922742940418878,3.544025806348797e-06,0.09767609650700859
48,266.0,0.0,13.923213269944211,3.544384984771873e-06,0.09768269588591848
49,266.0,0.0,13.923673725004459,3.5447366458310507e-06,0.09768915692827843
50,266.0,0.0,13.924124712373828,3.545081098724753e-06,0.09769548532842112
51,266.0,0.0,13.924566614184407,3.545418633939345e-06,0.09770168643589514
52,266.0,0.0,13.924999789877754,3.5457495247299474e-06,0.09770776528276019
53,266.0,0.0,13.925424577967023,3.5460740284576037e-06,0.09771372660823421
54,266.0,0.0,13.925841297631209,3.546392387799115e-06,0.0977195748809923
55,266.0,0.0,13.92625025016047,3.5467048318439334e-06,0.09772531431938353
56,266.0,0.0,13.926651720268783,3.547011577090422e-06,0.09773094890979252
57,266.0,0.0,13.927045977288355,3.5473128283524473e-06,0.09773648242334772
58,266.0,0.0,13.927433276258386,3.547608779585794e-06,0.09774191843115168
59,266.0,0.0,13.927813858919086,3.5478996146427502e-06,0.09774726031818734
60,266.0,0.0,13.928187954620807,3.548185507962246e-06,0.09775251129603581
61,266.0,0.0,13.928555781156723,3.548466625202038e-06,0.09775767441452629
62,266.0,0.0,13.928917545526746,3.5487431238186767e-06,0.0977627525724234
63,266.0,0.0,13.929273444639328,3.5490151536003715e-06,0.09776774852724594
64,266.0,0.0,13.929623665957093,3.549282857157225e-06,0.09777266490430038
65,266.0,0.0,13.929968388091677,3.549546370372918e-06,0.09777750420500317
66,266.0,0.0,13.930307781352454,3.549805822821414e-06,0.09778226881455894
67,266.0,0.0,13.930642008253368,3.5500613381518453e-06,0.09778696100905214
68,266.0,0.0,13.933467929609758,3.5522222355561766e-06,0.0978266384754367
69,266.0,0.0,13.939552476160754,3.556877882250663e-06,0.09791209612361475
70,266.0,0.0,13.945627299552253,3.561530145546709e-06,0.09799745443031481
71,266.0,0.0,13.951621865089114,3.5661249200961995e-06,0.09808172147823682
72,266.0,0.0,13.957536802196715,3.5706625320367824e-06,0.09816490466644569
73,266.0,0.0,13.963374236055424,3.5751444600187124e-06,0.09824703247670571
74,266.0,0.0,13.969136239559074,3.5795721498461216e-06,0.09832813272320184
75,266.0,0.0,13.972646735254543,3.582271507323902e-06,0.09837755938113055
76,266.0,0.0,13.973021212003948,3.5825595372228542e-06,0.09838283262721197
77,266.0,0.0,13.97332189267104,3.5827908178218183e-06,0.09838706680585903
78,266.0,0.0,13.973617120784715,3.583017914055133e-06,0.09839122429041626
79,266.0,0.0,13.973908517134264,3.5832420722177976e-06,0.09839532790113915
80,266.0,0.0,13.974196212202731,3.583463392322187e-06,0.09839937947224599
81,266.0,0.0,13.974480299712319,3.583681946120461e-06,0.09840338032043494
82,266.0,0.0,13.97476086918543,3.583897802149692e-06,0.09840733170340352
83,266.0,0.0,13.975038006835923,3.584111026416575e-06,0.09841123483239132
84,266.0,0.0,13.975311795744727,3.5843216825317116e-06,0.09841509087464587
85,266.0,0.0,13.975582316010179,3.5845298318245125e-06,0.09841890095553286
86,266.0,0.0,13.97584964488916,3.584735533451044e-06,0.0984226661605172
87,266.0,0.0,13.97611385692996,3.5849388444955846e-06,0.09842638753702797
88,266.0,0.0,13.976375024097457,3.5851398200662856e-06,0.09843006609621556
89,266.0,0.0,13.97663321589117,3.5853385133854115e-06,0.09843370281460886
90,266.0,0.0,13.976888499456628,3.58553497587447e-06,0.0984372986356788
91,266.0,0.0,13.977140939690512,3.5857292572345646e-06,0.09844085447131393
92,266.0,0.0,13.977390599340008,3.5859214055223537e-06,0.09844437120321553
93,266.0,0.0,13.977637539096726,3.5861114672218397e-06,0.09844784968421587
94,266.0,0.0,13.977881817685534,3.5862994873122843e-06,0.0984512907395254
95,266.0,0.0,13.978123491948661,3.5864855093325012e-06,0.0984546951679134
96,266.0,0.0,13.978362616925335,3.5866695754417367e-06,0.09845806374282619
97,266.0,0.0,13.978599245927262,3.586851726477388e-06,0.09846139721344661
98,266.0,0.0,13.9788334306102,3.5870320020097125e-06,0.09846469630569897
99,266.0,0.0,13.979065221041846,3.5872104403937504e-06,0.09846796172320231
100,266.0,0.0,13.979294665766304,3.587387078818599e-06,0.09847119414817529
101,266.0,0.0,13.979521811865292,3.5875619533542314e-06,0.09847439424229573
102,266.0,0.0,13.979746705016302,3.5877350989959693e-06,0.09847756264751734
103,266.0,0.0,13.979969389547943,3.5879065497067795e-06,0.09848069998684625
104,266.0,0.0,13.980189908492516,3.5880763384575146e-06,0.09848380686507993
105,266.0,0.0,13.980408303636095,3.5882444972651846e-06,0.09848688386950989
106,266.0,0.0,13.980624615566205,3.5884110572294345e-06,0.09848993157059124
107,266.0,0.0,13.98083888371724,3.5885760485672764e-06,0.09849295052258071
108,266.0,0.0,13.981051146413733,3.5887395006461775e-06,0.09849594126414371
109,266.0,0.0,13.981261440911654,3.588901442015657e-06,0.0984989043189349
110,266.0,0.0,13.981469803437763,3.5890619004373756e-06,0.09850184019615033
111,266.0,0.0,13.981676269227185,3.5892209029138813e-06,0.09850474939105511
112,266.0,0.0,13.98188087255929,3.5893784757160506e-06,0.09850763238548751
113,266.0,0.0,13.982083646791956,3.5895346444093083e-06,0.09851048964834
114,266.0,0.0,13.982284624394316,3.5896894338786673e-06,0.09851332163601906
115,266.0,0.0,13.98248383697807,3.589842868352674e-06,0.09851612879288484
116,266.0,0.0,13.982681315327396,3.5899949714263134e-06,0.09851891155167151
117,266.0,0.0,13.982877089427612,3.5901457660829185e-06,0.09852167033388962
118,266.0,0.0,13.98307118849259,3.5902952747151446e-06,0.09852440555021093
119,266.0,0.0,13.983263640990984,3.5904435191450395e-06,0.09852711760083695
120,266.0,0.0,13.983454474671383,3.5905905206432884e-06,0.09852980687585224
121,266.0,0.0,13.983643716586393,3.590736299947641e-06,0.09853247375556255
122,266.0,0.0,13.983831393115732,3.590880877280568e-06,0.09853511861081912
123,266.0,0.0,13.984017529988364,3.59102427236622e-06,0.09853774180332976
124,266.0,0.0,13.98420215230374,3.5911665044466587e-06,0.09854034368595685
125,266.0,0.0,13.984385284552157,3.5913075922974524e-06,0.09854292460300372
126,266.0,0.0,13.984566950634346,3.5914475542426474e-06,0.09854548489048924
127,266.0,0.0,13.984747173880226,3.591586408169141e-06,0.09854802487641191
128,266.0,0.0,13.98492597706695,3.591724171540467e-06,0.09855054488100251
129,266.0,0.0,13.985103382436238,3.591860861410086e-06,0.09855304521696846
130,266.0,0.0,13.985279411711046,3.5919964944341123e-06,0.09855552618972716
131,266.0,0.0,13.985454086111542,3.5921310868835737e-06,0.09855798809763096
132,266.0,0.0,13.985627426370545,3.5922646546561962e-06,0.09856043123218365
133,266.0,0.0,13.985799452748322,3.5923972132877516e-06,0.09856285587824855
134,266.0,0.0,13.985970185046853,3.59252877796296e-06,0.09856526231424872
135,266.0,0.0,13.986139642623542,3.5926593635259965e-06,0.09856765081235982
136,266.0,0.0,13.986307844404443,3.592788984490608e-06,0.09857002163869548
137,266.0,0.0,13.986474808896972,3.5929176550498374e-06,0.0985723750534863
138,266.0,0.0,13.986640554202177,3.5930453890854342e-06,0.09857471131125199
139,266.0,0.0,13.986805098026553,3.593172200176873e-06,0.09857703066096733
140,266.0,0.0,13.986968457693417,3.593298101610083e-06,0.09857933334622208
141,266.0,0.0,13.987130650153901,3.5934231063858535e-06,0.09858161960537536
142,266.0,0.0,13.987291691997543,3.5935472272279322e-06,0.09858388967170424
143,266.0,0.0,13.987451599462476,3.5936704765908542e-06,0.09858614377354745
144,266.0,0.0,13.987610388445322,3.5937928666674767e-06,0.09858838213444365
145,266.0,0.0,13.987768074510681,3.5939144093962794e-06,0.0985906049732652
146,266.0,0.0,13.987924672900327,3.594035116468381e-06,0.09859281250434726
147,266.0,0.0,13.988080198542065,3.5941549993343287e-06,0.09859500493761218
148,266.0,0.0,13.988234666058304,3.5942740692106693e-06,0.09859718247868993
149,266.0,0.0,13.988388089774356,3.594392337086287e-06,0.09859934532903482
150,266.0,0.0,13.988537488957435,3.594507505112226e-06,0.09860145146738514
151,266.0,0.0,13.988685166895577,3.594621348691963e-06,0.09860353336278332
152,266.0,0.0,13.988831850568197,3.594734428180939e-06,0.09860560126324228
153,266.0,0.0,13.988977568772459,3.594846765731587e-06,0.0986076555743008
154,266.0,0.0,13.989122334500802,3.5949583713139004e-06,0.09860969647870176
155,266.0,0.0,13.989266160152377,3.5950692544415966e-06,0.09861172415083391
156,266.0,0.0,13.989409057878243,3.595179424438194e-06,0.09861373876159808
157,266.0,0.0,13.989551039595076,3.59528889044757e-06,0.09861574047860076
158,266.0,0.0,13.989692116991325,3.5953976614386485e-06,0.09861772946623971
159,266.0,0.0,13.989832301533037,3.5955057462098774e-06,0.0986197058857863
160,266.0,0.0,13.989971604469412,3.595613153393483e-06,0.09862166989546359
161,266.0,0.0,13.990110036838296,3.595719891459676e-06,0.09862362165052346
162,266.0,0.0,13.990247609471389,3.5958259687206367e-06,0.09862556130331969
163,266.0,0.0,13.990384332999398,3.595931393334464e-06,0.0986274890033804
164,266.0,0.0,13.99052021785695,3.5960361733089428e-06,0.09862940489747735
165,266.0,0.0,13.990655274287384,3.596140316505212e-06,0.09863130912969294
166,266.0,0.0,13.990789512347428,3.5962438306413436e-06,0.09863320184148604
167,266.0,0.0,13.99092294191167,3.596346723295776e-06,0.0986350831717549
168,266.0,0.0,13.991055572676961,3.5964490019106788e-06,0.09863695325689902
169,266.0,0.0,13.99118741416664,3.5965506737951917e-06,0.09863881223087843
170,266.0,0.0,13.99131847573465,3.596651746128578e-06,0.09864066022527156
171,266.0,0.0,13.991448766569533,3.596752225963294e-06,0.0986424973693316
172,266.0,0.0,13.991578295698332,3.596852120227958e-06,0.09864432379004089
173,266.0,0.0,13.99170707199031,3.596951435730223e-06,0.09864613961216363
174,266.0,0.0,13.991835104160643,3.5970501791595904e-06,0.09864794495829765
175,266.0,0.0,13.991962400773964,3.5971483570901216e-06,0.09864973994892386
176,266.0,0.0,13.992088970247789,3.5972459759830885e-06,0.0986515247024551
177,266.0,0.0,13.992214820855903,3.597343042189534e-06,0.09865329933528309
178,266.0,0.0,13.992339960731574,3.597439561952761e-06,0.09865506396182397
179,266.0,0.0,13.992464397870764,3.5975355414107804e-06,0.09865681869456332
180,266.0,0.0,13.992588140135165,3.597630986598632e-06,0.09865856364409858
181,266.0,0.0,13.992711195255202,3.5977259034507104e-06,0.09866029891918196
182,266.0,0.0,13.992833570832955,3.597820297802968e-06,0.09866202462676056
183,266.0,0.0,13.99295527434496,3.5979141753950873e-06,0.09866374087201649
184,266.0,0.0,13.99307631314497,3.598007541872596e-06,0.09866544775840541
185,266.0,0.0,13.993196694466638,3.598100402788907e-06,0.09866714538769421
186,266.0,0.0,13.993316425426107,3.598192763607317e-06,0.09866883385999738
187,266.0,0.0,13.99343551302455,3.598284629702945e-06,0.09867051327381285
188,266.0,0.0,13.99355396415063,3.5983760063646275e-06,0.09867218372605652
189,266.0,0.0,13.993671785582894,3.5984668987967373e-06,0.0986738453120958
190,266.0,0.0,13.993788983992118,3.5985573121210053e-06,0.09867549812578284
191,266.0,0.0,13.99390556594358,3.5986472513782236e-06,0.09867714225948601
192,266.0,0.0,13.994021537899261,3.5987367215299767e-06,0.09867877780412133
193,266.0,0.0,13.99413690622001,3.598825727460273e-06,0.09868040484918274
194,266.0,0.0,13.994251677167647,3.598914273977158e-06,0.09868202348277139
195,266.0,0.0,13.994365856907008,3.5990023658142966e-06,0.09868363379162488
196,266.0,0.0,13.994479451507924,3.5990900076324726e-06,0.09868523586114471
197,266.0,0.0,13.994592466947195,3.5991772040211103e-06,0.09868682977542396
198,266.0,0.0,13.994704909110435,3.599263959499692e-06,0.09868841561727368
199,266.0,0.0,13.994816783793965,3.599350278519203e-06,0.09868999346824908
200,266.0,0.0,13.994928096706587,3.599436165463489e-06,0.09869156340867452
201,266.0,0.0,13.99503885347133,3.599521624650607e-06,0.09869312551766837
202,266.0,0.0,13.99514905962719,3.599606660334138e-06,0.098694679873167
203,266.0,0.0,13.995258720630764,3.599691276704464e-06,0.09869622655194815
204,266.0,0.0,13.995367841857888,3.599775477890004e-06,0.09869776562965367
205,266.0,0.0,13.99547642860524,3.599859267958456e-06,0.09869929718081237
206,266.0,0.0,13.995584486091865,3.599942650917954e-06,0.098700821278861
207,266.0,0.0,13.995692019460696,3.600025630718245e-06,0.09870233799616615
208,266.0,0.0,13.995799033780008,3.6001082112517978e-06,0.09870384740404434
209,266.0,0.0,13.99590553404491,3.6001903963549425e-06,0.09870534957278292
210,266.0,0.0,13.99601152517867,3.600272189808903e-06,0.0987068445716593
211,266.0,0.0,13.99611701203415,3.600353595340875e-06,0.0987083324689603
212,266.0,0.0,13.99622199939511,3.6004346166250418e-06,0.09870981333200102
213,266.0,0.0,13.996326491977527,3.600515257283579e-06,0.09871128722714333
214,266.0,0.0,13.996430494430864,3.600595520887628e-06,0.09871275421981349
215,266.0,0.0,13.996534011339321,3.6006754109582497e-06,0.0987142143745198
216,266.0,0.0,13.996637047223034,3.6007549309673676e-06,0.09871566775486992
217,266.0,0.0,13.996739606539292,3.6008340843386627e-06,0.09871711442358713
218,266.0,0.0,13.99684169368368,3.600912874448477e-06,0.098718554442527
219,266.0,0.0,13.9969433129912,3.6009913046266736e-06,0.09871998787269326
220,266.0,0.0,13.99704446873742,3.601069378157501e-06,0.09872141477425338
221,266.0,0.0,13.997145165139505,3.60114709828039e-06,0.09872283520655342
222,266.0,0.0,13.997245406357315,3.601224468190809e-06,0.09872424922813364
223,266.0,0.0,13.99734519649442,3.601301491041024e-06,0.09872565689674241
224,266.0,0.0,13.997444539599119,3.601378169940893e-06,0.09872705826935073
225,266.0,0.0,13.997543439665431,3.60145450795861e-06,0.09872845340216607
226,266.0,0.0,13.997641900634047,3.6015305081214547e-06,0.09872984235064593
227,266.0,0.0,13.997739926393297,3.6016061734165236e-06,0.09873122516951123
228,266.0,0.0,13.997837520780038,3.6016815067914077e-06,0.09873260191275889
229,266.0,0.0,13.997934687580607,3.601756511154929e-06,0.09873397263367518
230,266.0,0.0,13.998031430531666,3.601831189377794e-06,0.09873533738484787
231,266.0,0.0,13.998127753321093,3.6019055442932546e-06,0.0987366962181782
232,266.0,0.0,13.9982236595888,3.6019795786977665e-06,0.09873804918489293
233,266.0,0.0,13.998319152927591,3.6020532953516223e-06,0.09873939633555615
234,266.0,0.0,13.998414236883946,3.6021266969795623e-06,0.09874073772008023
235,266.0,0.0,13.998508914958844,3.602199786271408e-06,0.09874207338773767
236,266.0,0.0,13.998603190608495,3.6022725658826216e-06,0.09874340338717111
237,266.0,0.0,13.998697067245146,3.6023450384349183e-06,0.09874472776640486
238,266.0,0.0,13.998790548237801,3.6024172065168243e-06,0.09874604657285482
239,266.0,0.0,13.99888363691294,3.602489072684233e-06,0.09874735985333884
240,266.0,0.0,13.998976336555252,3.602560639460957e-06,0.0987486676540869
241,266.0,0.0,13.999068650408324,3.602631909339256e-06,0.09874997002075056
242,266.0,0.0,13.999160581675316,3.6027028847803686e-06,0.09875126699841305
243,266.0,0.0,13.999252133519647,3.6027735682150243e-06,0.09875255863159829
244,266.0,0.0,13.999343309065631,3.602843962043936e-06,0.09875384496428023
245,266.0,0.0,13.999434111399138,3.6029140686383084e-06,0.09875512603989191
246,266.0,0.0,13.999524543568205,3.6029838903403055e-06,0.09875640190133429
247,266.0,0.0,13.999614608583661,3.6030534294635343e-06,0.09875767259098485
248,266.0,0.0,13.99970430941974,3.6031226882934973e-06,0.09875893815070613
249,266.0,0.0,13.999793649014647,3.603191669088049e-06,0.09876019862185391
250,266.0,0.0,13.999882630271156,3.6032603740778516e-06,0.09876145404528568
251,266.0,0.0,13.999971256057176,3.6033288054667974e-06,0.09876270446136835
252,266.0,0.0,14.000059529206304,3.60339696543243e-06,0.09876394990998602
253,266.0,0.0,14.000147452518371,3.6034648561263857e-06,0.09876519043054789
254,266.0,0.0,14.000235028759983,3.60353247967478e-06,0.09876642606199561
255,266.0,0.0,14.00032226066502,3.603599838178623e-06,0.09876765684281065
256,266.0,0.0,14.000409150935191,3.603666933714212e-06,0.09876888281102178
257,266.0,0.0,14.000495702240498,3.603733768333512e-06,0.09877010400421161
258,266.0,0.0,14.00058191721975,3.6038003440645317e-06,0.09877132045952403
259,266.0,0.0,14.000667798481054,3.6038666629117114e-06,0.09877253221367084
260,266.0,0.0,14.00075334860227,3.6039327268562794e-06,0.09877373930293863
261,266.0,0.0,14.000838570131487,3.603998537856592e-06,0.09877494176319468
262,266.0,0.0,14.000923465587483,3.6040640978485166e-06,0.0987761396298944
263,266.0,0.0,14.001008037460172,3.6041294087457446e-06,0.09877733293808663
264,266.0,0.0,14.00109228821103,3.6041944724401475e-06,0.09877852172242052
265,266.0,0.0,14.001176220273546,3.604259290802101e-06,0.09877970601715126
266,266.0,0.0,14.001259836053638,3.6043238656808095e-06,0.09878088585614606
267,266.0,0.0,14.001343137930062,3.6043881989046315e-06,0.09878206127289019
268,266.0,0.0,14.001426128254822,3.604452292281374e-06,0.09878323230049241
269,266.0,0.0,14.001508809353579,3.6045161475986297e-06,0.09878439897169088
270,266.0,0.0,14.001591183526022,3.604579766624038e-06,0.09878556131885836
271,266.0,0.0,14.00167325304628,3.604643151105615e-06,0.09878671937400786
272,266.0,0.0,14.001754071868893,3.604705570366161e-06,0.09878785978762089
273,266.0,0.0,14.001834570121906,3.604767742755664e-06,0.09878899568430217
274,266.0,0.0,14.001914773394974,3.604829688029958e-06,0.09879012742506797
275,266.0,0.0,14.001994684359714,3.6048914082446826e-06,0.09879125504754588
276,266.0,0.0,14.002074305154071,3.6049529050434112e-06,0.09879237858183423
277,266.0,0.0,14.002153637881486,3.6050141800431622e-06,0.09879349805754514
278,266.0,0.0,14.002232684622358,3.6050752348432668e-06,0.09879461350396662
279,266.0,0.0,14.00231144743461,3.605136071025782e-06,0.09879572495007026
280,266.0,0.0,14.002389928354017,3.605196690155768e-06,0.09879683242451623
281,266.0,0.0,14.00246812939452,3.6052570937815147e-06,0.09879793595565742
282,266.0,0.0,14.002546052548556,3.6053172834347915e-06,0.098799035571544
283,266.0,0.0,14.00262369978735,3.6053772606310805e-06,0.09880013129992779
284,266.0,0.0,14.002701073061193,3.6054370268697886e-06,0.09880122316826608
285,266.0,0.0,14.002778174299781,3.6054965836345006e-06,0.09880231120372612
286,266.0,0.0,14.002855005412478,3.60555593239319e-06,0.09880339543318946
287,266.0,0.0,14.002931568288595,3.605615074598428e-06,0.09880447588325514
288,266.0,0.0,14.003007864797693,3.605674011687615e-06,0.0988055525802444
289,266.0,0.0,14.003083896789837,3.605732745083174e-06,0.09880662555020409
290,266.0,0.0,14.003159666095872,3.605791276192782e-06,0.09880769481891084
291,266.0,0.0,14.003235174527699,3.605849606409544e-06,0.0988087604118743
292,266.0,0.0,14.003310423878514,3.6059077371122133e-06,0.09880982235434128
293,266.0,0.0,14.00338541592309,3.6059656696653865e-06,0.0988108806712991
294,266.0,0.0,14.003460152418002,3.606023405419685e-06,0.0988119353874792
295,266.0,0.0,14.003534635101898,3.6060809457119616e-06,0.09881298652736056
296,266.0,0.0,14.003608865695737,3.6061382918654743e-06,0.09881403411517331
297,266.0,0.0,14.003682845903011,3.606195445190077e-06,0.09881507817490186
298,266.0,0.0,14.003756577410002,3.6062524069823884e-06,0.09881611873028824
299,266.0,0.0,14.003830061886006,3.6063091785259974e-06,0.09881715580483579
300,266.0,0.0,14.003903300983554,3.6063657610915987e-06,0.09881818942181146
301,266.0,0.0,14.003976296338642,3.6064221559372008e-06,0.09881921960425
302,266.0,0.0,14.004049049570952,3.6064783643082696e-06,0.09882024637495619
303,266.0,0.0,14.004121562284068,3.6065343874379063e-06,0.09882126975650853
304,266.0,0.0,14.004193836065687,3.606590226547013e-06,0.09882228977126174
305,266.0,0.0,14.00426587248782,3.6066458828444352e-06,0.09882330644134993
306,266.0,0.0,14.004337673107024,3.606701357527157e-06,0.09882431978868976
307,266.0,0.0,14.004409239464557,3.606756651780401e-06,0.0988253298349825
308,266.0,0.0,14.004480573086639,3.6068117667778376e-06,0.09882633660171772
309,266.0,0.0,14.004551675484592,3.606866703681701e-06,0.09882734011017558
310,266.0,0.0,14.004622548155071,3.606921463642948e-06,0.09882834038142953
311,266.0,0.0,14.004693192580225,3.6069760478013956e-06,0.09882933743634913
312,266.0,0.0,14.004763610227915,3.607030457285886e-06,0.09883033129560262
313,266.0,0.0,14.004833802551863,3.6070846932143955e-06,0.09883132197965952
314,266.0,0.0,14.004903770991854,3.6071387566941974e-06,0.09883230950879301
315,266.0,0.0,14.004973516973918,3.6071926488219976e-06,0.09883329390308287
316,266.0,0.0,14.005043041910483,3.6072463706840446e-06,0.09883427518241718
317,266.0,0.0,14.005112347200578,3.6072999233563e-06,0.09883525336649565
318,266.0,0.0,14.005181434229963,3.6073533079045343e-06,0.0988362284748313
319,266.0,0.0,14.005250304371337,3.6074065253844685e-06,0.09883720052675306
320,266.0,0.0,14.005318958984464,3.6074595768419055e-06,0.0988381695414082
321,266.0,0.0,14.005387399416373,3.607512463312846e-06,0.09883913553776433
322,266.0,0.0,14.005455627001483,3.6075651858236174e-06,0.09884009853461201
323,266.0,0.0,14.005523643061784,3.6076177453909822e-06,0.09884105855056652
324,266.0,0.0,14.005591448906971,3.6076701430222736e-06,0.09884201560407034
325,266.0,0.0,14.005659045834612,3.607722379715493e-06,0.09884296971339515
326,266.0,0.0,14.005726435130292,3.6077744564594405e-06,0.09884392089664401
327,266.0,0.0,14.005793618067758,3.6078263742338185e-06,0.09884486917175335
328,266.0,0.0,14.005860595909063,3.6078781340093494e-06,0.09884581455649508
329,266.0,0.0,14.005927369904716,3.6079297367478794e-06,0.09884675706847856
330,266.0,0.0,14.005993941293815,3.60798118340249e-06,0.09884769672515258
331,266.0,0.0,14.00606031130418,3.6080324749175974e-06,0.09884863354380719
332,266.0,0.0,14.006126481152519,3.608083612229077e-06,0.09884956754157607
333,266.0,0.0,14.006192452044518,3.608134596264335e-06,0.09885049873543769
334,266.0,0.0,14.006258225175007,3.6081854279424425e-06,0.09885142714221785
335,266.0,0.0,14.006323801728074,3.608236108174207e-06,0.09885235277859106
336,266.0,0.0,14.006389182877207,3.608286637862294e-06,0.09885327566108258
337,266.0,0.0,14.0064543697854,3.60833701790131e-06,0.09885419580607019
338,266.0,0.0,14.006519363605294,3.6083872491779005e-06,0.09885511322978577
339,266.0,0.0,14.006584165479305,3.6084373325708523e-06,0.09885602794831716
340,266.0,0.0,14.006648776539718,3.6084872689511746e-06,0.09885693997761003
341,266.0,0.0,14.006713197908828,3.608537059182196e-06,0.09885784933346903
342,266.0,0.0,14.006777430699062,3.608586704119656e-06,0.09885875603156005
343,266.0,0.0,14.006841476013072,3.6086362046117912e-06,0.09885966008741143
344,266.0,0.0,14.00690533494387,3.6086855614994258e-06,0.09886056151641581
345,266.0,0.0,14.006969008574925,3.6087347756160546e-06,0.09886146033383159
346,266.0,0.0,14.007032497980289,3.608783847787929e-06,0.0988623565547843
347,266.0,0.0,14.007095804224688,3.6088327788341354e-06,0.09886325019426866
348,266.0,0.0,14.00715892836365,3.608881569566697e-06,0.09886414126714954
349,266.0,0.0,14.00722187144359,3.6089302207906254e-06,0.09886502978816375
350,266.0,0.0,14.007284634501932,3.6089787333040297e-06,0.09886591577192146
351,266.0,0.0,14.007347218567197,3.609027107898169e-06,0.09886679923290746
352,266.0,0.0,14.007409624659124,3.609075345357565e-06,0.09886768018548318
353,266.0,0.0,14.007471853788738,3.6091234464600317e-06,0.09886855864388722
354,266.0,0.0,14.007533906958482,3.6091714119767923e-06,0.09886943462223725
355,266.0,0.0,14.007595785162309,3.609219242672539e-06,0.09887030813453156
356,266.0,0.0,14.007657489385744,3.6092669393055e-06,0.09887117919464992
357,266.0,0.0,14.007719020606034,3.6093145026275237e-06,0.09887204781635534
358,266.0,0.0,14.007780379792186,3.6093619333841434e-06,0.09887291401329518
359,266.0,0.0,14.007841567905093,3.609409232314641e-06,0.09887377779900217
360,266.0,0.0,14.00790258589762,3.6094564001521387e-06,0.09887463918689626
361,266.0,0.0,14.007963434714679,3.6095034376236445e-06,0.09887549819028563
362,266.0,0.0,14.008024115293342,3.609550345450128e-06,0.09887635482236759
363,266.0,0.0,14.00808462856289,3.6095971243465943e-06,0.09887720909623038
364,266.0,0.0,14.00814497544495,3.6096437750221383e-06,0.09887806102485387
365,266.0,0.0,14.008205156853522,3.6096902981800183e-06,0.09887891062111127
366,266.0,0.0,14.008265173695108,3.609736694517713e-06,0.09887975789776968
367,266.0,0.0,14.008325026868773,3.6097829647269933e-06,0.0988806028674917
368,266.0,0.0,14.008384717266232,3.6098291094939695e-06,0.0988814455428365
369,266.0,0.0,14.00844424577193,3.609875129499176e-06,0.09888228593626086
370,266.0,0.0,14.008503613263109,3.6099210254176058e-06,0.09888312406012019
371,266.0,0.0,14.008562820609907,3.6099667979187926e-06,0.09888395992666991
372,266.0,0.0,14.008621868675421,3.6100124476668547e-06,0.09888479354806627
373,266.0,0.0,14.008680758315782,3.61005797532056e-06,0.0988856249363676
374,266.0,0.0,14.008739490380233,3.610103381533379e-06,0.09888645410353501
375,266.0,0.0,14.008798065711211,3.6101486669535542e-06,0.09888728106143396
376,266.0,0.0,14.008856485144403,3.61019383222413e-06,0.09888810582183492
377,266.0,0.0,14.008914749508829,3.6102388779830407e-06,0.0988889283964145
378,266.0,0.0,14.00897285962691,3.610283804863135e-06,0.09888974879675631
379,266.0,0.0,14.009030816314535,3.6103286134922467e-06,0.09889056703435208
380,266.0,0.0,14.009088620381148,3.610373304493253e-06,0.09889138312060278
381,266.0,0.0,14.009146272629774,3.6104178784840993e-06,0.09889219706681905
382,266.0,0.0,14.009203773857136,3.6104623360778857e-06,0.09889300888422282
383,266.0,0.0,14.009261124853692,3.6105066778828933e-06,0.09889381858394779
384,266.0,0.0,14.009318326403703,3.610550904502642e-06,0.0988946261770404
385,266.0,0.0,14.00937537928531,3.610595016535944e-06,0.09889543167446091
386,266.0,0.0,14.00943228427057,3.6106390145769443e-06,0.09889623508708409
387,266.0,0.0,14.009489042125564,3.6106828992151793e-06,0.09889703642570045
388,266.0,0.0,14.009545653610413,3.6107266710356096e-06,0.09889783570101653
389,266.0,0.0,14.009602119479368,3.6107703306186906e-06,0.09889863292365636
390,266.0,0.0,14.009658440480862,3.6108138785403947e-06,0.09889942810416204
391,266.0,0.0,14.009714617357563,3.6108573153722683e-06,0.09890022125299451
392,266.0,0.0,14.009770650846447,3.610900641681478e-06,0.0989010123805345
393,266.0,0.0,14.009826541678846,3.6109438580308537e-06,0.09890180149708334
394,266.0,0.0,14.009882290580506,3.6109869649789303e-06,0.0989025886128638
395,266.0,0.0,14.009937898271648,3.6110299630799923e-06,0.09890337373802059
396,266.0,0.0,14.009993365467018,3.611072852884119e-06,0.09890415688262168
397,266.0,0.0,14.010048692875952,3.611115634937234e-06,0.09890493805665877
398,266.0,0.0,14.010103881202427,3.6111583097811305e-06,0.09890571727004797
399,266.0,0.0,14.010158931145098,3.6112008779535147e-06,0.09890649453263055
400,266.0,0.0,14.010213843397377,3.6112433399880686e-06,0.09890726985417404
401,266.0,0.0,14.010268618647476,3.6112856964144632e-06,0.09890804324437269
402,266.0,0.0,14.01032325757846,3.6113279477584175e-06,0.09890881471284815
403,266.0,0.0,14.01037776086827,3.6113700945417246e-06,0.09890958426915036
404,266.0,0.0,14.010432129189837,3.6114121372822997e-06,0.09891035192275817
405,266.0,0.0,14.010486363211069,3.611454076494217e-06,0.09891111768308014
406,266.0,0.0,14.01054046359493,3.61149591268774e-06,0.09891188155945492
407,266.0,0.0,14.010594430999484,3.6115376463693695e-06,0.09891264356115245
408,266.0,0.0,14.010648266077958,3.61157927804188e-06,0.09891340369737431
409,266.0,0.0,14.010701969478754,3.6116208082043445e-06,0.09891416197725435
410,266.0,0.0,14.010755541845528,3.6116622373521834e-06,0.09891491840985953
411,266.0,0.0,14.010808983817222,3.61170356597719e-06,0.09891567300419041
412,266.0,0.0,14.010862296028115,3.611744794567576e-06,0.09891642576918196
413,266.0,0.0,14.010915479107872,3.6117859236080013e-06,0.09891717671370401
414,266.0,0.0,14.010968533681577,3.61182695357961e-06,0.09891792584656212
415,266.0,0.0,14.01102146036978,3.61186788496005e-06,0.0989186731764979
416,266.0,0.0,14.011074259788552,3.6119087182235347e-06,0.09891941871218995
417,266.0,0.0,14.011126932549518,3.6119494538408545e-06,0.09892016246225417
418,266.0,0.0,14.011179479259903,3.6119900922794183e-06,0.09892090443524472
419,266.0,0.0,14.011231900522573,3.612030634003277e-06,0.09892164463965403
420,266.0,0.0,14.011284196936073,3.6120710794731703e-06,0.09892238308391413
421,266.0,0.0,14.011336369094675,3.612111429146538e-06,0.09892311977639649
422,266.0,0.0,14.011388417588417,3.612151683477581e-06,0.09892385472541328
423,266.0,0.0,14.011440343003144,3.6121918429172585e-06,0.09892458793921739
424,266.0,0.0,14.01149214592054,3.6122319079133418e-06,0.09892531942600322
425,266.0,0.0,14.011543826918178,3.612271878910433e-06,0.09892604919390728
426,266.0,0.0,14.011595386569544,3.6123117563500008e-06,0.09892677725100861
427,266.0,0.0,14.011646825444094,3.6123515406704087e-06,0.09892750360532948
428,266.0,0.0,14.011698144107285,3.612391232306943e-06,0.09892822826483569
429,266.0,0.0,14.011749343120597,3.6124308316918367e-06,0.09892895123743725
430,266.0,0.0,14.0118004230416,3.6124703392543113e-06,0.09892967253098897
431,266.0,0.0,14.011851384423963,3.612509755420593e-06,0.09893039215329087
432,266.0,0.0,14.011902227817494,3.6125490806139395e-06,0.09893111011208851
433,266.0,0.0,14.011952953768198,3.6125883152546757e-06,0.09893182641507389
434,266.0,0.0,14.012003562818292,3.6126274597602228e-06,0.09893254106988576
435,266.0,0.0,14.012054055506244,3.612666514545112e-06,0.09893325408410998
436,266.0,0.0,14.012104432366796,3.612705480021011e-06,0.09893396546528001
437,266.0,0.0,14.012154693931024,3.612744356596773e-06,0.09893467522087764
438,266.0,0.0,14.012204840726362,3.612783144678447e-06,0.09893538335833349
439,266.0,0.0,14.012254873276616,3.612821844669287e-06,0.09893608988502696
440,266.0,0.0,14.01230479210202,3.612860456969807e-06,0.09893679480828724
441,266.0,0.0,14.012354597719266,3.6128989819777905e-06,0.09893749813539351
442,266.0,0.0,14.012404290641522,3.6129374200883197e-06,0.09893819987357559
443,266.0,0.0,14.012453871378474,3.6129757716937897e-06,0.09893890003001403
444,266.0,0.0,14.012503340436357,3.6130140371839497e-06,0.0989395986118409
445,266.0,0.0,14.012552698317993,3.6130522169459127e-06,0.09894029562614014
446,266.0,0.0,14.012601945522801,3.6130903113641847e-06,0.09894099107994778
447,266.0,0.0,14.01265108254685,3.6131283208206928e-06,0.09894168498025278
448,266.0,0.0,14.012700109882871,3.6131662456947985e-06,0.09894237733399709
449,266.0,0.0,14.012749028020309,3.613204086363327e-06,0.09894306814807619
450,266.0,0.0,14.012797837445317,3.6132418432005865e-06,0.09894375742933947
451,266.0,0.0,14.012846538640837,3.613279516578394e-06,0.09894444518459078
452,266.0,0.0,14.012895132086564,3.6133171068660986e-06,0.09894513142058871
453,266.0,0.0,14.012943618259039,3.6133546144305933e-06,0.09894581614404695
454,266.0,0.0,14.012991997631625,3.613392039636347e-06,0.09894649936163474
455,266.0,0.0,14.013040270674571,3.613429382845426e-06,0.09894718107997742
456,266.0,0.0,14.01308843785502,3.61346664441751e-06,0.09894786130565651
457,266.0,0.0,14.01313649963704,3.6135038247099116e-06,0.09894854004521031
458,266.0,0.0,14.013184456481651,3.613540924077596e-06,0.09894921730513413
459,266.0,0.0,14.01323230884687,3.613577942873225e-06,0.09894989309188106
460,266.0,0.0,14.01328005718769,3.613614881447133e-06,0.09895056741186156
461,266.0,0.0,14.013327701956158,3.613651740147388e-06,0.09895124027144471
462,266.0,0.0,14.013375243601379,3.613688519319792e-06,0.098951911676958
463,266.0,0.0,14.013422682569535,3.613725219307898e-06,0.09895258163468774
464,266.0,0.0,14.013470019303918,3.613761840453044e-06,0.09895325015087982
465,266.0,0.0,14.01351725424496,3.613798383094359e-06,0.09895391723173953
466,266.0,0.0,14.013564387830236,3.6138348475687842e-06,0.09895458288343222
467,266.0,0.0,14.013611420494524,3.6138712342110936e-06,0.09895524711208346
468,266.0,0.0,14.013658352669793,3.6139075433539185e-06,0.09895590992377971
469,266.0,0.0,14.01370518478525,3.6139437753277568e-06,0.09895657132456825
470,266.0,0.0,14.013751917267363,3.6139799304609933e-06,0.09895723132045788
471,266.0,0.0,14.013798550539862,3.6140160090799197e-06,0.0989578899174188
472,266.0,0.0,14.013845085023789,3.6140520115087538e-06,0.09895854712138343
473,266.0,0.0,14.013891521137504,3.6140879380696506e-06,0.09895920293824635
474,266.0,0.0,14.013937859296725,3.6141237890827276e-06,0.09895985737386499
475,266.0,0.0,14.013984099914524,3.6141595648660763e-06,0.09896051043405941
476,266.0,0.0,14.014030243401372,3.614195265735782e-06,0.09896116212461323
477,266.0,0.0,14.014076290165153,3.614230892005941e-06,0.09896181245127347
478,266.0,0.0,14.014122240611183,3.6142664439886723e-06,0.098962461419751
479,266.0,0.0,14.014168095142244,3.6143019219941456e-06,0.09896310903572113
480,266.0,0.0,14.01421385415858,3.6143373263305846e-06,0.0989637553048233
481,266.0,0.0,14.014259518057939,3.614372657304283e-06,0.09896440023266176
482,266.0,0.0,14.014305087235591,3.6144079152196383e-06,0.09896504382480617
483,266.0,0.0,14.014350562084353,3.61444310037915e-06,0.09896568608679121
484,266.0,0.0,14.014395942994582,3.6144782130834365e-06,0.09896632702411726
485,266.0,0.0,14.014441230354235,3.6145132536312614e-06,0.09896696664225071
486,266.0,0.0,14.014486424548865,3.6145482223195407e-06,0.09896760494662413
487,266.0,0.0,14.014531525961633,3.6145831194433556e-06,0.09896824194263648
488,266.0,0.0,14.014576534973354,3.6146179452959735e-06,0.09896887763565357
489,266.0,0.0,14.014621451962498,3.6146527001688673e-06,0.09896951203100833
490,266.0,0.0,14.014666277305212,3.6146873843517117e-06,0.0989701451340008
491,266.0,0.0,14.014711011375336,3.614721998132418e-06,0.09897077694989863
492,266.0,0.0,14.014755654544434,3.61475654179714e-06,0.09897140748393744
493,266.0,0.0,14.014800207181798,3.6147910156302825e-06,0.0989720367413208
494,266.0,0.0,14.01484466965448,3.614825419914534e-06,0.09897266472722073
495,266.0,0.0,14.014889042327294,3.6148597549308543e-06,0.09897329144677776
496,266.0,0.0,14.014933325562843,3.6148940209585053e-06,0.09897391690510136
497,266.0,0.0,14.014977519721555,3.614928218275068e-06,0.0989745411072701
498,266.0,0.0,14.01502162516166,3.614962347156449e-06,0.09897516405833191
499,266.0,0.0,14.01506564223924,3.6149964078768857e-06,0.0989757857633043
500,266.0,0.0,14.015109571308233,3.615030400708979e-06,0.09897640622717466
501,266.0,0.0,14.015153412720464,3.615064325923689e-06,0.09897702545490049
502,266.0,0.0,14.015197166825638,3.615098183790357e-06,0.09897764345140951
503,266.0,0.0,14.015240833971378,3.615131974576719e-06,0.09897826022160022
504,266.0,0.0,14.015284414503224,3.6151656985489117e-06,0.09897887577034165
505,266.0,0.0,14.015327908764675,3.615199355971493e-06,0.09897949010247414
506,266.0,0.0,14.01537131709718,3.615232947107454e-06,0.09898010322280913
507,266.0,0.0,14.015414639840166,3.6152664722182163e-06,0.09898071513612956
508,266.0,0.0,14.015457877331045,3.615299931563666e-06,0.09898132584719015
509,266.0,0.0,14.015501029905252,3.615333325402159e-06,0.0989819353607175
510,266.0,0.0,14.015544097896228,3.615366653990519e-06,0.09898254368141035
511,266.0,0.0,14.015587081635461,3.6153999175840688e-06,0.09898315081393991
512,266.0,0.0,14.015629981452497,3.615433116436634e-06,0.09898375676294988
513,266.0,0.0,14.015672797674938,3.615466250800547e-06,0.09898436153305677
514,266.0,0.0,14.015715530628487,3.6154993209266803e-06,0.09898496512885026
515,266.0,0.0,14.015758180636936,3.61553232706443e-06,0.09898556755489313
516,266.0,0.0,14.015800748022192,3.615565269461746e-06,0.09898616881572155
517,266.0,0.0,14.015843233104295,3.6155981483651426e-06,0.09898676891584549
518,266.0,0.0,14.01588563620142,3.6156309640196967e-06,0.09898736785974856
519,266.0,0.0,14.015927957629904,3.6156637166690748e-06,0.09898796565188865
520,266.0,0.0,14.015970197704265,3.615696406555538e-06,0.0989885622966978
521,266.0,0.0,14.016012356737185,3.6157290339199347e-06,0.09898915779858229
522,266.0,0.0,14.016054435039564,3.6157615990017507e-06,0.0989897521619234
523,266.0,0.0,14.016096432920515,3.6157941020390857e-06,0.0989903453910771
524,266.0,0.0,14.016138350687362,3.615826543268672e-06,0.09899093749037421
525,266.0,0.0,14.016180188645691,3.6158589229258983e-06,0.09899152846412108
526,266.0,0.0,14.016221947099327,3.615891241244798e-06,0.09899211831659925
527,266.0,0.0,14.016263626350366,3.6159234984580812e-06,0.09899270705206595
528,266.0,0.0,14.016305226699183,3.6159556947971272e-06,0.09899329467475415
529,266.0,0.0,14.016346748444455,3.61598783049201e-06,0.09899388118887274
530,266.0,0.0,14.016388191883152,3.6160199057714923e-06,0.09899446659860692
531,266.0,0.0,14.01642955731058,3.616051920863049e-06,0.09899505090811811
532,266.0,0.0,14.016470845020356,3.616083875992869e-06,0.09899563412154408
533,266.0,0.0,14.016512055304464,3.6161157713858656e-06,0.09899621624299955
534,266.0,0.0,14.016553188453223,3.616147607265692e-06,0.09899679727657597
535,266.0,0.0,14.01659424475534,3.616179383854746e-06,0.0989973772263419
536,266.0,0.0,14.016635224497886,3.616211101374172e-06,0.09899795609634288
537,266.0,0.0,14.016676127966345,3.616242760043888e-06,0.09899853389060208
538,266.0,0.0,14.01671695544459,3.6162743600825825e-06,0.09899911061312011
539,266.0,0.0,14.016757707214914,3.6163059017077178e-06,0.09899968626787516
540,266.0,0.0,14.01679838355805,3.6163373851355587e-06,0.09900026085882348
541,266.0,0.0,14.016838984753162,3.616368810581165e-06,0.09900083438989939
542,266.0,0.0,14.01687951107786,3.6164001782584033e-06,0.09900140686501513
543,266.0,0.0,14.016919962808235,3.616431488379961e-06,0.09900197828806154
544,266.0,0.0,14.016960340218835,3.6164627411573472e-06,0.09900254866290792
545,266.0,0.0,14.017001727490337,3.616494775770486e-06,0.09900313330484321
546,266.0,0.0,14.01704583427666,3.61652891555316e-06,0.09900375636489574
547,266.0,0.0,14.017089922801194,3.6165630414154624e-06,0.09900437916893844
548,266.0,0.0,14.01713393233213,3.616597106348409e-06,0.0990050008590541
549,266.0,0.0,14.017177861802423,3.6166311095249113e-06,0.09900562142015885
550,266.0,0.0,14.017221711473264,3.6166650511459827e-06,0.09900624085593175
551,266.0,0.0,14.01726548163392,3.6166989314343666e-06,0.0990068591704485
552,266.0,0.0,14.01730917257272,3.6167327506120944e-06,0.09900747636777157
553,266.0,0.0,14.017352784576438,3.6167665089000054e-06,0.09900809245194173
554,266.0,0.0,14.017396317930315,3.6168002065177514e-06,0.09900870742697797
555,266.0,0.0,14.017439772918035,3.616833843683788e-06,0.09900932129687745
556,266.0,0.0,14.017483149821736,3.6168674206153902e-06,0.09900993406561555
557,266.0,0.0,14.017526448922053,3.6169009375286684e-06,0.09901054573714646
558,266.0,0.0,14.01756967049811,3.6169343946385685e-06,0.09901115631540301
559,266.0,0.0,14.017612814827515,3.616967792158879e-06,0.0990117658042969
560,266.0,0.0,14.017655882186407,3.6170011303022535e-06,0.09901237420771898
561,266.0,0.0,14.017698872849419,3.6170344092801896e-06,0.09901298152953895
562,266.0,0.0,14.017741787089747,3.617067629303076e-06,0.09901358777360622
563,266.0,0.0,14.017784625179106,3.6171007905801623e-06,0.09901419294374934
564,266.0,0.0,14.017827387387776,3.617133893319596e-06,0.09901479704377672
565,266.0,0.0,14.017870073984591,3.6171669377284167e-06,0.09901540007747645
566,266.0,0.0,14.017912685236965,3.6171999240125607e-06,0.09901600204861642
567,266.0,0.0,14.017955221410894,3.6172328523768852e-06,0.09901660296094474
568,266.0,0.0,14.017997682770963,3.6172657230251513e-06,0.09901720281818957
569,266.0,0.0,14.018040069580358,3.6172985361600577e-06,0.09901780162405949
570,266.0,0.0,14.018082382100893,3.61733129198323e-06,0.09901839938224347
571,266.0,0.0,14.018124620592978,3.617363990695228e-06,0.099018996096411
572,266.0,0.0,14.018166785315687,3.6173966324955777e-06,0.09901959177021269
573,266.0,0.0,14.018208876526709,3.6174292175827424e-06,0.09902018640727957
574,266.0,0.0,14.018250894482398,3.6174617461541503e-06,0.09902078001122373
575,266.0,0.0,14.018292839437763,3.617494218406214e-06,0.09902137258563883
576,266.0,0.0,14.01833471164649,3.6175266345342986e-06,0.09902196413409921
577,266.0,0.0,14.018376511360934,3.617558994732778e-06,0.09902255466016108
578,266.0,0.0,14.018418238832147,3.6175912991950016e-06,0.09902314416736192
579,266.0,0.0,14.018459894309874,3.617623548113316e-06,0.09902373265922086
580,266.0,0.0,14.018501478042566,3.6176557416790824e-06,0.09902432013923904
581,266.0,0.0,14.018542990277389,3.6176878800826643e-06,0.09902490661089917
582,266.0,0.0,14.018584431260242,3.617719963513452e-06,0.09902549207766632
583,266.0,0.0,14.018625801235741,3.6177519921598523e-06,0.09902607654298745
584,266.0,0.0,14.01866710044726,3.6177839662093137e-06,0.09902666001029208
585,266.0,0.0,14.018708329136913,3.6178158858483148e-06,0.09902724248299186
586,266.0,0.0,14.018749487545568,3.6178477512623774e-06,0.09902782396448097
587,266.0,0.0,14.018790575912883,3.6178795626360916e-06,0.09902840445813654
588,266.0,0.0,14.018831594477259,3.61791132015308e-06,0.09902898396731799
589,266.0,0.0,14.01887254347591,3.6179430239960523e-06,0.09902956249536805
590,266.0,0.0,14.018913423144825,3.6179746743467784e-06,0.09903014004561222
591,266.0,0.0,14.018954233718802,3.618006271386108e-06,0.09903071662135916
592,266.0,0.0,14.018994975431442,3.6180378152939687e-06,0.09903129222590064
593,266.0,0.0,14.019035648515167,3.6180693062493876e-06,0.09903186686251195
594,266.0,0.0,14.01907625320122,3.6181007444304777e-06,0.09903244053445162
595,266.0,0.0,14.019116789719677,3.618132130014458e-06,0.09903301324496191
596,266.0,0.0,14.01915725829946,3.61816346317766e-06,0.09903358499726875
597,266.0,0.0,14.019197659168332,3.61819474409552e-06,0.09903415579458172
598,266.0,0.0,14.019237992552911,3.618225972942599e-06,0.09903472564009434
599,266.0,0.0,14.019278258678685,3.6182571498925826e-06,0.09903529453698412
600,266.0,0.0,14.019318457770012,3.6182882751182874e-06,0.09903586248841269
601,266.0,0.0,14.019358590050123,3.6183193487916684e-06,0.09903642949752589
602,266.0,0.0,14.019398655741139,3.618350371083823e-06,0.09903699556745384
603,266.0,0.0,14.019438655064073,3.6183813421649976e-06,0.09903756070131112
604,266.0,0.0,14.019478588238844,3.6184122622045912e-06,0.0990381249021968
605,266.0,0.0,14.019518455484276,3.6184431313711684e-06,0.0990386881731946
606,266.0,0.0,14.019558257018097,3.618473949832448e-06,0.09903925051737288
607,266.0,0.0,14.019597993056982,3.6185047177553287e-06,0.0990398119377849
608,266.0,0.0,14.019637663816512,3.618535435305885e-06,0.09904037243746883
609,266.0,0.0,14.01967726951121,3.618566102649367e-06,0.09904093201944783
610,266.0,0.0,14.019716810354558,3.6185967199502215e-06,0.09904149068673027
611,266.0,0.0,14.019756286558971,3.6186272873720816e-06,0.09904204844230964
612,266.0,0.0,14.019795698335827,3.6186578050777783e-06,0.09904260528916482
613,266.0,0.0,14.019835045895471,3.6186882732293455e-06,0.09904316123026001
614,266.0,0.0,14.019874329447212,3.6187186919880283e-06,0.09904371626854504
615,266.0,0.0,14.019913549199348,3.6187490615142813e-06,0.09904427040695521
616,266.0,0.0,14.01995270535915,3.618779381967781e-06,0.0990448236484116
617,266.0,0.0,14.019991798132883,3.618809653507423e-06,0.099045375995821
618,266.0,0.0,14.020030827725817,3.618839876291339e-06,0.09904592745207624
619,266.0,0.0,14.020069794342216,3.618870050476888e-06,0.09904647802005599
620,266.0,0.0,14.020108698185355,3.6189001762206665e-06,0.09904702770262498
621,266.0,0.0,14.020147539457536,3.6189302536785184e-06,0.09904757650263406
622,266.0,0.0,14.020186318360073,3.6189602830055367e-06,0.0990481244229205
623,266.0,0.0,14.020225035093313,3.618990264356058e-06,0.09904867146630764
624,266.0,0.0,14.020263689856645,3.6190201978836975e-06,0.09904921763560552
625,266.0,0.0,14.020302282848487,3.6190500837413085e-06,0.09904976293361045
626,266.0,0.0,14.020340814266314,3.619079922081025e-06,0.09905030736310542
627,266.0,0.0,14.020379284306648,3.6191097130542493e-06,0.0990508509268601
628,266.0,0.0,14.020417693165086,3.619139456811666e-06,0.09905139362763087
629,266.0,0.0,14.020456041036274,3.6191691535032373e-06,0.09905193546816113
630,266.0,0.0,14.02049432811394,3.619198803278207e-06,0.099052476451181
631,266.0,0.0,14.020532554590883,3.6192284062851146e-06,0.09905301657940765
632,266.0,0.0,14.020570720658995,3.619257962671796e-06,0.09905355585554546
633,266.0,0.0,14.020608826509246,3.6192874725853774e-06,0.09905409428228582
634,266.0,0.0,14.020646872331712,3.619316936172298e-06,0.0990546318623075
635,266.0,0.0,14.02068485831556,3.6193463535783034e-06,0.09905516859827661
636,266.0,0.0,14.020722784649072,3.6193757249484474e-06,0.09905570449284658
637,266.0,0.0,14.020760651519643,3.6194050504271087e-06,0.09905623954865848
638,266.0,0.0,14.020798459113776,3.6194343301579766e-06,0.0990567737683408
639,266.0,0.0,14.0208362076171,3.6194635642840696e-06,0.0990573071545097
640,266.0,0.0,14.020873897214383,3.619492752947741e-06,0.09905783970976921
641,266.0,0.0,14.020911528089517,3.6195218962906717e-06,0.09905837143671099
642,266.0,0.0,14.020949100425542,3.619550994453891e-06,0.09905890233791487
643,266.0,0.0,14.020986614404633,3.6195800475777503e-06,0.09905943241594817
644,266.0,0.0,14.02102407020812,3.6196090558019665e-06,0.09905996167336667
645,266.0,0.0,14.021061468016487,3.619638019265594e-06,0.09906049011271399
646,266.0,0.0,14.021098808009386,3.619666938107051e-06,0.09906101773652212
647,266.0,0.0,14.02113609036563,3.6196958124641045e-06,0.09906154454731116
648,266.0,0.0,14.0211733152632,3.619724642473895e-06,0.0990620705475896
649,266.0,0.0,14.021210482879257,3.619753428272919e-06,0.09906259573985436
650,266.0,0.0,14.02124759339014,3.619782169997044e-06,0.0990631201265907
651,266.0,0.0,14.021284646971386,3.6198108677815215e-06,0.09906364371027268
652,266.0,0.0,14.021321643797709,3.6198395217609686e-06,0.09906416649336261
653,266.0,0.0,14.021358584043021,3.6198681320693867e-06,0.09906468847831176
654,266.0,0.0,14.021395467880449,3.6198966988401694e-06,0.09906520966756013
655,266.0,0.0,14.021432295482313,3.619925222206092e-06,0.09906573006353636
656,266.0,0.0,14.021469067020147,3.6199537022993262e-06,0.09906624966865815
657,266.0,0.0,14.021505782664697,3.619982139251434e-06,0.09906676848533197
658,266.0,0.0,14.021542442585941,3.62001053319339e-06,0.09906728651595363
659,266.0,0.0,14.021579046953073,3.62003888425556e-06,0.09906780376290772
660,266.0,0.0,14.021615595934524,3.620067192567725e-06,0.09906832022856807
661,266.0,0.0,14.02165208969795,3.620095458259075e-06,0.09906883591529782
662,266.0,0.0,14.021688528410252,3.6201236814582098e-06,0.09906935082544926
663,266.0,0.0,14.021724912237572,3.620151862293155e-06,0.09906986496136416
664,266.0,0.0,14.021761241345319,3.620180000891356e-06,0.09907037832537369
665,266.0,0.0,14.021797515898122,3.6202080973796805e-06,0.0990708909197984
666,266.0,0.0,14.021833736059893,3.620236151884424e-06,0.09907140274694844
667,266.0,0.0,14.021869901993794,3.620264164531317e-06,0.09907191380912357
668,266.0,0.0,14.02190601386226,3.6202921354455248e-06,0.09907242410861318
669,266.0,0.0,14.021942071826993,3.6203200647516492e-06,0.09907293364769638
670,266.0,0.0,14.021978076048978,3.6203479525737413e-06,0.09907344242864233
671,266.0,0.0,14.022014026688465,3.6203757990352854e-06,0.09907395045370952
672,266.0,0.0,14.022049923904998,3.620403604259225e-06,0.09907445772514686
673,266.0,0.0,14.022085767857414,3.620431368367954e-06,0.09907496424519294
674,266.0,0.0,14.022121558703821,3.620459091483316e-06,0.09907547001607647
675,266.0,0.0,14.022157296601648,3.620486773726617e-06,0.09907597504001621
676,266.0,0.0,14.02219298170761,3.6205144152186266e-06,0.09907647931922119
677,266.0,0.0,14.022228614177738,3.6205420160795777e-06,0.09907698285589049
678,266.0,0.0,14.02226419416736,3.6205695764291694e-06,0.09907748565221351
679,266.0,0.0,14.022299721831114,3.620597096386568e-06,0.09907798771036994
680,266.0,0.0,14.022335197322981,3.620624576070433e-06,0.09907848903253011
681,266.0,0.0,14.02237062079623,3.620652015598872e-06,0.09907898962085432
682,266.0,0.0,14.022405992403474,3.6206794150894944e-06,0.09907948947749362
683,266.0,0.0,14.022441312296658,3.6207067746593966e-06,0.09907998860458987
684,266.0,0.0,14.022476580627043,3.6207340944251374e-06,0.09908048700427491
685,266.0,0.0,14.022511797545244,3.6207613745027932e-06,0.09908098467867188
686,266.0,0.0,14.022546963201208,3.6207886150079105e-06,0.09908148162989416
687,266.0,0.0,14.022582077744225,3.6208158160555454e-06,0.09908197786004612
688,266.0,0.0,14.022617141322945,3.6208429777602464e-06,0.09908247337122297
689,266.0,0.0,14.022652154085355,3.6208701002360675e-06,0.09908296816551068
690,266.0,0.0,14.022687116178803,3.620897183596557e-06,0.09908346224498617
691,266.0,0.0,14.02272202775,3.620924227954782e-06,0.09908395561171739
692,266.0,0.0,14.022756888945025,3.6209512334233146e-06,0.09908444826776337
693,266.0,0.0,14.022791699909307,3.620978200114236e-06,0.09908494021517399
694,266.0,0.0,14.022826460787668,3.6210051281391553e-06,0.09908543145599064
695,266.0,0.0,14.022861171724283,3.6210320176091824e-06,0.09908592199224557
696,266.0,0.0,14.022895832862716,3.621058868634959e-06,0.09908641182596228
697,266.0,0.0,14.022930444345914,3.621085681326651e-06,0.09908690095915582
698,266.0,0.0,14.022965006316209,3.6211124557939506e-06,0.09908738939383231
699,266.0,0.0,14.022999518915311,3.6211391921460723e-06,0.09908787713198938
700,266.0,0.0,14.023033982284334,3.6211658904917745e-06,0.09908836417561613
701,266.0,0.0,14.023068396563781,3.621192550939335e-06,0.09908885052669299
702,266.0,0.0,14.023102761893561,3.6212191735965858e-06,0.09908933618719211
703,266.0,0.0,14.023137078412978,3.621245758570886e-06,0.0990898211590771
704,266.0,0.0,14.02317134626074,3.621272305969144e-06,0.09909030544430317
705,266.0,0.0,14.023205565574974,3.621298815897807e-06,0.09909078904481733
706,266.0,0.0,14.023239736493219,3.6213252884628834e-06,0.09909127196255829
707,266.0,0.0,14.02327385915241,3.6213517237699115e-06,0.0990917541994564
708,266.0,0.0,14.023307933688924,3.621378121923999e-06,0.09909223575743392
709,266.0,0.0,14.023341960238557,3.6214044830298063e-06,0.09909271663840512
710,266.0,0.0,14.023375938936523,3.6214308071915444e-06,0.09909319684427585
711,266.0,0.0,14.023409869917465,3.6214570945129885e-06,0.09909367637694412
712,266.0,0.0,14.023443753315467,3.6214833450974833e-06,0.09909415523830006
713,266.0,0.0,14.023477589264038,3.62150955904793e-06,0.09909463343022559
714,266.0,0.0,14.023511377896133,3.621535736466799e-06,0.09909511095459483
715,266.0,0.0,14.02354511934414,3.6215618774561296e-06,0.099095587813274
716,266.0,0.0,14.02357881373991,3.621587982117545e-06,0.09909606400812171
717,266.0,0.0,14.023612461214716,3.6216140505522254e-06,0.09909653954098838
718,266.0,0.0,14.023646061899303,3.6216400828609418e-06,0.09909701441371706
719,266.0,0.0,14.023679615923855,3.6216660791440395e-06,0.0990974886281429
720,266.0,0.0,14.023713123418034,3.6216920395014516e-06,0.09909796218609364
721,266.0,0.0,14.023746584510937,3.6217179640326823e-06,0.09909843508938904
722,266.0,0.0,14.023779999331142,3.6217438528368375e-06,0.09909890733984165
723,266.0,0.0,14.023813368006678,3.621769706012603e-06,0.09909937893925629
724,266.0,0.0,14.023846690665062,3.6217955236582583e-06,0.09909984988943044
725,266.0,0.0,14.023879967433267,3.6218213058716772e-06,0.09910032019215398
726,266.0,0.0,14.023913198437747,3.621847052750326e-06,0.09910078984920946
727,266.0,0.0,14.02394638380443,3.6218727643912728e-06,0.09910125886237212
728,266.0,0.0,14.023979523658737,3.621898440891184e-06,0.09910172723340985
729,266.0,0.0,14.024012618125553,3.621924082346327e-06,0.09910219496408326
730,266.0,0.0,14.024045667329267,3.621949688852579e-06,0.09910266205614576
731,266.0,0.0,14.024078671393744,3.621975260505415e-06,0.09910312851134348
732,266.0,0.0,14.024111630442347,3.6220007973999254e-06,0.09910359433141538
733,266.0,0.0,14.024144544597938,3.6220262996308096e-06,0.09910405951809347
734,266.0,0.0,14.024177413982867,3.6220517672923823e-06,0.09910452407310245
735,266.0,0.0,14.02421023871899,3.62207720047857e-06,0.09910498799816021
736,266.0,0.0,14.024243018927663,3.6221025992829164e-06,0.09910545129497746
737,266.0,0.0,14.024275754729752,3.6221279637985872e-06,0.09910591396525799
738,266.0,0.0,14.024308446245628,3.62215329411837e-06,0.09910637601069874
739,266.0,0.0,14.024341093595174,3.6221785903346736e-06,0.09910683743298965
740,266.0,0.0,14.024373696897776,3.622203852539525e-06,0.09910729823381376
741,266.0,0.0,14.024406256272364,3.6222290808246e-06,0.09910775841484756
742,266.0,0.0,14.024438771837353,3.6222542752811792e-06,0.09910821797776052
743,266.0,0.0,14.024471243710707,3.622279436000191e-06,0.09910867692421538
744,266.0,0.0,14.024503672009892,3.622304563072189e-06,0.09910913525586823
745,266.0,0.0,14.024536056851922,3.6223296565873704e-06,0.09910959297436861
746,266.0,0.0,14.024568398353319,3.6223547166355617e-06,0.0991100500813592
747,266.0,0.0,14.024600696630149,3.6223797433062284e-06,0.09911050657847617
748,266.0,0.0,14.024632951798015,3.6224047366884896e-06,0.09911096246734918
749,266.0,0.0,14.024665163972045,3.622429696871089e-06,0.09911141774960132
750,266.0,0.0,14.024697333266921,3.6224546239424333e-06,0.0991118724268492
751,266.0,0.0,14.024729459796848,3.622479517990564e-06,0.0991123265007029
752,266.0,0.0,14.024761543675591,3.6225043791031753e-06,0.09911277997276623
753,266.0,0.0,14.02479358501645,3.6225292073676112e-06,0.09911323284463634
754,266.0,0.0,14.024825583932284,3.6225540028708715e-06,0.09911368511790436
755,266.0,0.0,14.0248575405355,3.6225787656996105e-06,0.0991141367941549
756,266.0,0.0,14.02488945493805,3.622603495940131e-06,0.09911458787496623
757,266.0,0.0,14.024921327251457,3.622628193678407e-06,0.09911503836191053
758,266.0,0.0,14.024953157586788,3.622652859000057e-06,0.09911548825655364
759,266.0,0.0,14.024984946054683,3.6226774919903766e-06,0.09911593756045531
760,266.0,0.0,14.025016692765334,3.622702092734309e-06,0.09911638627516889
761,266.0,0.0,14.0250483978285,3.6227266613164787e-06,0.09911683440224196
762,266.0,0.0,14.025080061353522,3.622751197821166e-06,0.09911728194321574
763,266.0,0.0,14.02511168344929,3.6227757023323224e-06,0.09911772889962546
764,266.0,0.0,14.025143264224274,3.6228001749335708e-06,0.09911817527300033
765,266.0,0.0,14.025174803786525,3.6228246157082084e-06,0.09911862106486362
766,266.0,0.0,14.025206302243667,3.6228490247392033e-06,0.09911906627673257
767,266.0,0.0,14.025237759702893,3.6228734021091973e-06,0.09911951091011839
768,266.0,0.0,14.025269176270996,3.6228977479005197e-06,0.09911995496652672
769,266.0,0.0,14.025300552054327,3.622922062195166e-06,0.09912039844745685
770,266.0,0.0,14.025331887158847,3.622946345074815e-06,0.09912084135440254
771,266.0,0.0,14.025363181690093,3.6229705966208357e-06,0.09912128368885169
772,266.0,0.0,14.02539443575319,3.6229948169142744e-06,0.09912172545228642
773,266.0,0.0,14.025425649452856,3.623019006035865e-06,0.09912216664618308
774,266.0,0.0,14.025456822893402,3.6230431640660264e-06,0.09912260727201219
775,266.0,0.0,14.025487956178742,3.6230672910848665e-06,0.09912304733123875
776,266.0,0.0,14.025519049412384,3.6230913871721915e-06,0.09912348682532211
777,266.0,0.0,14.025550102697425,3.6231154524074832e-06,0.0991239257557156
778,266.0,0.0,14.02558111613658,3.623139486869936e-06,0.09912436412386759
779,266.0,0.0,14.025612089832165,3.6231634906384276e-06,0.09912480193122036
780,266.0,0.0,14.025643023886097,3.6231874637915356e-06,0.09912523917921076
781,266.0,0.0,14.0256739183999,3.6232114064075283e-06,0.09912567586927012
782,266.0,0.0,14.025704773474715,3.623235318564393e-06,0.09912611200282456
783,266.0,0.0,14.025735589211285,3.623259200339798e-06,0.09912654758129422
784,266.0,0.0,14.02576636570999,3.6232830518111295e-06,0.09912698260609427
785,266.0,0.0,14.025797103070795,3.623306873055464e-06,0.09912741707863416
786,266.0,0.0,14.025827801393303,3.6233306641495957e-06,0.09912785100031815
787,266.0,0.0,14.025858460776739,3.623354425170025e-06,0.09912828437254512
788,266.0,0.0,14.025889081319932,3.6233781561929523e-06,0.09912871719670846
789,266.0,0.0,14.025919663121353,3.623401857294298e-06,0.09912914947419645
790,266.0,0.0,14.025950206279092,3.6234255285496873e-06,0.09912958120639201
791,266.0,0.0,14.02598071089087,3.6234491700344664e-06,0.0991300123946729
792,266.0,0.0,14.026011177054025,3.6234727818236895e-06,0.09913044304041149
793,266.0,0.0,14.026041604865544,3.623496363992128e-06,0.09913087314497515
794,266.0,0.0,14.026071994422036,3.6235199166142733e-06,0.09913130270972591
795,266.0,0.0,14.026102345819748,3.6235434397643344e-06,0.09913173173602077
796,266.0,0.0,14.02613265915457,3.6235669335162417e-06,0.09913216022521165
797,266.0,0.0,14.026162934522016,3.6235903979436452e-06,0.0991325881786452
798,266.0,0.0,14.026193172017255,3.62361383311992e-06,0.09913301559766326
799,266.0,0.0,14.026223371735098,3.623637239118171e-06,0.09913344248360247
800,266.0,0.0,14.02625353376999,3.623660616011217e-06,0.09913386883779446
801,266.0,0.0,14.026283658216027,3.623683963871614e-06,0.09913429466156584
802,266.0,0.0,14.026313745166952,3.6237072827716416e-06,0.09913471995623833
803,266.0,0.0,14.026343794716164,3.623730572783311e-06,0.0991351447231288
804,266.0,0.0,14.026373806956707,3.6237538339783697e-06,0.09913556896354903
805,266.0,0.0,14.026403781981276,3.623777066428286e-06,0.0991359926788059
806,266.0,0.0,14.026433719882226,3.623800270204278e-06,0.09913641587020164
807,266.0,0.0,14.026463620751565,3.6238234453772847e-06,0.09913683853903339
808,266.0,0.0,14.026493484680966,3.6238465920179948e-06,0.09913726068659379
809,266.0,0.0,14.02652331176175,3.6238697101968197e-06,0.09913768231417021
810,266.0,0.0,14.026553102084911,3.6238927999839287e-06,0.0991381034230458
811,266.0,0.0,14.026582855741093,3.6239158614492116e-06,0.09913852401449848
812,266.0,0.0,14.026612572820618,3.6239388946623137e-06,0.09913894408980158
813,266.0,0.0,14.026642253413476,3.6239618996926264e-06,0.09913936365022416
814,266.0,0.0,14.026671897609308,3.6239848766092714e-06,0.09913978269702999
815,266.0,0.0,14.02670150549744,3.624007825481127e-06,0.0991402012314785
816,266.0,0.0,14.026731077166861,3.62403074637681e-06,0.09914061925482438
817,266.0,0.0,14.026760612706244,3.6240536393646996e-06,0.09914103676831795
818,266.0,0.0,14.026790112203932,3.624076504512912e-06,0.09914145377320463
819,266.0,0.0,14.026819575747929,3.6240993418893132e-06,0.0991418702707254
820,266.0,0.0,14.026849003425932,3.6241221515615254e-06,0.09914228626211673
821,266.0,0.0,14.026878395325324,3.6241449335969283e-06,0.09914270174861058
822,266.0,0.0,14.026907751533152,3.624167688062646e-06,0.09914311673143433
823,266.0,0.0,14.026937072136159,3.6241904150255703e-06,0.0991435312118111
824,266.0,0.0,14.02696635722076,3.6242131145523357e-06,0.09914394519095925
825,266.0,0.0,14.02699560687306,3.6242357867093405e-06,0.09914435867009284
826,266.0,0.0,14.027024821178859,3.6242584315627435e-06,0.09914477165042158
827,266.0,0.0,14.02705400022364,3.6242810491784694e-06,0.09914518413315083
828,266.0,0.0,14.02708314409257,3.624303639622191e-06,0.09914559611948141
829,266.0,0.0,14.027112252870516,3.6243262029593505e-06,0.09914600761060992
830,266.0,0.0,14.027141326642036,3.6243487392551565e-06,0.09914641860772858
831,266.0,0.0,14.027170365491378,3.624371248574574e-06,0.09914682911202535
832,266.0,0.0,14.027199369502496,3.624393730982346e-06,0.09914723912468393
833,266.0,0.0,14.027228338759025,3.624416186542968e-06,0.09914764864688355
834,266.0,0.0,14.027257273344322,3.624438615320719e-06,0.09914805767979956
835,266.0,0.0,14.027286173341421,3.6244610173796327e-06,0.09914846622460277
836,266.0,0.0,14.027315038833068,3.6244833927835183e-06,0.09914887428245989
837,266.0,0.0,14.027343869901724,3.624505741595968e-06,0.09914928185453357
838,266.0,0.0,14.027372666629532,3.6245280638803235e-06,0.09914968894198203
839,266.0,0.0,14.027401429098353,3.6245503596997195e-06,0.09915009554595965
840,266.0,0.0,14.027430157389762,3.624572629117061e-06,0.09915050166761649
841,266.0,0.0,14.027458851585031,3.6245948721950213e-06,0.09915090730809852
842,266.0,0.0,14.027487511765145,3.624617088996059e-06,0.09915131246854776
843,266.0,0.0,14.027516138010801,3.624639279582405e-06,0.099151717150102
844,266.0,0.0,14.027544730402418,3.624661444016077e-06,0.09915212135389513
845,266.0,0.0,14.027573289020117,3.6246835823588584e-06,0.0991525250810569
846,266.0,0.0,14.027601813943736,3.6247056946723264e-06,0.09915292833271305
847,266.0,0.0,14.027630305252842,3.6247277810178348e-06,0.09915333110998543
848,266.0,0.0,14.027658763026704,3.624749841456526e-06,0.09915373341399197
849,266.0,0.0,14.027687187344325,3.6247718760493185e-06,0.0991541352458464
850,266.0,0.0,14.027715578284415,3.6247938848569185e-06,0.09915453660665872
851,266.0,0.0,14.027743935925423,3.6248158679398246e-06,0.09915493749753507
852,266.0,0.0,14.027772260345504,3.624837825358308e-06,0.09915533791957737
853,266.0,0.0,14.027800551622557,3.6248597571724502e-06,0.09915573787388418
854,266.0,0.0,14.027828809834183,3.624881663442098e-06,0.09915613736154964
855,266.0,0.0,14.027857035057734,3.6249035442269023e-06,0.09915653638366448
856,266.0,0.0,14.027885227370282,3.6249253995863075e-06,0.09915693494131546
857,266.0,0.0,14.027913386848619,3.6249472295795344e-06,0.09915733303558537
858,266.0,0.0,14.027941513569289,3.624969034265618e-06,0.09915773066755357
859,266.0,0.0,14.027969607608544,3.6249908137033648e-06,0.09915812783829521
860,266.0,0.0,14.027997669042396,3.6250125679513997e-06,0.09915852454888215
861,266.0,0.0,14.02802569794657,3.62503429706812e-06,0.09915892080038212
862,266.0,0.0,14.028053694396542,3.625056001111743e-06,0.09915931659385949
863,266.0,0.0,14.028081658467508,3.6250776801402582e-06,0.09915971193037453
864,266.0,0.0,14.028109590234434,3.6250993342114823e-06,0.09916010681098425
865,266.0,0.0,14.028137489771995,3.62512096338301e-06,0.0991605012367417
866,266.0,0.0,14.028165357154611,3.6251425677122422e-06,0.09916089520869635
867,266.0,0.0,14.028193192456467,3.6251641472563847e-06,0.09916128872789406
868,266.0,0.0,14.028220995751465,3.6251857020724434e-06,0.09916168179537711
869,266.0,0.0,14.028248767113265,3.6252072322172292e-06,0.09916207441218422
870,266.0,0.0,14.028276506615278,3.6252287377473562e-06,0.09916246657935032
871,266.0,0.0,14.028304214330646,3.6252502187192384e-06,0.0991628582979069
872,266.0,0.0,14.028331890332273,3.625271675189107e-06,0.09916324956888206
873,266.0,0.0,14.028359534692807,3.6252931072129936e-06,0.09916364039330018
874,266.0,0.0,14.02838714748464,3.6253145148467303e-06,0.09916403077218201
875,266.0,0.0,14.028414728779934,3.625335898145973e-06,0.09916442070654513
876,266.0,0.0,14.028442278650589,3.6253572571661793e-06,0.09916481019740339
877,266.0,0.0,14.028469797168254,3.6253785919626123e-06,0.09916519924576725
878,266.0,0.0,14.028497284404354,3.6253999025903603e-06,0.09916558785264376
879,266.0,0.0,14.028524740430052,3.6254211891043055e-06,0.09916597601903639
880,266.0,0.0,14.028552165316267,3.6254424515591557e-06,0.09916636374594527
881,266.0,0.0,14.028579559133691,3.625463690009433e-06,0.09916675103436734
882,266.0,0.0,14.028606921952766,3.6254849045094655e-06,0.09916713788529566
883,266.0,0.0,14.028634253843693,3.6255060951134034e-06,0.09916752429972044
884,266.0,0.0,14.028661554876445,3.625527261875216e-06,0.09916791027862812
885,266.0,0.0,14.02868882512074,3.625548404848677e-06,0.09916829582300203
886,266.0,0.0,14.02871606464608,3.625569524087395e-06,0.09916868093382217
887,266.0,0.0,14.02874327352172,3.6255906196447886e-06,0.09916906561206516
888,266.0,0.0,14.028770451816674,3.625611691574089e-06,0.09916944985870418
889,266.0,0.0,14.028797599599741,3.625632739928361e-06,0.09916983367470941
890,266.0,0.0,14.028824716939479,3.6256537647604868e-06,0.09917021706104766
891,266.0,0.0,14.02885180390421,3.6256747661231654e-06,0.0991706000186823
892,266.0,0.0,14.028878860562035,3.6256957440689227e-06,0.09917098254857366
893,266.0,0.0,14.02890588698082,3.6257166986501097e-06,0.09917136465167888
894,266.0,0.0,14.028932883228208,3.6257376299188976e-06,0.0991717463289517
895,266.0,0.0,14.028959849371606,3.6257585379272854e-06,0.09917212758134278
896,266.0,0.0,14.028986785478212,3.625779422727099e-06,0.09917250840979963
897,266.0,0.0,14.029013691614978,3.625800284369986e-06,0.09917288881526638
898,266.0,0.0,14.029040567848652,3.6258211229074317e-06,0.09917326879868442
899,266.0,0.0,14.029067414245747,3.6258419383907426e-06,0.09917364836099161
900,266.0,0.0,14.029094230872548,3.62586273087105e-06,0.0991740275031228
901,266.0,0.0,14.029121017795147,3.625883500399324e-06,0.09917440622600975
902,266.0,0.0,14.029147775079384,3.6259042470263615e-06,0.09917478453058119
903,266.0,0.0,14.0291745027909,3.6259249708027908e-06,0.09917516241776266
904,266.0,0.0,14.029201200995109,3.625945671779072e-06,0.09917553988847665
905,266.0,0.0,14.029227869757207,3.6259663500054987e-06,0.09917591694364263
906,266.0,0.0,14.029254509142186,3.6259870055321915e-06,0.09917629358417684
907,266.0,0.0,14.02928111921481,3.6260076384091233e-06,0.09917666981099293
908,266.0,0.0,14.02930770003964,3.626028248686083e-06,0.09917704562500111
909,266.0,0.0,14.029334251681005,3.6260488364127e-06,0.09917742102710864
910,266.0,0.0,14.029360774203045,3.62606940163845e-06,0.09917779601822006
911,266.0,0.0,14.029387267669678,3.626089944412634e-06,0.0991781705992366
912,266.0,0.0,14.029413732144608,3.626110464784398e-06,0.09917854477105681
913,266.0,0.0,14.029440167691336,3.626130962802724e-06,0.09917891853457611
914,266.0,0.0,14.029466574373146,3.6261514385164287e-06,0.0991792918906869
915,266.0,0.0,14.02949295225313,3.6261718919741797e-06,0.0991796648402789
916,266.0,0.0,14.029519301394158,3.626192323224477e-06,0.0991800373842388
917,266.0,0.0,14.029545621858896,3.626212732315663e-06,0.09918040952345035
918,266.0,0.0,14.029571913709816,3.626233119295927e-06,0.09918078125879448
919,266.0,0.0,14.029598177009174,3.6262534842132932e-06,0.09918115259114914
920,266.0,0.0,14.029624411819027,3.626273827115637e-06,0.09918152352138956
921,266.0,0.0,14.029650618201238,3.6262941480506706e-06,0.09918189405038795
922,266.0,0.0,14.029676796217453,3.6263144470659617e-06,0.09918226417901395
923,266.0,0.0,14.029702945929131,3.626334724208915e-06,0.09918263390813407
924,266.0,0.0,14.029729067397527,3.626354979526785e-06,0.0991830032386123
925,266.0,0.0,14.029755160683685,3.6263752130666627e-06,0.09918337217130943
926,266.0,0.0,14.029781225848478,3.626395424875501e-06,0.09918374070708384
927,266.0,0.0,14.029807262952557,3.6264156150001005e-06,0.09918410884679103
928,266.0,0.0,14.029833272056392,3.6264357834870994e-06,0.09918447659128367
929,266.0,0.0,14.029859253220248,3.626455930382994e-06,0.0991848439414117
930,266.0,0.0,14.029885206504193,3.6264760557341213e-06,0.0991852108980222
931,266.0,0.0,14.029911131968122,3.626496159586689e-06,0.09918557746195988
932,266.0,0.0,14.02993702967171,3.6265162419867323e-06,0.09918594363406638
933,266.0,0.0,14.029962899674462,3.6265363029801515e-06,0.09918630941518068
934,266.0,0.0,14.02998874203568,3.626556342612703e-06,0.09918667480613928
935,266.0,0.0,14.030014556814473,3.6265763609299816e-06,0.09918703980777568
936,266.0,0.0,14.030040344069771,3.6265963579774552e-06,0.09918740442092108
937,266.0,0.0,14.030066103860316,3.62661633380043e-06,0.09918776864640372
938,266.0,0.0,14.030091836244646,3.6266362884440757e-06,0.09918813248504929
939,266.0,0.0,14.030117541281127,3.626656221953419e-06,0.09918849593768088
940,266.0,0.0,14.03014321902793,3.626676134373333e-06,0.09918885900511887
941,266.0,0.0,14.030168869543045,3.6266960257485576e-06,0.09918922168818106
942,266.0,0.0,14.030194492884279,3.626715896123692e-06,0.09918958398768277
943,266.0,0.0,14.030220089109257,3.6267357455431856e-06,0.0991899459044365
944,266.0,0.0,14.030245658275405,3.626755574051347e-06,0.09919030743925236
945,266.0,0.0,14.030271200439987,3.6267753816923543e-06,0.09919066859293783
946,266.0,0.0,14.030296715660068,3.626795168510232e-06,0.0991910293662977
947,266.0,0.0,14.030322203992547,3.626814934548877e-06,0.09919138976013445
948,266.0,0.0,14.030347665494135,3.6268346798520375e-06,0.09919174977524782
949,266.0,0.0,14.030373100221363,3.6268544044633335e-06,0.0991921094124351
950,266.0,0.0,14.030398508230588,3.6268741084262414e-06,0.09919246867249115
951,266.0,0.0,14.030423889577985,3.626893791784099e-06,0.09919282755620813
952,266.0,0.0,14.03044924431955,3.626913454580108e-06,0.09919318606437583
953,266.0,0.0,14.030474572511114,3.626933096857343e-06,0.09919354419778158
954,266.0,0.0,14.030499874208314,3.626952718658729e-06,0.09919390195721013
955,266.0,0.0,14.03052514946663,3.6269723200270696e-06,0.09919425934344386
956,266.0,0.0,14.030550398341358,3.6269919010050254e-06,0.09919461635726262
957,266.0,0.0,14.030575620887628,3.627011461635128e-06,0.09919497299944392
958,266.0,0.0,14.03060081716038,3.62703100195977e-06,0.09919532927076265
959,266.0,0.0,14.030625987214407,3.627050522021219e-06,0.09919568517199152
960,266.0,0.0,14.030651131104309,3.627070021861606e-06,0.09919604070390065
961,266.0,0.0,14.030676248884527,3.6270895015229343e-06,0.09919639586725777
962,266.0,0.0,14.030701340609337,3.627108961047073e-06,0.09919675066282835
963,266.0,0.0,14.030726406332828,3.6271284004757603e-06,0.0991971050913753
964,266.0,0.0,14.030751446108937,3.6271478198506056e-06,0.09919745915365924
965,266.0,0.0,14.030776459991428,3.6271672192130944e-06,0.09919781285043852
966,266.0,0.0,14.03080144803389,3.62718659860457e-06,0.09919816618246884
967,266.0,0.0,14.03082641028976,3.6272059580662646e-06,0.09919851915050397
968,266.0,0.0,14.030851346812305,3.6272252976392684e-06,0.09919887175529499
969,266.0,0.0,14.030876257654617,3.6272446173645542e-06,0.09919922399759083
970,266.0,0.0,14.030901142869636,3.627263917282962e-06,0.09919957587813806
971,266.0,0.0,14.03092600251013,3.627283197435208e-06,0.099199927397681
972,266.0,0.0,14.030950836628712,3.627302457861883e-06,0.09920027855696155
973,266.0,0.0,14.030975645277822,3.627321698603455e-06,0.0992006293567195
974,266.0,0.0,14.031000428509753,3.6273409197002602e-06,0.0992009797976921
975,266.0,0.0,14.031025186376622,3.6273601211925207e-06,0.09920132988061459
976,266.0,0.0,14.031049918930394,3.6273793031203276e-06,0.09920167960621991
977,266.0,0.0,14.031074626222875,3.6273984655236523e-06,0.09920202897523862
978,266.0,0.0,14.03109930830571,3.6274176084423377e-06,0.09920237798839907
979,266.0,0.0,14.031123965230382,3.627436731916119e-06,0.0992027266464275
980,266.0,0.0,14.031148597048222,3.627455835984591e-06,0.09920307495004775
981,266.0,0.0,14.031173203810408,3.627474920687248e-06,0.09920342289998171
982,266.0,0.0,14.031197785567942,3.6274939860634394e-06,0.09920377049694867
983,266.0,0.0,14.031222342371693,3.627513032152418e-06,0.09920411774166617
984,266.0,0.0,14.031246874272368,3.6275320589933037e-06,0.09920446463484925
985,266.0,0.0,14.031271381320515,3.627551066625106e-06,0.0992048111772109
986,266.0,0.0,14.03129586356653,3.627570055086706e-06,0.09920515736946195
987,266.0,0.0,14.031320321060653,3.6275890244168675e-06,0.09920550321231084
988,266.0,0.0,14.031344753852975,3.627607974654246e-06,0.09920584870646422
989,266.0,0.0,14.031369161993439,3.6276269058373724e-06,0.09920619385262643
990,266.0,0.0,14.031393545531827,3.627645818004661e-06,0.09920653865149956
991,266.0,0.0,14.03141790451778,3.627664711194418e-06,0.09920688310378388
992,266.0,0.0,14.031444282533311,3.6276851704473526e-06,0.0992072561071654
993,266.0,0.0,14.031475948525227,3.6277097312494095e-06,0.09920770388711615
994,266.0,0.0,14.031507701229712,3.627734359418849e-06,0.09920815289425976
995,266.0,0.0,14.031539424767084,3.627758965076881e-06,0.09920860148997317
996,266.0,0.0,14.031571116616655,3.627783546268067e-06,0.09920904963860892
997,266.0,0.0,14.031602776784437,3.6278081029967356e-06,0.09920949734024893
998,266.0,0.0,14.031634405332582,3.627832635310765e-06,0.09920994459576912
999,266.0,0.0,14.031666002324307,3.627857143258858e-06,0.09921039140606043
1000,266.0,0.0,14.031697567822674,3.6278816268895947e-06,0.0992108377720115
1001,266.0,0.0,14.031729101890555,3.627906086251417e-06,0.09921128369450855
1002,266.0,0.0,14.031760604590621,3.6279305213926003e-06,0.09921172917443467
1003,266.0,0.0,14.031792075985372,3.627954932361303e-06,0.09921217421267074
1004,266.0,0.0,14.031823516137118,3.6279793192055256e-06,0.09921261881009492
1005,266.0,0.0,14.031854925107968,3.628003681973119e-06,0.0992130629675825
1006,266.0,0.0,14.031886302959869,3.6280280207118107e-06,0.0992135066860066
1007,266.0,0.0,14.03191764975456,3.628052335469167e-06,0.09921394996623728
1008,266.0,0.0,14.03194896555362,3.628076626292627e-06,0.09921439280914238
1009,266.0,0.0,14.031980250418425,3.6281008932294792e-06,0.09921483521558694
1010,266.0,0.0,14.032011504410187,3.628125136326882e-06,0.09921527718643358
1011,266.0,0.0,14.03204272758991,3.6281493556318366e-06,0.0992157187225421
1012,266.0,0.0,14.032073920018448,3.6281735511912297e-06,0.09921615982477018
1013,266.0,0.0,14.032105081756455,3.628197723051791e-06,0.09921660049397263
1014,266.0,0.0,14.032136212864405,3.628221871260113e-06,0.09921704073100178
1015,266.0,0.0,14.032167313402606,3.6282459958626594e-06,0.09921748053670751
1016,266.0,0.0,14.03219838343118,3.6282700969057514e-06,0.09921791991193718
1017,266.0,0.0,14.032229423010065,3.6282941744355743e-06,0.09921835885753562
1018,266.0,0.0,14.032260432199042,3.6283182284981796e-06,0.0992187973743452
1019,266.0,0.0,14.032291411057697,3.628342259139482e-06,0.09921923546320585
1020,266.0,0.0,14.032322359645448,3.628366266405261e-06,0.099219673124955
1021,266.0,0.0,14.032353278021533,3.6283902503411568e-06,0.0992201103604275
1022,266.0,0.0,14.032384166245034,3.628414210992692e-06,0.099220547170456
1023,266.0,0.0,14.03241502437484,3.6284381484052356e-06,0.09922098355587047
1024,266.0,0.0,14.032445852469673,3.62846206262404e-06,0.0992214195174986
1025,266.0,0.0,14.032476650588082,3.628485953694213e-06,0.0992218550561656
1026,266.0,0.0,14.032507418788455,3.6285098216607408e-06,0.09922229017269434
1027,266.0,0.0,14.032538157128997,3.62853366656847e-06,0.09922272486790511
1028,266.0,0.0,14.032568865667752,3.6285574884621253e-06,0.09922315914261601
1029,266.0,0.0,14.032599544462586,3.6285812873862956e-06,0.09922359299764273
1030,266.0,0.0,14.032630193571203,3.628605063385438e-06,0.09922402643379838
1031,266.0,0.0,14.032660813051141,3.628628816503884e-06,0.09922445945189394
1032,266.0,0.0,14.032691402959763,3.6286525467858387e-06,0.09922489205273803
1033,266.0,0.0,14.032721963354268,3.6286762542753722e-06,0.09922532423713665
1034,266.0,0.0,14.032752494291701,3.6286999390164383e-06,0.09922575600589394
1035,266.0,0.0,14.032782995828917,3.62872360105285e-06,0.09922618735981119
1036,266.0,0.0,14.032813468022631,3.6287472404282996e-06,0.09922661829968768
1037,266.0,0.0,14.032843910929381,3.6287708571863565e-06,0.09922704882632036
1038,266.0,0.0,14.032874324605544,3.628794451370462e-06,0.09922747894050377
1039,266.0,0.0,14.032904709107331,3.628818023023925e-06,0.0992279086430302
1040,266.0,0.0,14.032935064490806,3.628841572189948e-06,0.09922833793468983
1041,266.0,0.0,14.03296539081184,3.6288650989115865e-06,0.09922876681627023
1042,266.0,0.0,14.032995688126183,3.628888603231788e-06,0.09922919528855696
1043,266.0,0.0,14.033025956489398,3.628912085193374e-06,0.09922962335233325
1044,266.0,0.0,14.033056195956888,3.6289355448390343e-06,0.09923005100838007
1045,266.0,0.0,14.033086406583916,3.628958982211349e-06,0.09923047825747613
1046,266.0,0.0,14.03311658842556,3.628982397352768e-06,0.09923090510039795
1047,266.0,0.0,14.033146741536772,3.6290057903056255e-06,0.09923133153791991
1048,266.0,0.0,14.033176865972312,3.6290291611121244e-06,0.09923175757081396
1049,266.0,0.0,14.033206961786815,3.62905250981436e-06,0.09923218319984996
1050,266.0,0.0,14.03323702903474,3.6290758364543e-06,0.09923260842579566
1051,266.0,0.0,14.033267067770396,3.629099141073794e-06,0.0992330332494165
1052,266.0,0.0,14.03329707804794,3.6291224237145716e-06,0.09923345767147573
1053,266.0,0.0,14.033327059921366,3.629145684418244e-06,0.0992338816927345
1054,266.0,0.0,14.03335701344453,3.629168923226307e-06,0.09923430531395182
1055,266.0,0.0,14.03338693867112,3.6291921401801366e-06,0.09923472853588444
1056,266.0,0.0,14.033416835654675,3.629215335320989e-06,0.09923515135928702
1057,266.0,0.0,14.033446704448593,3.62923850869001e-06,0.09923557378491217
1058,266.0,0.0,14.0334765451061,3.6292616603282168e-06,0.09923599581351004
1059,266.0,0.0,14.033506357680286,3.6292847902765243e-06,0.09923641744582903
1060,266.0,0.0,14.033536142224097,3.6293078985757264e-06,0.0992368386826154
1061,266.0,0.0,14.03356589879031,3.6293309852664975e-06,0.09923725952461296
1062,266.0,0.0,14.033595627431566,3.6293540503894055e-06,0.09923767997256383
1063,266.0,0.0,14.033625328200353,3.6293770939848932e-06,0.09923810002720768
1064,266.0,0.0,14.033655001149016,3.6294001160933044e-06,0.09923851968928243
1065,266.0,0.0,14.033684646329748,3.6294231167548587e-06,0.09923893895952372
1066,266.0,0.0,14.033714263794591,3.6294460960096594e-06,0.09923935783866508
1067,266.0,0.0,14.033743853595452,3.629469053897707e-06,0.0992397763274381
1068,266.0,0.0,14.033773415784088,3.6294919904588866e-06,0.09924019442657235
1069,266.0,0.0,14.0338029504121,3.6295149057329693e-06,0.09924061213679519
1070,266.0,0.0,14.033832457530957,3.6295377997596146e-06,0.09924102945883208
1071,266.0,0.0,14.033861937191986,3.6295606725783795e-06,0.0992414463934065
1072,266.0,0.0,14.033891389446357,3.6295835242286946e-06,0.09924186294123963
1073,266.0,0.0,14.033920814345109,3.6296063547499e-06,0.099242279103051
1074,266.0,0.0,14.033950211939128,3.6296291641812027e-06,0.09924269487955777
1075,266.0,0.0,14.033979582279173,3.6296519525617247e-06,0.09924311027147545
1076,266.0,0.0,14.034008925415842,3.629674719930462e-06,0.09924352527951724
1077,266.0,0.0,14.034038241399609,3.629697466326308e-06,0.09924393990439463
1078,266.0,0.0,14.034067530280801,3.6297201917880505e-06,0.09924435414681693
1079,266.0,0.0,14.034096792109603,3.629742896354368e-06,0.09924476800749159
1080,266.0,0.0,14.034126026936061,3.629765580063828e-06,0.09924518148712402
1081,266.0,0.0,14.03415523481009,3.6297882429548923e-06,0.09924559458641775
1082,266.0,0.0,14.034184415781453,3.629810885065924e-06,0.09924600730607439
1083,266.0,0.0,14.03421356989979,3.6298335064351722e-06,0.09924641964679348
1084,266.0,0.0,14.034242697214589,3.629856107100778e-06,0.09924683160927267
1085,266.0,0.0,14.034271797775215,3.629878687100783e-06,0.09924724319420766
1086,266.0,0.0,14.034300871630887,3.629901246473128e-06,0.09924765440229238
1087,266.0,0.0,14.034329918830691,3.629923785255637e-06,0.09924806523421872
1088,266.0,0.0,14.034358939423578,3.62994630348604e-06,0.0992484756906767
1089,266.0,0.0,14.034387933458367,3.6299688012019566e-06,0.09924888577235431
1090,266.0,0.0,14.034416900983736,3.6299912784409106e-06,0.0992492954799379
1091,266.0,0.0,14.034445842048237,3.630013735240314e-06,0.09924970481411176
1092,266.0,0.0,14.03447475670028,3.63003617163748e-06,0.09925011377555826
1093,266.0,0.0,14.03450364498815,3.6300585876696257e-06,0.09925052236495809
1094,266.0,0.0,14.034532506960002,3.6300809833738595e-06,0.09925093058298994
1095,266.0,0.0,14.034561342663844,3.630103358787184e-06,0.09925133843033061
1096,266.0,0.0,14.034590152147564,3.6301257139465116e-06,0.09925174590765518
1097,266.0,0.0,14.034618935458921,3.630148048888648e-06,0.09925215301563681
1098,266.0,0.0,14.034647692645537,3.630170363650296e-06,0.0992525597549467
1099,266.0,0.0,14.034676423754906,3.630192658268063e-06,0.09925296612625448
1100,266.0,0.0,14.034705128834396,3.6302149327784537e-06,0.09925337213022775
1101,266.0,0.0,14.034733807931243,3.6302371872178796e-06,0.09925377776753241
1102,266.0,0.0,14.034762461092553,3.630259421622644e-06,0.09925418303883245
1103,266.0,0.0,14.03479108836531,3.6302816360289563e-06,0.09925458794479014
1104,266.0,0.0,14.03481968979636,3.630303830472932e-06,0.09925499248606594
1105,266.0,0.0,14.034848265432428,3.6303260049905793e-06,0.09925539666331841
1106,266.0,0.0,14.034876815320112,3.6303481596178153e-06,0.0992558004772045
1107,266.0,0.0,14.034905339505896,3.6303702943904623e-06,0.0992562039283793
1108,266.0,0.0,14.034933838036109,3.630392409344236e-06,0.09925660701749604
1109,266.0,0.0,14.034962310956978,3.630414504514765e-06,0.09925700974520628
1110,266.0,0.0,14.034990758314605,3.6304365799375806e-06,0.09925741211215991
1111,266.0,0.0,14.035019180154949,3.630458635648111e-06,0.09925781411900489
1112,266.0,0.0,14.035047576523873,3.6304806716817003e-06,0.09925821576638752
1113,266.0,0.0,14.035075947467087,3.6305026880735816e-06,0.09925861705495224
1114,266.0,0.0,14.035104293030198,3.630524684858913e-06,0.09925901798534206
1115,266.0,0.0,14.03513261325868,3.6305466620727435e-06,0.0992594185581979
1116,266.0,0.0,14.035160908197897,3.6305686197500343e-06,0.09925981877415926
1117,266.0,0.0,14.035189177893077,3.6305905579256515e-06,0.09926021863386372
1118,266.0,0.0,14.035217422389334,3.630612476634365e-06,0.0992606181379472
1119,266.0,0.0,14.035245641731654,3.630634375910854e-06,0.09926101728704391
1120,266.0,0.0,14.035273835964919,3.6306562557897117e-06,0.0992614160817865
1121,266.0,0.0,14.035302005133873,3.630678116305426e-06,0.09926181452280572
1122,266.0,0.0,14.035330149283146,3.630699957492397e-06,0.09926221261073072
1123,266.0,0.0,14.035358268457259,3.6307217793849453e-06,0.0992626103461891
1124,266.0,0.0,14.035386362700597,3.6307435820172805e-06,0.09926300772980659
1125,266.0,0.0,14.03541443205744,3.630765365423533e-06,0.09926340476220728
1126,266.0,0.0,14.035442476571944,3.630787129637744e-06,0.09926380144401378
1127,266.0,0.0,14.035470496288148,3.630808874693855e-06,0.0992641977758468
1128,266.0,0.0,14.035498491249982,3.6308306006257283e-06,0.09926459375832565
1129,266.0,0.0,14.035526461501236,3.630852307467124e-06,0.09926498939206772
1130,266.0,0.0,14.03555440708561,3.630873995251722e-06,0.09926538467768893
1131,266.0,0.0,14.035582328046681,3.6308956640131106e-06,0.09926577961580355
1132,266.0,0.0,14.035610224427902,3.630917313784792e-06,0.09926617420702431
1133,266.0,0.0,14.03563809627262,3.630938944600173e-06,0.09926656845196212
1134,266.0,0.0,14.035665943624059,3.6309605564925777e-06,0.09926696235122644
1135,266.0,0.0,14.035693766525338,3.6309821494952445e-06,0.09926735590542508
1136,266.0,0.0,14.035721565019456,3.6310037236413108e-06,0.09926774911516413
1137,266.0,0.0,14.035749339149298,3.631025278963845e-06,0.09926814198104827
1138,266.0,0.0,14.03577708895764,3.631046815495814e-06,0.09926853450368042
1139,266.0,0.0,14.03580481448715,3.6310683332701146e-06,0.09926892668366219
1140,266.0,0.0,14.035832515780369,3.63108983231953e-06,0.09926931852159315
1141,266.0,0.0,14.035860192879737,3.6311113126767876e-06,0.09926971001807172
1142,266.0,0.0,14.035887845827576,3.6311327743745062e-06,0.09927010117369447
1143,266.0,0.0,14.035915474666107,3.6311542174452318e-06,0.09927049198905663
1144,266.0,0.0,14.035943079437432,3.6311756419214195e-06,0.0992708824647517
1145,266.0,0.0,14.035970660183548,3.631197047835444e-06,0.09927127260137167
1146,266.0,0.0,14.035998216946332,3.6312184352195913e-06,0.0992716623995071
1147,266.0,0.0,14.03602574976757,3.6312398041060685e-06,0.09927205185974686
1148,266.0,0.0,14.036053258688916,3.6312611545269898e-06,0.09927244098267828
1149,266.0,0.0,14.036080743751933,3.631282486514393e-06,0.0992728297688873
1150,266.0,0.0,14.036108204998069,3.6313038001002282e-06,0.09927321821895808
1151,266.0,0.0,14.036135642468658,3.631325095316365e-06,0.09927360633347354
1152,266.0,0.0,14.036163056204943,3.6313463721945935e-06,0.099273994113015
1153,266.0,0.0,14.036190446248042,3.631367630766612e-06,0.09927438155816218
1154,266.0,0.0,14.036217812638974,3.6313888710640438e-06,0.09927476866949331
1155,266.0,0.0,14.036245155418655,3.6314100931184293e-06,0.09927515544758521
1156,266.0,0.0,14.036272474627891,3.631431296961225e-06,0.09927554189301312
1157,266.0,0.0,14.036299770307378,3.63145248262381e-06,0.0992759280063509
1158,266.0,0.0,14.036327042497712,3.6314736501374694e-06,0.09927631378817064
1159,266.0,0.0,14.03635429123938,3.6314947995334298e-06,0.0992766992390434
1160,266.0,0.0,14.036381516572776,3.631515930842818e-06,0.0992770843595384
1161,266.0,0.0,14.036408718538178,3.6315370440966918e-06,0.09927746915022359
1162,266.0,0.0,14.036435897175753,3.631558139326017e-06,0.09927785361166523
1163,266.0,0.0,14.036463052525583,3.631579216561694e-06,0.09927823774442839
1164,266.0,0.0,14.036490184627636,3.631600275834533e-06,0.09927862154907648
1165,266.0,0.0,14.036517293521777,3.631621317175273e-06,0.09927900502617171
1166,266.0,0.0,14.036544379247774,3.6316423406145626e-06,0.09927938817627442
1167,266.0,0.0,14.036571441845286,3.631663346182987e-06,0.09927977099994398
1168,266.0,0.0,14.036598481353879,3.6316843339110438e-06,0.0992801534977381
1169,266.0,0.0,14.036625497813004,3.6317053038291463e-06,0.09928053567021294
1170,266.0,0.0,14.036652491262021,3.6317262559676453e-06,0.09928091751792346
1171,266.0,0.0,14.036679461740192,3.6317471903568043e-06,0.09928129904142317
1172,266.0,0.0,14.036706409286667,3.6317681070268083e-06,0.09928168024126399
1173,266.0,0.0,14.036733333940505,3.6317890060077692e-06,0.09928206111799659
1174,266.0,0.0,14.036760235740667,3.6318098873297216e-06,0.09928244167217017
1175,266.0,0.0,14.036787114726,3.6318307510226238e-06,0.09928282190433256
1176,266.0,0.0,14.036813970935269,3.6318515971163548e-06,0.09928320181503017
1177,266.0,0.0,14.036840804407133,3.6318724256407225e-06,0.09928358140480811
1178,266.0,0.0,14.036867615180151,3.6318932366254554e-06,0.09928396067420993
1179,266.0,0.0,14.03689440329279,3.631914030100208e-06,0.09928433962377795
1180,266.0,0.0,14.036921168783408,3.6319348060945545e-06,0.09928471825405295
1181,266.0,0.0,14.036947911690282,3.6319555646380063e-06,0.09928509656557465
1182,266.0,0.0,14.03697463205157,3.6319763057599817e-06,0.09928547455888094
1183,266.0,0.0,14.037001329905358,3.63199702948985e-06,0.09928585223450886
1184,266.0,0.0,14.037028005289613,3.6320177358568744e-06,0.09928622959299356
1185,266.0,0.0,14.037054658242228,3.6320384248902746e-06,0.0992866066348694
1186,266.0,0.0,14.037081288800978,3.632059096619177e-06,0.09928698336066884
1187,266.0,0.0,14.037107897003555,3.6320797510726384e-06,0.09928735977092336
1188,266.0,0.0,14.037134482887557,3.6321003882796484e-06,0.09928773586616306
1189,266.0,0.0,14.037161046490478,3.632121008269118e-06,0.0992881116469165
1190,266.0,0.0,14.037187587849738,3.63214161106989e-06,0.09928848711371123
1191,266.0,0.0,14.03721410700263,3.632162196710728e-06,0.0992888622670731
1192,266.0,0.0,14.03724060398638,3.6321827652203283e-06,0.09928923710752693
1193,266.0,0.0,14.03726707883811,3.6322033166273112e-06,0.09928961163559602
1194,266.0,0.0,14.037293531594857,3.6322238509602373e-06,0.09928998585180267
1195,266.0,0.0,14.037319962293546,3.6322443682475756e-06,0.09929035975666745
1196,266.0,0.0,14.037346370971031,3.6322648685177395e-06,0.09929073335070988
1197,266.0,0.0,14.037372757664063,3.632285351799065e-06,0.09929110663444816
1198,266.0,0.0,14.03739912240931,3.6323058181198226e-06,0.09929147960839914
1199,266.0,0.0,14.037425465243325,3.6323262675082003e-06,0.09929185227307843
1200,266.0,0.0,14.0374517862026,3.6323466999923343e-06,0.09929222462900032
1201,266.0,0.0,14.03747808532351,3.6323671156002677e-06,0.09929259667667777
1202,266.0,0.0,14.037504362642363,3.632387514359996e-06,0.0992929684166226
1203,266.0,0.0,14.037530618195351,3.632407896299431e-06,0.09929333984934514
1204,266.0,0.0,14.037556852018596,3.6324282614464174e-06,0.0992937109753547
1205,266.0,0.0,14.037583064148132,3.632448609828742e-06,0.09929408179515924
1206,266.0,0.0,14.037609254619875,3.6324689414740973e-06,0.09929445230926522
1207,266.0,0.0,14.037635423469688,3.6324892564101384e-06,0.09929482251817826
1208,266.0,0.0,14.037661570733317,3.632509554664425e-06,0.09929519242240234
1209,266.0,0.0,14.03768769644644,3.6325298362644634e-06,0.09929556202244037
1210,266.0,0.0,14.037713800644635,3.632550101237695e-06,0.0992959313187942
1211,266.0,0.0,14.037739883363386,3.6325703496114757e-06,0.09929630031196396
1212,266.0,0.0,14.037765944638107,3.632590581413112e-06,0.09929666900244902
1213,266.0,0.0,14.037791984504112,3.6326107966698344e-06,0.0992970373907473
1214,266.0,0.0,14.037818002996628,3.6326309954088036e-06,0.09929740547735534
1215,266.0,0.0,14.037844000150798,3.6326511776571216e-06,0.09929777326276884
1216,266.0,0.0,14.03786997600168,3.6326713434418186e-06,0.09929814074748193
1217,266.0,0.0,14.037895930584241,3.6326914927898587e-06,0.0992985079319878
1218,266.0,0.0,14.037921863933368,3.6327116257281384e-06,0.09929887481677806
1219,266.0,0.0,14.037947776083861,3.632731742283497e-06,0.09929924140234364
1220,266.0,0.0,14.03797366707042,3.6327518424826895e-06,0.09929960768917362
1221,266.0,0.0,14.03799953692768,3.6327719263524235e-06,0.09929997367775648
1222,266.0,0.0,14.038025385690183,3.6327919939193325e-06,0.09930033936857909
1223,266.0,0.0,14.038051213392384,3.632812045209985e-06,0.09930070476212731
1224,266.0,0.0,14.03807702006866,3.6328320802508917e-06,0.09930106985888587
1225,266.0,0.0,14.038102805753295,3.6328520990684877e-06,0.09930143465933816
1226,266.0,0.0,14.038128570480495,3.632872101689148e-06,0.0993017991639664
1227,266.0,0.0,14.03815431428438,3.6328920881391862e-06,0.09930216337325176
1228,266.0,0.0,14.038180037198988,3.632912058444847e-06,0.09930252728767408
1229,266.0,0.0,14.038205739258276,3.632932012632319e-06,0.09930289090771224
1230,266.0,0.0,14.038231420496114,3.632951950727713e-06,0.09930325423384366
1231,266.0,0.0,14.038257080946286,3.6329718727570906e-06,0.09930361726654485
1232,266.0,0.0,14.038282720642512,3.6329917787464446e-06,0.09930398000629112
1233,266.0,0.0,14.038308339618407,3.6330116687217036e-06,0.09930434245355656
1234,266.0,0.0,14.03833393790751,3.6330315427087307e-06,0.09930470460881399
1235,266.0,0.0,14.038359515543302,3.6330514007333347e-06,0.09930506647253537
1236,266.0,0.0,14.038385072559144,3.633071242821253e-06,0.0993054280451913
1237,266.0,0.0,14.038410608988347,3.633091068998166e-06,0.09930578932725133
1238,266.0,0.0,14.038436124864125,3.633110879289689e-06,0.09930615031918377
1239,266.0,0.0,14.038461620219618,3.63313067372138e-06,0.09930651102145596
1240,266.0,0.0,14.038487095087888,3.6331504523187313e-06,0.09930687143453404
1241,266.0,0.0,14.03851254950191,3.6331702151071715e-06,0.09930723155888292
1242,266.0,0.0,14.038537983494583,3.6331899621120743e-06,0.09930759139496655
1243,266.0,0.0,14.038563397098727,3.6332096933587482e-06,0.09930795094324768
1244,266.0,0.0,14.038588790347085,3.633229408872439e-06,0.09930831020418789
1245,266.0,0.0,14.038614163272314,3.6332491086783366e-06,0.0993086691782478
1246,266.0,0.0,14.038639515907002,3.633268792801569e-06,0.09930902786588679
1247,266.0,0.0,14.038664848283652,3.6332884612671995e-06,0.09930938626756315
1248,266.0,0.0,14.038690160434692,3.633308114100241e-06,0.09930974438373423
1249,266.0,0.0,14.03871545239247,3.6333277513256325e-06,0.09931010221485599
1250,266.0,0.0,14.038740724189251,3.6333473729682627e-06,0.09931045976138357
1251,266.0,0.0,14.03876597585724,3.6333669790529645e-06,0.09931081702377088
1252,266.0,0.0,14.038791207428547,3.633386569604502e-06,0.09931117400247082
1253,266.0,0.0,14.03881641893521,3.633406144647579e-06,0.09931153069793502
1254,266.0,0.0,14.0388416104092,3.6334257042068517e-06,0.09931188711061428
1255,266.0,0.0,14.038866781882394,3.6334452483069093e-06,0.09931224324095819
1256,266.0,0.0,14.038891933386608,3.6334647769722843e-06,0.09931259908941534
1257,266.0,0.0,14.038917064953583,3.633484290227452e-06,0.09931295465643321
1258,266.0,0.0,14.038942176614965,3.6335037880968203e-06,0.09931330994245803
1259,266.0,0.0,14.038967268402347,3.6335232706047578e-06,0.09931366494793538
1260,266.0,0.0,14.038992340347237,3.633542737775555e-06,0.0993140196733094
1261,266.0,0.0,14.03901739248107,3.633562189633463e-06,0.0993143741190234
1262,266.0,0.0,14.039042424835195,3.6335816262026567e-06,0.0993147282855195
1263,266.0,0.0,14.039067437440906,3.6336010475072668e-06,0.09931508217323884
1264,266.0,0.0,14.039092430329411,3.6336204535713646e-06,0.09931543578262149
1265,266.0,0.0,14.039117403531844,3.6336398444189615e-06,0.09931578911410656
1266,266.0,0.0,14.039142357079275,3.6336592200740154e-06,0.09931614216813202
1267,266.0,0.0,14.039167291002682,3.6336785805604235e-06,0.0993164949451348
1268,266.0,0.0,14.039192205332986,3.6336979259020317e-06,0.09931684744555086
1269,266.0,0.0,14.039217100101034,3.6337172561226253e-06,0.09931719966981507
1270,266.0,0.0,14.039241975337594,3.633736571245935e-06,0.0993175516183614
1271,266.0,0.0,14.039266831073355,3.633755871295634e-06,0.09931790329162256
1272,266.0,0.0,14.03929166733895,3.633775156295342e-06,0.09931825469003047
1273,266.0,0.0,14.039316484164932,3.633794426268625e-06,0.09931860581401594
1274,266.0,0.0,14.039341281581777,3.633813681238988e-06,0.09931895666400875
1275,266.0,0.0,14.039366059619898,3.633832921229888e-06,0.09931930724043778
1276,266.0,0.0,14.039390818309634,3.6338521462647197e-06,0.09931965754373075
1277,266.0,0.0,14.039415557681247,3.6338713563668257e-06,0.09932000757431443
1278,266.0,0.0,14.039440277764935,3.633890551559499e-06,0.09932035733261461
1279,266.0,0.0,14.039464978590821,3.6339097318659687e-06,0.09932070681905611
1280,266.0,0.0,14.039489660188957,3.633928897309414e-06,0.0993210560340627
1281,266.0,0.0,14.039514322589334,3.6339480479129604e-06,0.09932140497805711
1282,266.0,0.0,14.03953896582186,3.633967183699683e-06,0.09932175365146127
1283,266.0,0.0,14.03956358991638,3.6339863046925982e-06,0.09932210205469601
1284,266.0,0.0,14.039588194902668,3.6340054109146666e-06,0.099322450188181
1285,266.0,0.0,14.03961278081043,3.634024502388801e-06,0.09932279805233533
1286,266.0,0.0,14.039637347669297,3.634043579137858e-06,0.09932314564757673
1287,266.0,0.0,14.039661895508837,3.6340626411846417e-06,0.0993234929743222
1288,266.0,0.0,14.03968642435855,3.6340816885518993e-06,0.0993238400329876
1289,266.0,0.0,14.039710934247857,3.6341007212623304e-06,0.09932418682398793
1290,266.0,0.0,14.03973542520613,3.6341197393385843e-06,0.09932453334773732
1291,266.0,0.0,14.039759897262654,3.6341387428032526e-06,0.09932487960464878
1292,266.0,0.0,14.039784350446652,3.634157731678869e-06,0.09932522559513425
1293,266.0,0.0,14.039808784787287,3.6341767059879318e-06,0.09932557131960508
1294,266.0,0.0,14.039833200313634,3.634195665752864e-06,0.09932591677847127
1295,266.0,0.0,14.039857597054727,3.634214610996061e-06,0.09932626197214225
1296,266.0,0.0,14.039881975039519,3.634233541739854e-06,0.09932660690102621
1297,266.0,0.0,14.03990633429689,3.6342524580065177e-06,0.09932695156553048
1298,266.0,0.0,14.039930674855674,3.63427135981829e-06,0.09932729596606153
1299,266.0,0.0,14.039954996744612,3.6342902471973413e-06,0.0993276401030248
1300,266.0,0.0,14.039979299992396,3.6343091201658047e-06,0.09932798397682488
1301,266.0,0.0,14.040003584627646,3.6343279787457504e-06,0.09932832758786522
1302,266.0,0.0,14.040027850678921,3.6343468229592126e-06,0.09932867093654875
1303,266.0,0.0,14.040052098174707,3.634365652828155e-06,0.09932901402327696
1304,266.0,0.0,14.040076327143435,3.6343844683745125e-06,0.09932935684845083
1305,266.0,0.0,14.040100537613457,3.6344032696201524e-06,0.09932969941247025
1306,266.0,0.0,14.040124729613067,3.634422056586901e-06,0.0993300417157341
1307,266.0,0.0,14.0401489031705,3.634440829296536e-06,0.09933038375864069
1308,266.0,0.0,14.040173058313915,3.6344595877707756e-06,0.09933072554158696
1309,266.0,0.0,14.040197195071416,3.6344783320312948e-06,0.09933106706496923
1310,266.0,0.0,14.040221313471038,3.6344970620997244e-06,0.09933140832918295
1311,266.0,0.0,14.040245413540744,3.634515777997631e-06,0.09933174933462238
1312,266.0,0.0,14.04026949530845,3.6345344797465493e-06,0.09933209008168122
1313,266.0,0.0,14.040293558802004,3.6345531673679515e-06,0.09933243057075204
1314,266.0,0.0,14.040317604049175,3.6345718408832676e-06,0.0993327708022266
1315,266.0,0.0,14.040341631077686,3.634590500313877e-06,0.0993331107764958
1316,266.0,0.0,14.040365639915189,3.6346091456811114e-06,0.09933345049394958
1317,266.0,0.0,14.040389630589276,3.6346277770062504e-06,0.09933378995497698
1318,266.0,0.0,14.040413603127472,3.634646394310531e-06,0.09933412915996624
1319,266.0,0.0,14.040437557557244,3.6346649976151345e-06,0.09933446810930464
1320,266.0,0.0,14.040461493905994,3.6346835869412002e-06,0.09933480680337858
1321,266.0,0.0,14.04048541220107,3.6347021623098244e-06,0.09933514524257378
1322,266.0,0.0,14.04050931246974,3.6347207237420424e-06,0.09933548342727479
1323,266.0,0.0,14.04053319473923,3.6347392712588503e-06,0.09933582135786541
1324,266.0,0.0,14.040557059036685,3.6347578048811952e-06,0.09933615903472869
1325,266.0,0.0,14.040580905389211,3.6347763246299782e-06,0.09933649645824665
1326,266.0,0.0,14.040604733823828,3.6347948305260456e-06,0.09933683362880039
1327,266.0,0.0,14.04062854436752,3.6348133225902106e-06,0.09933717054677044
1328,266.0,0.0,14.040652337047186,3.634831800843227e-06,0.09933750721253624
1329,266.0,0.0,14.040676111889685,3.6348502653058103e-06,0.09933784362647645
1330,266.0,0.0,14.040699868921795,3.6348687159986157e-06,0.09933817978896867
1331,266.0,0.0,14.04072360817026,3.6348871529422756e-06,0.09933851570039011
1332,266.0,0.0,14.040747329661736,3.6349055761573525e-06,0.09933885136111667
1333,266.0,0.0,14.040771033422839,3.6349239856643785e-06,0.09933918677152372
1334,266.0,0.0,14.040794719480113,3.6349423814838295e-06,0.09933952193198563
1335,266.0,0.0,14.040818387860053,3.634960763636141e-06,0.0993398568428759
1336,266.0,0.0,14.040842038589085,3.6349791321416993e-06,0.09934019150456724
1337,266.0,0.0,14.040865671693577,3.634997487020847e-06,0.09934052591743157
1338,266.0,0.0,14.040889287199848,3.6350158282938863e-06,0.09934086008184001
1339,266.0,0.0,14.040912885134148,3.6350341559810635e-06,0.09934119399816274
1340,266.0,0.0,14.04093646552266,3.635052470102585e-06,0.09934152766676908
1341,266.0,0.0,14.040960028391538,3.635070770678616e-06,0.0993418610880277
1342,266.0,0.0,14.040983573766843,3.6350890577292697e-06,0.09934219426230632
1343,266.0,0.0,14.041007101674603,3.635107331274618e-06,0.09934252718997184
1344,266.0,0.0,14.041030612140773,3.635125591334688e-06,0.09934285987139037
1345,266.0,0.0,14.041054105191261,3.635143837929465e-06,0.0993431923069273
1346,266.0,0.0,14.041077580851907,3.635162071078878e-06,0.09934352449694692
1347,266.0,0.0,14.0411010391485,3.6351802908028282e-06,0.09934385644181305
1348,266.0,0.0,14.04112448010677,3.6351984971211633e-06,0.09934418814188854
1349,266.0,0.0,14.041147903752393,3.635216690053688e-06,0.0993445195975354
1350,266.0,0.0,14.041171310110979,3.6352348696201625e-06,0.09934485080911491
1351,266.0,0.0,14.041194699208095,3.6352530358403047e-06,0.09934518177698747
1352,266.0,0.0,14.041218071069236,3.63527118873379e-06,0.09934551250151284
1353,266.0,0.0,14.04124142571985,3.6352893283202432e-06,0.0993458429830497
1354,266.0,0.0,14.041264763185325,3.6353074546192568e-06,0.09934617322195624
1355,266.0,0.0,14.041288083491,3.635325567650376e-06,0.09934650321858979
1356,266.0,0.0,14.041311386662143,3.6353436674330916e-06,0.09934683297330661
1357,266.0,0.0,14.041334672723988,3.6353617539868743e-06,0.09934716248646264
1358,266.0,0.0,14.041357941701687,3.635379827331127e-06,0.09934749175841265
1359,266.0,0.0,14.041381193620357,3.6353978874852254e-06,0.09934782078951074
1360,266.0,0.0,14.041404428505059,3.6354159344685006e-06,0.09934814958011032
1361,266.0,0.0,14.041427646380777,3.6354339683002367e-06,0.09934847813056397
1362,266.0,0.0,14.041450847272468,3.635451988999679e-06,0.09934880644122339
1363,266.0,0.0,14.04147403120502,3.635469996586027e-06,0.09934913451243968
1364,266.0,0.0,14.041497198203267,3.635487991078443e-06,0.09934946234456306
1365,266.0,0.0,14.041520348291984,3.635505972496042e-06,0.099349789937943
1366,266.0,0.0,14.041543481495905,3.635523940857907e-06,0.09935011729292832
1367,266.0,0.0,14.041566597839696,3.6355418961830617e-06,0.09935044440986676
1368,266.0,0.0,14.041589697347982,3.6355598384905064e-06,0.09935077128910566
1369,266.0,0.0,14.041612780045314,3.635577767799187e-06,0.0993510979309914
1370,266.0,0.0,14.041635845956216,3.635595684128017e-06,0.09935142433586971
1371,266.0,0.0,14.041658895105137,3.635613587495858e-06,0.09935175050408529
1372,266.0,0.0,14.041681927516478,3.6356314779215444e-06,0.0993520764359826
1373,266.0,0.0,14.041704943214594,3.635649355423856e-06,0.09935240213190477
1374,266.0,0.0,14.04172794222378,3.6356672200215403e-06,0.09935272759219461
1375,266.0,0.0,14.04175092456828,3.6356850717333043e-06,0.09935305281719409
1376,266.0,0.0,14.041773890272282,3.6357029105778073e-06,0.09935337780724424
1377,266.0,0.0,14.041796839359925,3.635720736573671e-06,0.0993537025626855
1378,266.0,0.0,14.041819771855296,3.635738549739483e-06,0.09935402708385768
1379,266.0,0.0,14.041842687782426,3.635756350093782e-06,0.09935435137109958
1380,266.0,0.0,14.0418655871653,3.635774137655069e-06,0.0993546754247495
1381,266.0,0.0,14.04188847002784,3.6357919124418076e-06,0.09935499924514489
1382,266.0,0.0,14.041911336393929,3.6358096744724167e-06,0.09935532283262248
1383,266.0,0.0,14.041934186287392,3.6358274237652825e-06,0.09935564618751828
1384,266.0,0.0,14.041957019732,3.6358451603387424e-06,0.09935596931016762
1385,266.0,0.0,14.041979836751475,3.6358628842111037e-06,0.09935629220090507
1386,266.0,0.0,14.042002637369485,3.6358805954006227e-06,0.09935661486006442
1387,266.0,0.0,14.042025421609656,3.635898293925527e-06,0.0993569372879788
1388,266.0,0.0,14.042048189495553,3.6359159798040022e-06,0.09935725948498063
1389,266.0,0.0,14.042070941050698,3.6359336530541917e-06,0.09935758145140156
1390,266.0,0.0,14.04209367629855,3.635951313694201e-06,0.09935790318757265
1391,266.0,0.0,14.042116395262529,3.635968961742093e-06,0.09935822469382398
1392,266.0,0.0,14.042139097966004,3.635986597215904e-06,0.09935854597048534
1393,266.0,0.0,14.042161784432286,3.636004220133616e-06,0.09935886701788532
1394,266.0,0.0,14.042184454684646,3.6360218305131836e-06,0.09935918783635217
1395,266.0,0.0,14.042207108746291,3.6360394283725152e-06,0.09935950842621331
1396,266.0,0.0,14.042229746640395,3.636057013729488e-06,0.09935982878779541
1397,266.0,0.0,14.042252368390066,3.636074586601934e-06,0.09936014892142452
1398,266.0,0.0,14.042274974018381,3.6360921470076565e-06,0.09936046882742604
1399,266.0,0.0,14.042297563548349,3.6361096949644106e-06,0.09936078850612452
1400,266.0,0.0,14.042320137002937,3.6361272304899142e-06,0.09936110795784381
1401,266.0,0.0,14.042342694405065,3.6361447536018557e-06,0.09936142718290727
1402,266.0,0.0,14.042365235777606,3.6361622643178783e-06,0.09936174618163746
1403,266.0,0.0,14.042387761143376,3.636179762655587e-06,0.09936206495435605
1404,266.0,0.0,14.042410270525147,3.636197248632562e-06,0.0993623835013845
1405,266.0,0.0,14.042432763945646,3.6362147222663235e-06,0.099362701823043
1406,266.0,0.0,14.042455241427547,3.6362321835743756e-06,0.0993630199196516
1407,266.0,0.0,14.042477702993466,3.6362496325741685e-06,0.09936333779152923
1408,266.0,0.0,14.042500148665995,3.6362670692831344e-06,0.09936365543899447
1409,266.0,0.0,14.04252257846766,3.636284493718648e-06,0.09936397286236498
1410,266.0,0.0,14.042544992420938,3.6363019058980597e-06,0.09936429006195788
1411,266.0,0.0,14.04256739054827,3.6363193058386815e-06,0.09936460703808969
1412,266.0,0.0,14.042589772872036,3.6363366935577837e-06,0.09936492379107603
1413,266.0,0.0,14.042612139414583,3.6363540690726057e-06,0.09936524032123198
1414,266.0,0.0,14.042634490198198,3.636371432400347e-06,0.09936555662887196
1415,266.0,0.0,14.042656825245134,3.636388783558177e-06,0.09936587271430991
1416,266.0,0.0,14.042679144577578,3.6364061225632164e-06,0.09936618857785862
1417,266.0,0.0,14.042701448217684,3.6364234494325593e-06,0.0993665042198306
1418,266.0,0.0,14.042723736187558,3.636440764183263e-06,0.09936681964053769
1419,266.0,0.0,14.042746008509253,3.6364580668323445e-06,0.09936713484029087
1420,266.0,0.0,14.042768265204778,3.6364753573967834e-06,0.0993674498194006
1421,266.0,0.0,14.042790506296107,3.6364926358935405e-06,0.0993677645781768
1422,266.0,0.0,14.042812731805155,3.6365099023395204e-06,0.09936807911692855
1423,266.0,0.0,14.042834941753782,3.636527156751593e-06,0.09936839343596414
1424,266.0,0.0,14.042857136163825,3.6365443991466134e-06,0.09936870753559163
1425,266.0,0.0,14.04287931505706,3.6365616295413765e-06,0.09936902141611813
1426,266.0,0.0,14.042901478455224,3.6365788479526593e-06,0.09936933507785022
1427,266.0,0.0,14.04292362638,3.6365960543971944e-06,0.09936964852109373
1428,266.0,0.0,14.042945758853035,3.6366132488916816e-06,0.099369961746154
1429,266.0,0.0,14.04296787589592,3.636630431452785e-06,0.09937027475333551
1430,266.0,0.0,14.042989977530214,3.6366476020971383e-06,0.09937058754294237
1431,266.0,0.0,14.04301206377742,3.6366647608413383e-06,0.09937090011527791
1432,266.0,0.0,14.043034134659004,3.6366819077019438e-06,0.09937121247064482
1433,266.0,0.0,14.043056190196374,3.636699042695476e-06,0.09937152460934505
1434,266.0,0.0,14.043078230410908,3.636716165838431e-06,0.09937183653168018
1435,266.0,0.0,14.043100255323935,3.6367332771472704e-06,0.09937214823795103
1436,266.0,0.0,14.043122264956734,3.636750376638412e-06,0.09937245972845779
1437,266.0,0.0,14.043144259330546,3.6367674643282454e-06,0.09937277100349991
1438,266.0,0.0,14.043166238466561,3.6367845402331254e-06,0.09937308206337638
1439,266.0,0.0,14.043188202385936,3.636801604369375e-06,0.0993733929083856
1440,266.0,0.0,14.043210151109772,3.636818656753279e-06,0.09937370353882514
1441,266.0,0.0,14.043232084659135,3.6368356974010924e-06,0.09937401395499222
1442,266.0,0.0,14.043254003055035,3.636852726329026e-06,0.09937432415718299
1443,266.0,0.0,14.043275906318454,3.636869743553276e-06,0.09937463414569367
1444,266.0,0.0,14.043297794470321,3.636886749089995e-06,0.09937494392081937
1445,266.0,0.0,14.043319667531524,3.6369037429552915e-06,0.09937525348285453
1446,266.0,0.0,14.043341525522905,3.6369207251652565e-06,0.09937556283209334
1447,266.0,0.0,14.04336336846527,3.6369376957359424e-06,0.0993758719688291
1448,266.0,0.0,14.043385196379367,3.636954654683365e-06,0.09937618089335463
1449,266.0,0.0,14.043407009285925,3.636971602023513e-06,0.09937648960596215
1450,266.0,0.0,14.043428807205602,3.6369885377723377e-06,0.09937679810694322
1451,266.0,0.0,14.043450590159038,3.6370054619457583e-06,0.09937710639658877
1452,266.0,0.0,14.043472358166818,3.6370223745596615e-06,0.09937741447518919
1453,266.0,0.0,14.043494111249482,3.6370392756299023e-06,0.09937772234303427
1454,266.0,0.0,14.043515849427534,3.6370561651723026e-06,0.09937803000041323
1455,266.0,0.0,14.04353757272144,3.6370730432026493e-06,0.0993783374476146
1456,266.0,0.0,14.043559281151603,3.6370899097366993e-06,0.09937864468492644
1457,266.0,0.0,14.043580974738417,3.63710676479018e-06,0.0993789517126361
1458,266.0,0.0,14.043602653502203,3.63712360837878e-06,0.09937925853103041
1459,266.0,0.0,14.043624317463259,3.637140440518159e-06,0.09937956514039553
1460,266.0,0.0,14.043645966641828,3.637157261223945e-06,0.09937987154101713
1461,266.0,0.0,14.043667601058125,3.637174070511734e-06,0.09938017773318032
1462,266.0,0.0,14.043689220732317,3.6371908683970874e-06,0.09938048371716948
1463,266.0,0.0,14.043710825684528,3.637207654895537e-06,0.09938078949326849
1464,266.0,0.0,14.043732415934846,3.6372244300225895e-06,0.09938109506176075
1465,266.0,0.0,14.043753991503305,3.6372411937937003e-06,0.09938140042292883
1466,266.0,0.0,14.043775552409924,3.637257946224319e-06,0.09938170557705502
1467,266.0,0.0,14.043797098674645,3.637274687329838e-06,0.09938201052442065
1468,266.0,0.0,14.043818630317409,3.6372914171256463e-06,0.0993823152653071
1469,266.0,0.0,14.043840147358079,3.637308135627072e-06,0.0993826197999944
1470,266.0,0.0,14.04386164981651,3.6373248428494364e-06,0.09938292412876266
1471,266.0,0.0,14.043883137712486,3.637341538808012e-06,0.09938322825189101
1472,266.0,0.0,14.04390461106578,3.637358223518052e-06,0.0993835321696582
1473,266.0,0.0,14.043926069896104,3.6373748969947746e-06,0.09938383588234243
1474,266.0,0.0,14.043947514223133,3.6373915592533654e-06,0.09938413939022119
1475,266.0,0.0,14.04396894406651,3.637408210308978e-06,0.09938444269357148
1476,266.0,0.0,14.04399035944584,3.637424850176743e-06,0.09938474579266987
1477,266.0,0.0,14.04401176038067,3.6374414788717502e-06,0.09938504868779209
1478,266.0,0.0,14.044033146890524,3.637458096409066e-06,0.09938535137921357
1479,266.0,0.0,14.044054518994885,3.6374747028037252e-06,0.09938565386720913
1480,266.0,0.0,14.044075876713194,3.6374912980707335e-06,0.0993859561520529
1481,266.0,0.0,14.044097220064845,3.6375078822250544e-06,0.09938625823401852
1482,266.0,0.0,14.044118549069204,3.6375244552816395e-06,0.09938656011337918
1483,266.0,0.0,14.044139863745592,3.6375410172554003e-06,0.09938686179040739
1484,266.0,0.0,14.044161164113294,3.637557568161215e-06,0.09938716326537513
1485,266.0,0.0,14.044182450191553,3.637574108013937e-06,0.09938746453855386
1486,266.0,0.0,14.04420372199958,3.6375906368283953e-06,0.09938776561021465
1487,266.0,0.0,14.044224979556535,3.637607154619374e-06,0.09938806648062758
1488,266.0,0.0,14.04424622288155,3.637623661401641e-06,0.09938836715006273
1489,266.0,0.0,14.044267451993711,3.637640157189926e-06,0.09938866761878923
1490,266.0,0.0,14.044288666912077,3.637656641998938e-06,0.09938896788707588
1491,266.0,0.0,14.044309867655652,3.6376731158433466e-06,0.09938926795519083
1492,266.0,0.0,14.04433105424342,3.6376895787377983e-06,0.09938956782340175
1493,266.0,0.0,14.044352226694311,3.637706030696906e-06,0.09938986749197574
1494,266.0,0.0,14.044373385027221,3.637722471735255e-06,0.09939016696117936
1495,266.0,0.0,14.044394529261027,3.6377389018674125e-06,0.09939046623127884
1496,266.0,0.0,14.04441565941453,3.637755321107892e-06,0.09939076530253947
1497,266.0,0.0,14.044436775506533,3.6377717294712e-06,0.09939106417522636
1498,266.0,0.0,14.044457877555772,3.637788126971804e-06,0.0993913628496039
1499,266.0,0.0,14.044478965580964,3.6378045136241446e-06,0.09939166132593605
1500,266.0,0.0,14.044500039600782,3.6378208894426353e-06,0.09939195960448624
1501,266.0,0.0,14.044521099633862,3.6378372544416603e-06,0.09939225768551732
1502,266.0,0.0,14.044542145698797,3.6378536086355722e-06,0.09939255556929162
1503,266.0,0.0,14.044563177814153,3.637869952038693e-06,0.099392853256071
1504,266.0,0.0,14.044584195998452,3.6378862846653267e-06,0.09939315074611671
1505,266.0,0.0,14.044605200270185,3.63790260652974e-06,0.0993934480396896
1506,266.0,0.0,14.0446261906478,3.6379189176461746e-06,0.0993937451370499
1507,266.0,0.0,14.044647167149707,3.6379352180288372e-06,0.09939404203845735
1508,266.0,0.0,14.044668129794287,3.637951507691918e-06,0.0993943387441712
1509,266.0,0.0,14.04468907859989,3.6379677866495726e-06,0.09939463525445018
1510,266.0,0.0,14.044710013584801,3.6379840549159273e-06,0.09939493156955252
1511,266.0,0.0,14.044730934767305,3.6380003125050807e-06,0.09939522768973584
1512,266.0,0.0,14.044751842165622,3.6380165594311044e-06,0.0993955236152573
1513,266.0,0.0,14.044772735797956,3.638032795708044e-06,0.09939581934637366
1514,266.0,0.0,14.044793615682462,3.6380490213499186e-06,0.09939611488334107
1515,266.0,0.0,14.044814481837262,3.6380652363707116e-06,0.09939641022641513
1516,266.0,0.0,14.044835334280455,3.6380814407843897e-06,0.09939670537585109
1517,266.0,0.0,14.044856173030082,3.638097634604882e-06,0.09939700033190352
1518,266.0,0.0,14.044876998104161,3.6381138178460944e-06,0.09939729509482655
1519,266.0,0.0,14.044897809520672,3.6381299905219083e-06,0.09939758966487393
1520,266.0,0.0,14.044918607297564,3.638146152646174e-06,0.09939788404229866
1521,266.0,0.0,14.044939391452747,3.638162304232716e-06,0.09939817822735357
1522,266.0,0.0,14.044960162004095,3.638178445295328e-06,0.09939847222029062
1523,266.0,0.0,14.044980918969449,3.638194575847782e-06,0.09939876602136155
1524,266.0,0.0,14.04500166236661,3.6382106959038224e-06,0.09939905963081755
1525,266.0,0.0,14.045022392213346,3.6382268054771623e-06,0.09939935304890922
1526,266.0,0.0,14.045043108527398,3.6382429045814898e-06,0.09939964627588675
1527,266.0,0.0,14.045063811326465,3.638258993230473e-06,0.09939993931199996
1528,266.0,0.0,14.045084500628205,3.638275071437738e-06,0.0994002321574978
1529,266.0,0.0,14.045105176450251,3.6382911392168943e-06,0.09940052481262904
1530,266.0,0.0,14.045125838810206,3.638307196581534e-06,0.09940081727764208
1531,266.0,0.0,14.045146487725622,3.6383232435452018e-06,0.09940110955278446
1532,266.0,0.0,14.045167123214034,3.6383392801214287e-06,0.0994014016383035
1533,266.0,0.0,14.045187745292928,3.638355306323723e-06,0.09940169353444597
1534,266.0,0.0,14.045208353979769,3.6383713221655527e-06,0.0994019852414581
1535,266.0,0.0,14.045228949291971,3.6383873276603707e-06,0.09940227675958575
1536,266.0,0.0,14.045249531246938,3.6384033228216022e-06,0.09940256808907423
1537,266.0,0.0,14.045270099862014,3.6384193076626428e-06,0.0994028592301684
1538,266.0,0.0,14.045290655154533,3.638435282196862e-06,0.09940315018311251
1539,266.0,0.0,14.045311197141777,3.6384512464376115e-06,0.09940344094815062
1540,266.0,0.0,14.045331725840997,3.6384672003982025e-06,0.09940373152552602
1541,266.0,0.0,14.045352241269422,3.6384831440919334e-06,0.09940402191548174
1542,266.0,0.0,14.04537274344424,3.63849907753207e-06,0.09940431211826016
1543,266.0,0.0,14.045393232382603,3.6385150007318553e-06,0.09940460213410335
1544,266.0,0.0,14.045413708101634,3.6385309137045055e-06,0.09940489196325282
1545,266.0,0.0,14.045434170618421,3.6385468164632097e-06,0.09940518160594965
1546,266.0,0.0,14.045454619950018,3.6385627090211334e-06,0.09940547106243436
1547,266.0,0.0,14.045475056113451,3.6385785913914234e-06,0.09940576033294729
1548,266.0,0.0,14.045495479125703,3.63859446358718e-06,0.0994060494177278
1549,266.0,0.0,14.045515889003735,3.6386103256215035e-06,0.09940633831701533
1550,266.0,0.0,14.045536285764468,3.63862617750745e-06,0.09940662703104848
1551,266.0,0.0,14.045556669424794,3.638642019258067e-06,0.09940691556006567
1552,266.0,0.0,14.045577040001572,3.6386578508863583e-06,0.09940720390430456
1553,266.0,0.0,14.045597397511623,3.638673672405316e-06,0.09940749206400257
1554,266.0,0.0,14.045617741971745,3.6386894838279036e-06,0.09940778003939664
1555,266.0,0.0,14.045638073398697,3.6387052851670586e-06,0.09940806783072323
1556,266.0,0.0,14.045658391809203,3.6387210764356928e-06,0.09940835543821822
1557,266.0,0.0,14.045678697219968,3.638736857646699e-06,0.09940864286211723
1558,266.0,0.0,14.045698989647649,3.6387526288129347e-06,0.09940893010265532
1559,266.0,0.0,14.045719269108883,3.638768389947244e-06,0.0994092171600671
1560,266.0,0.0,14.045739535620264,3.638784141062439e-06,0.09940950403458684
1561,266.0,0.0,14.045759789198366,3.638799882171309e-06,0.09940979072644814
1562,266.0,0.0,14.045780029859726,3.638815613286624e-06,0.09941007723588446
1563,266.0,0.0,14.045800257620842,3.638831334421116e-06,0.09941036356312842
1564,266.0,0.0,14.045820472498187,3.6388470455875055e-06,0.09941064970841251
1565,266.0,0.0,14.045840674508211,3.638862746798491e-06,0.09941093567196876
1566,266.0,0.0,14.045860863667322,3.638878438066731e-06,0.09941122145402853
1567,266.0,0.0,14.045881039991892,3.6388941194048732e-06,0.09941150705482296
1568,266.0,0.0,14.045901203498268,3.6389097908255346e-06,0.09941179247458262
1569,266.0,0.0,14.045921354202774,3.6389254523413136e-06,0.09941207771353769
1570,266.0,0.0,14.04594149212169,3.6389411039647846e-06,0.09941236277191806
1571,266.0,0.0,14.045961617271267,3.638956745708483e-06,0.09941264764995272
1572,266.0,0.0,14.045981729667735,3.638972377584945e-06,0.0994129323478708
1573,266.0,0.0,14.046001829327283,3.6389879996066666e-06,0.09941321686590066
1574,266.0,0.0,14.04602191626607,3.639003611786124e-06,0.09941350120427028
1575,266.0,0.0,14.046041990500225,3.6390192141357614e-06,0.09941378536320711
1576,266.0,0.0,14.046062052045853,3.6390348066680202e-06,0.09941406934293848
1577,266.0,0.0,14.04608210091902,3.639050389395299e-06,0.09941435314369095
1578,266.0,0.0,14.046102137135765,3.6390659623299765e-06,0.09941463676569075
1579,266.0,0.0,14.046122160712091,3.6390815254844133e-06,0.09941492020916379
1580,266.0,0.0,14.046142171663986,3.639097078870947e-06,0.09941520347433545
1581,266.0,0.0,14.046162170007385,3.6391126225018834e-06,0.09941548656143077
1582,266.0,0.0,14.046182155758217,3.6391281563895162e-06,0.09941576947067426
1583,266.0,0.0,14.046202128932357,3.6391436805461047e-06,0.09941605220229
1584,266.0,0.0,14.046222089545674,3.6391591949838934e-06,0.09941633475650177
1585,266.0,0.0,14.046242037613984,3.6391746997150966e-06,0.09941661713353274
1586,266.0,0.0,14.04626197315309,3.6391901947519133e-06,0.09941689933360587
1587,266.0,0.0,14.04628189617876,3.6392056801065183e-06,0.0994171813569436
1588,266.0,0.0,14.046301806706726,3.639221155791054e-06,0.09941746320376789
1589,266.0,0.0,14.0463217047527,3.639236621817654e-06,0.09941774487430038
1590,266.0,0.0,14.046341590332364,3.639252078198418e-06,0.09941802636876224
1591,266.0,0.0,14.046361463461357,3.6392675249454277e-06,0.09941830768737428
1592,266.0,0.0,14.046381324155302,3.639282962070739e-06,0.09941858883035679
1593,266.0,0.0,14.04640117242979,3.6392983895863908e-06,0.09941886979792967
1594,266.0,0.0,14.046421008300378,3.6393138075043914e-06,0.09941915059031252
1595,266.0,0.0,14.046440831782606,3.639329215836738e-06,0.09941943120772449
1596,266.0,0.0,14.046460642891962,3.6393446145953933e-06,0.09941971165038416
1597,266.0,0.0,14.046480441643935,3.6393600037923063e-06,0.09941999191850995
1598,266.0,0.0,14.04650022805395,3.6393753834393937e-06,0.0994202720123196
1599,266.0,0.0,14.046520002137434,3.6393907535485606e-06,0.09942055193203066
1600,266.0,0.0,14.046539763909774,3.639406114131686e-06,0.0994208316778602
1601,266.0,0.0,14.04655951338632,3.6394214652006245e-06,0.09942111125002485
1602,266.0,0.0,14.046579250582408,3.6394368067672117e-06,0.09942139064874088
1603,266.0,0.0,14.046598975513328,3.6394521388432584e-06,0.09942166987422416
1604,266.0,0.0,14.046618688194362,3.639467461440555e-06,0.09942194892669015
1605,266.0,0.0,14.046638388640744,3.6394827745708685e-06,0.09942222780635379
1606,266.0,0.0,14.046658076867695,3.6394980782459446e-06,0.0994225065134298
1607,266.0,0.0,14.046677752890393,3.6395133724775096e-06,0.09942278504813244
1608,266.0,0.0,14.046697416724003,3.6395286572772645e-06,0.0994230634106755
1609,266.0,0.0,14.046717068383648,3.6395439326568886e-06,0.09942334160127246
1610,266.0,0.0,14.04673670788443,3.639559198628042e-06,0.09942361962013632
1611,266.0,0.0,14.046756335241428,3.6395744552023655e-06,0.09942389746747984
1612,266.0,0.0,14.046775950469677,3.639589702391465e-06,0.0994241751435151
1613,266.0,0.0,14.046795553584206,3.639604940206944e-06,0.09942445264845416
1614,266.0,0.0,14.046815144599995,3.639620168660373e-06,0.09942472998250845
1615,266.0,0.0,14.046834723532005,3.6396353877632957e-06,0.0994250071458889
1616,266.0,0.0,14.04685429039517,3.6396505975272495e-06,0.09942528413880633
1617,266.0,0.0,14.046873845204406,3.639665797963742e-06,0.09942556096147097
1618,266.0,0.0,14.046893387974574,3.6396809890842578e-06,0.09942583761409277
1619,266.0,0.0,14.046912918720537,3.6396961709002613e-06,0.09942611409688121
1620,266.0,0.0,14.046932437457116,3.639711343423202e-06,0.09942639041004547
1621,266.0,0.0,14.046951944199101,3.6397265066644993e-06,0.09942666655379426
1622,266.0,0.0,14.046971438961265,3.639741660635554e-06,0.09942694252833585
1623,266.0,0.0,14.04699092175835,3.6397568053477534e-06,0.09942721833387844
1624,266.0,0.0,14.047010392605067,3.639771940812454e-06,0.09942749397062943
1625,266.0,0.0,14.047029851516108,3.639787067040996e-06,0.09942776943879611
1626,266.0,0.0,14.047049298506124,3.6398021840446985e-06,0.09942804473858528
1627,266.0,0.0,14.047068733589752,3.639817291834855e-06,0.09942831987020337
1628,266.0,0.0,14.0470881567816,3.6398323904227468e-06,0.09942859483385644
1629,266.0,0.0,14.047107568096243,3.6398474798196304e-06,0.0994288696297502
1630,266.0,0.0,14.047126967548229,3.639862560036735e-06,0.0994291442580899
1631,266.0,0.0,14.047146355152096,3.639877631085285e-06,0.09942941871908056
1632,266.0,0.0,14.047165730922332,3.6398926929764696e-06,0.09942969301292674
1633,266.0,0.0,14.047185094873413,3.6399077457214613e-06,0.09942996713983253
1634,266.0,0.0,14.047204447019785,3.639922789331417e-06,0.09943024110000177
1635,266.0,0.0,14.047223787375863,3.639937823817468e-06,0.09943051489363791
1636,266.0,0.0,14.047243115956041,3.639952849190724e-06,0.099430788520944
1637,266.0,0.0,14.047262432774685,3.6399678654622836e-06,0.09943106198212276
1638,266.0,0.0,14.04728173784614,3.6399828726432123e-06,0.09943133527737644
1639,266.0,0.0,14.047301031184707,3.639997870744564e-06,0.09943160840690703
1640,266.0,0.0,14.047320312804688,3.6400128597773696e-06,0.09943188137091605
1641,266.0,0.0,14.047339582720337,3.6400278397526453e-06,0.09943215416960481
1642,266.0,0.0,14.047358840945888,3.6400428106813765e-06,0.09943242680317409
1643,266.0,0.0,14.047378087495552,3.64005777257454e-06,0.09943269927182441
1644,266.0,0.0,14.047397322383512,3.6400727254430793e-06,0.09943297157575577
1645,266.0,0.0,14.047416545623927,3.640087669297932e-06,0.09943324371516804
1646,266.0,0.0,14.047435757230929,3.6401026041500098e-06,0.09943351569026056
1647,266.0,0.0,14.047454957218616,3.6401175300102008e-06,0.09943378750123233
1648,266.0,0.0,14.047474145601083,3.64013244688938e-06,0.09943405914828207
1649,266.0,0.0,14.047493322392373,3.6401473547984e-06,0.09943433063160804
1650,266.0,0.0,14.047512487606516,3.640162253748088e-06,0.09943460195140809
1651,266.0,0.0,14.047531641257525,3.6401771437492634e-06,0.09943487310787993
1652,266.0,0.0,14.047550783359368,3.640192024812715e-06,0.0994351441012207
1653,266.0,0.0,14.047569913926004,3.6402068969492185e-06,0.09943541493162736
1654,266.0,0.0,14.047589032971356,3.6402217601695286e-06,0.09943568559929632
1655,266.0,0.0,14.047608140509332,3.64023661448438e-06,0.09943595610442375
1656,266.0,0.0,14.047627236553806,3.6402514599044875e-06,0.09943622644720547
1657,266.0,0.0,14.047646321118629,3.640266296440544e-06,0.0994364966278369
1658,266.0,0.0,14.047665394217626,3.640281124103229e-06,0.09943676664651314
1659,266.0,0.0,14.047684455864609,3.6402959429032044e-06,0.09943703650342894
1660,266.0,0.0,14.047703506073345,3.640310752851098e-06,0.09943730619877861
1661,266.0,0.0,14.047722544857594,3.64032555395754e-06,0.09943757573275634
1662,266.0,0.0,14.047741572231073,3.640340346233122e-06,0.09943784510555563
1663,266.0,0.0,14.047760588207497,3.6403551296884308e-06,0.09943811431736996
1664,266.0,0.0,14.047779592800536,3.6403699043340224e-06,0.0994383833683922
1665,266.0,0.0,14.047798586023845,3.6403846701804434e-06,0.09943865225881515
1666,266.0,0.0,14.047817567891059,3.6403994272382196e-06,0.09943892098883098
1667,266.0,0.0,14.047836538415773,3.6404141755178486e-06,0.0994391895586316
1668,266.0,0.0,14.047855497611573,3.640428915029826e-06,0.09943945796840875
1669,266.0,0.0,14.047874445492013,3.6404436457846123e-06,0.09943972621835359
1670,266.0,0.0,14.04789338207062,3.6404583677926555e-06,0.09943999430865705
1671,266.0,0.0,14.04791230736091,3.640473081064391e-06,0.09944026223950976
1672,266.0,0.0,14.04793122137636,3.6404877856102273e-06,0.09944053001110191
1673,266.0,0.0,14.047950124130423,3.640502481440552e-06,0.09944079762362336
1674,266.0,0.0,14.047969015636546,3.640517168565747e-06,0.0994410650772637
1675,266.0,0.0,14.047987895908133,3.6405318469961648e-06,0.0994413323722122
1676,266.0,0.0,14.04800676495857,3.6405465167421413e-06,0.09944159950865764
1677,266.0,0.0,14.048025622801218,3.640561177813995e-06,0.0994418664867886
1678,266.0,0.0,14.048044469449415,3.6405758302220257e-06,0.09944213330679331
1679,266.0,0.0,14.048063304916486,3.6405904739765163e-06,0.09944239996885955
1680,266.0,0.0,14.048082129215707,3.6406051090877273e-06,0.09944266647317486
1681,266.0,0.0,14.048100942360355,3.640619735565911e-06,0.09944293281992664
1682,266.0,0.0,14.048119744363671,3.6406343534212836e-06,0.09944319900930143
1683,266.0,0.0,14.048138535238875,3.640648962664065e-06,0.09944346504148607
1684,266.0,0.0,14.04815731499917,3.6406635633044366e-06,0.09944373091666654
1685,266.0,0.0,14.048176083657717,3.640678155352575e-06,0.09944399663502876
1686,266.0,0.0,14.048194841227673,3.640692738818634e-06,0.09944426219675828
1687,266.0,0.0,14.048213587722163,3.6407073137127514e-06,0.0994445276020404
1688,266.0,0.0,14.04823232315429,3.6407218800450413e-06,0.09944479285105984
1689,266.0,0.0,14.048251047537132,3.6407364378256065e-06,0.09944505794400124
1690,266.0,0.0,14.048269760883752,3.6407509870645334e-06,0.09944532288104883
1691,266.0,0.0,14.048288463207172,3.6407655277718803e-06,0.09944558766238648
1692,266.0,0.0,14.048307154520412,3.6407800599576984e-06,0.09944585228819774
1693,266.0,0.0,14.048325834836456,3.640794583632014e-06,0.09944611675866591
1694,266.0,0.0,14.048344504168268,3.640809098804839e-06,0.0994463810739739
1695,266.0,0.0,14.04836316252879,3.6408236054861714e-06,0.09944664523430433
1696,266.0,0.0,14.04838180993094,3.6408381036859804e-06,0.09944690923983938
1697,266.0,0.0,14.048400446387612,3.6408525934142284e-06,0.09944717309076109
1698,266.0,0.0,14.048419071911686,3.640867074680859e-06,0.09944743678725114
1699,266.0,0.0,14.048437686515998,3.6408815474957877e-06,0.09944770032949071
1700,266.0,0.0,14.048456290213391,3.6408960118689277e-06,0.0994479637176609
1701,266.0,0.0,14.048474883016663,3.640910467810166e-06,0.09944822695194239
1702,266.0,0.0,14.048493464938591,3.640924915329369e-06,0.09944849003251544
1703,266.0,0.0,14.04851203599194,3.640939354436395e-06,0.09944875295956011
1704,266.0,0.0,14.048530596189455,3.6409537851410826e-06,0.09944901573325632
1705,266.0,0.0,14.04854914554384,3.6409682074532464e-06,0.09944927835378324
1706,266.0,0.0,14.048567684067793,3.6409826213826915e-06,0.09944954082132008
1707,266.0,0.0,14.048586211773976,3.640997026939198e-06,0.09944980313604558
1708,266.0,0.0,14.048604728675048,3.6410114241325373e-06,0.09945006529813823
1709,266.0,0.0,14.048623234783632,3.6410258129724616e-06,0.09945032730777613
1710,266.0,0.0,14.048641730112326,3.6410401934686967e-06,0.09945058916513715
1711,266.0,0.0,14.048660214673719,3.6410545656309697e-06,0.09945085087039887
1712,266.0,0.0,14.048678688480367,3.641068929468971e-06,0.09945111242373843
1713,266.0,0.0,14.048697151544808,3.6410832849923856e-06,0.09945137382533278
1714,266.0,0.0,14.048715603879558,3.6410976322108837e-06,0.09945163507535855
1715,266.0,0.0,14.048734045497111,3.6411119711341087e-06,0.099451896173992
1716,266.0,0.0,14.048752476409941,3.6411263017716955e-06,0.09945215712140916
1717,266.0,0.0,14.04877089663049,3.6411406241332537e-06,0.09945241791778554
1718,266.0,0.0,14.0487893061712,3.6411549382283895e-06,0.0994526785632967
1719,266.0,0.0,14.048807705044466,3.6411692440666774e-06,0.09945293905811758
1720,266.0,0.0,14.048826093262678,3.641183541657686e-06,0.09945319940242302
1721,266.0,0.0,14.048844470838201,3.641197831010965e-06,0.09945345959638746
1722,266.0,0.0,14.048862837783377,3.6412121121360456e-06,0.09945371964018507
1723,266.0,0.0,14.048881194110526,3.641226385042441e-06,0.09945397953398967
1724,266.0,0.0,14.048899539831941,3.641240649739644e-06,0.09945423927797468
1725,266.0,0.0,14.048917874959912,3.6412549062371488e-06,0.09945449887231361
1726,266.0,0.0,14.048936199506684,3.6412691545444163e-06,0.09945475831717925
1727,266.0,0.0,14.048954513484503,3.6412833946708923e-06,0.0994550176127442
1728,266.0,0.0,14.04897281690557,3.6412976266260122e-06,0.09945527675918088
1729,266.0,0.0,14.048991109782092,3.6413118504191947e-06,0.0994555357566614
1730,266.0,0.0,14.049009392126228,3.6413260660598353e-06,0.09945579460535735
1731,266.0,0.0,14.049027663950136,3.641340273557322e-06,0.0994560533054403
1732,266.0,0.0,14.049045925265947,3.6413544729210187e-06,0.09945631185708134
1733,266.0,0.0,14.049064176085766,3.6413686641602843e-06,0.09945657026045145
1734,266.0,0.0,14.049082416421681,3.641382847284447e-06,0.09945682851572105
1735,266.0,0.0,14.04910064628576,3.64139702230283e-06,0.0994570866230605
1736,266.0,0.0,14.049118865690048,3.6414111892247316e-06,0.09945734458263965
1737,266.0,0.0,14.049137074646573,3.6414253480594456e-06,0.0994576023946283
1738,266.0,0.0,14.049155273167335,3.6414394988162424e-06,0.0994578600591959
1739,266.0,0.0,14.049173461264317,3.6414536415043735e-06,0.0994581175765114
1740,266.0,0.0,14.04919163894949,3.6414677761330792e-06,0.09945837494674367
1741,266.0,0.0,14.049209806234787,3.641481902711585e-06,0.09945863217006123
1742,266.0,0.0,14.049227963132136,3.641496021249097e-06,0.0994588892466323
1743,266.0,0.0,14.04924610965344,3.641510131754809e-06,0.09945914617662488
1744,266.0,0.0,14.04926424581057,3.6415242342378924e-06,0.09945940296020646
1745,266.0,0.0,14.0492823716154,3.6415383287075147e-06,0.09945965959754466
1746,266.0,0.0,14.049300487079758,3.641552415172814e-06,0.09945991608880626
1747,266.0,0.0,14.049318592215478,3.6415664936429263e-06,0.0994601724341583
1748,266.0,0.0,14.049336687034343,3.641580564126954e-06,0.09946042863376708
1749,266.0,0.0,14.049354771548145,3.641594626634006e-06,0.09946068468779898
1750,266.0,0.0,14.049372845768636,3.6416086811731603e-06,0.09946094059641986
1751,266.0,0.0,14.049390909707563,3.6416227277534815e-06,0.0994611963597953
1752,266.0,0.0,14.049408963376633,3.6416367663840195e-06,0.09946145197809078
1753,266.0,0.0,14.049427006787559,3.6416507970738167e-06,0.09946170745147136
1754,266.0,0.0,14.049445039952008,3.641664819831888e-06,0.09946196278010182
1755,266.0,0.0,14.049463062881642,3.641678834667238e-06,0.09946221796414662
1756,266.0,0.0,14.049481075588108,3.6416928415888624e-06,0.09946247300377013
1757,266.0,0.0,14.049499078083018,3.641706840605728e-06,0.09946272789913622
1758,266.0,0.0,14.049517070377972,3.641720831726799e-06,0.09946298265040861
1759,266.0,0.0,14.049535052484549,3.6417348149610123e-06,0.09946323725775062
1760,266.0,0.0,14.049553024414314,3.6417487903173053e-06,0.09946349172132551
1761,266.0,0.0,14.0495709861788,3.641762757804586e-06,0.099463746041296
1762,266.0,0.0,14.049588937789535,3.6417767174317536e-06,0.09946400021782474
1763,266.0,0.0,14.049606879258015,3.641790669207693e-06,0.09946425425107402
1764,266.0,0.0,14.049624810595722,3.641804613141268e-06,0.0994645081412058
1765,266.0,0.0,14.04964273181412,3.6418185492413335e-06,0.09946476188838184
1766,266.0,0.0,14.049660642924648,3.641832477516727e-06,0.09946501549276361
1767,266.0,0.0,14.049678543938732,3.641846397976271e-06,0.09946526895451227
1768,266.0,0.0,14.049696434867778,3.641860310628779e-06,0.09946552227378885
1769,266.0,0.0,14.049714315723167,3.641874215483038e-06,0.0994657754507539
1770,266.0,0.0,14.049732186516263,3.6418881125478278e-06,0.09946602848556782
1771,266.0,0.0,14.04975004725842,3.641902001831916e-06,0.0994662813783908
1772,266.0,0.0,14.049767897960953,3.641915883344043e-06,0.09946653412938251
1773,266.0,0.0,14.049785738635176,3.641929757092946e-06,0.09946678673870263
1774,266.0,0.0,14.049803569292378,3.641943623087347e-06,0.0994670392065104
1775,266.0,0.0,14.049821389943823,3.641957481335949e-06,0.09946729153296488
1776,266.0,0.0,14.049839200600772,3.641971331847443e-06,0.09946754371822485
1777,266.0,0.0,14.04985700127445,3.641985174630502e-06,0.0994677957624488
1778,266.0,0.0,14.049874791976064,3.641999009693784e-06,0.09946804766579484
1779,266.0,0.0,14.049892572716816,3.642012837045939e-06,0.09946829942842104
1780,266.0,0.0,14.049910343507879,3.642026656695599e-06,0.09946855105048509
1781,266.0,0.0,14.049928104360404,3.6420404686513775e-06,0.09946880253214435
1782,266.0,0.0,14.049945855285534,3.6420542729218767e-06,0.09946905387355598
1783,266.0,0.0,14.049963596294386,3.64206806951569e-06,0.09946930507487703
1784,266.0,0.0,14.04998132739806,3.6420818584413854e-06,0.09946955613626393
1785,266.0,0.0,14.049999048607635,3.642095639707527e-06,0.09946980705787323
1786,266.0,0.0,14.050016759934172,3.642109413322652e-06,0.09947005783986083
1787,266.0,0.0,14.050034461388718,3.6421231792952957e-06,0.09947030848238277
1788,266.0,0.0,14.050052152982301,3.6421369376339795e-06,0.09947055898559455
1789,266.0,0.0,14.050069834725921,3.642150688347194e-06,0.09947080934965147
1790,266.0,0.0,14.050087506630575,3.6421644314434373e-06,0.09947105957470871
1791,266.0,0.0,14.050105168707224,3.6421781669311753e-06,0.09947130966092088
1792,266.0,0.0,14.050122820966822,3.6421918948188704e-06,0.09947155960844266
1793,266.0,0.0,14.050140463420314,3.642205615114973e-06,0.09947180941742845
1794,266.0,0.0,14.050158096078603,3.6422193278279077e-06,0.09947205908803207
1795,266.0,0.0,14.050175718952586,3.6422330329660923e-06,0.09947230862040735
1796,266.0,0.0,14.050193332053144,3.642246730537932e-06,0.09947255801470786
1797,266.0,0.0,14.05021093539114,3.642260420551815e-06,0.09947280727108684
1798,266.0,0.0,14.050228528977412,3.6422741030161152e-06,0.0994730563896973
1799,266.0,0.0,14.050246112822792,3.642287777939197e-06,0.099473305370692
1800,266.0,0.0,14.05026368693808,3.642301445329407e-06,0.09947355421422341
1801,266.0,0.0,14.050281251334065,3.6423151051950762e-06,0.09947380292044378
1802,266.0,0.0,14.050298806021518,3.6423287575445247e-06,0.09947405148950511
1803,266.0,0.0,14.050316351011196,3.6423424023860612e-06,0.09947429992155914
1804,266.0,0.0,14.050333886313828,3.6423560397279756e-06,0.09947454821675734
1805,266.0,0.0,14.050351411940133,3.6423696695785443e-06,0.09947479637525097
1806,266.0,0.0,14.050368927900806,3.6423832919460355e-06,0.099475044397191
1807,266.0,0.0,14.050386434206539,3.642396906838699e-06,0.09947529228272815
1808,266.0,0.0,14.050403930867983,3.6424105142647705e-06,0.09947554003201296
1809,266.0,0.0,14.050421417895796,3.6424241142324767e-06,0.09947578764519564
1810,266.0,0.0,14.050438895300593,3.64243770675002e-06,0.0994760351224261
1811,266.0,0.0,14.050456363092994,3.642451291825606e-06,0.09947628246385418
1812,266.0,0.0,14.050473821283598,3.6424648694674163e-06,0.09947652966962932
1813,266.0,0.0,14.050491269882965,3.642478439683614e-06,0.09947677673990081
1814,266.0,0.0,14.05050870890166,3.6424920024823584e-06,0.09947702367481756
1815,266.0,0.0,14.05052613835023,3.6425055578717955e-06,0.09947727047452841
1816,266.0,0.0,14.05054355823919,3.6425191058600468e-06,0.09947751713918179
1817,266.0,0.0,14.050560968579049,3.6425326464552335e-06,0.09947776366892601
1818,266.0,0.0,14.050578369380293,3.6425461796654555e-06,0.09947801006390902
1819,266.0,0.0,14.050595760653403,3.642559705498806e-06,0.09947825632427879
1820,266.0,0.0,14.050613142408823,3.6425732239633543e-06,0.0994785024501826
1821,266.0,0.0,14.050630514656989,3.642586735067166e-06,0.09947874844176786
1822,266.0,0.0,14.050647877408332,3.6426002388182905e-06,0.09947899429918161
1823,266.0,0.0,14.050665230673248,3.642613735224765e-06,0.0994792400225707
1824,266.0,0.0,14.050682574462115,3.6426272242946067e-06,0.09947948561208157
1825,266.0,0.0,14.050699908785312,3.642640706035828e-06,0.0994797310678606
1826,266.0,0.0,14.050717233653188,3.642654180456429e-06,0.09947997639005395
1827,266.0,0.0,14.050734549076077,3.642667647564388e-06,0.09948022157880737
1828,266.0,0.0,14.050751855064297,3.6426811073676805e-06,0.09948046663426648
1829,266.0,0.0,14.050769151628142,3.6426945598742555e-06,0.09948071155657662
1830,266.0,0.0,14.050786438777907,3.6427080050920657e-06,0.09948095634588298
1831,266.0,0.0,14.050803716523856,3.6427214430290382e-06,0.09948120100233042
1832,266.0,0.0,14.050820984876228,3.6427348736930894e-06,0.09948144552606357
1833,266.0,0.0,14.05083824384527,3.6427482970921276e-06,0.09948168991722686
1834,266.0,0.0,14.050855493441189,3.642761713234046e-06,0.09948193417596451
1835,266.0,0.0,14.050872733674197,3.6427751221267223e-06,0.09948217830242043
1836,266.0,0.0,14.050889964554463,3.6427885237780206e-06,0.0994824222967383
1837,266.0,0.0,14.050907186092164,3.6428019181958006e-06,0.09948266615906165
1838,266.0,0.0,14.050924398297441,3.642815305387898e-06,0.09948290988953366
1839,266.0,0.0,14.050941601180439,3.642828685362145e-06,0.09948315348829743
1840,266.0,0.0,14.050958794751264,3.6428420581263553e-06,0.0994833969554957
1841,266.0,0.0,14.050975979020023,3.642855423688333e-06,0.09948364029127096
1842,266.0,0.0,14.050993153996796,3.6428687820558626e-06,0.0994838834957655
1843,266.0,0.0,14.051010319691658,3.64288213323673e-06,0.09948412656912152
1844,266.0,0.0,14.051027476114653,3.6428954772386976e-06,0.09948436951148086
1845,266.0,0.0,14.051044623275816,3.6429088140695138e-06,0.09948461232298499
1846,266.0,0.0,14.051061761185174,3.642922143736923e-06,0.09948485500377545
1847,266.0,0.0,14.05107888985272,3.642935466248651e-06,0.09948509755399342
1848,266.0,0.0,14.051096009288445,3.6429487816124083e-06,0.09948533997377954
1849,266.0,0.0,14.051113119502316,3.642962089835902e-06,0.09948558226327489
1850,266.0,0.0,14.051130220504287,3.6429753909268213e-06,0.09948582442261977
1851,266.0,0.0,14.0511473123043,3.6429886848928444e-06,0.09948606645195446
1852,266.0,0.0,14.051164394912274,3.643001971741633e-06,0.09948630835141895
1853,266.0,0.0,14.051181468338113,3.643015251480839e-06,0.09948655012115301
1854,266.0,0.0,14.051198532591707,3.643028524118106e-06,0.09948679176129625
1855,266.0,0.0,14.05121558768294,3.6430417896610656e-06,0.09948703327198814
1856,266.0,0.0,14.051232633621652,3.6430550481173216e-06,0.09948727465336754
1857,266.0,0.0,14.051249670417693,3.6430682994944853e-06,0.09948751590557349
1858,266.0,0.0,14.051266698080893,3.643081543800145e-06,0.09948775702874461
1859,266.0,0.0,14.051283716621057,3.6430947810418836e-06,0.09948799802301948
1860,266.0,0.0,14.05130072604798,3.6431080112272647e-06,0.09948823888853621
1861,266.0,0.0,14.051317726371439,3.64312123436384e-06,0.09948847962543277
1862,266.0,0.0,14.051334717601202,3.643134450459155e-06,0.09948872023384703
1863,266.0,0.0,14.051351699747014,3.643147659520743e-06,0.09948896071391648
1864,266.0,0.0,14.0513686728186,3.6431608615561147e-06,0.09948920106577848
1865,266.0,0.0,14.051385636825682,3.64317405657278e-06,0.09948944128957013
1866,266.0,0.0,14.051402591777961,3.6431872445782317e-06,0.09948968138542828
1867,266.0,0.0,14.051419537685119,3.6432004255799565e-06,0.09948992135348983
1868,266.0,0.0,14.051436474556823,3.643213599585417e-06,0.09949016119389097
1869,266.0,0.0,14.051453402402732,3.643226766602078e-06,0.0994904009067681
1870,266.0,0.0,14.05147032123248,3.6432399266373833e-06,0.09949064049225723
1871,266.0,0.0,14.051487231055686,3.643253079698761e-06,0.099490879950494
1872,266.0,0.0,14.051504131881963,3.643266225793639e-06,0.09949111928161412
1873,266.0,0.0,14.051521023720902,3.6432793649294294e-06,0.09949135848575301
1874,266.0,0.0,14.051537906582077,3.6432924971135254e-06,0.09949159756304574
1875,266.0,0.0,14.051554780475046,3.643305622353317e-06,0.09949183651362722
1876,266.0,0.0,14.051571645409371,3.6433187406561834e-06,0.09949207533763234
1877,266.0,0.0,14.051588501394562,3.6433318520294795e-06,0.09949231403519544
1878,266.0,0.0,14.05160534844015,3.643344956480562e-06,0.09949255260645086
1879,266.0,0.0,14.05162218655562,3.643358054016765e-06,0.0994927910515326
1880,266.0,0.0,14.051639015750467,3.6433711446454248e-06,0.09949302937057466
1881,266.0,0.0,14.051655836034165,3.643384228373852e-06,0.09949326756371059
1882,266.0,0.0,14.05167264741616,3.6433973052093543e-06,0.09949350563107394
1883,266.0,0.0,14.051689449905895,3.6434103751592246e-06,0.09949374357279786
1884,266.0,0.0,14.051706243512795,3.643423438230741e-06,0.09949398138901527
1885,266.0,0.0,14.05172302824627,3.6434364944311764e-06,0.09949421907985913
1886,266.0,0.0,14.051739804115712,3.643449543767789e-06,0.09949445664546198
1887,266.0,0.0,14.051756571130506,3.643462586247824e-06,0.09949469408595613
1888,266.0,0.0,14.051773329300012,3.6434756218785196e-06,0.09949493140147386
1889,266.0,0.0,14.051790078633584,3.643488650667101e-06,0.09949516859214712
1890,266.0,0.0,14.051806819140555,3.6435016726207765e-06,0.09949540565810752
1891,266.0,0.0,14.051823550830248,3.643514687746751e-06,0.09949564259948682
1892,266.0,0.0,14.051840273711962,3.6435276960522086e-06,0.09949587941641616
1893,266.0,0.0,14.051856987794997,3.6435406975443322e-06,0.09949611610902676
1894,266.0,0.0,14.05187369308862,3.643553692230286e-06,0.09949635267744951
1895,266.0,0.0,14.051890389602107,3.643566680117235e-06,0.0994965891218152
1896,266.0,0.0,14.05190707734469,3.6435796612123117e-06,0.09949682544225424
1897,266.0,0.0,14.051923756325607,3.6435926355226543e-06,0.09949706163889697
1898,266.0,0.0,14.05194042655408,3.643605603055383e-06,0.09949729771187349
1899,266.0,0.0,14.051957088039304,3.6436185638176102e-06,0.09949753366131366
1900,266.0,0.0,14.051973740790473,3.6436315178164386e-06,0.09949776948734723
1901,266.0,0.0,14.05199038481676,3.643644465058949e-06,0.09949800519010363
1902,266.0,0.0,14.052007020127325,3.6436574055522235e-06,0.0994982407697121
1903,266.0,0.0,14.052023646731312,3.6436703393033242e-06,0.09949847622630177
1904,266.0,0.0,14.052040264637856,3.6436832663193136e-06,0.09949871156000155
1905,266.0,0.0,14.05205687385607,3.64369618660723e-06,0.09949894677094
1906,266.0,0.0,14.052073474395055,3.6437091001741037e-06,0.09949918185924561
1907,266.0,0.0,14.052090066263906,3.6437220070269613e-06,0.09949941682504669
1908,266.0,0.0,14.052106649471686,3.6437349071728117e-06,0.09949965166847131
1909,266.0,0.0,14.052123224027465,3.643747800618655e-06,0.09949988638964731
1910,266.0,0.0,14.052139789940279,3.643760687371477e-06,0.09950012098870231
1911,266.0,0.0,14.052156347219169,3.6437735674382643e-06,0.0995003554657639
1912,266.0,0.0,14.052172895873142,3.643786440825972e-06,0.09950058982095912
1913,266.0,0.0,14.052189435911203,3.643799307541563e-06,0.09950082405441524
1914,266.0,0.0,14.052205967342342,3.643812167591982e-06,0.09950105816625902
1915,266.0,0.0,14.052222490175536,3.6438250209841607e-06,0.09950129215661714
1916,266.0,0.0,14.052239004419745,3.643837867725025e-06,0.09950152602561604
1917,266.0,0.0,14.052255510083913,3.6438507078214873e-06,0.09950175977338206
1918,266.0,0.0,14.052272007176978,3.6438635412804494e-06,0.0995019934000412
1919,266.0,0.0,14.052288495707847,3.6438763681087995e-06,0.09950222690571939
1920,266.0,0.0,14.052304975685432,3.6438891883134184e-06,0.09950246029054226
1921,266.0,0.0,14.05232144711863,3.64390200190118e-06,0.09950269355463531
1922,266.0,0.0,14.052337910016304,3.6439148088789397e-06,0.09950292669812386
1923,266.0,0.0,14.052354364387327,3.643927609253547e-06,0.09950315972113298
1924,266.0,0.0,14.052370810240545,3.643940403031838e-06,0.09950339262378755
1925,266.0,0.0,14.052387247584798,3.6439531902206415e-06,0.09950362540621228
1926,266.0,0.0,14.0524036764289,3.643965970826774e-06,0.09950385806853168
1927,266.0,0.0,14.05242009678166,3.643978744857034e-06,0.09950409061087001
1928,266.0,0.0,14.052436508651878,3.643991512318228e-06,0.0995043230333515
1929,266.0,0.0,14.052452912048336,3.6440042732171355e-06,0.09950455533610005
1930,266.0,0.0,14.052469306979786,3.644017027560525e-06,0.09950478751923926
1931,266.0,0.0,14.052485693455004,3.644029775355173e-06,0.09950501958289293
1932,266.0,0.0,14.05250207148271,3.6440425166078205e-06,0.09950525152718422
1933,266.0,0.0,14.052518441071639,3.6440552513252174e-06,0.09950548335223633
1934,266.0,0.0,14.052534802230502,3.6440679795140905e-06,0.09950571505817225
1935,266.0,0.0,14.052551154967999,3.644080701181163e-06,0.0995059466451147
1936,266.0,0.0,14.052567499292817,3.644093416333152e-06,0.09950617811318643
1937,266.0,0.0,14.052583835213627,3.644106124976754e-06,0.09950640946250972
1938,266.0,0.0,14.05260016273909,3.64411882711866e-06,0.09950664069320679
1939,266.0,0.0,14.052616481877843,3.644131522765546e-06,0.09950687180539963
1940,266.0,0.0,14.05263279263853,3.64414421192409e-06,0.09950710279921013
1941,266.0,0.0,14.05264909502976,3.644156894600947e-06,0.09950733367475999
1942,266.0,0.0,14.052665389060143,3.644169570802768e-06,0.0995075644321705
1943,266.0,0.0,14.052681674738272,3.644182240536191e-06,0.0995077950715631
1944,266.0,0.0,14.052697952072725,3.644194903807846e-06,0.0995080255930588
1945,266.0,0.0,14.052714221072073,3.644207560624356e-06,0.09950825599677858
1946,266.0,0.0,14.052730481744858,3.6442202109923195e-06,0.09950848628284295
1947,266.0,0.0,14.052746734099623,3.6442328549183444e-06,0.09950871645137267
1948,266.0,0.0,14.0527629781449,3.6442454924090153e-06,0.09950894650248798
1949,266.0,0.0,14.052779213889195,3.6442581234709095e-06,0.099509176436309
1950,266.0,0.0,14.05279544134101,3.6442707481105964e-06,0.09950940625295578
1951,266.0,0.0,14.052811660508834,3.6442833663346356e-06,0.09950963595254804
1952,266.0,0.0,14.052827871401139,3.6442959781495716e-06,0.0995098655352054
1953,266.0,0.0,14.05284407402639,3.644308583561948e-06,0.09951009500104732
1954,266.0,0.0,14.052860268393035,3.6443211825782867e-06,0.09951032435019307
1955,266.0,0.0,14.052876454509498,3.6443337752051054e-06,0.09951055358276147
1956,266.0,0.0,14.052892632384216,3.6443463614489193e-06,0.09951078269887173
1957,266.0,0.0,14.052908802025584,3.644358941316219e-06,0.09951101169864231
1958,266.0,0.0,14.052924963442015,3.6443715148134998e-06,0.09951124058219189
1959,266.0,0.0,14.052941116641872,3.6443840819472305e-06,0.09951146934963856
1960,266.0,0.0,14.052957261633544,3.644396642723888e-06,0.09951169800110071
1961,266.0,0.0,14.052973398425381,3.6444091971499274e-06,0.09951192653669615
1962,266.0,0.0,14.052989527025725,3.644421745231794e-06,0.09951215495654271
1963,266.0,0.0,14.053005647442914,3.6444342869759326e-06,0.09951238326075804
1964,266.0,0.0,14.053021759685269,3.6444468223887682e-06,0.09951261144945955
1965,266.0,0.0,14.053037863761093,3.644459351476723e-06,0.09951283952276445
1966,266.0,0.0,14.053053959678676,3.6444718742462035e-06,0.09951306748078984
1967,266.0,0.0,14.053070047446308,3.644484390703609e-06,0.09951329532365256
1968,266.0,0.0,14.053086127072255,3.6444969008553315e-06,0.09951352305146939
1969,266.0,0.0,14.053102198564773,3.6445094047077513e-06,0.09951375066435686
1970,266.0,0.0,14.053118261932102,3.644521902267239e-06,0.09951397816243135
1971,266.0,0.0,14.053134317182483,3.6445343935401514e-06,0.09951420554580893
1972,266.0,0.0,14.053150364324123,3.644546878532842e-06,0.09951443281460569
1973,266.0,0.0,14.053166403365235,3.6445593572516553e-06,0.09951465996893746
1974,266.0,0.0,14.053182434314015,3.6445718297029196e-06,0.09951488700891988
1975,266.0,0.0,14.05319845717864,3.64458429589296e-06,0.09951511393466847
1976,266.0,0.0,14.053214471967285,3.6445967558280852e-06,0.09951534074629846
1977,266.0,0.0,14.0532304786881,3.644609209514605e-06,0.09951556744392506
1978,266.0,0.0,14.053246477349228,3.6446216569588053e-06,0.09951579402766311
1979,266.0,0.0,14.05326246795881,3.644634098166975e-06,0.0995160204976275
1980,266.0,0.0,14.053278450524955,3.644646533145387e-06,0.09951624685393283
1981,266.0,0.0,14.053294425055778,3.644658961900309e-06,0.09951647309669343
1982,266.0,0.0,14.05331039155937,3.644671384437991e-06,0.09951669922602367
1983,266.0,0.0,14.053326350043818,3.6446838007646854e-06,0.09951692524203756
1984,266.0,0.0,14.053342300517189,3.644696210886626e-06,0.0995171511448491
1985,266.0,0.0,14.05335824298754,3.6447086148100398e-06,0.09951737693457195
1986,266.0,0.0,14.053374177462924,3.6447210125411473e-06,0.09951760261131974
1987,266.0,0.0,14.053390103951365,3.644733404086153e-06,0.0995178281752058
1988,266.0,0.0,14.053406022460896,3.644745789451259e-06,0.09951805362634344
1989,266.0,0.0,14.053421932999521,3.6447581686426576e-06,0.09951827896484573
1990,266.0,0.0,14.05343783557524,3.6447705416665247e-06,0.09951850419082546
1991,266.0,0.0,14.053453730196036,3.6447829085290365e-06,0.09951872930439545
1992,266.0,0.0,14.053469616869883,3.6447952692363513e-06,0.0995189543056682
1993,266.0,0.0,14.053485495604747,3.6448076237946237e-06,0.09951917919475611
1994,266.0,0.0,14.053501366408574,3.6448199722099954e-06,0.09951940397177136
1995,266.0,0.0,14.053517229289302,3.644832314488602e-06,0.09951962863682601
1996,266.0,0.0,14.053533084254857,3.644844650636569e-06,0.09951985319003194
1997,266.0,0.0,14.053554302708417,3.6448611599548855e-06,0.09952015370648777
1998,266.0,0.0,14.053576012135657,3.6448780513338256e-06,0.09952046117706188
1999,266.0,0.0,14.05359772194819,3.644894943064736e-06,0.09952076865356785
2000,266.0,0.0,14.053619421218468,3.6449118266451943e-06,0.09952107598123826
2001,266.0,0.0,14.053641109713372,3.6449287018937416e-06,0.0995213831567708
2002,266.0,0.0,14.053662787438206,3.6449455688144274e-06,0.0995216901802398
2003,266.0,0.0,14.053684454403575,3.644962427415425e-06,0.09952199705179485
2004,266.0,0.0,14.053706110620192,3.6449792777049965e-06,0.09952230377158695
2005,266.0,0.0,14.053727756098745,3.644996119691375e-06,0.09952261033976671
2006,266.0,0.0,14.053749390849914,3.6450129533827985e-06,0.0995229167564848
2007,266.0,0.0,14.05377101488437,3.6450297787874896e-06,0.09952322302189154
2008,266.0,0.0,14.05379262821275,3.6450465959136483e-06,0.09952352913613693
2009,266.0,0.0,14.053814230845692,3.6450634047694755e-06,0.09952383509937099
2010,266.0,0.0,14.05383582279381,3.6450802053631524e-06,0.09952414091174322
2011,266.0,0.0,14.053857404067696,3.645096997702848e-06,0.09952444657340306
2012,266.0,0.0,14.053878974677945,3.645113781796726e-06,0.09952475208449989
2013,266.0,0.0,14.053900534635122,3.645130557652931e-06,0.09952505744518254
2014,266.0,0.0,14.053922083949773,3.6451473252795934e-06,0.09952536265559973
2015,266.0,0.0,14.053943622632438,3.6451640846848393e-06,0.09952566771590009
2016,266.0,0.0,14.05396515069364,3.645180835876779e-06,0.09952597262623189
2017,266.0,0.0,14.053986668143882,3.645197578863511e-06,0.09952627738674329
2018,266.0,0.0,14.054008174993658,3.6452143136531225e-06,0.09952658199758217
2019,266.0,0.0,14.054029671253433,3.645231040253686e-06,0.09952688645889615
2020,266.0,0.0,14.054051156933673,3.645247758673262e-06,0.09952719077083258
2021,266.0,0.0,14.054072632044823,3.645264468919908e-06,0.09952749493353888
2022,266.0,0.0,14.054094096597305,3.645281171001659e-06,0.09952779894716195
2023,266.0,0.0,14.054115550601535,3.6452978649265413e-06,0.09952810281184862
2024,266.0,0.0,14.054136994067905,3.645314550702567e-06,0.09952840652774533
2025,266.0,0.0,14.054158427006799,3.645331228337744e-06,0.09952871009499858
2026,266.0,0.0,14.054179849428584,3.6453478978400607e-06,0.09952901351375447
2027,266.0,0.0,14.054201261343614,3.6453645592174983e-06,0.0995293167841589
2028,266.0,0.0,14.054222662762216,3.6453812124780263e-06,0.09952961990635764
2029,266.0,0.0,14.054244053694719,3.6453978576295954e-06,0.09952992288049606
2030,266.0,0.0,14.054265434151418,3.645414494680152e-06,0.09953022570671952
2031,266.0,0.0,14.05428680414261,3.64543112363763e-06,0.09953052838517311
2032,266.0,0.0,14.054308163678572,3.6454477445099518e-06,0.09953083091600161
2033,266.0,0.0,14.05432951276955,3.6454643573050194e-06,0.09953113329934965
2034,266.0,0.0,14.054350851425808,3.6454809620307425e-06,0.0995314355353618
2035,266.0,0.0,14.05437217965756,3.645497558694997e-06,0.09953173762418213
2036,266.0,0.0,14.054393497475022,3.6455141473056593e-06,0.09953203956595463
2037,266.0,0.0,14.054414804888403,3.6455307278705985e-06,0.09953234136082324
2038,266.0,0.0,14.054436101907879,3.6455473003976597e-06,0.09953264300893133
2039,266.0,0.0,14.054457388543616,3.6455638648946795e-06,0.0995329445104224
2040,266.0,0.0,14.054478664805776,3.6455804213694947e-06,0.09953324586543956
2041,266.0,0.0,14.054499930704496,3.6455969698299176e-06,0.09953354707412576
2042,266.0,0.0,14.0545211862499,3.6456135102837556e-06,0.09953384813662382
2043,266.0,0.0,14.054542431452093,3.6456300427387993e-06,0.09953414905307612
2044,266.0,0.0,14.054563666321176,3.6456465672028355e-06,0.09953444982362507
2045,266.0,0.0,14.05458489086723,3.6456630836836353e-06,0.0995347504484128
2046,266.0,0.0,14.054606105100317,3.6456795921889563e-06,0.09953505092758116
2047,266.0,0.0,14.054627309030485,3.6456960927265454e-06,0.09953535126127183
2048,266.0,0.0,14.054648502667774,3.6457125853041436e-06,0.09953565144962633
2049,266.0,0.0,14.054669686022205,3.6457290699294746e-06,0.09953595149278598
2050,266.0,0.0,14.054690859103786,3.6457455466102584e-06,0.09953625139089185
2051,266.0,0.0,14.054712021922503,3.645762015354191e-06,0.09953655114408472
2052,266.0,0.0,14.054733174488343,3.645778476168968e-06,0.09953685075250533
2053,266.0,0.0,14.054754316811252,3.645794929062268e-06,0.09953715021629407
2054,266.0,0.0,14.054775448901196,3.645811374041766e-06,0.09953744953559131
2055,266.0,0.0,14.054796570768104,3.645827811115119e-06,0.09953774871053704
2056,266.0,0.0,14.054817682421888,3.645844240289971e-06,0.09953804774127105
2057,266.0,0.0,14.054838783872462,3.645860661573963e-06,0.09953834662793308
2058,266.0,0.0,14.054859875129711,3.6458770749747174e-06,0.09953864537066251
2059,266.0,0.0,14.054880956203508,3.6458934804998453e-06,0.09953894396959857
2060,266.0,0.0,14.054902027103724,3.645909878156958e-06,0.09953924242488034
2061,266.0,0.0,14.0549230878402,3.6459262679536445e-06,0.09953954073664664
2062,266.0,0.0,14.054944138422767,3.645942649897485e-06,0.09953983890503608
2063,266.0,0.0,14.054965178861252,3.6459590239960472e-06,0.09954013693018708
2064,266.0,0.0,14.05498620916545,3.6459753902568934e-06,0.09954043481223789
2065,266.0,0.0,14.05500722934516,3.645991748687571e-06,0.09954073255132656
2066,266.0,0.0,14.055028239410147,3.646008099295618e-06,0.09954103014759083
2067,266.0,0.0,14.055049239370184,3.646024442088564e-06,0.09954132760116852
2068,266.0,0.0,14.055070229235021,3.646040777073921e-06,0.09954162491219688
2069,266.0,0.0,14.055091209014375,3.646057104259192e-06,0.09954192208081326
2070,266.0,0.0,14.055112178717978,3.646073423651874e-06,0.09954221910715455
2071,266.0,0.0,14.055133138355535,3.646089735259448e-06,0.09954251599135773
2072,266.0,0.0,14.055154087936737,3.646106039089389e-06,0.09954281273355935
2073,266.0,0.0,14.055175027471257,3.6461223351491552e-06,0.09954310933389589
2074,266.0,0.0,14.055195956968767,3.6461386234462036e-06,0.09954340579250363
2075,266.0,0.0,14.055216876438903,3.6461549039879626e-06,0.09954370210951845
2076,266.0,0.0,14.055237785891313,3.646171176781873e-06,0.09954399828507637
2077,266.0,0.0,14.055258685335613,3.6461874418353473e-06,0.09954429431931301
2078,266.0,0.0,14.055279574781414,3.6462036991557964e-06,0.09954459021236385
2079,266.0,0.0,14.05530045423831,3.6462199487506184e-06,0.09954488596436412
2080,266.0,0.0,14.055321323715878,3.646236190627195e-06,0.0995451815754489
2081,266.0,0.0,14.055342183223686,3.646252424792906e-06,0.09954547704575299
2082,266.0,0.0,14.055363032771286,3.646268651255117e-06,0.09954577237541119
2083,266.0,0.0,14.055383872368216,3.6462848700211814e-06,0.09954606756455796
2084,266.0,0.0,14.055404702024006,3.646301081098445e-06,0.09954636261332757
2085,266.0,0.0,14.05542552174816,3.64631728449424e-06,0.09954665752185411
2086,266.0,0.0,14.055446331550183,3.646333480215889e-06,0.09954695229027147
2087,266.0,0.0,14.055467131439556,3.64634966827071e-06,0.09954724691871347
2088,266.0,0.0,14.055487921425748,3.6463658486659955e-06,0.0995475414073135
2089,266.0,0.0,14.055508701518217,3.6463820214090473e-06,0.09954783575620504
2090,266.0,0.0,14.055529471726409,3.646398186507145e-06,0.09954812996552122
2091,266.0,0.0,14.055550232059751,3.646414343967554e-06,0.09954842403539482
2092,266.0,0.0,14.055570982527662,3.6464304937975433e-06,0.09954871796595885
2093,266.0,0.0,14.055591723139543,3.6464466360043543e-06,0.09954901175734568
2094,266.0,0.0,14.055612453904784,3.6464627705952333e-06,0.09954930540968779
2095,266.0,0.0,14.055633174832758,3.6464788975774047e-06,0.09954959892311731
2096,266.0,0.0,14.055653885932836,3.646495016958095e-06,0.09954989229776641
2097,266.0,0.0,14.055674587214357,3.6465111287445062e-06,0.09955018553376667
2098,266.0,0.0,14.055695278686668,3.6465272329438406e-06,0.0995504786312499
2099,266.0,0.0,14.055715960359082,3.646543329563288e-06,0.09955077159034753
2100,266.0,0.0,14.05573663224091,3.6465594186100208e-06,0.09955106441119067
2101,266.0,0.0,14.05575729434145,3.6465755000912128e-06,0.09955135709391057
2102,266.0,0.0,14.055777946669988,3.64659157401402e-06,0.09955164963863804
2103,266.0,0.0,14.055798589235792,3.646607640385591e-06,0.09955194204550376
2104,266.0,0.0,14.055819222048111,3.64662369921306e-06,0.09955223431463822
2105,266.0,0.0,14.055839845116196,3.646639750503558e-06,0.0995525264461718
2106,266.0,0.0,14.055860458449274,3.6466557942642024e-06,0.09955281844023464
2107,266.0,0.0,14.055881062056567,3.6466718305020956e-06,0.09955311029695661
2108,266.0,0.0,14.05590165594727,3.6466878592243403e-06,0.09955340201646755
2109,266.0,0.0,14.055922240130585,3.6467038804380243e-06,0.09955369359889714
2110,266.0,0.0,14.055942814615678,3.646719894150216e-06,0.09955398504437453
2111,266.0,0.0,14.055963379411716,3.646735900367988e-06,0.0995542763530291
2112,266.0,0.0,14.055983934527857,3.646751899098397e-06,0.09955456752498992
2113,266.0,0.0,14.056004479973236,3.64676789034849e-06,0.09955485856038573
2114,266.0,0.0,14.056025015756983,3.6467838741253064e-06,0.09955514945934535
2115,266.0,0.0,14.056045541888205,3.6467998504358714e-06,0.09955544022199715
2116,266.0,0.0,14.056066058375999,3.6468158192871965e-06,0.09955573084846941
2117,266.0,0.0,14.056086565229462,3.6468317806862975e-06,0.09955602133889034
2118,266.0,0.0,14.056107062457665,3.646847734640169e-06,0.09955631169338791
2119,266.0,0.0,14.056127550069665,3.646863681155799e-06,0.0995566019120898
2120,266.0,0.0,14.056148028074514,3.6468796202401613e-06,0.09955689199512366
2121,266.0,0.0,14.056168496481243,3.646895551900225e-06,0.09955718194261677
2122,266.0,0.0,14.056188955298884,3.6469114761429507e-06,0.09955747175469647
2123,266.0,0.0,14.05620940453644,3.6469273929752843e-06,0.09955776143148977
2124,266.0,0.0,14.056229844202914,3.6469433024041668e-06,0.09955805097312358
2125,266.0,0.0,14.056250274307283,3.6469592044365233e-06,0.0995583403797245
2126,266.0,0.0,14.056270694858526,3.6469750990792734e-06,0.09955862965141907
2127,266.0,0.0,14.056291105865604,3.6469909863393304e-06,0.09955891878833367
2128,266.0,0.0,14.056311507337453,3.6470068662235825e-06,0.09955920779059431
2129,266.0,0.0,14.056331899283022,3.647022738738936e-06,0.09955949665832724
2130,266.0,0.0,14.056352281711227,3.647038603892261e-06,0.09955978539165801
2131,266.0,0.0,14.056372654630973,3.647054461690426e-06,0.09956007399071229
2132,266.0,0.0,14.056393018051162,3.6470703121402967e-06,0.09956036245561556
2133,266.0,0.0,14.056413371980673,3.647086155248721e-06,0.09956065078649308
2134,266.0,0.0,14.056433716428389,3.6471019910225488e-06,0.09956093898347006
2135,266.0,0.0,14.056454051403156,3.6471178194685995e-06,0.09956122704667117
2136,266.0,0.0,14.05647437691383,3.6471336405937056e-06,0.09956151497622139
2137,266.0,0.0,14.056494692969236,3.6471494544046685e-06,0.09956180277224504
2138,266.0,0.0,14.056514999578205,3.6471652609083016e-06,0.0995620904348667
2139,266.0,0.0,14.056535296749551,3.647181060111401e-06,0.09956237796421066
2140,266.0,0.0,14.056555584492058,3.6471968520207426e-06,0.09956266536040077
2141,266.0,0.0,14.056575862814519,3.6472126366431065e-06,0.09956295262356103
2142,266.0,0.0,14.056596131725708,3.6472284139852556e-06,0.09956323975381508
2143,266.0,0.0,14.056616391234382,3.6472441840539473e-06,0.09956352675128646
2144,266.0,0.0,14.056636641349291,3.647259946855927e-06,0.09956381361609852
2145,266.0,0.0,14.056656882079173,3.6472757023979326e-06,0.09956410034837448
2146,266.0,0.0,14.056677113432748,3.6472914506866933e-06,0.09956438694823727
2147,266.0,0.0,14.056697335418727,3.6473071917289245e-06,0.09956467341580982
2148,266.0,0.0,14.056717548045821,3.647322925531341e-06,0.09956495975121489
2149,266.0,0.0,14.056737751322704,3.6473386521006345e-06,0.0995652459545747
2150,266.0,0.0,14.056757945258056,3.6473543714434994e-06,0.09956553202601173
2151,266.0,0.0,14.056778129860541,3.6473700835666185e-06,0.0995658179656482
2152,266.0,0.0,14.056798305138813,3.6473857884766607e-06,0.09956610377360595
2153,266.0,0.0,14.056818471101506,3.6474014861802915e-06,0.09956638945000693
2154,266.0,0.0,14.056838627757253,3.6474171766841625e-06,0.09956667499497275
2155,266.0,0.0,14.056858775114662,3.647432859994916e-06,0.09956696040862484
2156,266.0,0.0,14.05687891318234,3.6474485361191897e-06,0.09956724569108454
2157,266.0,0.0,14.056899041968881,3.647464205063609e-06,0.09956753084247301
2158,266.0,0.0,14.056919161482865,3.647479866834791e-06,0.09956781586291126
2159,266.0,0.0,14.056939271732851,3.647495521439339e-06,0.09956810075251998
2160,266.0,0.0,14.056959372727402,3.6475111688838595e-06,0.09956838551141997
2161,266.0,0.0,14.056979464475058,3.6475268091749296e-06,0.09956867013973149
2162,266.0,0.0,14.056999546984356,3.6475424423191394e-06,0.09956895463757502
2163,266.0,0.0,14.057019620263814,3.647558068323058e-06,0.09956923900507066
2164,266.0,0.0,14.057039684321937,3.6475736871932455e-06,0.0995695232423384
2165,266.0,0.0,14.057059739167219,3.647589298936247e-06,0.09956980734949787
2166,266.0,0.0,14.05707978480816,3.6476049035586247e-06,0.09957009132666902
2167,266.0,0.0,14.057099821253217,3.647620501066898e-06,0.09957037517397113
2168,266.0,0.0,14.057119848510855,3.6476360914675963e-06,0.0995706588915235
2169,266.0,0.0,14.057139866589532,3.647651674767239e-06,0.09957094247944537
2170,266.0,0.0,14.057159875497675,3.647667250972331e-06,0.09957122593785563
2171,266.0,0.0,14.057179875243714,3.64768282008937e-06,0.09957150926687311
2172,266.0,0.0,14.057199865836067,3.647698382124849e-06,0.09957179246661656
2173,266.0,0.0,14.057219847283132,3.6477139370852474e-06,0.09957207553720435
2174,266.0,0.0,14.057239819593306,3.6477294849770373e-06,0.09957235847875492
2175,266.0,0.0,14.057259782774967,3.6477450258066833e-06,0.09957264129138639
2176,266.0,0.0,14.057279736836486,3.647760559580638e-06,0.09957292397521678
2177,266.0,0.0,14.05729968178621,3.6477760863053426e-06,0.09957320653036376
2178,266.0,0.0,14.057319617632498,3.6477916059872436e-06,0.0995734889569453
2179,266.0,0.0,14.057339544383673,3.6478071186327614e-06,0.09957377125507877
2180,266.0,0.0,14.057359462048066,3.6478226242483157e-06,0.09957405342488149
2181,266.0,0.0,14.05737937063398,3.6478381228403156e-06,0.09957433546647064
2182,266.0,0.0,14.057399270149718,3.6478536144151634e-06,0.09957461737996334
2183,266.0,0.0,14.057419160603573,3.647869098979254e-06,0.0995748991654765
2184,266.0,0.0,14.057439042003814,3.647884576538968e-06,0.09957518082312668
2185,266.0,0.0,14.057458914358714,3.6479000471006827e-06,0.09957546235303057
2186,266.0,0.0,14.05747877767652,3.6479155106707603e-06,0.09957574375530445
2187,266.0,0.0,14.057498631965482,3.647930967255565e-06,0.09957602503006467
2188,266.0,0.0,14.05751847723383,3.647946416861442e-06,0.0995763061774273
2189,266.0,0.0,14.057538313489781,3.647961859494729e-06,0.09957658719750812
2190,266.0,0.0,14.057558140741547,3.647977295161763e-06,0.09957686809042307
2191,266.0,0.0,14.057577958997323,3.6479927238688614e-06,0.09957714885628755
2192,266.0,0.0,14.057597768265298,3.6480081456223404e-06,0.0995774294952172
2193,266.0,0.0,14.057617568553647,3.648023560428508e-06,0.09957771000732718
2194,266.0,0.0,14.057637359870533,3.6480389682936574e-06,0.0995779903927326
2195,266.0,0.0,14.057657142224118,3.648054369224083e-06,0.09957827065154863
2196,266.0,0.0,14.05767691562253,3.6480697632260595e-06,0.09957855078388989
2197,266.0,0.0,14.05769668007391,3.64808515030586e-06,0.09957883078987105
2198,266.0,0.0,14.057716435586375,3.6481005304697474e-06,0.0995791106696067
2199,266.0,0.0,14.057736182168037,3.6481159037239794e-06,0.09957939042321114
2200,266.0,0.0,14.057755919826986,3.6481312700747934e-06,0.0995796700507985
2201,266.0,0.0,14.057775648571313,3.6481466295284333e-06,0.09957994955248295
2202,266.0,0.0,14.057795368409097,3.6481619820911264e-06,0.09958022892837821
2203,266.0,0.0,14.057815079348398,3.6481773277690946e-06,0.09958050817859816
2204,266.0,0.0,14.057834781397277,3.648192666568548e-06,0.09958078730325629
2205,266.0,0.0,14.057854474563767,3.6482079984956922e-06,0.09958106630246602
2206,266.0,0.0,14.057874158855908,3.648223323556721e-06,0.09958134517634065
2207,266.0,0.0,14.057893834281716,3.648238641757819e-06,0.09958162392499322
2208,266.0,0.0,14.057913500849205,3.648253953105172e-06,0.09958190254853683
2209,266.0,0.0,14.057933158566373,3.648269257604941e-06,0.09958218104708409
2210,266.0,0.0,14.057952807441206,3.648284555263295e-06,0.09958245942074778
2211,266.0,0.0,14.057972447481687,3.6482998460863804e-06,0.09958273766964033
2212,266.0,0.0,14.057992078695776,3.6483151300803486e-06,0.09958301579387417
2213,266.0,0.0,14.058011701091436,3.648330407251333e-06,0.09958329379356139
2214,266.0,0.0,14.05803131467661,3.648345677605467e-06,0.09958357166881418
2215,266.0,0.0,14.058050919459236,3.6483609411488654e-06,0.0995838494197443
2216,266.0,0.0,14.058070515447225,3.6483761978876397e-06,0.09958412704646352
2217,266.0,0.0,14.058090102648507,3.648391447827896e-06,0.0995844045490834
2218,266.0,0.0,14.05810968107097,3.64840669097573e-06,0.09958468192771541
2219,266.0,0.0,14.058129250722516,3.648421927337226e-06,0.09958495918247089
2220,266.0,0.0,14.058148811611023,3.6484371569184698e-06,0.09958523631346096
2221,266.0,0.0,14.058168363744361,3.6484523797255265e-06,0.09958551332079657
2222,266.0,0.0,14.058187907130389,3.6484675957644597e-06,0.09958579020458853
2223,266.0,0.0,14.058207441776958,3.648482805041327e-06,0.09958606696494764
2224,266.0,0.0,14.058226967691905,3.648498007562169e-06,0.09958634360198426
2225,266.0,0.0,14.058246484883062,3.6485132033330314e-06,0.09958662011580902
2226,266.0,0.0,14.058265993358242,3.6485283923599407e-06,0.09958689650653202
2227,266.0,0.0,14.058285493125252,3.6485435746489147e-06,0.09958717277426331
2228,266.0,0.0,14.0583049841919,3.648558750205976e-06,0.099587448919113
2229,266.0,0.0,14.058324466565955,3.648573919037124e-06,0.09958772494119071
2230,266.0,0.0,14.058343940255202,3.64858908114836e-06,0.09958800084060618
2231,266.0,0.0,14.058363405267402,3.648604236545671e-06,0.09958827661746891
2232,266.0,0.0,14.058382861610319,3.6486193852350457e-06,0.09958855227188838
2233,266.0,0.0,14.05840230929169,3.648634527222449e-06,0.09958882780397357
2234,266.0,0.0,14.058421748319251,3.648649662513852e-06,0.09958910321383367
2235,266.0,0.0,14.058441178700724,3.648664791115212e-06,0.09958937850157763
2236,266.0,0.0,14.058460600443826,3.648679913032477e-06,0.09958965366731416
2237,266.0,0.0,14.058480013556252,3.6486950282715893e-06,0.09958992871115191
2238,266.0,0.0,14.058499418045708,3.648710136838487e-06,0.09959020363319943
2239,266.0,0.0,14.058518813919864,3.6487252387390906e-06,0.09959047843356494
2240,266.0,0.0,14.058538201186398,3.6487403339793234e-06,0.09959075311235674
2241,266.0,0.0,14.058557579852968,3.648755422565091e-06,0.09959102766968278
2242,266.0,0.0,14.058576949927236,3.6487705045023005e-06,0.09959130210565106
2243,266.0,0.0,14.058596311416832,3.6487855797968416e-06,0.09959157642036928
2244,266.0,0.0,14.058615664329391,3.648800648454605e-06,0.09959185061394511
2245,266.0,0.0,14.058635008672537,3.648815710481469e-06,0.09959212468648597
2246,266.0,0.0,14.058654344453872,3.6488307658833023e-06,0.09959239863809921
2247,266.0,0.0,14.058673671681008,3.6488458146659687e-06,0.09959267246889204
2248,266.0,0.0,14.05869299036153,3.648860856835326e-06,0.09959294617897146
2249,266.0,0.0,14.058712300503025,3.6488758923972234e-06,0.09959321976844451
2250,266.0,0.0,14.058731602113046,3.6488909213574897e-06,0.09959349323741762
2251,266.0,0.0,14.058750895199175,3.648905943721971e-06,0.09959376658599782
2252,266.0,0.0,14.058770179768947,3.648920959496485e-06,0.09959403981429135
2253,266.0,0.0,14.05878945582991,3.648935968686845e-06,0.09959431292240455
2254,266.0,0.0,14.05880872338959,3.648950971298871e-06,0.0995945859104437
2255,266.0,0.0,14.058827982455513,3.648965967338354e-06,0.09959485877851483
2256,266.0,0.0,14.058847233035182,3.6489809568110883e-06,0.09959513152672377
2257,266.0,0.0,14.058866475136105,3.6489959397228684e-06,0.09959540415517644
2258,266.0,0.0,14.058885708765763,3.6490109160794647e-06,0.09959567666397838
2259,266.0,0.0,14.058904933931641,3.649025885886646e-06,0.099595949053235
2260,266.0,0.0,14.058924150641214,3.649040849150184e-06,0.09959622132305188
2261,266.0,0.0,14.058943358901939,3.6490558058758236e-06,0.09959649347353396
2262,266.0,0.0,14.058962558721262,3.6490707560693217e-06,0.09959676550478655
2263,266.0,0.0,14.058981750106634,3.649085699736416e-06,0.09959703741691449
2264,266.0,0.0,14.059000933065473,3.6491006368828316e-06,0.09959730921002251
2265,266.0,0.0,14.05902010760521,3.6491155675143033e-06,0.0995975808842154
2266,266.0,0.0,14.059039273733255,3.649130491636548e-06,0.09959785243959761
2267,266.0,0.0,14.059058431457009,3.649145409255269e-06,0.09959812387627348
2268,266.0,0.0,14.059077580783864,3.6491603203761747e-06,0.0995983951943474
2269,266.0,0.0,14.059096721721193,3.649175225004952e-06,0.09959866639392324
2270,266.0,0.0,14.059115854276387,3.6491901231472986e-06,0.09959893747510522
2271,266.0,0.0,14.059134978456791,3.6492050148088863e-06,0.09959920843799701
2272,266.0,0.0,14.059154094269767,3.6492198999953925e-06,0.09959947928270237
2273,266.0,0.0,14.059173201722656,3.6492347787124816e-06,0.09959975000932487
2274,266.0,0.0,14.059192300822792,3.6492496509658065e-06,0.09960002061796784
2275,266.0,0.0,14.059211391577499,3.6492645167610222e-06,0.09960029110873471
2276,266.0,0.0,14.05923047399409,3.6492793761037692e-06,0.0996005614817285
2277,266.0,0.0,14.059249548079867,3.6492942289996846e-06,0.09960083173705232
2278,266.0,0.0,14.059268613842132,3.6493090754543954e-06,0.09960110187480907
2279,266.0,0.0,14.059287671288168,3.6493239154735206e-06,0.09960137189510138
2280,266.0,0.0,14.059306720425248,3.6493387490626743e-06,0.0996016417980319
2281,266.0,0.0,14.059325761260636,3.649353576227459e-06,0.09960191158370307
2282,266.0,0.0,14.059344793801598,3.649368396973482e-06,0.09960218125221743
2283,266.0,0.0,14.059363818055374,3.6493832113063243e-06,0.09960245080367697
2284,266.0,0.0,14.059382834029199,3.649398019231574e-06,0.09960272023818376
2285,266.0,0.0,14.05940184173031,3.6494128207548106e-06,0.09960298955583995
2286,266.0,0.0,14.059420841165919,3.6494276158815983e-06,0.09960325875674717
2287,266.0,0.0,14.059439832343239,3.6494424046174983e-06,0.09960352784100708
2288,266.0,0.0,14.05945881526947,3.6494571869680742e-06,0.09960379680872143
2289,266.0,0.0,14.0594777899518,3.6494719629388607e-06,0.0996040656599913
2290,266.0,0.0,14.059496756397413,3.6494867325354096e-06,0.09960433439491827
2291,266.0,0.0,14.059515714613473,3.649501495763245e-06,0.09960460301360329
2292,266.0,0.0,14.059534664607149,3.649516252627891e-06,0.09960487151614736
2293,266.0,0.0,14.059553606385595,3.649531003134877e-06,0.09960513990265152
2294,266.0,0.0,14.059572539955955,3.6495457472897094e-06,0.09960540817321646
2295,266.0,0.0,14.05959146532536,3.64956048509789e-06,0.09960567632794276
2296,266.0,0.0,14.059610382500932,3.6495752165649156e-06,0.09960594436693083
2297,266.0,0.0,14.059629291489792,3.6495899416962755e-06,0.09960621229028116
2298,266.0,0.0,14.059648192299042,3.649604660497456e-06,0.09960648009809389
2299,266.0,0.0,14.059667084935786,3.649619372973931e-06,0.09960674779046916
2300,266.0,0.0,14.059685969407104,3.649634079131167e-06,0.09960701536750691
2301,266.0,0.0,14.059704845720077,3.649648778974624e-06,0.09960728282930693
2302,266.0,0.0,14.059723713881782,3.649663472509764e-06,0.09960755017596903
2303,266.0,0.0,14.059742573899266,3.649678159742027e-06,0.0996078174075927
2304,266.0,0.0,14.059761425779593,3.6496928406768575e-06,0.09960808452427741
2305,266.0,0.0,14.059780269529794,3.6497075153196823e-06,0.09960835152612246
2306,266.0,0.0,14.059799105156907,3.649722183675931e-06,0.09960861841322699
2307,266.0,0.0,14.059817932667954,3.6497368457510223e-06,0.09960888518569011
2308,266.0,0.0,14.059836752069955,3.6497515015503706e-06,0.09960915184361084
2309,266.0,0.0,14.059855563369908,3.649766151079378e-06,0.09960941838708787
2310,266.0,0.0,14.059874366574814,3.649780794343444e-06,0.09960968481621985
2311,266.0,0.0,14.05989316169166,3.649795431347957e-06,0.09960995113110536
2312,266.0,0.0,14.059911948727422,3.6498100620983046e-06,0.09961021733184293
2313,266.0,0.0,14.059930727689068,3.649824686599859e-06,0.09961048341853063
2314,266.0,0.0,14.05994949858356,3.649839304857994e-06,0.09961074939126674
2315,266.0,0.0,14.059968261417856,3.649853916878073e-06,0.0996110152501494
2316,266.0,0.0,14.059987016198885,3.649868522665447e-06,0.09961128099527633
2317,266.0,0.0,14.060005762933585,3.64988312222547e-06,0.09961154662674537
2318,266.0,0.0,14.060024501628881,3.6498977155634834e-06,0.09961181214465423
2319,266.0,0.0,14.060043232291694,3.649912302684823e-06,0.09961207754910043
2320,266.0,0.0,14.060061954928926,3.649926883594818e-06,0.09961234284018138
2321,266.0,0.0,14.060080669547473,3.6499414582987903e-06,0.09961260801799428
2322,266.0,0.0,14.060099376154223,3.649956026802052e-06,0.09961287308263637
2323,266.0,0.0,14.060118074756057,3.649970589109912e-06,0.09961313803420464
2324,266.0,0.0,14.060136765359847,3.6499851452276714e-06,0.099613402872796
2325,266.0,0.0,14.060155447972452,3.649999695160628e-06,0.0996136675985072
2326,266.0,0.0,14.060174122600726,3.6500142389140667e-06,0.099613932211435
2327,266.0,0.0,14.06019278925152,3.6500287764932696e-06,0.09961419671167587
2328,266.0,0.0,14.060211447931655,3.6500433079035066e-06,0.09961446109932609
2329,266.0,0.0,14.060230098647972,3.65005783315005e-06,0.09961472537448213
2330,266.0,0.0,14.06024874140728,3.650072352238156e-06,0.09961498953724003
2331,266.0,0.0,14.060267376216395,3.6500868651730845e-06,0.09961525358769592
2332,266.0,0.0,14.060286003082108,3.650101371960076e-06,0.09961551752594566
2333,266.0,0.0,14.060304622011222,3.6501158726043745e-06,0.09961578135208497
2334,266.0,0.0,14.060323233010507,3.6501303671112118e-06,0.09961604506620965
2335,266.0,0.0,14.060341836086753,3.6501448554858197e-06,0.0996163086684152
2336,266.0,0.0,14.060360431246712,3.6501593377334115e-06,0.099616572158797
2337,266.0,0.0,14.060379018497148,3.6501738138592023e-06,0.09961683553745032
2338,266.0,0.0,14.060397597844805,3.6501882838684025e-06,0.09961709880447045
2339,266.0,0.0,14.060416169296424,3.650202747766207e-06,0.09961736195995231
2340,266.0,0.0,14.06043473285874,3.650217205557817e-06,0.09961762500399104
2341,266.0,0.0,14.06045328853847,3.6502316572484104e-06,0.09961788793668118
2342,266.0,0.0,14.060471836342332,3.650246102843176e-06,0.09961815075811764
2343,266.0,0.0,14.060490376277025,3.6502605423472804e-06,0.09961841346839484
2344,266.0,0.0,14.060508908349252,3.650274975765896e-06,0.09961867606760735
2345,266.0,0.0,14.060527432565697,3.6502894031041785e-06,0.0996189385558494
2346,266.0,0.0,14.060545948933042,3.650303824367288e-06,0.09961920093321533
2347,266.0,0.0,14.060564457457959,3.6503182395603676e-06,0.09961946319979913
2348,266.0,0.0,14.060582958147103,3.6503326486885555e-06,0.09961972535569472
2349,266.0,0.0,14.060601451007138,3.6503470517569913e-06,0.09961998740099605
2350,266.0,0.0,14.060619936044704,3.6503614487708014e-06,0.09962024933579681
2351,266.0,0.0,14.060638413266435,3.650375839735105e-06,0.09962051116019059
2352,266.0,0.0,14.060656882678968,3.65039022465502e-06,0.09962077287427096
2353,266.0,0.0,14.060675344288917,3.6504046035356523e-06,0.09962103447813118
2354,266.0,0.0,14.060693798102896,3.6504189763821034e-06,0.09962129597186459
2355,266.0,0.0,14.060712244127506,3.6504333431994726e-06,0.09962155735556431
2356,266.0,0.0,14.060730682369345,3.6504477039928414e-06,0.09962181862932333
2357,266.0,0.0,14.060749112834998,3.6504620587672978e-06,0.09962207979323454
2358,266.0,0.0,14.060767535531046,3.650476407527918e-06,0.09962234084739081
2359,266.0,0.0,14.06078595046405,3.650490750279767e-06,0.09962260179188465
2360,266.0,0.0,14.060804357640578,3.6505050870279105e-06,0.0996228626268087
2361,266.0,0.0,14.060822757067186,3.6505194177774065e-06,0.09962312335225543
2362,266.0,0.0,14.060841148750415,3.650533742533304e-06,0.09962338396831705
2363,266.0,0.0,14.0608595326968,3.6505480613006457e-06,0.09962364447508583
2364,266.0,0.0,14.060877908912872,3.6505623740844724e-06,0.09962390487265382
2365,266.0,0.0,14.060896277405153,3.65057668088981e-06,0.09962416516111297
2366,266.0,0.0,14.060914638180147,3.6505909817216886e-06,0.09962442534055516
2367,266.0,0.0,14.060932991244366,3.650605276585122e-06,0.09962468541107206
2368,266.0,0.0,14.060951336604294,3.6506195654851216e-06,0.0996249453727553
2369,266.0,0.0,14.060969674266437,3.6506338484267024e-06,0.09962520522569647
2370,266.0,0.0,14.060988004237258,3.650648125414855e-06,0.09962546496998688
2371,266.0,0.0,14.061006326523229,3.6506623964545725e-06,0.0996257246057177
2372,266.0,0.0,14.061024641130818,3.6506766615508463e-06,0.09962598413298025
2373,266.0,0.0,14.061042948066477,3.650690920708654e-06,0.09962624355186546
2374,266.0,0.0,14.06106124733665,3.6507051739329713e-06,0.0996265028624643
2375,266.0,0.0,14.06107953894778,3.6507194212287663e-06,0.09962676206486756
2376,266.0,0.0,14.061097822906293,3.6507336626009982e-06,0.09962702115916595
2377,266.0,0.0,14.061116099218614,3.6507478980546264e-06,0.09962728014545003
2378,266.0,0.0,14.061134367891151,3.6507621275945957e-06,0.09962753902381016
2379,266.0,0.0,14.061152628930317,3.650776351225854e-06,0.09962779779433692
2380,266.0,0.0,14.061170882342505,3.6507905689533364e-06,0.09962805645712039
2381,266.0,0.0,14.061189128134103,3.6508047807819717e-06,0.09962831501225071
2382,266.0,0.0,14.061207366311498,3.6508189867166863e-06,0.09962857345981793
2383,266.0,0.0,14.061225596881062,3.650833186762398e-06,0.0996288317999119
2384,266.0,0.0,14.061243819849151,3.6508473809240166e-06,0.0996290900326224
2385,266.0,0.0,14.061262035222137,3.6508615692064515e-06,0.09962934815803917
2386,266.0,0.0,14.061280243006363,3.6508757516146027e-06,0.0996296061762517
2387,266.0,0.0,14.061298443208171,3.6508899281533637e-06,0.0996298640873495
2388,266.0,0.0,14.061316635833892,3.650904098827618e-06,0.09963012189142187
2389,266.0,0.0,14.061334820889853,3.650918263642251e-06,0.099630379588558
2390,266.0,0.0,14.061352998382375,3.650932422602137e-06,0.09963063717884704
2391,266.0,0.0,14.061371168317768,3.6509465757121456e-06,0.09963089466237796
2392,266.0,0.0,14.061389330702331,3.6509607229771426e-06,0.0996311520392398
2393,266.0,0.0,14.061407485542354,3.650974864401979e-06,0.09963140930952111
2394,266.0,0.0,14.061425632844134,3.650988999991513e-06,0.09963166647331073
2395,266.0,0.0,14.061443772613934,3.6510031297505797e-06,0.09963192353069704
2396,266.0,0.0,14.06146190485804,3.6510172536840287e-06,0.09963218048176867
2397,266.0,0.0,14.061480029582707,3.651031371796689e-06,0.09963243732661388
2398,266.0,0.0,14.061498146794193,3.6510454840933842e-06,0.09963269406532081
2399,266.0,0.0,14.061516256498738,3.651059590578936e-06,0.09963295069797766
2400,266.0,0.0,14.061534358702586,3.651073691258163e-06,0.09963320722467249
2401,266.0,0.0,14.061552453411972,3.651087786135875e-06,0.09963346364549315
2402,266.0,0.0,14.061570540633111,3.651101875216867e-06,0.09963371996052736
2403,266.0,0.0,14.061588620372229,3.651115958505943e-06,0.09963397616986282
2404,266.0,0.0,14.061606692635527,3.651130036007894e-06,0.09963423227358716
2405,266.0,0.0,14.061624757429206,3.6511441077274964e-06,0.09963448827178772
2406,266.0,0.0,14.061642814759463,3.651158173669542e-06,0.09963474416455204
2407,266.0,0.0,14.061660864632477,3.6511722338387975e-06,0.0996349999519672
2408,266.0,0.0,14.061678907054427,3.651186288240028e-06,0.09963525563412041
2409,266.0,0.0,14.061696942031487,3.651200336877996e-06,0.09963551121109862
2410,266.0,0.0,14.061714969569813,3.6512143797574597e-06,0.0996357666829888
2411,266.0,0.0,14.061732989675566,3.651228416883167e-06,0.09963602204987776
2412,266.0,0.0,14.06175100235489,3.6512424482598614e-06,0.09963627731185223
2413,266.0,0.0,14.061769007613913,3.651256473892276e-06,0.09963653246899867
2414,266.0,0.0,14.061787005458783,3.651270493785152e-06,0.09963678752140376
2415,266.0,0.0,14.061804995895615,3.651284507943209e-06,0.09963704246915371
2416,266.0,0.0,14.061822978930532,3.651298516371167e-06,0.09963729731233487
2417,266.0,0.0,14.06184095456963,3.6513125190737434e-06,0.09963755205103339
2418,266.0,0.0,14.061858922819024,3.6513265160556455e-06,0.09963780668533537
2419,266.0,0.0,14.061876883684796,3.6513405073215754e-06,0.0996380612153267
2420,266.0,0.0,14.061894837173037,3.6513544928762293e-06,0.09963831564109323
2421,266.0,0.0,14.061912783289829,3.6513684727242986e-06,0.09963856996272069
2422,266.0,0.0,14.061930722041236,3.6513824468704695e-06,0.09963882418029478
2423,266.0,0.0,14.061948653433328,3.65139641531942e-06,0.09963907829390097
2424,266.0,0.0,14.061966577472152,3.6514103780758247e-06,0.09963933230362468
2425,266.0,0.0,14.061984494163768,3.651424335144355e-06,0.09963958620955131
2426,266.0,0.0,14.06200240351421,3.6514382865296676e-06,0.09963984001176593
2427,266.0,0.0,14.062020305529511,3.651452232236422e-06,0.09964009371035382
2428,266.0,0.0,14.062038200215696,3.651466172269265e-06,0.09964034730539978
2429,266.0,0.0,14.062056087578792,3.6514801066328473e-06,0.09964060079698887
2430,266.0,0.0,14.062073967624798,3.6514940353318037e-06,0.09964085418520577
2431,266.0,0.0,14.062091840359725,3.6515079583707696e-06,0.09964110747013523
2432,266.0,0.0,14.062109705789572,3.6515218757543764e-06,0.0996413606518619
2433,266.0,0.0,14.062127563920322,3.651535787487238e-06,0.0996416137304701
2434,266.0,0.0,14.062145414757964,3.6515496935739803e-06,0.0996418667060444
2435,266.0,0.0,14.06216325830846,3.6515635940192054e-06,0.09964211957866885
2436,266.0,0.0,14.062181094577788,3.651577488827523e-06,0.09964237234842774
2437,266.0,0.0,14.062198923571907,3.651591378003536e-06,0.09964262501540519
2438,266.0,0.0,14.06221674529676,3.6516052615518304e-06,0.09964287757968501
2439,266.0,0.0,14.062234559758302,3.651619139477003e-06,0.09964313004135124
2440,266.0,0.0,14.062252366962465,3.651633011783625e-06,0.09964338240048741
2441,266.0,0.0,14.062270166915185,3.6516468784762882e-06,0.09964363465717743
2442,266.0,0.0,14.062287959622376,3.6516607395595513e-06,0.09964388681150466
2443,266.0,0.0,14.062305745089962,3.6516745950379864e-06,0.09964413886355264
2444,266.0,0.0,14.06232352332385,3.651688444916154e-06,0.0996443908134047
2445,266.0,0.0,14.062341294329936,3.6517022891986058e-06,0.09964464266114406
2446,266.0,0.0,14.062359058114122,3.6517161278898922e-06,0.09964489440685385
2447,266.0,0.0,14.06237681468229,3.6517299609945585e-06,0.09964514605061718
2448,266.0,0.0,14.062394564040325,3.6517437885171426e-06,0.09964539759251698
2449,266.0,0.0,14.062412306194089,3.6517576104621743e-06,0.09964564903263602
2450,266.0,0.0,14.062430041149456,3.65177142683418e-06,0.09964590037105701
2451,266.0,0.0,14.062447768912286,3.6517852376376837e-06,0.09964615160786273
2452,266.0,0.0,14.062465489488421,3.651799042877201e-06,0.09964640274313558
2453,266.0,0.0,14.06248320288371,3.651812842557241e-06,0.0996466537769581
2454,266.0,0.0,14.062500909103994,3.6518266366823134e-06,0.09964690470941256
2455,266.0,0.0,14.062518608155091,3.6518404252569092e-06,0.09964715554058116
2456,266.0,0.0,14.062536300042842,3.6518542082855315e-06,0.09964740627054615
2457,266.0,0.0,14.06255398477304,3.6518679857726596e-06,0.0996476568993894
2458,266.0,0.0,14.06257166235151,3.651881757722783e-06,0.09964790742719298
2459,266.0,0.0,14.062589332784052,3.6518955241403805e-06,0.09964815785403874
2460,266.0,0.0,14.062606996076449,3.651909285029915e-06,0.09964840818000828
2461,266.0,0.0,14.062624652234497,3.6519230403958654e-06,0.09964865840518335
2462,266.0,0.0,14.062642301263976,3.651936790242684e-06,0.09964890852964538
2463,266.0,0.0,14.062659943170654,3.651950534574829e-06,0.09964915855347593
2464,266.0,0.0,14.062677577960303,3.651964273396754e-06,0.09964940847675625
2465,266.0,0.0,14.06269520563868,3.651978006712899e-06,0.0996496582995676
2466,266.0,0.0,14.062712826211532,3.6519917345277073e-06,0.09964990802199114
2467,266.0,0.0,14.062730439684612,3.652005456845613e-06,0.09965015764410788
2468,266.0,0.0,14.062748046063655,3.6520191736710436e-06,0.09965040716599881
2469,266.0,0.0,14.06276564535439,3.65203288500842e-06,0.09965065658774469
2470,266.0,0.0,14.062783237562549,3.652046590862171e-06,0.09965090590942646
2471,266.0,0.0,14.062800822693836,3.6520602912366985e-06,0.09965115513112455
2472,266.0,0.0,14.062818400753969,3.6520739861364117e-06,0.09965140425291957
2473,266.0,0.0,14.062835971748655,3.6520876755657172e-06,0.09965165327489202
2474,266.0,0.0,14.062853535683582,3.652101359529008e-06,0.09965190219712226
2475,266.0,0.0,14.062871092564448,3.6521150380306794e-06,0.09965215101969055
2476,266.0,0.0,14.062888642396931,3.6521287110751143e-06,0.09965239974267702
2477,266.0,0.0,14.062906185186705,3.652142378666694e-06,0.09965264836616172
2478,266.0,0.0,14.062923720939443,3.6521560408097967e-06,0.09965289689022466
2479,266.0,0.0,14.062941249660808,3.652169697508787e-06,0.09965314531494569
2480,266.0,0.0,14.062958771356453,3.6521833487680417e-06,0.09965339364040467
2481,266.0,0.0,14.06297628603202,3.6521969945919065e-06,0.09965364186668113
2482,266.0,0.0,14.062993793693165,3.652210634984746e-06,0.09965388999385479
2483,266.0,0.0,14.06301129434551,3.652224269950903e-06,0.09965413802200498
2484,266.0,0.0,14.06302878799469,3.652237899494728e-06,0.0996543859512113
2485,266.0,0.0,14.06304627464632,3.652251523620555e-06,0.09965463378155288
2486,266.0,0.0,14.063063754306025,3.652265142332722e-06,0.09965488151310904
2487,266.0,0.0,14.063081226979405,3.652278755635555e-06,0.09965512914595885
2488,266.0,0.0,14.06309869267206,3.6522923635333767e-06,0.09965537668018125
2489,266.0,0.0,14.06311615138959,3.6523059660305067e-06,0.0996556241158552
2490,266.0,0.0,14.063133603137576,3.6523195631312584e-06,0.09965587145305961
2491,266.0,0.0,14.063151047921602,3.6523331548399364e-06,0.09965611869187303
2492,266.0,0.0,14.063168485747244,3.6523467411608446e-06,0.09965636583237426
2493,266.0,0.0,14.06318591662007,3.6523603220982815e-06,0.09965661287464173
2494,266.0,0.0,14.063203340545632,3.652373897656538e-06,0.09965685981875391
2495,266.0,0.0,14.063220757529498,3.6523874678399085e-06,0.09965710666478929
2496,266.0,0.0,14.0632381675772,3.6524010326526646e-06,0.09965735341282587
2497,266.0,0.0,14.06325557069429,3.652414592099086e-06,0.09965760006294198
2498,266.0,0.0,14.063272966886299,3.6524281461834472e-06,0.09965784661521561
2499,266.0,0.0,14.063290356158754,3.6524416949100156e-06,0.09965809306972483
2500,266.0,0.0,14.063307738517178,3.6524552382830507e-06,0.09965833942654752
2501,266.0,0.0,14.063325113967077,3.6524687763068063e-06,0.0996585856857613
2502,266.0,0.0,14.063342482513969,3.6524823089855385e-06,0.09965883184744402
2503,266.0,0.0,14.063359844163346,3.65249583632349e-06,0.09965907791167325
2504,266.0,0.0,14.063377198920712,3.6525093583249032e-06,0.09965932387852645
2505,266.0,0.0,14.063394546791546,3.652522874994017e-06,0.0996595697480811
2506,266.0,0.0,14.063411887781333,3.6525363863350585e-06,0.09965981552041454
2507,266.0,0.0,14.06342922189555,3.6525498923522568e-06,0.09966006119560394
2508,266.0,0.0,14.063446549139666,3.6525633930498336e-06,0.09966030677372652
2509,266.0,0.0,14.063463869519133,3.652576888431997e-06,0.0996605522548592
2510,266.0,0.0,14.063481183039414,3.652590378502965e-06,0.09966079763907902
2511,266.0,0.0,14.06349848970596,3.652603863266946e-06,0.09966104292646287
2512,266.0,0.0,14.063515789524208,3.652617342728138e-06,0.09966128811708753
2513,266.0,0.0,14.063533082499593,3.652630816890733e-06,0.09966153321102955
2514,266.0,0.0,14.06355036863755,3.6526442857589263e-06,0.09966177820836566
2515,266.0,0.0,14.063567647943499,3.652657749336906e-06,0.09966202310917231
2516,266.0,0.0,14.063584920422851,3.652671207628845e-06,0.09966226791352588
2517,266.0,0.0,14.063602186081024,3.6526846606389293e-06,0.09966251262150279
2518,266.0,0.0,14.063619444923416,3.6526981083713233e-06,0.09966275723317913
2519,266.0,0.0,14.063636696955427,3.6527115508301964e-06,0.09966300174863116
2520,266.0,0.0,14.063653942182446,3.6527249880197056e-06,0.0996632461679348
2521,266.0,0.0,14.063671180609857,3.6527384199440126e-06,0.0996634904911661
2522,266.0,0.0,14.063688412243039,3.652751846607267e-06,0.09966373471840097
2523,266.0,0.0,14.063705637087365,3.6527652680136146e-06,0.09966397884971506
2524,266.0,0.0,14.063722855148193,3.6527786841671943e-06,0.09966422288518409
2525,266.0,0.0,14.063740066430885,3.652792095072145e-06,0.09966446682488365
2526,266.0,0.0,14.063757270940796,3.6528055007326e-06,0.09966471066888932
2527,266.0,0.0,14.063774468683276,3.6528189011526877e-06,0.0996649544172765
2528,266.0,0.0,14.063791659663655,3.652832296336523e-06,0.09966519807012045
2529,266.0,0.0,14.063808843887267,3.652845686288228e-06,0.09966544162749646
2530,266.0,0.0,14.063826021359448,3.652859071011913e-06,0.0996656850894796
2531,266.0,0.0,14.063843192085509,3.65287245051169e-06,0.09966592845614508
2532,266.0,0.0,14.06386035607077,3.6528858247916565e-06,0.0996661717275678
2533,266.0,0.0,14.063877513320534,3.6528991938559096e-06,0.09966641490382253
2534,266.0,0.0,14.063894663840113,3.6529125577085493e-06,0.09966665798498427
2535,266.0,0.0,14.063911807634792,3.6529259163536542e-06,0.09966690097112761
2536,266.0,0.0,14.063928944709867,3.6529392697953155e-06,0.0996671438623272
2537,266.0,0.0,14.06394607507061,3.652952618037603e-06,0.09966738665865746
2538,266.0,0.0,14.063963198722314,3.6529659610846017e-06,0.09966762936019308
2539,266.0,0.0,14.063980315670236,3.6529792989403667e-06,0.09966787196700813
2540,266.0,0.0,14.063997425919649,3.6529926316089757e-06,0.09966811447917706
2541,266.0,0.0,14.064014529475807,3.6530059590944778e-06,0.09966835689677403
2542,266.0,0.0,14.064031626343965,3.653019281400931e-06,0.09966859921987307
2543,266.0,0.0,14.064048716529365,3.6530325985323876e-06,0.09966884144854823
2544,266.0,0.0,14.064065800037246,3.6530459104928888e-06,0.09966908358287344
2545,266.0,0.0,14.064082876872845,3.6530592172864733e-06,0.09966932562292243
2546,266.0,0.0,14.064099947041388,3.6530725189171815e-06,0.0996695675687691
2547,266.0,0.0,14.0641170105481,3.6530858153890445e-06,0.09966980942048706
2548,266.0,0.0,14.064134067398188,3.6530991067060817e-06,0.09967005117814978
2549,266.0,0.0,14.064151117596866,3.65311239287232e-06,0.09967029284183085
2550,266.0,0.0,14.064168161149336,3.653125673891776e-06,0.09967053441160371
2551,266.0,0.0,14.064185198060796,3.6531389497684575e-06,0.09967077588754154
2552,266.0,0.0,14.06420222833643,3.653152220506372e-06,0.0996710172697176
2553,266.0,0.0,14.064219251981438,3.6531654861095306e-06,0.09967125855820519
2554,266.0,0.0,14.064236269000979,3.6531787465819174e-06,0.09967149975307711
2555,266.0,0.0,14.064253279400234,3.653192001927532e-06,0.09967174085440643
2556,266.0,0.0,14.06427028318437,3.6532052521503674e-06,0.09967198186226618
2557,266.0,0.0,14.064287280358553,3.6532184972544035e-06,0.09967222277672905
2558,266.0,0.0,14.064304270927924,3.6532317372436154e-06,0.09967246359786763
2559,266.0,0.0,14.064321254897639,3.653244972121984e-06,0.09967270432575476
2560,266.0,0.0,14.06433823227284,3.653258201893474e-06,0.09967294496046286
2561,266.0,0.0,14.064355203058662,3.6532714265620565e-06,0.09967318550206446
2562,266.0,0.0,14.064372167260235,3.6532846461316846e-06,0.09967342595063187
2563,266.0,0.0,14.06438912488268,3.653297860606318e-06,0.09967366630623736
2564,266.0,0.0,14.06440607593112,3.6533110699899084e-06,0.0996739065689532
2565,266.0,0.0,14.064423020410668,3.653324274286403e-06,0.0996741467388515
2566,266.0,0.0,14.064439958326426,3.6533374734997424e-06,0.0996743868160043
2567,266.0,0.0,14.064456889683496,3.6533506676338664e-06,0.09967462680048358
2568,266.0,0.0,14.06447381448697,3.653363856692705e-06,0.09967486669236116
2569,266.0,0.0,14.064490732741941,3.6533770406801875e-06,0.09967510649170883
2570,266.0,0.0,14.064507644453485,3.6533902196002395e-06,0.09967534619859832
2571,266.0,0.0,14.064524549626688,3.653403393456776e-06,0.09967558581310121
2572,266.0,0.0,14.064541448266608,3.6534165622537166e-06,0.09967582533528904
2573,266.0,0.0,14.064558340378321,3.65342972599497e-06,0.09967606476523336
2574,266.0,0.0,14.06457522596688,3.6534428846844396e-06,0.09967630410300542
2575,266.0,0.0,14.064592105037336,3.6534560383260275e-06,0.0996765433486765
2576,266.0,0.0,14.064608977594743,3.653469186923634e-06,0.09967678250231797
2577,266.0,0.0,14.064625843644134,3.6534823304811417e-06,0.09967702156400066
2578,266.0,0.0,14.06464270319055,3.653495469002447e-06,0.09967726053379591
2579,266.0,0.0,14.06465955623902,3.6535086024914323e-06,0.09967749941177459
2580,266.0,0.0,14.064676402794564,3.65352173095197e-06,0.09967773819800742
2581,266.0,0.0,14.064693242862203,3.653534854387942e-06,0.09967797689256541
2582,266.0,0.0,14.064710076446946,3.6535479728032085e-06,0.09967821549551903
2583,266.0,0.0,14.064726903553803,3.6535610862016427e-06,0.09967845400693914
2584,266.0,0.0,14.064743724187776,3.6535741945871038e-06,0.0996786924268962
2585,266.0,0.0,14.064760538353847,3.653587297963442e-06,0.09967893075546062
2586,266.0,0.0,14.06477734605702,3.6536003963345185e-06,0.09967916899270286
2587,266.0,0.0,14.06479414730227,3.6536134897041717e-06,0.09967940713869318
2588,266.0,0.0,14.064810942094576,3.653626578076249e-06,0.09967964519350182
2589,266.0,0.0,14.064827730438907,3.653639661454586e-06,0.09967988315719885
2590,266.0,0.0,14.064844512340231,3.65365273984302e-06,0.09968012102985445
2591,266.0,0.0,14.064861287803511,3.6536658132453798e-06,0.09968035881153853
2592,266.0,0.0,14.064878056833692,3.653678881665484e-06,0.09968059650232089
2593,266.0,0.0,14.064894819435732,3.6536919451071634e-06,0.09968083410227155
2594,266.0,0.0,14.064911575614573,3.6537050035742298e-06,0.09968107161146014
2595,266.0,0.0,14.064928325375147,3.6537180570704935e-06,0.09968130902995631
2596,266.0,0.0,14.064945068722386,3.6537311055997573e-06,0.09968154635782954
2597,266.0,0.0,14.064961805661222,3.65374414916584e-06,0.0996817835951496
2598,266.0,0.0,14.064978536196566,3.6537571877725253e-06,0.09968202074198566
2599,266.0,0.0,14.064995260333339,3.6537702214236125e-06,0.0996822577984071
2600,266.0,0.0,14.065011978076445,3.6537832501228923e-06,0.09968249476448317
2601,266.0,0.0,14.065028689430786,3.653796273874146e-06,0.09968273164028305
2602,266.0,0.0,14.065045394401272,3.6538092926811647e-06,0.09968296842587593
2603,266.0,0.0,14.065062092992779,3.6538223065477147e-06,0.09968320512133076
2604,266.0,0.0,14.065078785210199,3.653835315477572e-06,0.0996834417267164
2605,266.0,0.0,14.065095471058415,3.653848319474507e-06,0.09968367824210182
2606,266.0,0.0,14.065112150542301,3.6538613185422853e-06,0.0996839146675558
2607,266.0,0.0,14.065128823666722,3.65387431268466e-06,0.09968415100314687
2608,266.0,0.0,14.06514549043655,3.653887301905392e-06,0.0996843872489439
2609,266.0,0.0,14.065162150856636,3.6539002862082315e-06,0.09968462340501527
2610,266.0,0.0,14.065178804931834,3.653913265596921e-06,0.09968485947142951
2611,266.0,0.0,14.065195452666991,3.653926240075207e-06,0.09968509544825492
2612,266.0,0.0,14.065212094066947,3.653939209646827e-06,0.09968533133555989
2613,266.0,0.0,14.065228729136543,3.6539521743155143e-06,0.09968556713341262
2614,266.0,0.0,14.065245357880606,3.6539651340849985e-06,0.09968580284188129
2615,266.0,0.0,14.065261980303958,3.653978088959004e-06,0.09968603846103387
2616,266.0,0.0,14.065278596411424,3.6539910389412556e-06,0.09968627399093852
2617,266.0,0.0,14.065295206207816,3.6540039840354667e-06,0.09968650943166306
2618,266.0,0.0,14.06531180969794,3.65401692424535e-06,0.0996867447832753
2619,266.0,0.0,14.065328406886598,3.654029859574611e-06,0.09968698004584298
2620,266.0,0.0,14.065344997778594,3.6540427900269637e-06,0.09968721521943397
2621,266.0,0.0,14.065361582378712,3.654055715606099e-06,0.09968745030411565
2622,266.0,0.0,14.065378160691743,3.6540686363157138e-06,0.0996876852999557
2623,266.0,0.0,14.06539473272246,3.654081552159501e-06,0.0996879202070215
2624,266.0,0.0,14.065411298475649,3.6540944631411456e-06,0.09968815502538036
2625,266.0,0.0,14.065427857956077,3.654107369264337e-06,0.09968838975509983
2626,266.0,0.0,14.065444411168507,3.654120270532748e-06,0.09968862439624689
2627,266.0,0.0,14.06546095811769,3.654133166950054e-06,0.09968885894888874
2628,266.0,0.0,14.065477498808395,3.654146058519929e-06,0.09968909341309251
2629,266.0,0.0,14.06549403324536,3.654158945246033e-06,0.0996893277889251
2630,266.0,0.0,14.065510561433335,3.6541718271320373e-06,0.09968956207645355
2631,266.0,0.0,14.065527083377047,3.654184704181591e-06,0.09968979627574462
2632,266.0,0.0,14.065543599081238,3.654197576398352e-06,0.09969003038686504
2633,266.0,0.0,14.06556010855063,3.65421044378597e-06,0.09969026440988157
2634,266.0,0.0,14.065576611789945,3.6542233063480934e-06,0.09969049834486089
2635,266.0,0.0,14.065593108803899,3.6542361640883544e-06,0.09969073219186937
2636,266.0,0.0,14.0656095995972,3.6542490170103964e-06,0.09969096595097351
2637,266.0,0.0,14.065626084174557,3.654261865117857e-06,0.09969119962223982
2638,266.0,0.0,14.065642562540665,3.6542747084143563e-06,0.09969143320573444
2639,266.0,0.0,14.065659034700229,3.6542875469035273e-06,0.09969166670152375
2640,266.0,0.0,14.065675500657926,3.6543003805889865e-06,0.0996919001096739
2641,266.0,0.0,14.065691960418444,3.6543132094743468e-06,0.09969213343025081
2642,266.0,0.0,14.065708413986465,3.6543260335632293e-06,0.09969236666332071
2643,266.0,0.0,14.065724861366657,3.654338852859237e-06,0.09969259980894939
2644,266.0,0.0,14.065741302563692,3.6543516673659744e-06,0.09969283286720274
2645,266.0,0.0,14.065757737582231,3.6543644770870465e-06,0.0996930658381466
2646,266.0,0.0,14.065774166426937,3.6543772820260468e-06,0.09969329872184665
2647,266.0,0.0,14.06579058910245,3.654390082186565e-06,0.09969353151836857
2648,266.0,0.0,14.06580700561343,3.6544028775721943e-06,0.09969376422777784
2649,266.0,0.0,14.065823415964504,3.65441566818651e-06,0.09969399685013991
2650,266.0,0.0,14.065839820160319,3.6544284540331023e-06,0.09969422938552039
2651,266.0,0.0,14.065856218205507,3.6544412351155453e-06,0.09969446183398455
2652,266.0,0.0,14.06587261010469,3.654454011437407e-06,0.09969469419559754
2653,266.0,0.0,14.065888995862489,3.6544667830022567e-06,0.09969492647042465
2654,266.0,0.0,14.06590537548352,3.6544795498136634e-06,0.09969515865853104
2655,266.0,0.0,14.065921748972391,3.6544923118751782e-06,0.09969539075998161
2656,266.0,0.0,14.065938116333712,3.6545050691903647e-06,0.0996956227748415
2657,266.0,0.0,14.065954477572076,3.654517821762769e-06,0.09969585470317553
2658,266.0,0.0,14.06597083269208,3.654530569595943e-06,0.09969608654504852
2659,266.0,0.0,14.065987181698324,3.6545433126934327e-06,0.0996963183005253
2660,266.0,0.0,14.066003524595377,3.6545560510587752e-06,0.0996965499696705
2661,266.0,0.0,14.066019861387826,3.6545687846955034e-06,0.09969678155254866
2662,266.0,0.0,14.066036192080242,3.6545815136071527e-06,0.09969701304922442
2663,266.0,0.0,14.0660525166772,3.654594237797257e-06,0.0996972444597623
2664,266.0,0.0,14.066068835183254,3.6546069572693275e-06,0.0996974757842265
2665,266.0,0.0,14.066085147602973,3.6546196720268987e-06,0.09969770702268159
2666,266.0,0.0,14.066101453940902,3.654632382073473e-06,0.0996979381751915
2667,266.0,0.0,14.066117754201592,3.6546450874125714e-06,0.09969816924182069
2668,266.0,0.0,14.066134048389591,3.6546577880477025e-06,0.09969840022263313
2669,266.0,0.0,14.066150336509429,3.654670483982368e-06,0.09969863111769292
2670,266.0,0.0,14.066166618565642,3.6546831752200655e-06,0.0996988619270639
2671,266.0,0.0,14.066182894562765,3.6546958617643003e-06,0.09969909265081012
2672,266.0,0.0,14.066199164505308,3.654708543618555e-06,0.09969932328899525
2673,266.0,0.0,14.0662154283978,3.654721220786325e-06,0.0996995538416831
2674,266.0,0.0,14.06623168624475,3.6547338932710967e-06,0.09969978430893744
2675,266.0,0.0,14.066247938050665,3.654746561076345e-06,0.0997000146908217
2676,266.0,0.0,14.066264183820048,3.654759224205548e-06,0.09970024498739953
2677,266.0,0.0,14.066280423557396,3.6547718826621845e-06,0.09970047519873432
2678,266.0,0.0,14.066296657267202,3.654784536449718e-06,0.09970070532488956
2679,266.0,0.0,14.066312884953955,3.6547971855716185e-06,0.09970093536592851
2680,266.0,0.0,14.06632910662214,3.6548098300313453e-06,0.09970116532191436
2681,266.0,0.0,14.066345322276225,3.6548224698323537e-06,0.09970139519291035
2682,266.0,0.0,14.066361531920691,3.6548351049780994e-06,0.09970162497897955
2683,266.0,0.0,14.066377735560005,3.6548477354720364e-06,0.0997018546801851
2684,266.0,0.0,14.066393933198627,3.6548603613176077e-06,0.09970208429658989
2685,266.0,0.0,14.066410124841017,3.6548729825182554e-06,0.09970231382825678
2686,266.0,0.0,14.066426310491625,3.654885599077416e-06,0.09970254327524868
2687,266.0,0.0,14.066442490154904,3.6548982109985307e-06,0.0997027726376283
2688,266.0,0.0,14.066458663835283,3.6549108182850236e-06,0.0997030019154583
2689,266.0,0.0,14.066474831537219,3.654923420940325e-06,0.09970323110880142
2690,266.0,0.0,14.066490993265129,3.654936018967857e-06,0.09970346021772004
2691,266.0,0.0,14.066507149023451,3.6549486123710403e-06,0.0997036892422767
2692,266.0,0.0,14.066523298816602,3.6549612011532913e-06,0.09970391818253387
2693,266.0,0.0,14.066539442649006,3.6549737853180213e-06,0.09970414703855392
2694,266.0,0.0,14.066555580525065,3.6549863648686346e-06,0.0997043758103989
2695,266.0,0.0,14.0665717124492,3.6549989398085376e-06,0.09970460449813119
2696,266.0,0.0,14.06658783842581,3.6550115101411366e-06,0.09970483310181297
2697,266.0,0.0,14.066603958459288,3.6550240758698214e-06,0.09970506162150619
2698,266.0,0.0,14.066620072554036,3.655036636997987e-06,0.09970529005727288
2699,266.0,0.0,14.066636180714438,3.655049193529026e-06,0.09970551840917495
2700,266.0,0.0,14.066652282944874,3.655061745466318e-06,0.09970574667727425
2701,266.0,0.0,14.066668379249732,3.6550742928132476e-06,0.0997059748616326
2702,266.0,0.0,14.066684469633383,3.6550868355731967e-06,0.09970620296231178
2703,266.0,0.0,14.066700554100192,3.6550993737495307e-06,0.09970643097937329
2704,266.0,0.0,14.066716632654526,3.655111907345628e-06,0.0997066589128788
2705,266.0,0.0,14.066732705300748,3.6551244363648527e-06,0.09970688676288986
2706,266.0,0.0,14.066748772043207,3.6551369608105675e-06,0.09970711452946784
2707,266.0,0.0,14.066764832886255,3.655149480686133e-06,0.09970734221267416
2708,266.0,0.0,14.066780887834238,3.6551619959949017e-06,0.09970756981257009
2709,266.0,0.0,14.066796936891494,3.6551745067402304e-06,0.09970779732921699
2710,266.0,0.0,14.066812980062366,3.655187012925467e-06,0.09970802476267597
2711,266.0,0.0,14.066829017351175,3.655199514553952e-06,0.09970825211300807
2712,266.0,0.0,14.066845048762255,3.655212011629027e-06,0.0997084793802744
2713,266.0,0.0,14.06686107429992,3.6552245041540305e-06,0.09970870656453588
2714,266.0,0.0,14.066877093968492,3.6552369921323e-06,0.09970893366585355
2715,266.0,0.0,14.066893107772284,3.6552494755671603e-06,0.0997091606842881
2716,266.0,0.0,14.066909115715596,3.655261954461939e-06,0.0997093876199004
2717,266.0,0.0,14.066925117802734,3.655274428819959e-06,0.09970961447275112
2718,266.0,0.0,14.066941114037995,3.6552868986445392e-06,0.09970984124290089
2719,266.0,0.0,14.06695710442567,3.655299363938993e-06,0.09971006793041022
2720,266.0,0.0,14.06697308897005,3.6553118247066335e-06,0.09971029453533974
2721,266.0,0.0,14.066989067675417,3.6553242809507686e-06,0.09971052105774977
2722,266.0,0.0,14.067005040546054,3.655336732674708e-06,0.09971074749770088
2723,266.0,0.0,14.067021007586224,3.6553491798817416e-06,0.09971097385525313
2724,266.0,0.0,14.067036968800206,3.6553616225751753e-06,0.09971120013046694
2725,266.0,0.0,14.067052924192259,3.655374060758297e-06,0.09971142632340235
2726,266.0,0.0,14.067068873766647,3.6553864944344014e-06,0.09971165243411964
2727,266.0,0.0,14.067084817527618,3.6553989236067693e-06,0.0997118784626786
2728,266.0,0.0,14.067100755479434,3.6554113482786906e-06,0.09971210440913948
2729,266.0,0.0,14.067116687626328,3.6554237684534375e-06,0.09971233027356197
2730,266.0,0.0,14.067132613972548,3.655436184134289e-06,0.09971255605600603
2731,266.0,0.0,14.06714853452233,3.655448595324516e-06,0.09971278175653141
2732,266.0,0.0,14.067164449279908,3.6554610020273894e-06,0.09971300737519792
2733,266.0,0.0,14.067180358249505,3.6554734042461694e-06,0.09971323291206502
2734,266.0,0.0,14.067196261435342,3.6554858019841206e-06,0.0997134583671924
2735,266.0,0.0,14.067212158841642,3.655498195244501e-06,0.09971368374063964
2736,266.0,0.0,14.067228050472613,3.655510584030559e-06,0.09971390903246603
2737,266.0,0.0,14.067243936332467,3.6555229683455516e-06,0.09971413424273112
2738,266.0,0.0,14.067259816425413,3.6555353481927253e-06,0.09971435937149413
2739,266.0,0.0,14.067275690755638,3.6555477235753196e-06,0.09971458441881434
2740,266.0,0.0,14.067291559327348,3.655560094496575e-06,0.09971480938475095
2741,266.0,0.0,14.067307422144726,3.6555724609597318e-06,0.09971503426936314
2742,266.0,0.0,14.067323279211964,3.655584822968018e-06,0.09971525907270984
2743,266.0,0.0,14.067339130533236,3.655597180524665e-06,0.09971548379485017
2744,266.0,0.0,14.067354976112727,3.6556095336329013e-06,0.09971570843584304
2745,266.0,0.0,14.0673708159546,3.6556218822959425e-06,0.09971593299574726
2746,266.0,0.0,14.067386650063032,3.6556342265170137e-06,0.09971615747462177
2747,266.0,0.0,14.06740247844218,3.6556465662993308e-06,0.09971638187252524
2748,266.0,0.0,14.067418301096206,3.6556589016461e-06,0.09971660618951629
2749,266.0,0.0,14.067434118029253,3.6556712325605324e-06,0.09971683042565362
2750,266.0,0.0,14.067449929245482,3.655683559045833e-06,0.09971705458099574
2751,266.0,0.0,14.067465734749039,3.6556958811052017e-06,0.09971727865560112
2752,266.0,0.0,14.067481534544054,3.655708198741837e-06,0.09971750264952821
2753,266.0,0.0,14.06749732863467,3.655720511958936e-06,0.09971772656283544
2754,266.0,0.0,14.067513117025017,3.6557328207596844e-06,0.09971795039558093
2755,266.0,0.0,14.067528899719221,3.655745125147273e-06,0.09971817414782307
2756,266.0,0.0,14.067544676721402,3.6557574251248847e-06,0.09971839781961998
2757,266.0,0.0,14.067560448035684,3.6557697206957004e-06,0.09971862141102972
2758,266.0,0.0,14.067576213666182,3.6557820118629003e-06,0.0997188449221105
2759,266.0,0.0,14.067591973616993,3.655794298629652e-06,0.09971906835292012
2760,266.0,0.0,14.067607727892229,3.655806580999129e-06,0.09971929170351657
2761,266.0,0.0,14.067623476495989,3.6558188589744955e-06,0.0997195149739576
2762,266.0,0.0,14.067639219432372,3.6558311325589207e-06,0.09971973816430124
2763,266.0,0.0,14.067654956705463,3.6558434017555576e-06,0.099719961274605
2764,266.0,0.0,14.067670688319351,3.6558556665675658e-06,0.09972018430492666
2765,266.0,0.0,14.067686414278121,3.6558679269980995e-06,0.09972040725532383
2766,266.0,0.0,14.067702134585849,3.6558801830503106e-06,0.09972063012585398
2767,266.0,0.0,14.067717849246606,3.6558924347273352e-06,0.0997208529165746
2768,266.0,0.0,14.067733558264464,3.6559046820323264e-06,0.09972107562754318
2769,266.0,0.0,14.067749261643486,3.6559169249684195e-06,0.09972129825881704
2770,266.0,0.0,14.067764959387734,3.6559291635387545e-06,0.0997215208104535
2771,266.0,0.0,14.067780651501263,3.6559413977464547e-06,0.0997217432825097
2772,266.0,0.0,14.067796337988126,3.6559536275946614e-06,0.09972196567504293
2773,266.0,0.0,14.067812018852363,3.655965853086492e-06,0.09972218798811021
2774,266.0,0.0,14.067827694098028,3.6559780742250733e-06,0.09972241022176866
2775,266.0,0.0,14.067843363729148,3.6559902910135223e-06,0.09972263237607526
2776,266.0,0.0,14.067859027749764,3.6560025034549534e-06,0.09972285445108679
2777,266.0,0.0,14.067874686163906,3.6560147115524848e-06,0.09972307644686032
2778,266.0,0.0,14.067890338975596,3.656026915309224e-06,0.0997232983634526
2779,266.0,0.0,14.067905986188855,3.6560391147282696e-06,0.09972352020092026
2780,266.0,0.0,14.0679216278077,3.6560513098127297e-06,0.09972374195932006
2781,266.0,0.0,14.067937263836143,3.656063500565707e-06,0.09972396363870863
2782,266.0,0.0,14.067952894278196,3.6560756869902913e-06,0.0997241852391425
2783,266.0,0.0,14.06796851913786,3.6560878690895784e-06,0.09972440676067823
2784,266.0,0.0,14.067984138419131,3.6561000468666574e-06,0.09972462820337219
2785,266.0,0.0,14.06799975212601,3.6561122203246104e-06,0.09972484956728074
2786,266.0,0.0,14.068015360262482,3.656124389466523e-06,0.09972507085246023
2787,266.0,0.0,14.068030962832536,3.6561365542954754e-06,0.09972529205896692
2788,266.0,0.0,14.068046559840155,3.656148714814541e-06,0.09972551318685703
2789,266.0,0.0,14.068062151289318,3.6561608710267953e-06,0.09972573423618666
2790,266.0,0.0,14.068077737183991,3.656173022935303e-06,0.09972595520701186
2791,266.0,0.0,14.068093317528158,3.6561851705431375e-06,0.0997261760993887
2792,266.0,0.0,14.068108892325768,3.6561973138533532e-06,0.09972639691337314
2793,266.0,0.0,14.068124461580792,3.6562094528690166e-06,0.09972661764902097
2794,266.0,0.0,14.068140025297183,3.6562215875931788e-06,0.09972683830638812
2795,266.0,0.0,14.068155583478894,3.656233718028899e-06,0.0997270588855304
2796,266.0,0.0,14.068171136129875,3.6562458441792175e-06,0.09972727938650339
2797,266.0,0.0,14.068186683254062,3.656257966047184e-06,0.09972749980936278
2798,266.0,0.0,14.06820222485541,3.656270083635854e-06,0.0997277201541644
2799,266.0,0.0,14.068217760937838,3.656282196948248e-06,0.09972794042096342
2800,266.0,0.0,14.068233291505287,3.656294305987414e-06,0.09972816060981553
2801,266.0,0.0,14.068248816561683,3.6563064107563867e-06,0.0997283807207762
2802,266.0,0.0,14.068264336110945,3.656318511258191e-06,0.09972860075390062
2803,266.0,0.0,14.068279850156996,3.6563306074958525e-06,0.09972882070924413
2804,266.0,0.0,14.068295358703747,3.656342699472403e-06,0.09972904058686212
2805,266.0,0.0,14.068310861755108,3.6563547871908554e-06,0.09972926038680957
2806,266.0,0.0,14.068326359314991,3.656366870654232e-06,0.09972948010914176
2807,266.0,0.0,14.068341851387292,3.656378949865541e-06,0.09972969975391363
2808,266.0,0.0,14.06835733797591,3.656391024827802e-06,0.0997299193211803
2809,266.0,0.0,14.06837281908474,3.656403095544013e-06,0.09973013881099661
2810,266.0,0.0,14.068388294717671,3.6564151620171854e-06,0.09973035822341754
2811,266.0,0.0,14.06840376487859,3.6564272242503193e-06,0.09973057755849787
2812,266.0,0.0,14.068419229571372,3.6564392822464093e-06,0.09973079681629236
2813,266.0,0.0,14.068434688799906,3.6564513360084565e-06,0.09973101599685578
2814,266.0,0.0,14.068450142568054,3.6564633855394474e-06,0.09973123510024277
2815,266.0,0.0,14.068465590879681,3.65647543084237e-06,0.09973145412650782
2816,266.0,0.0,14.068481033738669,3.6564874719202166e-06,0.09973167307570568
2817,266.0,0.0,14.068496471148862,3.656499508775958e-06,0.09973189194789057
2818,266.0,0.0,14.068511903114125,3.6565115414125833e-06,0.09973211074311715
2819,266.0,0.0,14.06852732963831,3.6565235698330665e-06,0.09973232946143966
2820,266.0,0.0,14.068542750725264,3.6565355940403783e-06,0.09973254810291245
2821,266.0,0.0,14.068558166378825,3.6565476140374844e-06,0.09973276666758966
2822,266.0,0.0,14.068573576602846,3.6565596298273617e-06,0.09973298515552571
2823,266.0,0.0,14.068588981401154,3.656571641412964e-06,0.09973320356677454
2824,266.0,0.0,14.068604380777584,3.6565836487972548e-06,0.09973342190139028
2825,266.0,0.0,14.068619774735959,3.6565956519831917e-06,0.09973364015942696
2826,266.0,0.0,14.068635163280113,3.6566076509737307e-06,0.0997338583409386
2827,266.0,0.0,14.068650546413856,3.656619645771817e-06,0.099734076445979
2828,266.0,0.0,14.068665924141007,3.6566316363804036e-06,0.09973429447460207
2829,266.0,0.0,14.06868129646538,3.656643622802429e-06,0.09973451242686153
2830,266.0,0.0,14.068696663390787,3.656655605040846e-06,0.09973473030281135
2831,266.0,0.0,14.068712024921016,3.6566675830985793e-06,0.09973494810250494
2832,266.0,0.0,14.068727381059876,3.6566795569785666e-06,0.09973516582599593
2833,266.0,0.0,14.068742731811172,3.656691526683753e-06,0.09973538347333813
2834,266.0,0.0,14.06875807717868,3.6567034922170535e-06,0.09973560104458486
2835,266.0,0.0,14.068773417166197,3.656715453581399e-06,0.09973581853978954
2836,266.0,0.0,14.068788751777504,3.6567274107797135e-06,0.09973603595900572
2837,266.0,0.0,14.068804081016378,3.656739363814912e-06,0.09973625330228654
2838,266.0,0.0,14.068819404886602,3.6567513126899188e-06,0.09973647056968549
2839,266.0,0.0,14.068834723391939,3.6567632574076404e-06,0.09973668776125566
2840,266.0,0.0,14.06885003653616,3.656775197970992e-06,0.09973690487705028
2841,266.0,0.0,14.068865344323033,3.656787134382881e-06,0.09973712191712247
2842,266.0,0.0,14.068880646756313,3.6567990666462087e-06,0.09973733888152525
2843,266.0,0.0,14.068895943839754,3.6568109947638765e-06,0.09973755577031158
2844,266.0,0.0,14.068911235577108,3.656822918738784e-06,0.09973777258353454
2845,266.0,0.0,14.068926521972134,3.656834838573831e-06,0.09973798932124694
2846,266.0,0.0,14.068941803028562,3.6568467542719046e-06,0.09973820598350167
2847,266.0,0.0,14.068957078750142,3.6568586658358953e-06,0.09973842257035144
2848,266.0,0.0,14.068972349140601,3.6568705732686877e-06,0.09973863908184899
2849,266.0,0.0,14.068987614203674,3.656882476573168e-06,0.09973885551804702
2850,266.0,0.0,14.069002873943097,3.6568943757522154e-06,0.09973907187899814
2851,266.0,0.0,14.069018128362588,3.656906270808706e-06,0.09973928816475489
2852,266.0,0.0,14.069033377465864,3.656918161745516e-06,0.09973950437536981
2853,266.0,0.0,14.069048621256641,3.6569300485655082e-06,0.09973972051089522
2854,266.0,0.0,14.069063859738641,3.6569419312715637e-06,0.09973993657138368
2855,266.0,0.0,14.069079092915567,3.656953809866541e-06,0.09974015255688749
2856,266.0,0.0,14.069094320791125,3.6569656843533007e-06,0.0997403684674589
2857,266.0,0.0,14.069109543369011,3.656977554734702e-06,0.09974058430315011
2858,266.0,0.0,14.069124760652931,3.6569894210136067e-06,0.09974080006401344
2859,266.0,0.0,14.06913997264657,3.6570012831928635e-06,0.09974101575010083
2860,266.0,0.0,14.069155179353618,3.657013141275322e-06,0.09974123136146444
2861,266.0,0.0,14.069170380777768,3.65702499526383e-06,0.09974144689815627
2862,266.0,0.0,14.069185576922697,3.6570368451612366e-06,0.09974166236022831
2863,266.0,0.0,14.06920076779208,3.657048690970371e-06,0.09974187774773235
2864,266.0,0.0,14.069215953389591,3.6570605326940843e-06,0.09974209306072038
2865,266.0,0.0,14.069231133718906,3.657072370335206e-06,0.09974230829924412
2866,266.0,0.0,14.069246308783683,3.657084203896567e-06,0.09974252346335524
2867,266.0,0.0,14.069261478587592,3.6570960333810018e-06,0.09974273855310563
2868,266.0,0.0,14.06927664313429,3.657107858791333e-06,0.09974295356854676
2869,266.0,0.0,14.069291802427427,3.657119680130384e-06,0.09974316850973021
2870,266.0,0.0,14.069306956470657,3.6571314974009756e-06,0.09974338337670757
2871,266.0,0.0,14.069322105267627,3.657143310605927e-06,0.09974359816953025
2872,266.0,0.0,14.069337248821983,3.657155119748054e-06,0.09974381288824978
2873,266.0,0.0,14.069352387137354,3.65716692483016e-06,0.0997440275329173
2874,266.0,0.0,14.069367520217387,3.6571787258550634e-06,0.09974424210358439
2875,266.0,0.0,14.069382648065714,3.6571905228255687e-06,0.09974445660030214
2876,266.0,0.0,14.069397770685958,3.657202315744477e-06,0.09974467102312184
2877,266.0,0.0,14.069412888081745,3.657214104614588e-06,0.09974488537209455
2878,266.0,0.0,14.069428000256694,3.6572258894386992e-06,0.09974509964727148
2879,266.0,0.0,14.069443107214427,3.6572376702196072e-06,0.09974531384870362
2880,266.0,0.0,14.069458208958551,3.6572494469600986e-06,0.09974552797644193
2881,266.0,0.0,14.069473305492675,3.6572612196629635e-06,0.09974574203053728
2882,266.0,0.0,14.069488396820411,3.657272988330989e-06,0.0997459560110407
2883,266.0,0.0,14.069503482945354,3.6572847529669557e-06,0.09974616991800295
2884,266.0,0.0,14.069518563871108,3.6572965135736493e-06,0.09974638375147488
2885,266.0,0.0,14.069533639601268,3.657308270153843e-06,0.09974659751150716
2886,266.0,0.0,14.069548710139419,3.6573200227103105e-06,0.09974681119815049
2887,266.0,0.0,14.069563775489145,3.6573317712458173e-06,0.0997470248114554
2888,266.0,0.0,14.069578835654035,3.657343515763141e-06,0.09974723835147259
2889,266.0,0.0,14.069593890637668,3.6573552562650436e-06,0.09974745181825251
2890,266.0,0.0,14.06960894044362,3.657366992754285e-06,0.09974766521184561
2891,266.0,0.0,14.069623985075463,3.6573787252336296e-06,0.09974787853230238
2892,266.0,0.0,14.069639024536768,3.6573904537058316e-06,0.09974809177967303
2893,266.0,0.0,14.069654058831093,3.657402178173647e-06,0.09974830495400808
2894,266.0,0.0,14.069669087962003,3.657413898639824e-06,0.09974851805535763
2895,266.0,0.0,14.069684111933055,3.657425615107113e-06,0.09974873108377195
2896,266.0,0.0,14.069699130747798,3.657437327578258e-06,0.09974894403930112
2897,266.0,0.0,14.069714144409792,3.6574490360560036e-06,0.09974915692199535
2898,266.0,0.0,14.069729152922573,3.6574607405430883e-06,0.09974936973190462
2899,266.0,0.0,14.06974415628969,3.6574724410422504e-06,0.09974958246907892
2900,266.0,0.0,14.069759154514678,3.6574841375562233e-06,0.09974979513356823
2901,266.0,0.0,14.069774147601077,3.6574958300877387e-06,0.09975000772542245
2902,266.0,0.0,14.069789135552414,3.6575075186395244e-06,0.09975022024469139
2903,266.0,0.0,14.069804118372216,3.657519203214306e-06,0.09975043269142483
2904,266.0,0.0,14.069819096064016,3.6575308838148085e-06,0.09975064506567255
2905,266.0,0.0,14.069834068631327,3.6575425604437503e-06,0.09975085736748426
2906,266.0,0.0,14.069849036077663,3.657554233103848e-06,0.0997510695969095
2907,266.0,0.0,14.069863998406548,3.657565901797821e-06,0.099751281753998
2908,266.0,0.0,14.069878955621482,3.657577566528375e-06,0.0997514938387992
2909,266.0,0.0,14.069893907725978,3.6575892272982224e-06,0.09975170585136256
2910,266.0,0.0,14.069908854723534,3.657600884110067e-06,0.09975191779173759
2911,266.0,0.0,14.06992379661765,3.6576125369666138e-06,0.09975212965997361
2912,266.0,0.0,14.069938733411824,3.6576241858705626e-06,0.09975234145611994
2913,266.0,0.0,14.069953665109548,3.6576358308246138e-06,0.09975255318022597
2914,266.0,0.0,14.069968591714307,3.6576474718314622e-06,0.0997527648323409
2915,266.0,0.0,14.069983513229586,3.6576591088937973e-06,0.09975297641251381
2916,266.0,0.0,14.069998429658867,3.65767074201431e-06,0.09975318792079393
2917,266.0,0.0,14.070013341005629,3.657682371195688e-06,0.09975339935723034
2918,266.0,0.0,14.070028247273344,3.6576939964406142e-06,0.09975361072187192
2919,266.0,0.0,14.070043148465482,3.657705617751772e-06,0.09975382201476787
2920,266.0,0.0,14.07005804458551,3.6577172351318357e-06,0.09975403323596693
2921,266.0,0.0,14.07007293563689,3.6577288485834856e-06,0.09975424438551815
2922,266.0,0.0,14.070087821623089,3.657740458109393e-06,0.09975445546347024
2923,266.0,0.0,14.070102702547555,3.65775206371223e-06,0.09975466646987205
2924,266.0,0.0,14.070117578413743,3.6577636653946616e-06,0.09975487740477221
2925,266.0,0.0,14.070132449225106,3.6577752631593554e-06,0.09975508826821945
2926,266.0,0.0,14.070147314985086,3.6577868570089726e-06,0.0997552990602625
2927,266.0,0.0,14.070162175697117,3.657798446946167e-06,0.09975550978094973
2928,266.0,0.0,14.07017703136465,3.6578100329736046e-06,0.09975572043032986
2929,266.0,0.0,14.070191881991116,3.6578216150939352e-06,0.0997559310084513
2930,266.0,0.0,14.070206727579949,3.6578331933098133e-06,0.09975614151536252
2931,266.0,0.0,14.070221568134569,3.65784476762388e-06,0.09975635195111178
2932,266.0,0.0,14.070236403658404,3.657856338038786e-06,0.09975656231574748
2933,266.0,0.0,14.07025123415488,3.657867904557179e-06,0.09975677260931803
2934,266.0,0.0,14.070266059627407,3.6578794671816893e-06,0.09975698283187145
2935,266.0,0.0,14.070280880079409,3.6578910259149643e-06,0.09975719298345607
2936,266.0,0.0,14.070295695514282,3.6579025807596333e-06,0.09975740306411998
2937,266.0,0.0,14.07031050593545,3.6579141317183355e-06,0.09975761307391126
2938,266.0,0.0,14.070325311346304,3.657925678793694e-06,0.09975782301287799
2939,266.0,0.0,14.070340111750246,3.657937221988338e-06,0.09975803288106809
2940,266.0,0.0,14.070354907150678,3.6579487613048915e-06,0.09975824267852956
2941,266.0,0.0,14.070369697550989,3.6579602967459785e-06,0.09975845240531026
2942,266.0,0.0,14.070384482954568,3.6579718283142164e-06,0.09975866206145803
2943,266.0,0.0,14.070399263364804,3.657983356012221e-06,0.09975887164702067
2944,266.0,0.0,14.070414038785074,3.6579948798426077e-06,0.09975908116204593
2945,266.0,0.0,14.070428809218766,3.6580063998079847e-06,0.09975929060658142
2946,266.0,0.0,14.070443574669252,3.6580179159109672e-06,0.09975949998067499
2947,266.0,0.0,14.070458335139904,3.658029428154156e-06,0.09975970928437414
2948,266.0,0.0,14.070473090634087,3.6580409365401514e-06,0.09975991851772627
2949,266.0,0.0,14.07048784115518,3.658052441071565e-06,0.09976012768077915
2950,266.0,0.0,14.070502586706526,3.6580639417509804e-06,0.09976033677357996
2951,266.0,0.0,14.0705173272915,3.658075438581003e-06,0.09976054579617633
2952,266.0,0.0,14.070532062913449,3.658086931564223e-06,0.09976075474861554
2953,266.0,0.0,14.07054679357573,3.6580984207032325e-06,0.09976096363094487
2954,266.0,0.0,14.070561519281688,3.6581099060006127e-06,0.0997611724432116
2955,266.0,0.0,14.070576240034669,3.6581213874589546e-06,0.09976138118546302
2956,266.0,0.0,14.070590955838014,3.658132865080839e-06,0.09976158985774619
2957,266.0,0.0,14.070605666695062,3.658144338868841e-06,0.09976179846010824
2958,266.0,0.0,14.070620372609154,3.6581558088255473e-06,0.09976200699259634
2959,266.0,0.0,14.070635073583613,3.6581672749535233e-06,0.09976221545525742
2960,266.0,0.0,14.070649769621768,3.658178737255342e-06,0.09976242384813842
2961,266.0,0.0,14.070664460726952,3.6581901957335806e-06,0.09976263217128646
2962,266.0,0.0,14.070679146902478,3.6582016503907963e-06,0.09976284042474823
2963,266.0,0.0,14.07069382815167,3.6582131012295586e-06,0.09976304860857063
2964,266.0,0.0,14.070708504477837,3.6582245482524235e-06,0.09976325672280041
2965,266.0,0.0,14.070723175884297,3.6582359914619576e-06,0.09976346476748445
2966,266.0,0.0,14.070737842374351,3.6582474308607086e-06,0.09976367274266926
2967,266.0,0.0,14.070752503951313,3.6582588664512397e-06,0.09976388064840162
2968,266.0,0.0,14.070767160618475,3.6582702982360916e-06,0.09976408848472798
2969,266.0,0.0,14.070781812379144,3.6582817262178202e-06,0.09976429625169506
2970,266.0,0.0,14.070796459236606,3.6582931503989725e-06,0.0997645039493493
2971,266.0,0.0,14.07081110119416,3.6583045707820867e-06,0.09976471157773711
2972,266.0,0.0,14.07082573825509,3.658315987369705e-06,0.09976491913690493
2973,266.0,0.0,14.070840370422681,3.6583274001643677e-06,0.09976512662689918
2974,266.0,0.0,14.070854997700215,3.6583388091686094e-06,0.09976533404776608
2975,266.0,0.0,14.070869620090976,3.6583502143849668e-06,0.09976554139955204
2976,266.0,0.0,14.070884237598229,3.6583616158159635e-06,0.09976574868230312
2977,266.0,0.0,14.070898850225257,3.6583730134641358e-06,0.09976595589606567
2978,266.0,0.0,14.070913457975317,3.658384407332002e-06,0.09976616304088565
2979,266.0,0.0,14.070928060851678,3.658395797422088e-06,0.09976637011680922
2980,266.0,0.0,14.070942658857605,3.6584071837369177e-06,0.09976657712388248
2981,266.0,0.0,14.070957251996354,3.6584185662790044e-06,0.09976678406215136
2982,266.0,0.0,14.070971840271183,3.658429945050866e-06,0.09976699093166179
2983,266.0,0.0,14.070986423685344,3.6584413200550156e-06,0.09976719773245976
2984,266.0,0.0,14.071001002242083,3.6584526912939626e-06,0.099767404464591
2985,266.0,0.0,14.071015575944644,3.658464058770215e-06,0.0997676111281014
2986,266.0,0.0,14.071030144796271,3.6584754224862784e-06,0.0997678177230367
2987,266.0,0.0,14.071044708800208,3.658486782444657e-06,0.09976802424944263
2988,266.0,0.0,14.071059267959683,3.6584981386478498e-06,0.09976823070736485
2989,266.0,0.0,14.071073822277933,3.6585094910983554e-06,0.09976843709684899
2990,266.0,0.0,14.071088371758183,3.658520839798669e-06,0.09976864341794064
2991,266.0,0.0,14.071102916403662,3.6585321847512827e-06,0.09976884967068529
2992,266.0,0.0,14.071117456217598,3.658543525958689e-06,0.0997690558551285
2993,266.0,0.0,14.071131991203204,3.658554863423375e-06,0.0997692619713157
2994,266.0,0.0,14.071146521363696,3.658566197147826e-06,0.09976946801929223
2995,266.0,0.0,14.071161046702288,3.6585775271345227e-06,0.09976967399910347
2996,266.0,0.0,14.071175567222195,3.65858885338595e-06,0.09976987991079474
2997,266.0,0.0,14.071190082926616,3.6586001759045824e-06,0.09977008575441133
2998,266.0,0.0,14.071204593818758,3.658611494692897e-06,0.09977029152999838
2999,266.0,0.0,14.071219099901827,3.6586228097533702e-06,0.09977049723760119
3000,266.0,0.0,14.071233601179012,3.658634121088468e-06,0.09977070287726474
3001,266.0,0.0,14.071248097653505,3.6586454287006577e-06,0.09977090844903415
3002,266.0,0.0,14.071262589328509,3.658656732592407e-06,0.0997711139529545
3003,266.0,0.0,14.071277076207197,3.65866803276618e-06,0.09977131938907075
3004,266.0,0.0,14.071291558292765,3.6586793292244393e-06,0.09977152475742793
3005,266.0,0.0,14.071306035588387,3.6586906219696376e-06,0.09977173005807079
3006,266.0,0.0,14.071320508097246,3.658701911004239e-06,0.0997719352910444
3007,266.0,0.0,14.071334975822513,3.658713196330689e-06,0.09977214045639331
3008,266.0,0.0,14.07134943876736,3.6587244779514395e-06,0.09977234555416246
3009,266.0,0.0,14.07136389693496,3.6587357558689465e-06,0.0997725505843966
3010,266.0,0.0,14.071378350328471,3.6587470300856464e-06,0.09977275554714024
3011,266.0,0.0,14.071392798951061,3.6587583006039925e-06,0.09977296044243827
3012,266.0,0.0,14.071407242805888,3.6587695674264183e-06,0.09977316527033503
3013,266.0,0.0,14.071421681896108,3.6587808305553683e-06,0.09977337003087523
3014,266.0,0.0,14.071436116224877,3.658792089993276e-06,0.0997735747241033
3015,266.0,0.0,14.071450545795336,3.658803345742575e-06,0.0997737793500637
3016,266.0,0.0,14.071464970610638,3.6588145978056972e-06,0.09977398390880085
3017,266.0,0.0,14.071479390673924,3.6588258461850724e-06,0.09977418840035909
3018,266.0,0.0,14.071493805988336,3.65883709088313e-06,0.09977439282478283
3019,266.0,0.0,14.071508216557014,3.6588483319022905e-06,0.09977459718211629
3020,266.0,0.0,14.071522622383087,3.658859569244981e-06,0.09977480147240378
3021,266.0,0.0,14.071537023469686,3.6588708029136135e-06,0.09977500569568938
3022,266.0,0.0,14.071551419819942,3.6588820329106107e-06,0.09977520985201731
3023,266.0,0.0,14.07156581143698,3.6588932592383886e-06,0.09977541394143168
3024,266.0,0.0,14.071580198323918,3.6589044818993574e-06,0.09977561796397656
3025,266.0,0.0,14.071594580483877,3.658915700895925e-06,0.09977582191969592
3026,266.0,0.0,14.071608957919972,3.6589269162305014e-06,0.09977602580863375
3027,266.0,0.0,14.071623330635319,3.658938127905495e-06,0.09977622963083403
3028,266.0,0.0,14.071637698633022,3.658949335923305e-06,0.09977643338634062
3029,266.0,0.0,14.07165206191619,3.6589605402863302e-06,0.09977663707519734
3030,266.0,0.0,14.071666420487926,3.6589717409969718e-06,0.099776840697448
3031,266.0,0.0,14.07168077435133,3.6589829380576298e-06,0.09977704425313648
3032,266.0,0.0,14.0716951235095,3.6589941314706903e-06,0.09977724774230634
3033,266.0,0.0,14.071709467965526,3.659005321238546e-06,0.09977745116500127
3034,266.0,0.0,14.071723807722508,3.6590165073635905e-06,0.09977765452126501
3035,266.0,0.0,14.071738142783522,3.659027689848204e-06,0.099777857811141
3036,266.0,0.0,14.071752473151658,3.659038868694771e-06,0.09977806103467288
3037,266.0,0.0,14.071766798830003,3.65905004390568e-06,0.09977826419190416
3038,266.0,0.0,14.07178111982163,3.6590612154833067e-06,0.09977846728287822
3039,266.0,0.0,14.071795436129618,3.6590723834300256e-06,0.09977867030763855
3040,266.0,0.0,14.071809747757037,3.6590835477482142e-06,0.09977887326622857
3041,266.0,0.0,14.071824054706957,3.6590947084402446e-06,0.09977907615869146
3042,266.0,0.0,14.071838356982447,3.6591058655084834e-06,0.09977927898507058
3043,266.0,0.0,14.071852654586566,3.659117018955303e-06,0.0997794817454092
3044,266.0,0.0,14.071866947522382,3.6591281687830696e-06,0.09977968443975052
3045,266.0,0.0,14.071881235792944,3.6591393149941426e-06,0.09977988706813772
3046,266.0,0.0,14.071895519401314,3.6591504575908836e-06,0.09978008963061379
3047,266.0,0.0,14.07190979835054,3.6591615965756483e-06,0.09978029212722192
3048,266.0,0.0,14.071924072643675,3.6591727319508016e-06,0.09978049455800522
3049,266.0,0.0,14.071938342283758,3.6591838637186885e-06,0.09978069692300648
3050,266.0,0.0,14.071952607273833,3.659194991881662e-06,0.09978089922226877
3051,266.0,0.0,14.071966867616943,3.659206116442077e-06,0.09978110145583499
3052,266.0,0.0,14.071981123316123,3.659217237402273e-06,0.09978130362374799
3053,266.0,0.0,14.071995374374406,3.6592283547646e-06,0.09978150572605061
3054,266.0,0.0,14.072009620794827,3.6592394685314023e-06,0.09978170776278565
3055,266.0,0.0,14.072023862580407,3.65925057870501e-06,0.09978190973399574
3056,266.0,0.0,14.072038099734174,3.6592616852877706e-06,0.09978211163972371
3057,266.0,0.0,14.072052332259153,3.6592727882820135e-06,0.09978231348001208
3058,266.0,0.0,14.072066560158358,3.6592838876900764e-06,0.09978251525490361
3059,266.0,0.0,14.072080783434808,3.6592949835142875e-06,0.09978271696444078
3060,266.0,0.0,14.072095002091512,3.6593060757569764e-06,0.09978291860866616
3061,266.0,0.0,14.072109216131485,3.659317164420469e-06,0.09978312018762221
3062,266.0,0.0,14.07212342555773,3.659328249507089e-06,0.0997833217013514
3063,266.0,0.0,14.072137630373255,3.6593393310191606e-06,0.09978352314989614
3064,266.0,0.0,14.072151830581062,3.659350408958999e-06,0.09978372453329873
3065,266.0,0.0,14.072166026184142,3.6593614833289247e-06,0.09978392585160155
3066,266.0,0.0,14.072180217185494,3.6593725541312522e-06,0.09978412710484688
3067,266.0,0.0,14.072194403588114,3.659383621368294e-06,0.09978432829307694
3068,266.0,0.0,14.07220858539499,3.6593946850423632e-06,0.09978452941633403
3069,266.0,0.0,14.0722227626091,3.65940574515576e-06,0.09978473047466008
3070,266.0,0.0,14.072236935233445,3.6594168017108007e-06,0.09978493146809746
3071,266.0,0.0,14.072251103270988,3.659427854709783e-06,0.09978513239668808
3072,266.0,0.0,14.07226526672472,3.659438904155012e-06,0.09978533326047406
3073,266.0,0.0,14.072279425597605,3.6594499500487813e-06,0.09978553405949732
3074,266.0,0.0,14.072293579892623,3.659460992393394e-06,0.09978573479379992
3075,266.0,0.0,14.072307729612742,3.6594720311911403e-06,0.09978593546342365
3076,266.0,0.0,14.072321874760924,3.6594830664443163e-06,0.09978613606841041
3077,266.0,0.0,14.072336015340138,3.6594940981552097e-06,0.09978633660880207
3078,266.0,0.0,14.072350151353342,3.6595051263261124e-06,0.09978653708464051
3079,266.0,0.0,14.072364282803493,3.659516150959308e-06,0.09978673749596735
3080,266.0,0.0,14.072378409693547,3.6595271720570775e-06,0.09978693784282426
3081,266.0,0.0,14.072392532026448,3.659538189621703e-06,0.09978713812525293
3082,266.0,0.0,14.072406649805162,3.6595492036554728e-06,0.0997873383432952
3083,266.0,0.0,14.072420763032621,3.6595602141606516e-06,0.0997875384969924
3084,266.0,0.0,14.072434871711772,3.659571221139522e-06,0.09978773858638615
3085,266.0,0.0,14.072448975845553,3.659582224594351e-06,0.09978793861151798
3086,266.0,0.0,14.07246307543691,3.659593224527416e-06,0.09978813857242941
3087,266.0,0.0,14.072477170488774,3.659604220940982e-06,0.09978833846916178
3088,266.0,0.0,14.07249126100407,3.6596152138373138e-06,0.0997885383017565
3089,266.0,0.0,14.07250534698573,3.6596262032186763e-06,0.09978873807025493
3090,266.0,0.0,14.072519428436687,3.65963718908733e-06,0.09978893777469837
3091,266.0,0.0,14.072533505359855,3.659648171445535e-06,0.09978913741512806
3092,266.0,0.0,14.072547577758161,3.659659150295548e-06,0.09978933699158525
3093,266.0,0.0,14.072561645634522,3.6596701256396295e-06,0.09978953650411115
3094,266.0,0.0,14.07257570899185,3.6596810974800265e-06,0.0997897359527469
3095,266.0,0.0,14.072589767833058,3.6596920658189896e-06,0.09978993533753357
3096,266.0,0.0,14.072603822161058,3.659703030658771e-06,0.09979013465851223
3097,266.0,0.0,14.072617871978757,3.659713992001617e-06,0.09979033391572396
3098,266.0,0.0,14.07263191728905,3.6597249498497677e-06,0.09979053310920973
3099,266.0,0.0,14.072645958094842,3.6597359042054674e-06,0.09979073223901042
3100,266.0,0.0,14.072659994399041,3.659746855070959e-06,0.09979093130516704
3101,266.0,0.0,14.072674026204528,3.6597578024484753e-06,0.09979113030772038
3102,266.0,0.0,14.0726880535142,3.659768746340255e-06,0.09979132924671127
3103,266.0,0.0,14.072702076330952,3.6597796867485326e-06,0.09979152812218063
3104,266.0,0.0,14.072716094657663,3.6597906236755343e-06,0.09979172693416903
3105,266.0,0.0,14.072730108497225,3.6598015571234984e-06,0.09979192568271732
3106,266.0,0.0,14.072744117852514,3.659812487094643e-06,0.0997921243678661
3107,266.0,0.0,14.072758122726407,3.659823413591193e-06,0.09979232298965594
3108,266.0,0.0,14.07277212312178,3.659834336615375e-06,0.09979252154812757
3109,266.0,0.0,14.072786119041515,3.6598452561694154e-06,0.09979272004332157
3110,266.0,0.0,14.072800110488469,3.6598561722555225e-06,0.09979291847527831
3111,266.0,0.0,14.072814097465518,3.659867084875915e-06,0.09979311684403833
3112,266.0,0.0,14.072828079975524,3.659877994032811e-06,0.09979331514964208
3113,266.0,0.0,14.072842058021351,3.6598888997284195e-06,0.09979351339212994
3114,266.0,0.0,14.072856031605854,3.6598998019649517e-06,0.09979371157154232
3115,266.0,0.0,14.072870000731893,3.6599107007446133e-06,0.09979390968791947
3116,266.0,0.0,14.072883965402319,3.659921596069612e-06,0.09979410774130171
3117,266.0,0.0,14.072897925619985,3.6599324879421527e-06,0.0997943057317293
3118,266.0,0.0,14.07291188138774,3.6599433763644348e-06,0.09979450365924246
3119,266.0,0.0,14.072925832708423,3.6599542613386566e-06,0.09979470152388126
3120,266.0,0.0,14.072939779584885,3.659965142867019e-06,0.09979489932568596
3121,266.0,0.0,14.072953722019964,3.659976020951714e-06,0.09979509706469655
3122,266.0,0.0,14.072967660016495,3.6599868955949353e-06,0.09979529474095311
3123,266.0,0.0,14.072981593577309,3.6599977667988756e-06,0.09979549235449568
3124,266.0,0.0,14.072995522705245,3.660008634565722e-06,0.09979568990536422
3125,266.0,0.0,14.073009447403129,3.6600194988976613e-06,0.09979588739359861
3126,266.0,0.0,14.07302336767379,3.660030359796882e-06,0.09979608481923893
3127,266.0,0.0,14.073037283520042,3.6600412172655576e-06,0.09979628218232478
3128,266.0,0.0,14.073051194944721,3.6600520713058795e-06,0.09979647948289622
3129,266.0,0.0,14.07306510195063,3.660062921920019e-06,0.09979667672099288
3130,266.0,0.0,14.073079004540597,3.660073769110156e-06,0.09979687389665456
3131,266.0,0.0,14.073092902717432,3.6600846128784642e-06,0.09979707100992102
3132,266.0,0.0,14.073106796483938,3.660095453227115e-06,0.09979726806083185
3133,266.0,0.0,14.073120685842932,3.660106290158276e-06,0.09979746504942667
3134,266.0,0.0,14.07313457079721,3.660117123674119e-06,0.09979766197574512
3135,266.0,0.0,14.07314845134958,3.660127953776809e-06,0.09979785883982675
3136,266.0,0.0,14.073162327502839,3.6601387804685104e-06,0.09979805564171113
3137,266.0,0.0,14.073176199259787,3.6601496037513847e-06,0.09979825238143766
3138,266.0,0.0,14.07319006662322,3.6601604236275924e-06,0.09979844905904585
3139,266.0,0.0,14.073203929595916,3.6601712400992862e-06,0.09979864567457498
3140,266.0,0.0,14.07321778818068,3.6601820531686334e-06,0.09979884222806468
3141,266.0,0.0,14.073231642380286,3.660192862837774e-06,0.09979903871955396
3142,266.0,0.0,14.073245492197525,3.6602036691088672e-06,0.0997992351490823
3143,266.0,0.0,14.073259337635179,3.660214471984064e-06,0.09979943151668902
3144,266.0,0.0,14.073273178696018,3.6602252714655077e-06,0.09979962782241318
3145,266.0,0.0,14.073287015382823,3.6602360675553442e-06,0.099799824066294
3146,266.0,0.0,14.073300847698366,3.6602468602557174e-06,0.09980002024837063
3147,266.0,0.0,14.073314675645419,3.660257649568771e-06,0.09980021636868229
3148,266.0,0.0,14.073328499226749,3.6602684354966445e-06,0.09980041242726788
3149,266.0,0.0,14.073342318445118,3.660279218041474e-06,0.09980060842416658
3150,266.0,0.0,14.073356133303289,3.660289997205388e-06,0.09980080435941725
3151,266.0,0.0,14.073369943804027,3.660300772990531e-06,0.09980100023305895
3152,266.0,0.0,14.073383749950082,3.66031154539903e-06,0.09980119604513055
3153,266.0,0.0,14.073397551744215,3.660322314433012e-06,0.09980139179567099
3154,266.0,0.0,14.073411349189174,3.660333080094606e-06,0.09980158748471907
3155,266.0,0.0,14.073425142287705,3.6603438423859352e-06,0.09980178311231358
3156,266.0,0.0,14.073438931042563,3.660354601309129e-06,0.09980197867849337
3157,266.0,0.0,14.073452715456483,3.6603653568662985e-06,0.09980217418329705
3158,266.0,0.0,14.073466495532214,3.6603761090595754e-06,0.09980236962676353
3159,266.0,0.0,14.07348027127249,3.660386857891065e-06,0.09980256500893127
3160,266.0,0.0,14.073494042680052,3.6603976033628897e-06,0.099802760329839
3161,266.0,0.0,14.073507809757627,3.6604083454771585e-06,0.09980295558952529
3162,266.0,0.0,14.073521572507952,3.6604190842359875e-06,0.0998031507880287
3163,266.0,0.0,14.073535330933755,3.6604298196414835e-06,0.09980334592538777
3164,266.0,0.0,14.073549085037756,3.66044055169575e-06,0.09980354100164089
3165,266.0,0.0,14.073562834822688,3.660451280400899e-06,0.09980373601682663
3166,266.0,0.0,14.073576580291261,3.660462005759028e-06,0.0998039309709833
3167,266.0,0.0,14.073590321446199,3.660472727772237e-06,0.0998041258641493
3168,266.0,0.0,14.07360405829022,3.6604834464426364e-06,0.09980432069636308
3169,266.0,0.0,14.073617790826031,3.6604941617723096e-06,0.09980451546766272
3170,266.0,0.0,14.073631519056345,3.6605048737633585e-06,0.0998047101780866
3171,266.0,0.0,14.073645242983874,3.6605155824178794e-06,0.09980490482767304
3172,266.0,0.0,14.073658962611319,3.660526287737958e-06,0.0998050994164601
3173,266.0,0.0,14.07367267794138,3.660536989725686e-06,0.09980529394448599
3174,266.0,0.0,14.073686388976768,3.660547688383153e-06,0.09980548841178888
3175,266.0,0.0,14.073700095720165,3.660558383712439e-06,0.0998056828184067
3176,266.0,0.0,14.073713798174282,3.6605690757156326e-06,0.09980587716437765
3177,266.0,0.0,14.073727496341798,3.660579764394811e-06,0.09980607144973964
3178,266.0,0.0,14.073741190225416,3.66059044975206e-06,0.09980626567453076
3179,266.0,0.0,14.073754879827812,3.660601131789449e-06,0.09980645983878882
3180,266.0,0.0,14.073768565151678,3.6606118105090617e-06,0.09980665394255187
3181,266.0,0.0,14.073782246199693,3.660622485912965e-06,0.09980684798585761
3182,266.0,0.0,14.073795922974538,3.660633158003234e-06,0.099807041968744
3183,266.0,0.0,14.073809595478892,3.660643826781938e-06,0.09980723589124878
3184,266.0,0.0,14.07382326371543,3.6606544922511483e-06,0.09980742975340981
3185,266.0,0.0,14.073836927686822,3.6606651544129243e-06,0.09980762355526462
3186,266.0,0.0,14.073850587395736,3.6606758132693334e-06,0.09980781729685109
3187,266.0,0.0,14.073864242844849,3.660686468822442e-06,0.0998080109782069
3188,266.0,0.0,14.073877894036816,3.6606971210743013e-06,0.09980820459936947
3189,266.0,0.0,14.073891540974303,3.6607077700269767e-06,0.09980839816037654
3190,266.0,0.0,14.073905183659969,3.660718415682519e-06,0.09980859166126561
3191,266.0,0.0,14.073918822096472,3.660729058042988e-06,0.09980878510207422
3192,266.0,0.0,14.073932456286467,3.6607396971104284e-06,0.09980897848283977
3193,266.0,0.0,14.073946086232606,3.6607503328869007e-06,0.09980917180359986
3194,266.0,0.0,14.073959711937542,3.66076096537445e-06,0.0998093650643918
3195,266.0,0.0,14.073973333403913,3.660771594575115e-06,0.0998095582652529
3196,266.0,0.0,14.07398695063438,3.6607822204909518e-06,0.09980975140622066
3197,266.0,0.0,14.074000563631568,3.6607928431239965e-06,0.09980994448733226
3198,266.0,0.0,14.07401417239813,3.6608034624762936e-06,0.09981013750862505
3199,266.0,0.0,14.074027776936695,3.6608140785498787e-06,0.09981033047013618
3200,266.0,0.0,14.074041377249902,3.6608246913467893e-06,0.0998105233719029
3201,266.0,0.0,14.074054973340388,3.660835300869066e-06,0.09981071621396244
3202,266.0,0.0,14.074068565210775,3.660845907118736e-06,0.09981090899635184
3203,266.0,0.0,14.074082152863694,3.660856510097833e-06,0.09981110171910826
3204,266.0,0.0,14.074095736301768,3.6608671098083837e-06,0.09981129438226861
3205,266.0,0.0,14.074109315527624,3.6608777062524186e-06,0.09981148698587006
3206,266.0,0.0,14.074122890543881,3.6608882994319665e-06,0.09981167952994967
3207,266.0,0.0,14.074136461353158,3.6608988893490446e-06,0.09981187201454422
3208,266.0,0.0,14.07415002795806,3.6609094760056785e-06,0.09981206443969075
3209,266.0,0.0,14.074163590361218,3.6609200594038903e-06,0.09981225680542613
3210,266.0,0.0,14.074177148565228,3.6609306395456928e-06,0.09981244911178717
3211,266.0,0.0,14.074190702572706,3.6609412164331057e-06,0.09981264135881074
3212,266.0,0.0,14.07420425238625,3.6609517900681442e-06,0.09981283354653361
3213,266.0,0.0,14.074217798008478,3.6609623604528217e-06,0.09981302567499252
3214,266.0,0.0,14.074231339441974,3.6609729275891456e-06,0.09981321774422422
3215,266.0,0.0,14.074244876689342,3.6609834914791218e-06,0.09981340975426535
3216,266.0,0.0,14.074258409753183,3.660994052124765e-06,0.09981360170515258
3217,266.0,0.0,14.074271938636086,3.6610046095280796e-06,0.0998137935969226
3218,266.0,0.0,14.07428546334064,3.6610151636910597e-06,0.09981398542961177
3219,266.0,0.0,14.074298983869443,3.661025714615719e-06,0.09981417720325696
3220,266.0,0.0,14.074312500225071,3.6610362623040495e-06,0.09981436891789441
3221,266.0,0.0,14.074326012410113,3.6610468067580474e-06,0.09981456057356071
3222,266.0,0.0,14.074339520427147,3.6610573479797134e-06,0.09981475217029233
3223,266.0,0.0,14.074353024278757,3.6610678859710393e-06,0.09981494370812563
3224,266.0,0.0,14.074366523967518,3.6610784207340185e-06,0.09981513518709696
3225,266.0,0.0,14.074380019496003,3.6610889522706378e-06,0.09981532660724274
3226,266.0,0.0,14.074393510866782,3.6610994805828914e-06,0.09981551796859929
3227,266.0,0.0,14.074406998082432,3.661110005672761e-06,0.09981570927120283
3228,266.0,0.0,14.074420481145511,3.6611205275422307e-06,0.09981590051508954
3229,266.0,0.0,14.074433960058592,3.6611310461932893e-06,0.09981609170029583
3230,266.0,0.0,14.074447434824233,3.661141561627914e-06,0.09981628282685771
3231,266.0,0.0,14.074460905444992,3.6611520738480815e-06,0.09981647389481138
3232,266.0,0.0,14.074474371923431,3.6611625828557716e-06,0.09981666490419291
3233,266.0,0.0,14.0744878342621,3.6611730886529616e-06,0.09981685585503841
3234,266.0,0.0,14.07450129246356,3.6611835912416243e-06,0.09981704674738394
3235,266.0,0.0,14.074514746530358,3.6611940906237306e-06,0.09981723758126548
3236,266.0,0.0,14.074528196465037,3.661204586801251e-06,0.09981742835671902
3237,266.0,0.0,14.07454164227015,3.6612150797761553e-06,0.09981761907378052
3238,266.0,0.0,14.07455508394824,3.6612255695504068e-06,0.0998178097324858
3239,266.0,0.0,14.074568521501842,3.6612360561259734e-06,0.09981800033287089
3240,266.0,0.0,14.0745819549335,3.6612465395048157e-06,0.09981819087497147
3241,266.0,0.0,14.074595384245749,3.661257019688896e-06,0.09981838135882341
3242,266.0,0.0,14.074608809441122,3.6612674966801707e-06,0.0998185717844625
3243,266.0,0.0,14.074622230522154,3.6612779704806034e-06,0.09981876215192459
3244,266.0,0.0,14.074635647491368,3.6612884410921422e-06,0.09981895246124516
3245,266.0,0.0,14.0746490603513,3.6612989085167463e-06,0.0998191427124601
3246,266.0,0.0,14.074662469104469,3.661309372756368e-06,0.09981933290560496
3247,266.0,0.0,14.074675873753396,3.661319833812953e-06,0.09981952304071534
3248,266.0,0.0,14.074689274300606,3.6613302916884534e-06,0.09981971311782685
3249,266.0,0.0,14.074702670748618,3.661340746384816e-06,0.09981990313697509
3250,266.0,0.0,14.074716063099938,3.661351197903983e-06,0.09982009309819545
3251,266.0,0.0,14.074729451357088,3.661361646247899e-06,0.09982028300152347
3252,266.0,0.0,14.074742835522574,3.6613720914185028e-06,0.09982047284699458
3253,266.0,0.0,14.07475621559891,3.661382533417741e-06,0.09982066263464429
3254,266.0,0.0,14.074769591588597,3.661392972247542e-06,0.09982085236450783
3255,266.0,0.0,14.07478296349414,3.661403407909848e-06,0.09982104203662069
3256,266.0,0.0,14.07479633131804,3.6614138404065915e-06,0.09982123165101811
3257,266.0,0.0,14.074809695062804,3.661424269739705e-06,0.09982142120773543
3258,266.0,0.0,14.074823054730919,3.6614346959111203e-06,0.0998216107068079
3259,266.0,0.0,14.07483641032488,3.661445118922759e-06,0.09982180014827059
3260,266.0,0.0,14.074849761847183,3.6614555387765593e-06,0.09982198953215893
3261,266.0,0.0,14.074863109300317,3.6614659554744383e-06,0.09982217885850787
3262,266.0,0.0,14.074876452686777,3.6614763690183257e-06,0.09982236812735275
3263,266.0,0.0,14.074889792009037,3.661486779410139e-06,0.09982255733872848
3264,266.0,0.0,14.074903127269588,3.6614971866517967e-06,0.09982274649267013
3265,266.0,0.0,14.074916458470902,3.66150759074522e-06,0.09982293558921279
3266,266.0,0.0,14.074929785615472,3.661517991692325e-06,0.09982312462839144
3267,266.0,0.0,14.074943108705765,3.6615283894950285e-06,0.0998233136102411
3268,266.0,0.0,14.074956427744258,3.6615387841552413e-06,0.09982350253479665
3269,266.0,0.0,14.074969742733416,3.66154917567487e-06,0.09982369140209288
3270,266.0,0.0,14.07498305367572,3.6615595640558357e-06,0.09982388021216486
3271,266.0,0.0,14.074996360573628,3.661569949300035e-06,0.09982406896504734
3272,266.0,0.0,14.07500966342961,3.661580331409377e-06,0.09982425766077503
3273,266.0,0.0,14.07502296224613,3.6615907103857695e-06,0.09982444629938285
3274,266.0,0.0,14.075036257025642,3.6616010862311114e-06,0.09982463488090543
3275,266.0,0.0,14.075049547770616,3.661611458947306e-06,0.09982482340537759
3276,266.0,0.0,14.075062834483498,3.6616218285362517e-06,0.09982501187283394
3277,266.0,0.0,14.075076117166741,3.6616321949998444e-06,0.09982520028330914
3278,266.0,0.0,14.0750893958228,3.661642558339979e-06,0.09982538863683768
3279,266.0,0.0,14.075102670454132,3.661652918558555e-06,0.0998255769334544
3280,266.0,0.0,14.075115941063173,3.661663275657456e-06,0.09982576517319365
3281,266.0,0.0,14.07512920765237,3.6616736296385773e-06,0.09982595335608999
3282,266.0,0.0,14.075142470224172,3.6616839805038088e-06,0.0998261414821779
3283,266.0,0.0,14.075155728781011,3.661694328255036e-06,0.09982632955149193
3284,266.0,0.0,14.07516898332533,3.6617046728941424e-06,0.09982651756406641
3285,266.0,0.0,14.075182233859568,3.6617150144230172e-06,0.09982670551993582
3286,266.0,0.0,14.075195480386153,3.6617253528435348e-06,0.09982689341913438
3287,266.0,0.0,14.07520872290752,3.6617356881575798e-06,0.09982708126169648
3288,266.0,0.0,14.075221961426093,3.661746020367028e-06,0.09982726904765653
3289,266.0,0.0,14.075235195944312,3.6617563494737622e-06,0.0998274567770487
3290,266.0,0.0,14.075248426464587,3.6617666754796487e-06,0.0998276444499072
3291,266.0,0.0,14.075261652989346,3.661776998386563e-06,0.09982783206626625
3292,266.0,0.0,14.075274875521014,3.661787318196385e-06,0.09982801962616013
3293,266.0,0.0,14.075288094062005,3.661797634910973e-06,0.09982820712962284
3294,266.0,0.0,14.075301308614735,3.661807948532202e-06,0.09982839457668859
3295,266.0,0.0,14.075314519181617,3.661818259061936e-06,0.0998285819673914
3296,266.0,0.0,14.075327725765066,3.6618285665020427e-06,0.09982876930176539
3297,266.0,0.0,14.075340928367496,3.661838870854383e-06,0.09982895657984454
3298,266.0,0.0,14.075354126991302,3.661849172120818e-06,0.0998291438016628
3299,266.0,0.0,14.075367321638902,3.66185947030321e-06,0.09982933096725424
3300,266.0,0.0,14.075380512312687,3.661869765403414e-06,0.09982951807665269
3301,266.0,0.0,14.075393699015065,3.6618800574232874e-06,0.09982970512989209
3302,266.0,0.0,14.075406881748435,3.661890346364686e-06,0.09982989212700624
3303,266.0,0.0,14.075420060515196,3.6619006322294636e-06,0.09983007906802913
3304,266.0,0.0,14.07543323531773,3.6619109150194647e-06,0.09983026595299434
3305,266.0,0.0,14.075446406158438,3.661921194736545e-06,0.09983045278193584
3306,266.0,0.0,14.075459573039716,3.6619314713825543e-06,0.09983063955488729
3307,266.0,0.0,14.07547273596394,3.661941744959336e-06,0.09983082627188242
3308,266.0,0.0,14.075485894933502,3.6619520154687365e-06,0.0998310129329549
3309,266.0,0.0,14.075499049950787,3.661962282912595e-06,0.09983119953813838
3310,266.0,0.0,14.075512201018167,3.6619725472927552e-06,0.09983138608746654
3311,266.0,0.0,14.075525348138031,3.661982808611058e-06,0.09983157258097292
3312,266.0,0.0,14.075538491312757,3.661993066869342e-06,0.09983175901869111
3313,266.0,0.0,14.07555163054471,3.6620033220694387e-06,0.09983194540065451
3314,266.0,0.0,14.075564765836269,3.662013574213186e-06,0.0998321317268968
3315,266.0,0.0,14.075577897189804,3.662023823302417e-06,0.09983231799745133
3316,266.0,0.0,14.075591024607686,3.6620340693389653e-06,0.09983250421235168
3317,266.0,0.0,14.075604148092276,3.662044312324656e-06,0.09983269037163112
3318,266.0,0.0,14.075617267645944,3.662054552261321e-06,0.0998328764753231
3319,266.0,0.0,14.075630383271044,3.6620647891507843e-06,0.09983306252346093
3320,266.0,0.0,14.075643494969942,3.6620750229948697e-06,0.09983324851607792
3321,266.0,0.0,14.075656602744994,3.662085253795403e-06,0.09983343445320743
3322,266.0,0.0,14.075669706598559,3.6620954815542086e-06,0.09983362033488272
3323,266.0,0.0,14.075682806532988,3.662105706273101e-06,0.09983380616113692
3324,266.0,0.0,14.075695902550631,3.662115927953901e-06,0.09983399193200333
3325,266.0,0.0,14.075708994653837,3.6621261465984222e-06,0.09983417764751504
3326,266.0,0.0,14.075722082844957,3.662136362208484e-06,0.09983436330770526
3327,266.0,0.0,14.075735167126329,3.662146574785895e-06,0.09983454891260704
3328,266.0,0.0,14.0757482475003,3.662156784332471e-06,0.09983473446225352
3329,266.0,0.0,14.075761323969218,3.6621669908500223e-06,0.09983491995667773
3330,266.0,0.0,14.075774396535408,3.662177194340354e-06,0.09983510539591266
3331,266.0,0.0,14.07578746520122,3.662187394805274e-06,0.09983529077999131
3332,266.0,0.0,14.07580052996898,3.662197592246591e-06,0.09983547610894675
3333,266.0,0.0,14.07581359084102,3.6622077866661016e-06,0.09983566138281172
3334,266.0,0.0,14.075826647819673,3.6622179780656138e-06,0.09983584660161923
3335,266.0,0.0,14.075839700907274,3.6622281664469286e-06,0.09983603176540226
3336,266.0,0.0,14.075852750106133,3.6622383518118393e-06,0.09983621687419345
3337,266.0,0.0,14.075865795418592,3.662248534162148e-06,0.0998364019280257
3338,266.0,0.0,14.075878836846957,3.662258713499647e-06,0.09983658692693186
3339,266.0,0.0,14.075891874393557,3.662268889826129e-06,0.09983677187094453
3340,266.0,0.0,14.075904908060714,3.6622790631433964e-06,0.09983695676009668
3341,266.0,0.0,14.075917937850733,3.662289233453227e-06,0.09983714159442078
3342,266.0,0.0,14.075930963765932,3.662299400757417e-06,0.09983732637394954
3343,266.0,0.0,14.07594398580863,3.662309565057756e-06,0.09983751109871576
3344,266.0,0.0,14.075957003981122,3.6623197263560205e-06,0.09983769576875186
3345,266.0,0.0,14.075970018285723,3.6623298846539993e-06,0.09983788038409037
3346,266.0,0.0,14.075983028724744,3.662340039953481e-06,0.09983806494476409
3347,266.0,0.0,14.075996035300479,3.6623501922562398e-06,0.09983824945080537
3348,266.0,0.0,14.076009038015233,3.6623603415640578e-06,0.09983843390224677
3349,266.0,0.0,14.076022036871308,3.662370487878717e-06,0.09983861829912076
3350,266.0,0.0,14.076035031870997,3.6623806312019856e-06,0.09983880264145971
3351,266.0,0.0,14.076048023016599,3.6623907715356433e-06,0.09983898692929602
3352,266.0,0.0,14.076061010310399,3.66240090888146e-06,0.09983917116266214
3353,266.0,0.0,14.0760739937547,3.6624110432412136e-06,0.09983935534159041
3354,266.0,0.0,14.076086973351776,3.6624211746166656e-06,0.09983953946611301
3355,266.0,0.0,14.07609994910393,3.6624313030095948e-06,0.09983972353626247
3356,266.0,0.0,14.076112921013438,3.6624414284217595e-06,0.09983990755207084
3357,266.0,0.0,14.076125889082583,3.662451550854928e-06,0.09984009151357051
3358,266.0,0.0,14.07613885331365,3.662461670310865e-06,0.09984027542079356
3359,266.0,0.0,14.076151813708913,3.6624717867913346e-06,0.09984045927377233
3360,266.0,0.0,14.076164770270646,3.6624819002980888e-06,0.0998406430725387
3361,266.0,0.0,14.076177723001134,3.6624920108328965e-06,0.09984082681712503
3362,266.0,0.0,14.07619067190264,3.6625021183975087e-06,0.0998410105075633
3363,266.0,0.0,14.076203616977445,3.6625122229936905e-06,0.09984119414388565
3364,266.0,0.0,14.076216558227806,3.662522324623183e-06,0.099841377726124
3365,266.0,0.0,14.076229495655994,3.662532423287746e-06,0.09984156125431039
3366,266.0,0.0,14.076242429264276,3.6625425189891307e-06,0.09984174472847682
3367,266.0,0.0,14.076255359054915,3.6625526117290887e-06,0.0998419281486553
3368,266.0,0.0,14.076268285030165,3.662562701509364e-06,0.09984211151487764
3369,266.0,0.0,14.076281207192293,3.662572788331707e-06,0.09984229482717578
3370,266.0,0.0,14.076294125543553,3.662582872197861e-06,0.09984247808558161
3371,266.0,0.0,14.076307040086194,3.662592953109567e-06,0.09984266129012691
3372,266.0,0.0,14.076319950822475,3.6626030310685715e-06,0.09984284444084347
3373,266.0,0.0,14.076332857754645,3.6626131060766114e-06,0.0998430275377631
3374,266.0,0.0,14.076345760884951,3.66262317813543e-06,0.09984321058091764
3375,266.0,0.0,14.076358660215641,3.6626332472467592e-06,0.09984339357033867
3376,266.0,0.0,14.076371555748956,3.6626433134123375e-06,0.0998435765060579
3377,266.0,0.0,14.076384447487147,3.662653376633899e-06,0.09984375938810706
3378,266.0,0.0,14.076397335432446,3.662663436913178e-06,0.09984394221651781
3379,266.0,0.0,14.076410219587093,3.6626734942519007e-06,0.09984412499132161
3380,266.0,0.0,14.076423099953328,3.662683548651803e-06,0.09984430771255022
3381,266.0,0.0,14.076435976533388,3.662693600114608e-06,0.09984449038023506
3382,266.0,0.0,14.076448849329497,3.6627036486420457e-06,0.09984467299440777
3383,266.0,0.0,14.076461718343888,3.6627136942358402e-06,0.09984485555509974
3384,266.0,0.0,14.076474583578799,3.6627237368977162e-06,0.09984503806234256
3385,266.0,0.0,14.076487445036447,3.662733776629393e-06,0.09984522051616751
3386,266.0,0.0,14.07650030271906,3.6627438134325917e-06,0.0998454029166061
3387,266.0,0.0,14.076513156628856,3.6627538473090326e-06,0.09984558526368974
3388,266.0,0.0,14.076526006768065,3.6627638782604317e-06,0.0998457675574497
3389,266.0,0.0,14.076538853138898,3.662773906288507e-06,0.09984594979791742
3390,266.0,0.0,14.076551695743577,3.6627839313949737e-06,0.09984613198512415
3391,266.0,0.0,14.076564534584316,3.662793953581542e-06,0.09984631411910115
3392,266.0,0.0,14.076577369663323,3.6628039728499225e-06,0.09984649619987969
3393,266.0,0.0,14.076590200982814,3.6628139892018278e-06,0.09984667822749095
3394,266.0,0.0,14.076603028544996,3.6628240026389635e-06,0.09984686020196618
3395,266.0,0.0,14.076615852352083,3.6628340131630428e-06,0.09984704212333652
3396,266.0,0.0,14.076628672406272,3.6628440207757665e-06,0.09984722399163314
3397,266.0,0.0,14.076641488709765,3.6628540254788363e-06,0.09984740580688706
3398,266.0,0.0,14.076654301264773,3.66286402727396e-06,0.09984758756912947
3399,266.0,0.0,14.076667110073481,3.6628740261628304e-06,0.09984776927839135
3400,266.0,0.0,14.0766799151381,3.662884022147158e-06,0.09984795093470379
3401,266.0,0.0,14.07669271646082,3.6628940152286317e-06,0.0998481325380977
3402,266.0,0.0,14.076705514043836,3.662904005408951e-06,0.09984831408860413
3403,266.0,0.0,14.076718307889337,3.6629139926898122e-06,0.09984849558625405
3404,266.0,0.0,14.076731097999515,3.662923977072909e-06,0.09984867703107832
3405,266.0,0.0,14.076743884376553,3.662933958559929e-06,0.0998488584231078
3406,266.0,0.0,14.076756667022646,3.6629439371525656e-06,0.0998490397623734
3407,266.0,0.0,14.076769445939968,3.66295391285251e-06,0.09984922104890606
3408,266.0,0.0,14.076782221130708,3.6629638856614464e-06,0.09984940228273638
3409,266.0,0.0,14.076794992597046,3.662973855581062e-06,0.09984958346389534
3410,266.0,0.0,14.076807760341158,3.6629838226130442e-06,0.0998497645924136
3411,266.0,0.0,14.076820524365216,3.6629937867590707e-06,0.0998499456683219
3412,266.0,0.0,14.076833284671402,3.663003748020827e-06,0.09985012669165094
3413,266.0,0.0,14.076846041261888,3.6630137063999917e-06,0.09985030766243141
3414,266.0,0.0,14.076858794138834,3.6630236618982404e-06,0.09985048858069388
3415,266.0,0.0,14.07687154330442,3.663033614517259e-06,0.09985066944646916
3416,266.0,0.0,14.076884288760812,3.6630435642587173e-06,0.09985085025978768
3417,266.0,0.0,14.076897030510171,3.6630535111242887e-06,0.09985103102068006
3418,266.0,0.0,14.076909768554659,3.663063455115646e-06,0.0998512117291768
3419,266.0,0.0,14.076922502896435,3.6630733962344606e-06,0.09985139238530846
3420,266.0,0.0,14.076935233537668,3.663083334482407e-06,0.09985157298910557
3421,266.0,0.0,14.076947960480508,3.6630932698611544e-06,0.09985175354059858
3422,266.0,0.0,14.076960683727112,3.66310320237236e-06,0.09985193403981778
3423,266.0,0.0,14.076973403279629,3.663113132017696e-06,0.09985211448679375
3424,266.0,0.0,14.076986119140221,3.663123058798827e-06,0.09985229488155684
3425,266.0,0.0,14.07699883131103,3.6631329827174167e-06,0.09985247522413737
3426,266.0,0.0,14.077011539794203,3.66314290377512e-06,0.09985265551456562
3427,266.0,0.0,14.07702424459189,3.6631528219736006e-06,0.09985283575287197
3428,266.0,0.0,14.077036945706231,3.6631627373145166e-06,0.0998530159390867
3429,266.0,0.0,14.077049643139375,3.663172649799526e-06,0.09985319607324
3430,266.0,0.0,14.077062336893457,3.6631825594302833e-06,0.09985337615536213
3431,266.0,0.0,14.077075026970615,3.6631924662084424e-06,0.09985355618548333
3432,266.0,0.0,14.077087713372986,3.663202370135655e-06,0.0998537361636337
3433,266.0,0.0,14.077100396102711,3.663212271213574e-06,0.09985391608984343
3434,266.0,0.0,14.077113075161916,3.6632221694438463e-06,0.09985409596414259
3435,266.0,0.0,14.077125750552733,3.66323206482812e-06,0.09985427578656128
3436,266.0,0.0,14.07713842227729,3.663241957368045e-06,0.09985445555712957
3437,266.0,0.0,14.077151090337717,3.6632518470652656e-06,0.09985463527587757
3438,266.0,0.0,14.07716375473614,3.663261733921426e-06,0.09985481494283527
3439,266.0,0.0,14.077176415474685,3.6632716179381652e-06,0.09985499455803251
3440,266.0,0.0,14.077189072555466,3.6632814991171286e-06,0.09985517412149948
3441,266.0,0.0,14.07720172598061,3.6632913774599542e-06,0.09985535363326598
3442,266.0,0.0,14.077214375752229,3.663301252968278e-06,0.09985553309336183
3443,266.0,0.0,14.077227021872444,3.66331112564374e-06,0.09985571250181714
3444,266.0,0.0,14.077239664343368,3.6633209954879733e-06,0.0998558918586616
3445,266.0,0.0,14.077252303167114,3.663330862502617e-06,0.09985607116392518
3446,266.0,0.0,14.077264938345792,3.663340726689295e-06,0.09985625041763747
3447,266.0,0.0,14.077277569881511,3.6633505880496428e-06,0.09985642961982844
3448,266.0,0.0,14.07729019777638,3.663360446585294e-06,0.09985660877052781
3449,266.0,0.0,14.0773028220325,3.6633703022978697e-06,0.0998567878697652
3450,266.0,0.0,14.077315442651976,3.6633801551889985e-06,0.09985696691757036
3451,266.0,0.0,14.077328059636915,3.6633900052603114e-06,0.09985714591397314
3452,266.0,0.0,14.077340672989406,3.663399852513423e-06,0.09985732485900288
3453,266.0,0.0,14.077353282711558,3.663409696949967e-06,0.0998575037526895
3454,266.0,0.0,14.077365888805462,3.663419538571558e-06,0.09985768259506246
3455,266.0,0.0,14.07737849127321,3.663429377379816e-06,0.0998578613861513
3456,266.0,0.0,14.077391090116901,3.6634392133763594e-06,0.09985804012598565
3457,266.0,0.0,14.077403685338615,3.6634490465628045e-06,0.09985821881459493
3458,266.0,0.0,14.077416276940452,3.6634588769407737e-06,0.09985839745200882
3459,266.0,0.0,14.077428864924496,3.663468704511871e-06,0.09985857603825651
3460,266.0,0.0,14.07744144929283,3.6634785292777176e-06,0.09985875457336774
3461,266.0,0.0,14.077454030047537,3.663488351239922e-06,0.09985893305737177
3462,266.0,0.0,14.077466607190695,3.663498170400088e-06,0.09985911149029789
3463,266.0,0.0,14.077479180724401,3.6635079867598365e-06,0.0998592898721758
3464,266.0,0.0,14.07749175065071,3.6635178003207645e-06,0.09985946820303453
3465,266.0,0.0,14.077504316971712,3.663527611084485e-06,0.09985964648290357
3466,266.0,0.0,14.077516879689481,3.6635374190525974e-06,0.09985982471181212
3467,266.0,0.0,14.077529438806085,3.6635472242267075e-06,0.0998600028897895
3468,266.0,0.0,14.077541994323596,3.6635570266084146e-06,0.09986018101686495
3469,266.0,0.0,14.077554546244086,3.6635668261993214e-06,0.09986035909306763
3470,266.0,0.0,14.07756709456962,3.663576623001029e-06,0.09986053711842686
3471,266.0,0.0,14.077579639302263,3.6635864170151277e-06,0.09986071509297166
3472,266.0,0.0,14.077592180444084,3.663596208243223e-06,0.09986089301673134
3473,266.0,0.0,14.077604717997138,3.6636059966869036e-06,0.09986107088973485
3474,266.0,0.0,14.077617251963487,3.663615782347762e-06,0.09986124871201135
3475,266.0,0.0,14.077629782345191,3.663625565227395e-06,0.09986142648358988
3476,266.0,0.0,14.077642309144302,3.6636353453273903e-06,0.09986160420449956
3477,266.0,0.0,14.077654832362885,3.6636451226493375e-06,0.09986178187476932
3478,266.0,0.0,14.077667352002983,3.6636548971948264e-06,0.09986195949442823
3479,266.0,0.0,14.07767986806665,3.6636646689654387e-06,0.09986213706350514
3480,266.0,0.0,14.07769238055594,3.6636744379627687e-06,0.09986231458202914
3481,266.0,0.0,14.077704889472896,3.663684204188393e-06,0.09986249205002906
3482,266.0,0.0,14.077717394819565,3.663693967643897e-06,0.09986266946753379
3483,266.0,0.0,14.07772989659799,3.6637037283308584e-06,0.09986284683457221
3484,266.0,0.0,14.077742394810219,3.6637134862508634e-06,0.09986302415117325
3485,266.0,0.0,14.077754889458289,3.6637232414054858e-06,0.09986320141736559
3486,266.0,0.0,14.077767380544232,3.6637329937963015e-06,0.09986337863317805
3487,266.0,0.0,14.077779868070099,3.6637427434248894e-06,0.09986355579863943
3488,266.0,0.0,14.077792352037916,3.6637524902928246e-06,0.09986373291377851
3489,266.0,0.0,14.077804832449724,3.6637622344016783e-06,0.09986390997862395
3490,266.0,0.0,14.077817309307548,3.6637719757530234e-06,0.09986408699320452
3491,266.0,0.0,14.077829782613419,3.663781714348431e-06,0.0998642639575488
3492,266.0,0.0,14.077842252369368,3.663791450189465e-06,0.09986444087168549
3493,266.0,0.0,14.077854718577417,3.6638011832776952e-06,0.09986461773564309
3494,266.0,0.0,14.077867181239604,3.6638109136146957e-06,0.09986479454945046
3495,266.0,0.0,14.077879640357937,3.6638206412020226e-06,0.09986497131313594
3496,266.0,0.0,14.077892095934446,3.6638303660412435e-06,0.09986514802672816
3497,266.0,0.0,14.077904547971153,3.6638400881339207e-06,0.09986532469025566
3498,266.0,0.0,14.077916996470066,3.663849807481611e-06,0.09986550130374684
3499,266.0,0.0,14.077929441433207,3.663859524085879e-06,0.09986567786723029
3500,266.0,0.0,14.077941882862596,3.6638692379482816e-06,0.09986585438073443
3501,266.0,0.0,14.077954320760233,3.663878949070375e-06,0.09986603084428769
3502,266.0,0.0,14.077966755128143,3.6638886574537153e-06,0.09986620725791841
3503,266.0,0.0,14.077979185968331,3.66389836309986e-06,0.09986638362165506
3504,266.0,0.0,14.077991613282803,3.663908066010355e-06,0.09986655993552591
3505,266.0,0.0,14.078004037073562,3.663917766186758e-06,0.09986673619955934
3506,266.0,0.0,14.078016457342617,3.663927463630616e-06,0.09986691241378355
3507,266.0,0.0,14.078028874091972,3.6639371583434847e-06,0.09986708857822707
3508,266.0,0.0,14.078041287323625,3.663946850326903e-06,0.0998672646929179
3509,266.0,0.0,14.078053697039573,3.6639565395824232e-06,0.09986744075788438
3510,266.0,0.0,14.078066103241822,3.663966226111589e-06,0.09986761677315475
3511,266.0,0.0,14.078078505932357,3.6639759099159414e-06,0.09986779273875714
3512,266.0,0.0,14.078090905113179,3.6639855909970273e-06,0.0998679686547197
3513,266.0,0.0,14.07810330078628,3.663995269356384e-06,0.09986814452107057
3514,266.0,0.0,14.078115692953649,3.6640049449955552e-06,0.09986832033783798
3515,266.0,0.0,14.078128081617269,3.6640146179160737e-06,0.09986849610504978
3516,266.0,0.0,14.078140466779141,3.6640242881194854e-06,0.09986867182273425
3517,266.0,0.0,14.078152848441237,3.664033955607318e-06,0.09986884749091932
3518,266.0,0.0,14.078165226605556,3.6640436203811126e-06,0.0998690231096331
3519,266.0,0.0,14.078177601274067,3.664053282442397e-06,0.09986919867890348
3520,266.0,0.0,14.078189972448753,3.6640629417927054e-06,0.09986937419875852
3521,266.0,0.0,14.078202340131597,3.6640725984335713e-06,0.0998695496692261
3522,266.0,0.0,14.078214704324575,3.6640822523665186e-06,0.09986972509033408
3523,266.0,0.0,14.07822706502966,3.66409190359308e-06,0.09986990046211049
3524,266.0,0.0,14.078239422248831,3.664101552114782e-06,0.09987007578458319
3525,266.0,0.0,14.078251775984056,3.664111197933149e-06,0.09987025105778002
3526,266.0,0.0,14.078264126237302,3.6641208410497025e-06,0.09987042628172868
3527,266.0,0.0,14.078276473010545,3.6641304814659707e-06,0.09987060145645714
3528,266.0,0.0,14.078288816305747,3.6641401191834713e-06,0.09987077658199309
3529,266.0,0.0,14.078301156124882,3.6641497542037305e-06,0.09987095165836436
3530,266.0,0.0,14.078313492469897,3.6641593865282574e-06,0.09987112668559855
3531,266.0,0.0,14.078325825342775,3.6641690161585784e-06,0.09987130166372352
3532,266.0,0.0,14.078338154745461,3.664178643096207e-06,0.09987147659276689
3533,266.0,0.0,14.078350480679918,3.664188267342657e-06,0.09987165147275624
3534,266.0,0.0,14.078362803148108,3.664197888899447e-06,0.09987182630371937
3535,266.0,0.0,14.07837512215198,3.664207507768085e-06,0.09987200108568382
3536,266.0,0.0,14.078387437693491,3.6642171239500855e-06,0.09987217581867716
3537,266.0,0.0,14.078399749774594,3.664226737446955e-06,0.09987235050272693
3538,266.0,0.0,14.078412058397236,3.6642363482602053e-06,0.09987252513786073
3539,266.0,0.0,14.078424363563366,3.6642459563913443e-06,0.09987269972410615
3540,266.0,0.0,14.07843666527494,3.664255561841878e-06,0.09987287426149058
3541,266.0,0.0,14.078448963533893,3.6642651646133065e-06,0.09987304875004145
3542,266.0,0.0,14.078461258342175,3.6642747647071422e-06,0.09987322318978638
3543,266.0,0.0,14.07847354970172,3.6642843621248823e-06,0.09987339758075268
3544,266.0,0.0,14.07848583761448,3.664293956868027e-06,0.09987357192296778
3545,266.0,0.0,14.078498122082388,3.664303548938081e-06,0.09987374621645913
3546,266.0,0.0,14.078510403107382,3.664313138336537e-06,0.09987392046125391
3547,266.0,0.0,14.078522680691398,3.6643227250648988e-06,0.09987409465737966
3548,266.0,0.0,14.078534954836371,3.6643323091246587e-06,0.0998742688048636
3549,266.0,0.0,14.078547225544233,3.6643418905173113e-06,0.09987444290373301
3550,266.0,0.0,14.078559492816915,3.6643514692443534e-06,0.09987461695401526
3551,266.0,0.0,14.078571756656341,3.664361045307271e-06,0.09987479095573741
3552,266.0,0.0,14.078584017064447,3.6643706187075634e-06,0.09987496490892682
3553,266.0,0.0,14.078596274043155,3.6643801894467155e-06,0.09987513881361067
3554,266.0,0.0,14.078608527594389,3.6643897575262163e-06,0.0998753126698161
3555,266.0,0.0,14.078620777720078,3.6643993229475574e-06,0.09987548647757032
3556,266.0,0.0,14.07863302442213,3.6644088857122183e-06,0.09987566023690038
3557,266.0,0.0,14.078645267702473,3.6644184458216884e-06,0.09987583394783349
3558,266.0,0.0,14.078657507563026,3.6644280032774508e-06,0.09987600761039664
3559,266.0,0.0,14.078669744005703,3.6644375580809845e-06,0.0998761812246169
3560,266.0,0.0,14.078681977032415,3.6644471102337735e-06,0.09987635479052133
3561,266.0,0.0,14.078694206645086,3.6644566597373026e-06,0.09987652830813704
3562,266.0,0.0,14.07870643284561,3.664466206593039e-06,0.09987670177749089
3563,266.0,0.0,14.078718655635916,3.6644757508024694e-06,0.09987687519860988
3564,266.0,0.0,14.0787308750179,3.664485292367069e-06,0.09987704857152106
3565,266.0,0.0,14.078743090993473,3.664494831288307e-06,0.09987722189625113
3566,266.0,0.0,14.078755303564536,3.6645043675676646e-06,0.09987739517282726
3567,266.0,0.0,14.078767512733,3.6645139012066122e-06,0.09987756840127625
3568,266.0,0.0,14.07877971850076,3.6645234322066147e-06,0.0998777415816248
3569,266.0,0.0,14.078791920869719,3.6645329605691493e-06,0.0998779147138999
3570,266.0,0.0,14.078804119841772,3.6645424862956793e-06,0.09987808779812828
3571,266.0,0.0,14.078816315418822,3.664552009387679e-06,0.09987826083433685
3572,266.0,0.0,14.078828507602763,3.6645615298466113e-06,0.09987843382255229
3573,266.0,0.0,14.078840696395487,3.6645710476739423e-06,0.09987860676280137
3574,266.0,0.0,14.078852881798882,3.664580562871131e-06,0.0998787796551108
3575,266.0,0.0,14.078865063814845,3.664590075439644e-06,0.0998789524995072
3576,266.0,0.0,14.078877242445268,3.6645995853809464e-06,0.09987912529601745
3577,266.0,0.0,14.078889417692034,3.664609092696492e-06,0.09987929804466802
3578,266.0,0.0,14.078901589557024,3.664618597387742e-06,0.09987947074548569
3579,266.0,0.0,14.078913758042127,3.664628099456153e-06,0.09987964339849688
3580,266.0,0.0,14.07892592314923,3.6646375989031847e-06,0.09987981600372837
3581,266.0,0.0,14.078938084880207,3.664647095730292e-06,0.09987998856120665
3582,266.0,0.0,14.078950243236942,3.6646565899389278e-06,0.0998801610709583
3583,266.0,0.0,14.078962398221313,3.664666081530543e-06,0.09988033353300978
3584,266.0,0.0,14.078974549835198,3.664675570506595e-06,0.09988050594738763
3585,266.0,0.0,14.078986698080461,3.6646850568685233e-06,0.09988067831411827
3586,266.0,0.0,14.078998842958992,3.6646945406177885e-06,0.09988085063322823
3587,266.0,0.0,14.079010984472651,3.664704021755837e-06,0.099881022904744
3588,266.0,0.0,14.079023122623314,3.664713500284111e-06,0.09988119512869187
3589,266.0,0.0,14.079035257412848,3.6647229762040606e-06,0.09988136730509829
3590,266.0,0.0,14.079047388843117,3.6647324495171264e-06,0.09988153943398961
3591,266.0,0.0,14.079059516915994,3.6647419202247562e-06,0.09988171151539219
3592,266.0,0.0,14.07907164163333,3.664751388328384e-06,0.09988188354933229
3593,266.0,0.0,14.079083762997003,3.6647608538294606e-06,0.09988205553583636
3594,266.0,0.0,14.079095881008866,3.664770316729419e-06,0.09988222747493053
3595,266.0,0.0,14.079107995670777,3.6647797770297002e-06,0.09988239936664114
3596,266.0,0.0,14.079120106984595,3.6647892347317396e-06,0.09988257121099438
3597,266.0,0.0,14.07913221495218,3.6647986898369777e-06,0.09988274300801661
3598,266.0,0.0,14.079144319575382,3.6648081423468457e-06,0.09988291475773381
3599,266.0,0.0,14.079156420856057,3.6648175922627745e-06,0.09988308646017223
3600,266.0,0.0,14.079168518796056,3.6648270395862027e-06,0.09988325811535807
3601,266.0,0.0,14.079180613397225,3.664836484318555e-06,0.09988342972331739
3602,266.0,0.0,14.079192704661416,3.6648459264612683e-06,0.09988360128407633
3603,266.0,0.0,14.079204792590481,3.6648553660157713e-06,0.09988377279766111
3604,266.0,0.0,14.079216877186258,3.6648648029834873e-06,0.0998839442640976
3605,266.0,0.0,14.079228958450596,3.6648742373658444e-06,0.09988411568341186
3606,266.0,0.0,14.079241036385332,3.664883669164266e-06,0.09988428705562995
3607,266.0,0.0,14.07925311099231,3.664893098380181e-06,0.09988445838077789
3608,266.0,0.0,14.079265182273371,3.6649025250150103e-06,0.09988462965888166
3609,266.0,0.0,14.079277250230353,3.6649119490701744e-06,0.09988480088996717
3610,266.0,0.0,14.07928931486509,3.664921370547097e-06,0.09988497207406041
3611,266.0,0.0,14.079301376179414,3.6649307894471928e-06,0.09988514321118726
3612,266.0,0.0,14.079313434175164,3.664940205771883e-06,0.09988531430137361
3613,266.0,0.0,14.079325488854169,3.6649496195225862e-06,0.09988548534464531
3614,266.0,0.0,14.079337540218258,3.664959030700717e-06,0.09988565634102824
3615,266.0,0.0,14.079349588269263,3.6649684393076894e-06,0.09988582729054826
3616,266.0,0.0,14.07936163300901,3.6649778453449195e-06,0.0998859981932311
3617,266.0,0.0,14.079373674439323,3.664987248813817e-06,0.0998861690491026
3618,266.0,0.0,14.079385712562026,3.6649966497157895e-06,0.0998863398581884
3619,266.0,0.0,14.079397747378943,3.665006048052256e-06,0.09988651062051444
3620,266.0,0.0,14.0794097788919,3.665015443824623e-06,0.09988668133610636
3621,266.0,0.0,14.079421807102705,3.6650248370342937e-06,0.0998868520049898
3622,266.0,0.0,14.079433832013185,3.6650342276826783e-06,0.09988702262719047
3623,266.0,0.0,14.079445853625156,3.6650436157711803e-06,0.09988719320273404
3624,266.0,0.0,14.079457871940432,3.6650530013012074e-06,0.09988736373164615
3625,266.0,0.0,14.079469886960828,3.6650623842741623e-06,0.09988753421395245
3626,266.0,0.0,14.079481898688151,3.66507176469144e-06,0.09988770464967836
3627,266.0,0.0,14.079493907124217,3.6650811425544532e-06,0.09988787503884972
3628,266.0,0.0,14.079505912270834,3.6650905178645916e-06,0.09988804538149187
3629,266.0,0.0,14.079517914129802,3.665099890623255e-06,0.09988821567763037
3630,266.0,0.0,14.079529912702942,3.665109260831846e-06,0.09988838592729084
3631,266.0,0.0,14.079541907992052,3.6651186284917603e-06,0.09988855613049873
3632,266.0,0.0,14.079553899998928,3.6651279936043865e-06,0.09988872628727938
3633,266.0,0.0,14.07956588872538,3.6651373561711234e-06,0.09988889639765836
3634,266.0,0.0,14.079577874173204,3.6651467161933653e-06,0.0998890664616611
3635,266.0,0.0,14.079589856344201,3.665156073672498e-06,0.09988923647931287
3636,266.0,0.0,14.079601835240174,3.6651654286099197e-06,0.09988940645063925
3637,266.0,0.0,14.079613810862908,3.665174781007014e-06,0.0998895763756655
3638,266.0,0.0,14.0796257832142,3.6651841308651708e-06,0.0998897462544169
3639,266.0,0.0,14.079637752295845,3.665193478185777e-06,0.09988991608691886
3640,266.0,0.0,14.079649718109637,3.66520282297022e-06,0.09989008587319671
3641,266.0,0.0,14.079661680657361,3.6652121652198805e-06,0.09989025561327558
3642,266.0,0.0,14.07967363994081,3.6652215049361486e-06,0.09989042530718087
3643,266.0,0.0,14.079685595961768,3.6652308421204027e-06,0.09989059495493778
3644,266.0,0.0,14.079697548722022,3.665240176774025e-06,0.09989076455657152
3645,266.0,0.0,14.07970949822335,3.665249508898396e-06,0.09989093411210727
3646,266.0,0.0,14.079721444467541,3.6652588384948937e-06,0.0998911036215702
3647,266.0,0.0,14.079733387456379,3.6652681655648976e-06,0.0998912730849855
3648,266.0,0.0,14.079745327191633,3.665277490109783e-06,0.09989144250237829
3649,266.0,0.0,14.079757263675086,3.6652868121309245e-06,0.09989161187377361
3650,266.0,0.0,14.079769196908517,3.6652961316297016e-06,0.09989178119919666
3651,266.0,0.0,14.079781126893709,3.6653054486074892e-06,0.09989195047867258
3652,266.0,0.0,14.079793053632418,3.6653147630656503e-06,0.09989211971222621
3653,266.0,0.0,14.079804977126427,3.6653240750055587e-06,0.09989228889988264
3654,266.0,0.0,14.079816897377503,3.665333384428593e-06,0.09989245804166702
3655,266.0,0.0,14.07982881438742,3.665342691336113e-06,0.09989262713760416
3656,266.0,0.0,14.07984072815794,3.6653519957294907e-06,0.09989279618771918
3657,266.0,0.0,14.079852638690838,3.6653612976100935e-06,0.09989296519203696
3658,266.0,0.0,14.07986454598787,3.665370596979285e-06,0.09989313415058243
3659,266.0,0.0,14.079876450050808,3.665379893838431e-06,0.0998933030633805
3660,266.0,0.0,14.079888350881406,3.665389188188892e-06,0.09989347193045599
3661,266.0,0.0,14.079900248481431,3.665398480032037e-06,0.09989364075183398
3662,266.0,0.0,14.079912142852637,3.6654077693692185e-06,0.09989380952753905
3663,266.0,0.0,14.079924033996788,3.6654170562018057e-06,0.0998939782575962
3664,266.0,0.0,14.079935921915638,3.665426340531151e-06,0.09989414694203022
3665,266.0,0.0,14.079947806610933,3.6654356223586133e-06,0.09989431558086581
3666,266.0,0.0,14.079959688084443,3.6654449016855523e-06,0.09989448417412786
3667,266.0,0.0,14.079971566337907,3.665454178513321e-06,0.099894652721841
3668,266.0,0.0,14.079983441373079,3.665463452843272e-06,0.09989482122403
3669,266.0,0.0,14.079995313191716,3.665472724676766e-06,0.09989498968071965
3670,266.0,0.0,14.080007181795555,3.665481994015147e-06,0.09989515809193442
3671,266.0,0.0,14.080019047186351,3.6654912608597744e-06,0.09989532645769925
3672,266.0,0.0,14.080030909365842,3.665500525211991e-06,0.09989549477803858
3673,266.0,0.0,14.080042768335778,3.665509787073151e-06,0.09989566305297715
3674,266.0,0.0,14.080054624097889,3.6655190464445963e-06,0.09989583128253943
3675,266.0,0.0,14.080066476653933,3.66552830332768e-06,0.09989599946675015
3676,266.0,0.0,14.08007832600564,3.6655375577237495e-06,0.09989616760563384
3677,266.0,0.0,14.080090172154744,3.6655468096341407e-06,0.09989633569921498
3678,266.0,0.0,14.08010201510299,3.6655560590602038e-06,0.0998965037475182
3679,266.0,0.0,14.080113854852108,3.66556530600328e-06,0.09989667175056793
3680,266.0,0.0,14.08012569140383,3.665574550464709e-06,0.09989683970838864
3681,266.0,0.0,14.080137524759897,3.6655837924458317e-06,0.09989700762100484
3682,266.0,0.0,14.080149354922028,3.665593031947989e-06,0.09989717548844092
3683,266.0,0.0,14.080161181891963,3.6656022689725207e-06,0.09989734331072148
3684,266.0,0.0,14.080173005671423,3.6656115035207576e-06,0.09989751108787068
3685,266.0,0.0,14.080184826262135,3.6656207355940416e-06,0.09989767881991303
3686,266.0,0.0,14.08019664366583,3.665629965193704e-06,0.09989784650687292
3687,266.0,0.0,14.080208457884229,3.6656391923210822e-06,0.09989801414877465
3688,266.0,0.0,14.080220268919048,3.6656484169775035e-06,0.09989818174564259
3689,266.0,0.0,14.080232076772017,3.6656576391643063e-06,0.09989834929750102
3690,266.0,0.0,14.080243881444849,3.6656668588828114e-06,0.09989851680437413
3691,266.0,0.0,14.080255682939267,3.6656760761343605e-06,0.09989868426628637
3692,266.0,0.0,14.080267481256989,3.6656852909202735e-06,0.09989885168326192
3693,266.0,0.0,14.080279276399724,3.6656945032418804e-06,0.09989901905532496
3694,266.0,0.0,14.080291068369188,3.6657037131005074e-06,0.09989918638249971
3695,266.0,0.0,14.080302857167101,3.665712920497483e-06,0.09989935366481047
3696,266.0,0.0,14.080314642795164,3.665722125434123e-06,0.09989952090228124
3697,266.0,0.0,14.080326425255091,3.665731327911757e-06,0.09989968809493627
3698,266.0,0.0,14.08033820454859,3.665740527931705e-06,0.09989985524279965
3699,266.0,0.0,14.080349980677376,3.665749725495291e-06,0.09990002234589557
3700,266.0,0.0,14.080361753643142,3.6657589206038296e-06,0.099900189404248
3701,266.0,0.0,14.0803735234476,3.665768113258641e-06,0.0999003564178811
3702,266.0,0.0,14.080385290092448,3.6657773034610447e-06,0.09990052338681889
3703,266.0,0.0,14.080397053579391,3.6657864912123566e-06,0.0999006903110854
3704,266.0,0.0,14.080408813910129,3.665795676513892e-06,0.09990085719070464
3705,266.0,0.0,14.080420571086362,3.6658048593669695e-06,0.09990102402570071
3706,266.0,0.0,14.080432325109786,3.6658140397728963e-06,0.09990119081609747
3707,266.0,0.0,14.0804440759821,3.665823217732988e-06,0.09990135756191887
3708,266.0,0.0,14.080455823704993,3.6658323932485536e-06,0.09990152426318885
3709,266.0,0.0,14.080467568280158,3.665841566320904e-06,0.09990169091993134
3710,266.0,0.0,14.080479309709297,3.6658507369513526e-06,0.09990185753217033
3711,266.0,0.0,14.080491047994087,3.665859905141203e-06,0.09990202409992958
3712,266.0,0.0,14.080502783136227,3.6658690708917632e-06,0.09990219062323298
3713,266.0,0.0,14.080514515137404,3.665878234204342e-06,0.09990235710210439
3714,266.0,0.0,14.080526243999303,3.665887395080241e-06,0.09990252353656762
3715,266.0,0.0,14.080537969723606,3.6658965535207656e-06,0.09990268992664648
3716,266.0,0.0,14.080549692312003,3.665905709527221e-06,0.09990285627236477
3717,266.0,0.0,14.080561411766169,3.665914863100901e-06,0.09990302257374611
3718,266.0,0.0,14.080573128087794,3.66592401424312e-06,0.09990318883081456
3719,266.0,0.0,14.080584841278547,3.6659331629551624e-06,0.09990335504359352
3720,266.0,0.0,14.080596551340115,3.6659423092383394e-06,0.09990352121210681
3721,266.0,0.0,14.080608258274175,3.6659514530939424e-06,0.09990368733637818
3722,266.0,0.0,14.080619962082396,3.66596059452327e-06,0.09990385341643129
3723,266.0,0.0,14.080631662766459,3.6659697335276146e-06,0.09990401945228965
3724,266.0,0.0,14.080643360328036,3.6659788701082774e-06,0.09990418544397704
3725,266.0,0.0,14.080655054768792,3.665988004266546e-06,0.099904351391517
3726,266.0,0.0,14.080666746090408,3.665997136003716e-06,0.09990451729493316
3727,266.0,0.0,14.080678434294546,3.6660062653210775e-06,0.09990468315424911
3728,266.0,0.0,14.080690119382874,3.66601539221992e-06,0.09990484896948831
3729,266.0,0.0,14.08070180135706,3.666024516701536e-06,0.09990501474067437
3730,266.0,0.0,14.080713480218769,3.6660336387672115e-06,0.0999051804678308
3731,266.0,0.0,14.080725155969663,3.6660427584182336e-06,0.0999053461509811
3732,266.0,0.0,14.080736828611409,3.6660518756558906e-06,0.09990551179014873
3733,266.0,0.0,14.080748498145661,3.6660609904814684e-06,0.09990567738535715
3734,266.0,0.0,14.080760164574079,3.666070102896244e-06,0.09990584293662978
3735,266.0,0.0,14.080771827898328,3.666079212901512e-06,0.09990600844399014
3736,266.0,0.0,14.080783488120064,3.666088320498545e-06,0.09990617390746154
3737,266.0,0.0,14.080795145240936,3.6660974256886283e-06,0.09990633932706733
3738,266.0,0.0,14.080806799262598,3.666106528473038e-06,0.09990650470283095
3739,266.0,0.0,14.080818450186714,3.666115628853063e-06,0.09990667003477584
3740,266.0,0.0,14.080830098014927,3.666124726829972e-06,0.0999068353229251
3741,266.0,0.0,14.08084174274889,3.6661338224050478e-06,0.09990700056730224
3742,266.0,0.0,14.080853384390247,3.6661429155795606e-06,0.0999071657679304
3743,266.0,0.0,14.080865022940655,3.666152006354792e-06,0.099907330924833
3744,266.0,0.0,14.08087665840175,3.6661610947320087e-06,0.09990749603803313
3745,266.0,0.0,14.080888290775189,3.66617018071249e-06,0.09990766110755421
3746,266.0,0.0,14.080899920062603,3.666179264297507e-06,0.09990782613341935
3747,266.0,0.0,14.080911546265645,3.6661883454883277e-06,0.09990799111565175
3748,266.0,0.0,14.080923169385947,3.666197424286223e-06,0.09990815605427456
3749,266.0,0.0,14.080934789425159,3.666206500692465e-06,0.09990832094931106
3750,266.0,0.0,14.08094640638491,3.666215574708316e-06,0.09990848580078425
3751,266.0,0.0,14.080958020266845,3.666224646335048e-06,0.09990865060871734
3752,266.0,0.0,14.08096963107259,3.666233715573922e-06,0.09990881537313341
3753,266.0,0.0,14.080981238803785,3.6662427824262085e-06,0.09990898009405554
3754,266.0,0.0,14.080992843462072,3.6662518468931695e-06,0.09990914477150689
3755,266.0,0.0,14.081004445049073,3.6662609089760695e-06,0.09990930940551043
3756,266.0,0.0,14.08101604356642,3.666269968676163e-06,0.09990947399608911
3757,266.0,0.0,14.081027639015737,3.666279025994718e-06,0.09990963854326608
3758,266.0,0.0,14.081039231398663,3.66628808093299e-06,0.09990980304706425
3759,266.0,0.0,14.081050820716817,3.6662971334922422e-06,0.09990996750750669
3760,266.0,0.0,14.081062406971833,3.6663061836737334e-06,0.09991013192461634
3761,266.0,0.0,14.081073990165327,3.666315231478715e-06,0.09991029629841608
3762,266.0,0.0,14.08108557029892,3.666324276908445e-06,0.09991046062892882
3763,266.0,0.0,14.081097147374242,3.6663333199641808e-06,0.09991062491617754
3764,266.0,0.0,14.081108721392908,3.6663423606471703e-06,0.09991078916018507
3765,266.0,0.0,14.08112029235654,3.666351398958673e-06,0.09991095336097432
3766,266.0,0.0,14.081131860266753,3.666360434899938e-06,0.09991111751856811
3767,266.0,0.0,14.081143425125166,3.6663694684722183e-06,0.09991128163298928
3768,266.0,0.0,14.081154986933393,3.6663784996767605e-06,0.09991144570426069
3769,266.0,0.0,14.081166545693044,3.6663875285148146e-06,0.09991160973240504
3770,266.0,0.0,14.081178101405738,3.666396554987626e-06,0.09991177371744515
3771,266.0,0.0,14.081189654073082,3.666405579096449e-06,0.09991193765940382
3772,266.0,0.0,14.081201203696688,3.6664146008425206e-06,0.09991210155830367
3773,266.0,0.0,14.081212750278166,3.6664236202270945e-06,0.09991226541416767
3774,266.0,0.0,14.081224293819123,3.6664326372514086e-06,0.0999124292270183
3775,266.0,0.0,14.081235834321157,3.666441651916707e-06,0.09991259299687828
3776,266.0,0.0,14.081247371785887,3.666450664224235e-06,0.09991275672377041
3777,266.0,0.0,14.08125890621491,3.666459674175228e-06,0.09991292040771714
3778,266.0,0.0,14.081270437609824,3.6664686817709298e-06,0.09991308404874126
3779,266.0,0.0,14.081281965972238,3.666477687012582e-06,0.09991324764686538
3780,266.0,0.0,14.081293491303743,3.6664866899014144e-06,0.09991341120211197
3781,266.0,0.0,14.081305013605949,3.666495690438674e-06,0.09991357471450377
3782,266.0,0.0,14.081316532880445,3.66650468862559e-06,0.09991373818406327
3783,266.0,0.0,14.081328049128826,3.6665136844633974e-06,0.09991390161081296
3784,266.0,0.0,14.081339562352694,3.666522677953338e-06,0.0999140649947755
3785,266.0,0.0,14.081351072553636,3.666531669096635e-06,0.09991422833597323
3786,266.0,0.0,14.08136257973325,3.6665406578945265e-06,0.09991439163442874
3787,266.0,0.0,14.081374083893115,3.666549644348241e-06,0.09991455489016447
3788,266.0,0.0,14.081385585034841,3.6665586284590144e-06,0.09991471810320302
3789,266.0,0.0,14.081397083159999,3.666567610228071e-06,0.0999148812735666
3790,266.0,0.0,14.08140857827018,3.666576589656637e-06,0.09991504440127773
3791,266.0,0.0,14.081420070366978,3.6665855667459465e-06,0.09991520748635886
3792,266.0,0.0,14.081431559451966,3.6665945414972216e-06,0.09991537052883231
3793,266.0,0.0,14.081443045526738,3.666603513911686e-06,0.09991553352872047
3794,266.0,0.0,14.081454528592872,3.6666124839905706e-06,0.09991569648604572
3795,266.0,0.0,14.081466008651942,3.6666214517350892e-06,0.09991585940083024
3796,266.0,0.0,14.081477485705543,3.6666304171464756e-06,0.0999160222730966
3797,266.0,0.0,14.081488959755243,3.666639380225945e-06,0.09991618510286693
3798,266.0,0.0,14.081500430802619,3.6666483409747183e-06,0.0999163478901635
3799,266.0,0.0,14.081511898849248,3.6666572993940137e-06,0.09991651063500864
3800,266.0,0.0,14.081523363896707,3.6666662554850548e-06,0.09991667333742454
3801,266.0,0.0,14.081534825946571,3.666675209249056e-06,0.09991683599743345
3802,266.0,0.0,14.08154628500041,3.6666841606872365e-06,0.09991699861505761
3803,266.0,0.0,14.081557741059793,3.666693109800807e-06,0.09991716119031914
3804,266.0,0.0,14.081569194126288,3.666702056590987e-06,0.09991732372324026
3805,266.0,0.0,14.081580644201473,3.666711001058989e-06,0.09991748621384315
3806,266.0,0.0,14.08159209128691,3.6667199432060264e-06,0.09991764866214986
3807,266.0,0.0,14.081603535384163,3.6667288830333136e-06,0.09991781106818268
3808,266.0,0.0,14.081614976494798,3.6667378205420566e-06,0.09991797343196354
3809,266.0,0.0,14.081626414620379,3.6667467557334677e-06,0.09991813575351458
3810,266.0,0.0,14.081637849762469,3.6667556886087566e-06,0.09991829803285786
3811,266.0,0.0,14.08164928192263,3.6667646191691303e-06,0.09991846027001548
3812,266.0,0.0,14.08166071110242,3.6667735474158013e-06,0.0999186224650095
3813,266.0,0.0,14.081672137303398,3.6667824733499682e-06,0.09991878461786184
3814,266.0,0.0,14.081683560527123,3.6667913969728414e-06,0.09991894672859455
3815,266.0,0.0,14.081694980775149,3.6668003182856223e-06,0.09991910879722961
3816,266.0,0.0,14.081706398049036,3.6668092372895173e-06,0.09991927082378896
3817,266.0,0.0,14.08171781235033,3.6668181539857256e-06,0.09991943280829456
3818,266.0,0.0,14.081729223680592,3.6668270683754534e-06,0.09991959475076842
3819,266.0,0.0,14.081740632041367,3.666835980459898e-06,0.09991975665123236
3820,266.0,0.0,14.081752037434207,3.6668448902402594e-06,0.0999199185097083
3821,266.0,0.0,14.081763439860662,3.666853797717738e-06,0.09992008032621817
3822,266.0,0.0,14.08177483932228,3.6668627028935283e-06,0.09992024210078375
3823,266.0,0.0,14.081786235820612,3.666871605768834e-06,0.09992040383342696
3824,266.0,0.0,14.081797629357192,3.666880506344844e-06,0.09992056552416956
3825,266.0,0.0,14.081809019933575,3.666889404622756e-06,0.09992072717303341
3826,266.0,0.0,14.081820407551294,3.6668983006037653e-06,0.09992088878004031
3827,266.0,0.0,14.081831792211899,3.6669071942890615e-06,0.099921050345212
3828,266.0,0.0,14.081843173916926,3.66691608567984e-06,0.0999212118685702
3829,266.0,0.0,14.081854552667917,3.666924974777292e-06,0.09992137335013676
3830,266.0,0.0,14.081865928466408,3.6669338615826074e-06,0.09992153478993338
3831,266.0,0.0,14.081877301313941,3.6669427460969788e-06,0.09992169618798177
3832,266.0,0.0,14.081888671212043,3.6669516283215863e-06,0.09992185754430354
3833,266.0,0.0,14.081900038162255,3.6669605082576256e-06,0.09992201885892048
3834,266.0,0.0,14.081911402166108,3.666969385906279e-06,0.09992218013185415
3835,266.0,0.0,14.081922763225139,3.6669782612687365e-06,0.09992234136312632
3836,266.0,0.0,14.081934121340868,3.6669871343461776e-06,0.09992250255275839
3837,266.0,0.0,14.081945476514834,3.6669960051397914e-06,0.09992266370077223
3838,266.0,0.0,14.081956828748567,3.6670048736507576e-06,0.09992282480718932
3839,266.0,0.0,14.081968178043581,3.667013739880258e-06,0.09992298587203116
3840,266.0,0.0,14.081979524401419,3.6670226038294762e-06,0.09992314689531939
3841,266.0,0.0,14.081990867823592,3.667031465499587e-06,0.09992330787707551
3842,266.0,0.0,14.082002208311636,3.6670403248917783e-06,0.09992346881732107
3843,266.0,0.0,14.082013545867065,3.667049182007226e-06,0.09992362971607768
3844,266.0,0.0,14.082024880491403,3.6670580368470997e-06,0.0999237905733666
3845,266.0,0.0,14.082036212186171,3.667066889412586e-06,0.09992395138920954
3846,266.0,0.0,14.082047540952885,3.6670757397048536e-06,0.09992411216362776
3847,266.0,0.0,14.082058866793064,3.6670845877250823e-06,0.09992427289664281
3848,266.0,0.0,14.08207018970823,3.667093433474443e-06,0.09992443358827609
3849,266.0,0.0,14.082081509699892,3.667102276954107e-06,0.09992459423854899
3850,266.0,0.0,14.082092826769566,3.6671111181652518e-06,0.09992475484748298
3851,266.0,0.0,14.082104140918764,3.667119957109045e-06,0.09992491541509935
3852,266.0,0.0,14.082115452149004,3.6671287937866558e-06,0.09992507594141946
3853,266.0,0.0,14.082126760461788,3.667137628199256e-06,0.0999252364264647
3854,266.0,0.0,14.082138065858631,3.6671464603480128e-06,0.09992539687025635
3855,266.0,0.0,14.082149368341042,3.6671552902340916e-06,0.09992555727281571
3856,266.0,0.0,14.082160667910527,3.6671641178586635e-06,0.09992571763416414
3857,266.0,0.0,14.082171964568591,3.6671729432228912e-06,0.09992587795432285
3858,266.0,0.0,14.082183258316741,3.667181766327941e-06,0.09992603823331313
3859,266.0,0.0,14.082194549156476,3.6671905871749738e-06,0.09992619847115619
3860,266.0,0.0,14.082205837089301,3.6671994057651533e-06,0.09992635866787328
3861,266.0,0.0,14.082217122116724,3.667208222099648e-06,0.09992651882348563
3862,266.0,0.0,14.082228404240235,3.667217036179609e-06,0.09992667893801434
3863,266.0,0.0,14.082239683461337,3.667225848006202e-06,0.09992683901148071
3864,266.0,0.0,14.08225095978153,3.6672346575805865e-06,0.09992699904390583
3865,266.0,0.0,14.082262233202316,3.667243464903923e-06,0.09992715903531085
3866,266.0,0.0,14.082273503725174,3.667252269977361e-06,0.0999273189857169
3867,266.0,0.0,14.082284771351613,3.6672610728020668e-06,0.09992747889514511
3868,266.0,0.0,14.08229603608312,3.6672698733791894e-06,0.0999276387636165
3869,266.0,0.0,14.08230729792119,3.6672786717098863e-06,0.09992779859115224
3870,266.0,0.0,14.082318556867312,3.6672874677953114e-06,0.09992795837777332
3871,266.0,0.0,14.082329812922977,3.667296261636617e-06,0.09992811812350084
3872,266.0,0.0,14.082341066089676,3.6673050532349577e-06,0.0999282778283558
3873,266.0,0.0,14.08235231636889,3.6673138425914827e-06,0.09992843749235929
3874,266.0,0.0,14.082363563762112,3.667322629707343e-06,0.09992859711553213
3875,266.0,0.0,14.082374808270819,3.6673314145836847e-06,0.09992875669789542
3876,266.0,0.0,14.082386049896506,3.6673401972216643e-06,0.09992891623947013
3877,266.0,0.0,14.082397288640651,3.6673489776224266e-06,0.09992907574027729
3878,266.0,0.0,14.082408524504729,3.6673577557871087e-06,0.09992923520033756
3879,266.0,0.0,14.082419757490234,3.6673665317168733e-06,0.09992939461967217
3880,266.0,0.0,14.082430987598636,3.667375305412855e-06,0.0999295539983018
3881,266.0,0.0,14.082442214831413,3.667384076876197e-06,0.0999297133362474
3882,266.0,0.0,14.082453439190047,3.66739284610805e-06,0.09992987263352993
3883,266.0,0.0,14.082464660676015,3.6674016131095502e-06,0.09993003189017007
3884,266.0,0.0,14.082475879290783,3.6674103778818406e-06,0.0999301911061888
3885,266.0,0.0,14.08248709503584,3.667419140426068e-06,0.09993035028160686
3886,266.0,0.0,14.082498307912639,3.6674279007433585e-06,0.09993050941644502
3887,266.0,0.0,14.082509517922668,3.667436658834864e-06,0.09993066851072416
3888,266.0,0.0,14.08252072506739,3.6674454147017202e-06,0.09993082756446506
3889,266.0,0.0,14.082531929348272,3.6674541683450586e-06,0.09993098657768837
3890,266.0,0.0,14.082543130766789,3.66746291976602e-06,0.0999311455504149
3891,266.0,0.0,14.082554329324406,3.6674716689657423e-06,0.0999313044826654
3892,266.0,0.0,14.082565525022591,3.6674804159453547e-06,0.09993146337446052
3893,266.0,0.0,14.082576717862798,3.66748916070599e-06,0.09993162222582093
3894,266.0,0.0,14.082587907846504,3.6674979032487886e-06,0.09993178103676735
3895,266.0,0.0,14.082599094975164,3.667506643574877e-06,0.09993193980732047
3896,266.0,0.0,14.082610279250234,3.667515381685385e-06,0.09993209853750083
3897,266.0,0.0,14.08262146067319,3.6675241175814476e-06,0.09993225722732917
3898,266.0,0.0,14.08263263924548,3.6675328512641924e-06,0.09993241587682608
3899,266.0,0.0,14.082643814968563,3.667541582734747e-06,0.09993257448601216
3900,266.0,0.0,14.082654987843899,3.6675503119942423e-06,0.09993273305490794
3901,266.0,0.0,14.08266615787294,3.6675590390437975e-06,0.09993289158353391
3902,266.0,0.0,14.08267732505714,3.6675677638845437e-06,0.09993305007191079
3903,266.0,0.0,14.082688489397965,3.6675764865176115e-06,0.09993320852005913
3904,266.0,0.0,14.08269965089685,3.6675852069441124e-06,0.09993336692799923
3905,266.0,0.0,14.082710809555254,3.6675939251651775e-06,0.09993352529575174
3906,266.0,0.0,14.08272196537463,3.6676026411819325e-06,0.09993368362333721
3907,266.0,0.0,14.082733118356419,3.6676113549954913e-06,0.09993384191077592
3908,266.0,0.0,14.082744268502083,3.6676200666069796e-06,0.09993400015808848
3909,266.0,0.0,14.08275541581305,3.6676287760175154e-06,0.09993415836529523
3910,266.0,0.0,14.082766560290782,3.66763748322822e-06,0.09993431653241669
3911,266.0,0.0,14.082777701936719,3.6676461882402085e-06,0.09993447465947321
3912,266.0,0.0,14.082788840752297,3.6676548910545997e-06,0.09993463274648516
3913,266.0,0.0,14.082799976738967,3.66766359167251e-06,0.09993479079347298
3914,266.0,0.0,14.082811109898165,3.6676722900950546e-06,0.09993494880045697
3915,266.0,0.0,14.082822240231339,3.6676809863233505e-06,0.09993510676745755
3916,266.0,0.0,14.082833367739923,3.6676896803585112e-06,0.099935264694495
3917,266.0,0.0,14.08284449242535,3.667698372201647e-06,0.09993542258158962
3918,266.0,0.0,14.082855614289066,3.667707061853872e-06,0.09993558042876172
3919,266.0,0.0,14.082866733332501,3.667715749316297e-06,0.0999357382360316
3920,266.0,0.0,14.082877849557091,3.667724434590033e-06,0.09993589600341948
3921,266.0,0.0,14.082888962964278,3.6677331176761917e-06,0.0999360537309457
3922,266.0,0.0,14.082900073555477,3.6677417985758776e-06,0.09993621141863046
3923,266.0,0.0,14.082911181332133,3.6677504772902e-06,0.09993636906649389
3924,266.0,0.0,14.082922286295677,3.667759153820271e-06,0.09993652667455637
3925,266.0,0.0,14.082933388447525,3.6677678281671904e-06,0.0999366842428379
3926,266.0,0.0,14.082944487789119,3.6677765003320667e-06,0.09993684177135882
3927,266.0,0.0,14.08295558432188,3.6677851703160035e-06,0.09993699926013919
3928,266.0,0.0,14.082966678047237,3.667793838120104e-06,0.09993715670919916
3929,266.0,0.0,14.082977768966613,3.6678025037454776e-06,0.09993731411855891
3930,266.0,0.0,14.082988857081434,3.667811167193221e-06,0.09993747148823862
3931,266.0,0.0,14.082999942393116,3.667819828464432e-06,0.09993762881825813
3932,266.0,0.0,14.083011024903088,3.667828487560216e-06,0.0999377861086378
3933,266.0,0.0,14.083022104612768,3.667837144481672e-06,0.09993794335939755
3934,266.0,0.0,14.083033181523573,3.6678457992298984e-06,0.09993810057055748
3935,266.0,0.0,14.083044255636926,3.6678544518059914e-06,0.0999382577421376
3936,266.0,0.0,14.083055326954243,3.6678631022110512e-06,0.09993841487415797
3937,266.0,0.0,14.083066395476939,3.667871750446174e-06,0.09993857196663859
3938,266.0,0.0,14.083077461206427,3.6678803965124517e-06,0.09993872901959941
3939,266.0,0.0,14.083088524144125,3.66788904041098e-06,0.09993888603306042
3940,266.0,0.0,14.08309958429145,3.6678976821428584e-06,0.09993904300704165
3941,266.0,0.0,14.0831106416498,3.667906321709169e-06,0.09993919994156292
3942,266.0,0.0,14.083121696220601,3.6679149591110153e-06,0.09993935683664429
3943,266.0,0.0,14.083132748005251,3.66792359434948e-06,0.0999395136923056
3944,266.0,0.0,14.08314379700517,3.6679322274256605e-06,0.09993967050856681
3945,266.0,0.0,14.083154843221756,3.6679408583406426e-06,0.09993982728544772
3946,266.0,0.0,14.083165886656419,3.667949487095511e-06,0.09993998402296823
3947,266.0,0.0,14.083176927310568,3.6679581136913625e-06,0.09994014072114825
3948,266.0,0.0,14.083187965185601,3.6679667381292794e-06,0.09994029738000756
3949,266.0,0.0,14.083199000282928,3.6679753604103475e-06,0.09994045399956607
3950,266.0,0.0,14.083210032603949,3.667983980535656e-06,0.09994061057984349
3951,266.0,0.0,14.083221062150063,3.667992598506282e-06,0.09994076712085961
3952,266.0,0.0,14.083232088922674,3.668001214323322e-06,0.09994092362263438
3953,266.0,0.0,14.083243112923173,3.668009827987844e-06,0.0999410800851873
3954,266.0,0.0,14.083254134152968,3.668018439500941e-06,0.09994123650853834
3955,266.0,0.0,14.083265152613452,3.6680270488636942e-06,0.09994139289270719
3956,266.0,0.0,14.08327616830602,3.6680356560771753e-06,0.09994154923771342
3957,266.0,0.0,14.08328718123207,3.668044261142476e-06,0.099941705543577
3958,266.0,0.0,14.08329819139299,3.668052864060666e-06,0.09994186181031736
3959,266.0,0.0,14.08330919879018,3.668061464832828e-06,0.09994201803795438
3960,266.0,0.0,14.083320203425027,3.6680700634600376e-06,0.09994217422650757
3961,266.0,0.0,14.083331205298924,3.6680786599433718e-06,0.09994233037599672
3962,266.0,0.0,14.083342204413258,3.6680872542839045e-06,0.09994248648644123
3963,266.0,0.0,14.083353200769418,3.6680958464827127e-06,0.09994264255786092
3964,266.0,0.0,14.0833641943688,3.668104436540876e-06,0.09994279859027548
3965,266.0,0.0,14.083375185212775,3.6681130244594577e-06,0.09994295458370424
3966,266.0,0.0,14.083386173302745,3.6681216102395374e-06,0.09994311053816692
3967,266.0,0.0,14.08339715864008,3.668130193882181e-06,0.09994326645368307
3968,266.0,0.0,14.083408141226174,3.6681387753884644e-06,0.09994342233027219
3969,266.0,0.0,14.083419121062402,3.668147354759453e-06,0.09994357816795377
3970,266.0,0.0,14.08343009815015,3.6681559319962228e-06,0.09994373396674745
3971,266.0,0.0,14.083441072490794,3.6681645070998343e-06,0.09994388972667265
3972,266.0,0.0,14.08345204408572,3.668173080071363e-06,0.09994404544774889
3973,266.0,0.0,14.083463012936297,3.6681816509118683e-06,0.09994420112999554
3974,266.0,0.0,14.083473979043912,3.668190219622424e-06,0.0999443567734322
3975,266.0,0.0,14.083484942409935,3.668198786204088e-06,0.09994451237807822
3976,266.0,0.0,14.083495903035741,3.6682073506579287e-06,0.09994466794395306
3977,266.0,0.0,14.083506860922705,3.66821591298501e-06,0.09994482347107614
3978,266.0,0.0,14.083517816072202,3.6682244731863934e-06,0.09994497895946679
3979,266.0,0.0,14.0835287684856,3.6682330312631396e-06,0.0999451344091444
3980,266.0,0.0,14.083539718164271,3.6682415872163115e-06,0.09994528982012842
3981,266.0,0.0,14.08355066510959,3.6682501410469726e-06,0.09994544519243818
3982,266.0,0.0,14.08356160932292,3.668258692756178e-06,0.09994560052609293
3983,266.0,0.0,14.08357255080563,3.6682672423449894e-06,0.09994575582111213
3984,266.0,0.0,14.08358348955909,3.6682757898144597e-06,0.09994591107751492
3985,266.0,0.0,14.083594425584664,3.668284335165655e-06,0.0999460662953208
3986,266.0,0.0,14.08360535888371,3.6682928783996245e-06,0.09994622147454887
3987,266.0,0.0,14.0836162894576,3.668301419517424e-06,0.09994637661521842
3988,266.0,0.0,14.0836272173077,3.6683099585201155e-06,0.09994653171734887
3989,266.0,0.0,14.08363814243536,3.668318495408749e-06,0.0999466867809593
3990,266.0,0.0,14.08364906484195,3.6683270301843716e-06,0.09994684180606889
3991,266.0,0.0,14.083659984528824,3.668335562848043e-06,0.09994699679269697
3992,266.0,0.0,14.083670901497346,3.668344093400816e-06,0.09994715174086269
3993,266.0,0.0,14.083681815748866,3.6683526218437353e-06,0.09994730665058517
3994,266.0,0.0,14.08369272728475,3.6683611481778583e-06,0.09994746152188373
3995,266.0,0.0,14.083703636106346,3.668369672404231e-06,0.0999476163547774
3996,266.0,0.0,14.083714542215015,3.668378194523898e-06,0.09994777114928527
3997,266.0,0.0,14.083725445612101,3.6683867145379123e-06,0.09994792590542657
3998,266.0,0.0,14.083736346298966,3.668395232447319e-06,0.09994808062322035
3999,266.0,0.0,14.08374724427696,3.6684037482531688e-06,0.09994823530268578
4000,266.0,0.0,14.083758139547427,3.6684122619565e-06,0.09994838994384182
4001,266.0,0.0,14.083769032111725,3.668420773558361e-06,0.09994854454670758
4002,266.0,0.0,14.083779921971193,3.668429283059796e-06,0.09994869911130218
4003,266.0,0.0,14.083790809127187,3.668437790461847e-06,0.09994885363764457
4004,266.0,0.0,14.083801693581048,3.6684462957655545e-06,0.09994900812575377
4005,266.0,0.0,14.083812575334129,3.6684547989719655e-06,0.09994916257564891
4006,266.0,0.0,14.083823454387764,3.6684633000821164e-06,0.09994931698734878
4007,266.0,0.0,14.083834330743302,3.6684717990970484e-06,0.09994947136087252
4008,266.0,0.0,14.083845204402083,3.6684802960177972e-06,0.09994962569623898
4009,266.0,0.0,14.083856075365453,3.6684887908454087e-06,0.09994977999346727
4010,266.0,0.0,14.083866943634757,3.6684972835809194e-06,0.09994993425257624
4011,266.0,0.0,14.08387780921132,3.6685057742253613e-06,0.09995008847358482
4012,266.0,0.0,14.083888672096489,3.6685142627797747e-06,0.09995024265651188
4013,266.0,0.0,14.083899532291598,3.668522749245187e-06,0.09995039680137627
4014,266.0,0.0,14.083910389797982,3.668531233622643e-06,0.099950550908197
4015,266.0,0.0,14.083921244616986,3.668539715913174e-06,0.09995070497699288
4016,266.0,0.0,14.08393209674994,3.6685481961178096e-06,0.09995085900778275
4017,266.0,0.0,14.083942946198173,3.6685566742375835e-06,0.09995101300058544
4018,266.0,0.0,14.08395379296302,3.6685651502735297e-06,0.09995116695541979
4019,266.0,0.0,14.083965562625753,3.6685743475084655e-06,0.09995133400964815
4020,266.0,0.0,14.083978578369216,3.668584518493299e-06,0.09995151875044687
4021,266.0,0.0,14.083991618755473,3.6685947087537765e-06,0.09995170384118773
4022,266.0,0.0,14.084004656545254,3.668604897004134e-06,0.09995188889524649
4023,266.0,0.0,14.084017691132628,3.668615082770859e-06,0.09995207390402254
4024,266.0,0.0,14.084030722505638,3.668625266044591e-06,0.0999522588673461
4025,266.0,0.0,14.08404375066557,3.668635446826325e-06,0.09995244378523528
4026,266.0,0.0,14.08405677561401,3.668645625117288e-06,0.09995262865771255
4027,266.0,0.0,14.08406979735254,3.668655800918695e-06,0.09995281348480009
4028,266.0,0.0,14.08408281588276,3.6686659742317886e-06,0.09995299826652057
4029,266.0,0.0,14.084095831206248,3.668676145057787e-06,0.0999531830028963
4030,266.0,0.0,14.084108843324596,3.6686863133979174e-06,0.09995336769394961
4031,266.0,0.0,14.08412185223939,3.668696479253408e-06,0.099953552339703
4032,266.0,0.0,14.084134857952202,3.668706642625472e-06,0.09995373694017867
4033,266.0,0.0,14.084147860464626,3.6687168035153427e-06,0.09995392149539904
4034,266.0,0.0,14.084160859778235,3.6687269619242366e-06,0.0999541060053864
4035,266.0,0.0,14.084173855894614,3.6687371178533755e-06,0.09995429047016305
4036,266.0,0.0,14.084186848815337,3.668747271303978e-06,0.0999544748897512
4037,266.0,0.0,14.084199838541986,3.6687574222772625e-06,0.09995465926417323
4038,266.0,0.0,14.084212825076136,3.6687675707744484e-06,0.09995484359345128
4039,266.0,0.0,14.084225808419362,3.668777716796756e-06,0.09995502787760775
4040,266.0,0.0,14.084238788573238,3.668787860345398e-06,0.0999552121166647
4041,266.0,0.0,14.084251765539335,3.6687980014215884e-06,0.09995539631064433
4042,266.0,0.0,14.084264739319229,3.668808140026544e-06,0.09995558045956891
4043,266.0,0.0,14.084277709914486,3.6688182761614815e-06,0.09995576456346061
4044,266.0,0.0,14.084290677326674,3.6688284098276045e-06,0.09995594862234145
4045,266.0,0.0,14.08430364155737,3.6688385410261334e-06,0.09995613263623371
4046,266.0,0.0,14.084316602608133,3.6688486697582747e-06,0.09995631660515941
4047,266.0,0.0,14.084329560480532,3.6688587960252418e-06,0.09995650052914073
4048,266.0,0.0,14.08434251517613,3.668868919828242e-06,0.09995668440819974
4049,266.0,0.0,14.08435546669649,3.668879041168478e-06,0.0999568682423584
4050,266.0,0.0,14.084368415043182,3.6688891600471694e-06,0.09995705203163899
4051,266.0,0.0,14.084381360217753,3.6688992764655086e-06,0.09995723577606323
4052,266.0,0.0,14.084394302221776,3.668909390424713e-06,0.0999574194756534
4053,266.0,0.0,14.084407241056802,3.668919501925979e-06,0.0999576031304314
4054,266.0,0.0,14.084420176724397,3.668929610970517e-06,0.09995778674041927
4055,266.0,0.0,14.084433109226106,3.6689397175595226e-06,0.09995797030563891
4056,266.0,0.0,14.084446038563497,3.6689498216942057e-06,0.09995815382611235
4057,266.0,0.0,14.084458964738113,3.6689599233757594e-06,0.09995833730186143
4058,266.0,0.0,14.08447188775152,3.668970022605391e-06,0.0999585207329082
4059,266.0,0.0,14.084484807605259,3.668980119384295e-06,0.09995870411927443
4060,266.0,0.0,14.084497724300885,3.668990213713672e-06,0.09995888746098212
4061,266.0,0.0,14.084510637839944,3.669000305594719e-06,0.09995907075805306
4062,266.0,0.0,14.084523548223993,3.669010395028635e-06,0.09995925401050924
4063,266.0,0.0,14.084536455454572,3.669020482016612e-06,0.09995943721837239
4064,266.0,0.0,14.084549359533233,3.6690305665598486e-06,0.09995962038166435
4065,266.0,0.0,14.084562260461508,3.6690406486595295e-06,0.09995980350040685
4066,266.0,0.0,14.084575158240959,3.669050728316863e-06,0.09995998657462189
4067,266.0,0.0,14.084588052873121,3.6690608055330295e-06,0.09996016960433106
4068,266.0,0.0,14.084600944359536,3.669070880309227e-06,0.09996035258955623
4069,266.0,0.0,14.084613832701745,3.669080952646646e-06,0.09996053553031918
4070,266.0,0.0,14.084626717901283,3.669091022546468e-06,0.0999607184266414
4071,266.0,0.0,14.084639599959694,3.6691010900098888e-06,0.09996090127854487
4072,266.0,0.0,14.084652478878516,3.6691111550380996e-06,0.09996108408605124
4073,266.0,0.0,14.084665354659279,3.669121217632279e-06,0.09996126684918209
4074,266.0,0.0,14.084678227303522,3.669131277793616e-06,0.09996144956795909
4075,266.0,0.0,14.08469109681278,3.6691413355233015e-06,0.09996163224240404
4076,266.0,0.0,14.084703963188584,3.6691513908225114e-06,0.0999618148725384
4077,266.0,0.0,14.084716826432468,3.6691614436924367e-06,0.09996199745838391
4078,266.0,0.0,14.084729686545957,3.669171494134253e-06,0.09996217999996207
4079,266.0,0.0,14.084742543530588,3.6691815421491482e-06,0.09996236249729452
4080,266.0,0.0,14.084755397387882,3.6691915877383053e-06,0.09996254495040299
4081,266.0,0.0,14.08476824811937,3.6692016309028936e-06,0.09996272735930872
4082,266.0,0.0,14.084781095726578,3.669211671644101e-06,0.0999629097240334
4083,266.0,0.0,14.084793940211028,3.669221709963105e-06,0.09996309204459865
4084,266.0,0.0,14.084806781574247,3.66923174586108e-06,0.09996327432102581
4085,266.0,0.0,14.08481961981776,3.6692417793392087e-06,0.09996345655333655
4086,266.0,0.0,14.08483245494308,3.669251810398658e-06,0.09996363874155213
4087,266.0,0.0,14.084845286951735,3.669261839040612e-06,0.09996382088569424
4088,266.0,0.0,14.084858115845243,3.66927186526624e-06,0.09996400298578417
4089,266.0,0.0,14.084870941625118,3.669281889076714e-06,0.0999641850418434
4090,266.0,0.0,14.084883764292883,3.6692919104732083e-06,0.09996436705389332
4091,266.0,0.0,14.084896583850048,3.6693019294568945e-06,0.0999645490219553
4092,266.0,0.0,14.084909400298136,3.6693119460289474e-06,0.09996473094605092
4093,266.0,0.0,14.084922213638649,3.669321960190526e-06,0.09996491282620124
4094,266.0,0.0,14.084935023873111,3.6693319719428093e-06,0.09996509466242781
4095,266.0,0.0,14.08494783100303,3.669341981286961e-06,0.09996527645475198
4096,266.0,0.0,14.084960635029914,3.66935198822415e-06,0.09996545820319495
4097,266.0,0.0,14.084973435955273,3.6693619927555425e-06,0.09996563990777813
4098,266.0,0.0,14.084986233780617,3.6693719948823015e-06,0.09996582156852274
4099,266.0,0.0,14.08499902850745,3.669381994605595e-06,0.09996600318545006
4100,266.0,0.0,14.08501182013728,3.669391991926586e-06,0.09996618475858142
4101,266.0,0.0,14.085024608671615,3.6694019868464356e-06,0.09996636628793791
4102,266.0,0.0,14.085037394111955,3.6694119793663107e-06,0.09996654777354098
4103,266.0,0.0,14.085050176459804,3.669421969487367e-06,0.09996672921541164
4104,266.0,0.0,14.085062955716664,3.6694319572107674e-06,0.09996691061357117
4105,266.0,0.0,14.085075731884036,3.669441942537674e-06,0.09996709196804078
4106,266.0,0.0,14.085088504963416,3.6694519254692408e-06,0.09996727327884156
4107,266.0,0.0,14.085101274956303,3.6694619060066313e-06,0.09996745454599479
4108,266.0,0.0,14.0851140418642,3.669471884150994e-06,0.09996763576952135
4109,266.0,0.0,14.085126805688601,3.669481859903498e-06,0.0999678169494427
4110,266.0,0.0,14.085139566430996,3.6694918332652857e-06,0.09996799808577965
4111,266.0,0.0,14.085152324092885,3.66950180423752e-06,0.09996817917855348
4112,266.0,0.0,14.08516507867575,3.6695117728213498e-06,0.0999683602277851
4113,266.0,0.0,14.0851778301811,3.6695217390179338e-06,0.09996854123349574
4114,266.0,0.0,14.085190578610414,3.6695317028284166e-06,0.0999687221957063
4115,266.0,0.0,14.085203323965183,3.6695416642539554e-06,0.09996890311443787
4116,266.0,0.0,14.085216066246902,3.6695516232957e-06,0.09996908398971154
4117,266.0,0.0,14.085228805457048,3.6695615799547942e-06,0.09996926482154805
4118,266.0,0.0,14.085241541597115,3.669571534232393e-06,0.0999694456099687
4119,266.0,0.0,14.08525427466859,3.669581486129647e-06,0.09996962635499432
4120,266.0,0.0,14.085267004672946,3.6695914356476913e-06,0.09996980705664575
4121,266.0,0.0,14.085279731611681,3.6696013827876866e-06,0.09996998771494411
4122,266.0,0.0,14.085292455486266,3.669611327550766e-06,0.0999701683299102
4123,266.0,0.0,14.085305176298188,3.669621269938083e-06,0.09997034890156502
4124,266.0,0.0,14.085317894048925,3.6696312099507767e-06,0.09997052942992934
4125,266.0,0.0,14.085330608739959,3.6696411475899905e-06,0.09997070991502413
4126,266.0,0.0,14.08534332037276,3.669651082856868e-06,0.09997089035687022
4127,266.0,0.0,14.085356028948809,3.6696610157525476e-06,0.09997107075548842
4128,266.0,0.0,14.085368734469585,3.669670946278172e-06,0.0999712511108996
4129,266.0,0.0,14.085381436936554,3.6696808744348816e-06,0.09997143142312459
4130,266.0,0.0,14.085394136351203,3.6696908002238143e-06,0.09997161169218417
4131,266.0,0.0,14.085406832714991,3.6697007236461074e-06,0.09997179191809911
4132,266.0,0.0,14.085419526029398,3.6697106447028987e-06,0.09997197210089018
4133,266.0,0.0,14.085432216295889,3.669720563395323e-06,0.09997215224057812
4134,266.0,0.0,14.08544490351594,3.6697304797245193e-06,0.09997233233718379
4135,266.0,0.0,14.085457587691009,3.669740393691617e-06,0.09997251239072771
4136,266.0,0.0,14.08547026882257,3.6697503052977563e-06,0.09997269240123074
4137,266.0,0.0,14.08548294691209,3.669760214544068e-06,0.0999728723687136
4138,266.0,0.0,14.085495621961034,3.6697701214316822e-06,0.0999730522931968
4139,266.0,0.0,14.08550829397086,3.669780025961729e-06,0.09997323217470114
4140,266.0,0.0,14.085520962943036,3.669789928135343e-06,0.09997341201324723
4141,266.0,0.0,14.085533628879025,3.6697998279536552e-06,0.09997359180885583
4142,266.0,0.0,14.085546291780283,3.66980972541779e-06,0.09997377156154731
4143,266.0,0.0,14.085558951648276,3.6698196205288785e-06,0.09997395127134244
4144,266.0,0.0,14.08557160848445,3.6698295132880435e-06,0.09997413093826177
4145,266.0,0.0,14.08558426229028,3.6698394036964177e-06,0.09997431056232588
4146,266.0,0.0,14.085596913067212,3.6698492917551237e-06,0.0999744901435553
4147,266.0,0.0,14.085609560816703,3.669859177465291e-06,0.09997466968197073
4148,266.0,0.0,14.085622205540208,3.6698690608280334e-06,0.09997484917759243
4149,266.0,0.0,14.085634847239179,3.669878941844483e-06,0.09997502863044117
4150,266.0,0.0,14.085647485915072,3.669888820515761e-06,0.09997520804053728
4151,266.0,0.0,14.085660121569333,3.669898696842987e-06,0.09997538740790138
4152,266.0,0.0,14.08567275420342,3.6699085708272824e-06,0.0999755667325538
4153,266.0,0.0,14.085685383818772,3.669918442469767e-06,0.0999757460145151
4154,266.0,0.0,14.08569801041685,3.6699283117715616e-06,0.09997592525380573
4155,266.0,0.0,14.08571063399909,3.669938178733785e-06,0.0999761044504461
4156,266.0,0.0,14.085723254566943,3.669948043357551e-06,0.09997628360445651
4157,266.0,0.0,14.085735872121852,3.6699579056439798e-06,0.09997646271585749
4158,266.0,0.0,14.085748486665262,3.669967765594187e-06,0.09997664178466942
4159,266.0,0.0,14.085761098198615,3.669977623209284e-06,0.09997682081091254
4160,266.0,0.0,14.085773706723355,3.669987478490392e-06,0.09997699979460732
4161,266.0,0.0,14.085786312240927,3.669997331438624e-06,0.09997717873577419
4162,266.0,0.0,14.08579891475276,3.670007182055088e-06,0.09997735763443331
4163,266.0,0.0,14.085811514260302,3.6700170303408983e-06,0.09997753649060505
4164,266.0,0.0,14.085824110764985,3.670026876297165e-06,0.0999777153043097
4165,266.0,0.0,14.085836704268248,3.6700367199249993e-06,0.09997789407556745
4166,266.0,0.0,14.085849294771531,3.6700465612255147e-06,0.09997807280439878
4167,266.0,0.0,14.08586188227626,3.670056400199814e-06,0.09997825149082372
4168,266.0,0.0,14.08587446678387,3.670066236849005e-06,0.09997843013486264
4169,266.0,0.0,14.085887048295806,3.670076071174202e-06,0.09997860873653573
4170,266.0,0.0,14.085899626813486,3.670085903176508e-06,0.09997878729586321
4171,266.0,0.0,14.085912202338351,3.670095732857028e-06,0.09997896581286533
4172,266.0,0.0,14.085924774871815,3.6701055602168668e-06,0.09997914428756213
4173,266.0,0.0,14.085937344415322,3.670115385257126e-06,0.09997932271997383
4174,266.0,0.0,14.085949910970294,3.670125207978916e-06,0.09997950111012067
4175,266.0,0.0,14.085962474538153,3.670135028383332e-06,0.09997967945802268
4176,266.0,0.0,14.085975035120331,3.6701448464714764e-06,0.09997985776369998
4177,266.0,0.0,14.085987592718254,3.6701546622444576e-06,0.09998003602717277
4178,266.0,0.0,14.086000147333337,3.6701644757033673e-06,0.09998021424846104
4179,266.0,0.0,14.086012698967007,3.670174286849308e-06,0.09998039242758491
4180,266.0,0.0,14.08602524762069,3.6701840956833807e-06,0.09998057056456451
4181,266.0,0.0,14.0860377932958,3.6701939022066842e-06,0.09998074865941987
4182,266.0,0.0,14.086050335993754,3.6702037064203055e-06,0.09998092671217086
4183,266.0,0.0,14.08606287571598,3.6702135083253525e-06,0.09998110472283772
4184,266.0,0.0,14.086075412463885,3.6702233079229114e-06,0.0999812826914403
4185,266.0,0.0,14.08608794623889,3.670233105214087e-06,0.09998146061799872
4186,266.0,0.0,14.086100477042415,3.670242900199964e-06,0.09998163850253287
4187,266.0,0.0,14.086113004875868,3.6702526928816403e-06,0.09998181634506274
4188,266.0,0.0,14.08612552974066,3.6702624832602045e-06,0.09998199414560824
4189,266.0,0.0,14.086138051638208,3.6702722713367516e-06,0.09998217190418938
4190,266.0,0.0,14.086150570569929,3.6702820571123787e-06,0.09998234962082611
4191,266.0,0.0,14.08616308653722,3.6702918405881592e-06,0.09998252729553816
4192,266.0,0.0,14.086175599541498,3.6703016217651944e-06,0.0999827049283456
4193,266.0,0.0,14.086188109584167,3.6703114006445706e-06,0.09998288251926825
4194,266.0,0.0,14.086200616666643,3.6703211772273736e-06,0.09998306006832591
4195,266.0,0.0,14.086213120790328,3.6703309515146974e-06,0.0999832375755386
4196,266.0,0.0,14.086225621956622,3.670340723507617e-06,0.09998341504092598
4197,266.0,0.0,14.086238120166934,3.6703504932072265e-06,0.09998359246450803
4198,266.0,0.0,14.086250615422664,3.6703602606146066e-06,0.09998376984630437
4199,266.0,0.0,14.08626310772522,3.670370025730838e-06,0.0999839471863349
4200,266.0,0.0,14.086275597075998,3.670379788557011e-06,0.09998412448461944
4201,266.0,0.0,14.086288083476399,3.670389549094206e-06,0.09998430174117771
4202,266.0,0.0,14.086300566927825,3.6703993073434983e-06,0.09998447895602942
4203,266.0,0.0,14.08631304743167,3.6704090633059767e-06,0.0999846561291944
4204,266.0,0.0,14.086325524989336,3.670418816982717e-06,0.09998483326069228
4205,266.0,0.0,14.086337999602213,3.670428568374795e-06,0.09998501035054276
4206,266.0,0.0,14.086350471271704,3.6704383174833035e-06,0.09998518739876579
4207,266.0,0.0,14.086362939999198,3.670448064309302e-06,0.0999853644053807
4208,266.0,0.0,14.08637540578609,3.670457808853877e-06,0.09998554137040733
4209,266.0,0.0,14.086387868633768,3.6704675511181005e-06,0.09998571829386525
4210,266.0,0.0,14.086400328543629,3.6704772911030515e-06,0.09998589517577422
4211,266.0,0.0,14.08641278551706,3.6704870288098052e-06,0.09998607201615385
4212,266.0,0.0,14.086425239555457,3.6704967642394337e-06,0.09998624881502367
4213,266.0,0.0,14.086437690660198,3.6705064973930093e-06,0.09998642557240328
4214,266.0,0.0,14.08645013883268,3.6705162282716077e-06,0.09998660228831237
4215,266.0,0.0,14.08646258407428,3.670525956876295e-06,0.09998677896277042
4216,266.0,0.0,14.086475026386385,3.6705356832081437e-06,0.09998695559579696
4217,266.0,0.0,14.086487465770391,3.670545407268231e-06,0.09998713218741175
4218,266.0,0.0,14.086499902227668,3.6705551290576163e-06,0.09998730873763399
4219,266.0,0.0,14.086512335759604,3.670564848577373e-06,0.09998748524648339
4220,266.0,0.0,14.08652476636758,3.6705745658285676e-06,0.09998766171397945
4221,266.0,0.0,14.086537194052971,3.670584280812267e-06,0.09998783814014153
4222,266.0,0.0,14.086549618817168,3.670593993529541e-06,0.09998801452498932
4223,266.0,0.0,14.08656204066154,3.670603703981451e-06,0.09998819086854213
4224,266.0,0.0,14.086574459587464,3.6706134121690606e-06,0.09998836717081935
4225,266.0,0.0,14.086586875596327,3.670623118093439e-06,0.09998854343184059
4226,266.0,0.0,14.086599288689495,3.6706328217556483e-06,0.09998871965162519
4227,266.0,0.0,14.086611698868342,3.6706425231567462e-06,0.09998889583019245
4228,266.0,0.0,14.08662410613425,3.670652222297799e-06,0.09998907196756188
4229,266.0,0.0,14.086636510488583,3.670661919179865e-06,0.09998924806375281
4230,266.0,0.0,14.086648911932716,3.6706716138040084e-06,0.09998942411878466
4231,266.0,0.0,14.08666131046802,3.670681306171286e-06,0.09998960013267677
4232,266.0,0.0,14.086673706095864,3.6706909962827546e-06,0.09998977610544837
4233,266.0,0.0,14.086686098817621,3.6707006841394777e-06,0.09998995203711893
4234,266.0,0.0,14.08669848863465,3.6707103697425066e-06,0.0999901279277076
4235,266.0,0.0,14.086710875548325,3.670720053092904e-06,0.09999030377723385
4236,266.0,0.0,14.08672325956001,3.6707297341917186e-06,0.09999047958571683
4237,266.0,0.0,14.086735640671069,3.67073941304001e-06,0.09999065535317583
4238,266.0,0.0,14.086748018882869,3.670749089638831e-06,0.09999083107963017
4239,266.0,0.0,14.086760394196768,3.670758763989239e-06,0.09999100676509903
4240,266.0,0.0,14.086772766614132,3.6707684360922825e-06,0.09999118240960168
4241,266.0,0.0,14.086785136136319,3.6707781059490133e-06,0.09999135801315731
4242,266.0,0.0,14.086797502764693,3.6707877735604835e-06,0.09999153357578505
4243,266.0,0.0,14.086809866500605,3.6707974389277445e-06,0.09999170909750417
4244,266.0,0.0,14.086822227345426,3.670807102051849e-06,0.09999188457833393
4245,266.0,0.0,14.0868345853005,3.6708167629338387e-06,0.09999206001829328
4246,266.0,0.0,14.086846940367195,3.67082642157477e-06,0.09999223541740147
4247,266.0,0.0,14.086859292546858,3.670836077975686e-06,0.09999241077567773
4248,266.0,0.0,14.086871641840848,3.670845732137634e-06,0.09999258609314103
4249,266.0,0.0,14.086883988250516,3.670855384061663e-06,0.09999276136981054
4250,266.0,0.0,14.086896331777213,3.6708650337488127e-06,0.09999293660570534
4251,266.0,0.0,14.086908672422295,3.670874681200136e-06,0.09999311180084454
4252,266.0,0.0,14.086921010187107,3.670884326416667e-06,0.09999328695524716
4253,266.0,0.0,14.086933345073003,3.670893969399457e-06,0.09999346206893227
4254,266.0,0.0,14.086945677081331,3.6709036101495446e-06,0.09999363714191889
4255,266.0,0.0,14.086958006213438,3.6709132486679766e-06,0.09999381217422619
4256,266.0,0.0,14.086970332470667,3.6709228849557842e-06,0.09999398716587286
4257,266.0,0.0,14.086982655854372,3.6709325190140165e-06,0.0999941621168782
4258,266.0,0.0,14.086994976365894,3.670942150843711e-06,0.0999943370272611
4259,266.0,0.0,14.087007294006574,3.6709517804459045e-06,0.09999451189704052
4260,266.0,0.0,14.087019608777755,3.6709614078216338e-06,0.09999468672623538
4261,266.0,0.0,14.087031920680781,3.6709710329719415e-06,0.09999486151486468
4262,266.0,0.0,14.087044229716994,3.6709806558978608e-06,0.09999503626294734
4263,266.0,0.0,14.087056535887736,3.670990276600429e-06,0.0999952109705023
4264,266.0,0.0,14.08706883919434,3.6709998950806793e-06,0.09999538563754838
4265,266.0,0.0,14.087081139638153,3.6710095113396504e-06,0.09999556026410464
4266,266.0,0.0,14.0870934372205,3.6710191253783738e-06,0.0999957348501898
4267,266.0,0.0,14.08710573194273,3.6710287371978796e-06,0.09999590939582279
4268,266.0,0.0,14.087118023806168,3.671038346799203e-06,0.09999608390102246
4269,266.0,0.0,14.087130312812159,3.6710479541833786e-06,0.09999625836580765
4270,266.0,0.0,14.087142598962025,3.6710575593514265e-06,0.09999643279019706
4271,266.0,0.0,14.08715488225711,3.6710671623043927e-06,0.0999966071742098
4272,266.0,0.0,14.087167162698737,3.671076763043294e-06,0.0999967815178644
4273,266.0,0.0,14.08717944028824,3.6710863615691645e-06,0.09999695582117976
4274,266.0,0.0,14.08719171502695,3.67109595788303e-06,0.09999713008417463
4275,266.0,0.0,14.087203986916197,3.671105551985921e-06,0.09999730430686776
4276,266.0,0.0,14.087216255957301,3.67111514387886e-06,0.09999747848927791
4277,266.0,0.0,14.087228522151598,3.6711247335628743e-06,0.0999976526314238
4278,266.0,0.0,14.087240785500411,3.6711343210389904e-06,0.09999782673332418
4279,266.0,0.0,14.087253046005065,3.671143906308232e-06,0.09999800079499771
4280,266.0,0.0,14.087265303666882,3.6711534893716216e-06,0.09999817481646317
4281,266.0,0.0,14.08727755848719,3.671163070230185e-06,0.09999834879773918
4282,266.0,0.0,14.08728981046731,3.6711726488849427e-06,0.09999852273884444
4283,266.0,0.0,14.087302059608557,3.6711822253369136e-06,0.0999986966397975
4284,266.0,0.0,14.087314305912264,3.6711917995871244e-06,0.09999887050061715
4285,266.0,0.0,14.087326549379737,3.671201371636593e-06,0.09999904432132203
4286,266.0,0.0,14.087338790012305,3.6712109414863344e-06,0.09999921810193058
4287,266.0,0.0,14.087351027811284,3.671220509137373e-06,0.09999939184246151
4288,266.0,0.0,14.087363262777984,3.6712300745907226e-06,0.09999956554293342
4289,266.0,0.0,14.087375494913728,3.6712396378474037e-06,0.09999973920336483
4290,266.0,0.0,14.087387724219834,3.6712491989084336e-06,0.09999991282377443
4291,266.0,0.0,14.087399950697606,3.6712587577748256e-06,0.10000008640418072
4292,266.0,0.0,14.087412174348362,3.671268314447594e-06,0.10000025994460214
4293,266.0,0.0,14.087424395173416,3.6712778689277544e-06,0.10000043344505727
4294,266.0,0.0,14.08743661317408,3.6712874212163266e-06,0.10000060690556474
4295,266.0,0.0,14.08744882835166,3.6712969713143136e-06,0.10000078032614289
4296,266.0,0.0,14.087461040707467,3.6713065192227323e-06,0.10000095370681025
4297,266.0,0.0,14.087473250242812,3.671316064942597e-06,0.10000112704758539
4298,266.0,0.0,14.087485456959003,3.671325608474913e-06,0.1000013003484866
4299,266.0,0.0,14.087497660857343,3.6713351498206955e-06,0.10000147360953249
4300,266.0,0.0,14.087509861939141,3.671344688980952e-06,0.10000164683074139
4301,266.0,0.0,14.087522060205702,3.671354225956691e-06,0.10000182001213183
4302,266.0,0.0,14.087534255658325,3.6713637607489177e-06,0.10000199315372205
4303,266.0,0.0,14.08754644829832,3.6713732933586495e-06,0.10000216625553067
4304,266.0,0.0,14.087558638126987,3.6713828237868845e-06,0.10000233931757588
4305,266.0,0.0,14.087570825145628,3.67139235203463e-06,0.10000251233987616
4306,266.0,0.0,14.08758300935554,3.671401878102893e-06,0.10000268532244982
4307,266.0,0.0,14.087595190758025,3.6714114019926755e-06,0.10000285826531526
4308,266.0,0.0,14.08760736935438,3.6714209237049854e-06,0.10000303116849073
4309,266.0,0.0,14.087619545145909,3.6714304432408247e-06,0.10000320403199463
4310,266.0,0.0,14.087631718133903,3.671439960601195e-06,0.10000337685584529
4311,266.0,0.0,14.087643888319656,3.6714494757870974e-06,0.10000354964006088
4312,266.0,0.0,14.087656055704468,3.671458988799535e-06,0.1000037223846598
4313,266.0,0.0,14.08766822028963,3.6714684996395053e-06,0.10000389508966025
4314,266.0,0.0,14.08768038207644,3.671478008308015e-06,0.10000406775508056
4315,266.0,0.0,14.087692541066184,3.671487514806053e-06,0.10000424038093887
4316,266.0,0.0,14.08770469726016,3.6714970191346276e-06,0.10000441296725357
4317,266.0,0.0,14.087716850659653,3.671506521294729e-06,0.10000458551404269
4318,266.0,0.0,14.087729001265954,3.671516021287358e-06,0.10000475802132457
4319,266.0,0.0,14.087741149080353,3.6715255191135116e-06,0.10000493048911736
4320,266.0,0.0,14.087753294104134,3.671535014774183e-06,0.10000510291743929
4321,266.0,0.0,14.087765436338591,3.6715445082703687e-06,0.10000527530630844
4322,266.0,0.0,14.087777575785006,3.6715539996030627e-06,0.10000544765574304
4323,266.0,0.0,14.087789712444666,3.6715634887732575e-06,0.10000561996576118
4324,266.0,0.0,14.08780184631885,3.6715729757819487e-06,0.10000579223638105
4325,266.0,0.0,14.087813977408844,3.6715824606301235e-06,0.10000596446762068
4326,266.0,0.0,14.087826105715939,3.671591943318781e-06,0.10000613665949835
4327,266.0,0.0,14.087838231241406,3.6716014238489086e-06,0.10000630881203203
4328,266.0,0.0,14.08785035398653,3.671610902221492e-06,0.10000648092523971
4329,266.0,0.0,14.087862473952589,3.6716203784375274e-06,0.10000665299913968
4330,266.0,0.0,14.087874591140865,3.6716298524979978e-06,0.1000068250337498
4331,266.0,0.0,14.08788670555263,3.6716393244038954e-06,0.10000699702908823
4332,266.0,0.0,14.08789881718917,3.6716487941562067e-06,0.10000716898517296
4333,266.0,0.0,14.087910926051759,3.671658261755918e-06,0.10000734090202201
4334,266.0,0.0,14.087923032141664,3.671667727204016e-06,0.1000075127796534
4335,266.0,0.0,14.087935135460171,3.6716771905014863e-06,0.10000768461808514
4336,266.0,0.0,14.087947236008546,3.6716866516493116e-06,0.10000785641733517
4337,266.0,0.0,14.087959333788065,3.671696110648478e-06,0.10000802817742148
4338,266.0,0.0,14.0879714288,3.6717055674999666e-06,0.10000819989836202
4339,266.0,0.0,14.08798352104562,3.671715022204764e-06,0.10000837158017477
4340,266.0,0.0,14.087995610526198,3.671724474763848e-06,0.10000854322287758
4341,266.0,0.0,14.088007697243,3.671733925178202e-06,0.10000871482648846
4342,266.0,0.0,14.0880197811973,3.6717433734488076e-06,0.10000888639102531
4343,266.0,0.0,14.088031862390357,3.671752819576642e-06,0.10000905791650594
4344,266.0,0.0,14.088043940823448,3.6717622635626897e-06,0.10000922940294837
4345,266.0,0.0,14.088056016497829,3.6717717054079216e-06,0.1000094008503703
4346,266.0,0.0,14.08806808941477,3.6717811451133214e-06,0.10000957225878969
4347,266.0,0.0,14.08808015957554,3.6717905826798664e-06,0.10000974362822444
4348,266.0,0.0,14.088092226981392,3.67180001810853e-06,0.10000991495869228
4349,266.0,0.0,14.088104291633593,3.6718094514002936e-06,0.10001008625021117
4350,266.0,0.0,14.088116353533408,3.6718188825561257e-06,0.10001025750279874
4351,266.0,0.0,14.088128412682092,3.6718283115770052e-06,0.1000104287164729
4352,266.0,0.0,14.088140469080907,3.6718377384639047e-06,0.10001059989125137
4353,266.0,0.0,14.088152522731113,3.671847163217798e-06,0.100010771027152
4354,266.0,0.0,14.088164573633964,3.6718565858396565e-06,0.10001094212419247
4355,266.0,0.0,14.088176621790728,3.671866006330457e-06,0.10001111318239064
4356,266.0,0.0,14.088188667202646,3.671875424691162e-06,0.10001128420176413
4357,266.0,0.0,14.088200709870982,3.67188484092275e-06,0.10001145518233077
4358,266.0,0.0,14.088212749796986,3.6718942550261834e-06,0.10001162612410808
4359,266.0,0.0,14.088224786981916,3.6719036670024397e-06,0.10001179702711398
4360,266.0,0.0,14.088236821427028,3.671913076852485e-06,0.10001196789136609
4361,266.0,0.0,14.08824885313357,3.6719224845772845e-06,0.10001213871688208
4362,266.0,0.0,14.088260882102789,3.6719318901778077e-06,0.10001230950367951
4363,266.0,0.0,14.08827290833594,3.6719412936550196e-06,0.1000124802517762
4364,266.0,0.0,14.088284931834274,3.6719506950098897e-06,0.1000126509611897
4365,266.0,0.0,14.088296952599034,3.671960094243378e-06,0.10001282163193763
4366,266.0,0.0,14.088308970631473,3.671969491356456e-06,0.10001299226403766
4367,266.0,0.0,14.088320985932839,3.6719788863500813e-06,0.10001316285750733
4368,266.0,0.0,14.088332998504367,3.671988279225221e-06,0.10001333341236429
4369,266.0,0.0,14.088345008347313,3.6719976699828323e-06,0.10001350392862601
4370,266.0,0.0,14.088357015462915,3.6720070586238835e-06,0.10001367440631015
4371,266.0,0.0,14.088369019852424,3.672016445149335e-06,0.1000138448454343
4372,266.0,0.0,14.088381021517076,3.6720258295601477e-06,0.10001401524601597
4373,266.0,0.0,14.088393020458113,3.6720352118572796e-06,0.10001418560807265
4374,266.0,0.0,14.088405016676782,3.6720445920416915e-06,0.1000143559316219
4375,266.0,0.0,14.088417010174313,3.6720539701143377e-06,0.10001452621668114
4376,266.0,0.0,14.088429000951955,3.672063346076183e-06,0.100014696463268
4377,266.0,0.0,14.08844098901094,3.6720727199281815e-06,0.1000148666713999
4378,266.0,0.0,14.088452974352508,3.6720820916712913e-06,0.10001503684109429
4379,266.0,0.0,14.088464956977896,3.6720914613064673e-06,0.10001520697236867
4380,266.0,0.0,14.08847693688834,3.6721008288346663e-06,0.1000153770652405
4381,266.0,0.0,14.088488914085069,3.6721101942568393e-06,0.1000155471197271
4382,266.0,0.0,14.088500888569323,3.6721195575739432e-06,0.10001571713584598
4383,266.0,0.0,14.088512860342336,3.6721289187869326e-06,0.10001588711361456
4384,266.0,0.0,14.088524829405342,3.672138277896762e-06,0.1000160570530503
4385,266.0,0.0,14.08853679575956,3.672147634904377e-06,0.10001622695417044
4386,266.0,0.0,14.088548759406239,3.672156989810736e-06,0.10001639681699247
4387,266.0,0.0,14.088560720346592,3.672166342616787e-06,0.10001656664153366
4388,266.0,0.0,14.088572678581862,3.672175693323481e-06,0.10001673642781152
4389,266.0,0.0,14.08858463411327,3.6721850419317642e-06,0.1000169061758432
4390,266.0,0.0,14.088596586942039,3.6721943884425893e-06,0.10001707588564614
4391,266.0,0.0,14.08860853706941,3.6722037328569057e-06,0.10001724555723766
4392,266.0,0.0,14.08862048449659,3.6722130751756567e-06,0.10001741519063499
4393,266.0,0.0,14.088632429224822,3.672222415399797e-06,0.1000175847858556
4394,266.0,0.0,14.088644371255317,3.672231753530262e-06,0.10001775434291652
4395,266.0,0.0,14.088656310589302,3.672241089568005e-06,0.10001792386183515
4396,266.0,0.0,14.088668247228004,3.6722504235139735e-06,0.10001809334262886
4397,266.0,0.0,14.088680181172638,3.6722597553691024e-06,0.10001826278531464
4398,266.0,0.0,14.08869211242443,3.672269085134347e-06,0.10001843218991001
4399,266.0,0.0,14.088704040984593,3.6722784128106427e-06,0.100018601556432
4400,266.0,0.0,14.088715966854352,3.6722877383989302e-06,0.10001877088489783
4401,266.0,0.0,14.088727890034924,3.672297061900157e-06,0.1000189401753247
4402,266.0,0.0,14.088739810527525,3.6723063833152643e-06,0.10001910942772992
4403,266.0,0.0,14.088751728333374,3.67231570264519e-06,0.10001927864213055
4404,266.0,0.0,14.088763643453682,3.672325019890876e-06,0.10001944781854384
4405,266.0,0.0,14.088775555889672,3.6723343350532607e-06,0.10001961695698683
4406,266.0,0.0,14.088787465642547,3.672343648133282e-06,0.10001978605747673
4407,266.0,0.0,14.08879937271353,3.672352959131879e-06,0.10001995512003066
4408,266.0,0.0,14.08881127710383,3.672362268049992e-06,0.1000201241446658
4409,266.0,0.0,14.088823178814659,3.6723715748885543e-06,0.1000202931313992
4410,266.0,0.0,14.088835077847223,3.6723808796485007e-06,0.10002046208024785
4411,266.0,0.0,14.08884697420274,3.6723901823307676e-06,0.10002063099122897
4412,266.0,0.0,14.088858867882415,3.6723994829362948e-06,0.10002079986435967
4413,266.0,0.0,14.088870758887458,3.672408781466013e-06,0.10002096869965693
4414,266.0,0.0,14.088882647219071,3.672418077920853e-06,0.10002113749713776
4415,266.0,0.0,14.088894532878466,3.6724273723017525e-06,0.10002130625681925
4416,266.0,0.0,14.088906415866848,3.672436664609642e-06,0.10002147497871842
4417,266.0,0.0,14.088918296185424,3.6724459548454535e-06,0.10002164366285232
4418,266.0,0.0,14.088930173835395,3.6724552430101186e-06,0.1000218123092379
4419,266.0,0.0,14.088942048817964,3.6724645291045683e-06,0.10002198091789218
4420,266.0,0.0,14.088953921134337,3.672473813129729e-06,0.1000221494888321
4421,266.0,0.0,14.088965790785714,3.6724830950865343e-06,0.10002231802207469
4422,266.0,0.0,14.088977657773295,3.6724923749759108e-06,0.10002248651763684
4423,266.0,0.0,14.088989522098279,3.6725016527987856e-06,0.10002265497553556
4424,266.0,0.0,14.089001383761872,3.672510928556091e-06,0.1000228233957878
4425,266.0,0.0,14.089013242765262,3.672520202248746e-06,0.10002299177841034
4426,266.0,0.0,14.089025099109653,3.672529473877678e-06,0.10002316012342018
4427,266.0,0.0,14.089036952796242,3.6725387434438173e-06,0.10002332843083422
4428,266.0,0.0,14.089048803826229,3.672548010948089e-06,0.10002349670066939
4429,266.0,0.0,14.089060652200804,3.672557276391417e-06,0.10002366493294261
4430,266.0,0.0,14.089072497921158,3.6725665397747184e-06,0.10002383312767056
4431,266.0,0.0,14.089084340988492,3.672575801098923e-06,0.1000240012848702
4432,266.0,0.0,14.089096181403992,3.6725850603649478e-06,0.10002416940455838
4433,266.0,0.0,14.08910801916886,3.6725943175737194e-06,0.10002433748675194
4434,266.0,0.0,14.089119854284277,3.672603572726157e-06,0.10002450553146766
4435,266.0,0.0,14.08913168675144,3.672612825823183e-06,0.10002467353872241
4436,266.0,0.0,14.089143516571536,3.672622076865717e-06,0.10002484150853296
4437,266.0,0.0,14.089155343745755,3.6726313258546764e-06,0.10002500944091608
4438,266.0,0.0,14.089167168275281,3.672640572790974e-06,0.10002517733588843
4439,266.0,0.0,14.089178990161308,3.6726498176755392e-06,0.10002534519346697
4440,266.0,0.0,14.089190809405016,3.6726590605092825e-06,0.10002551301366833
4441,266.0,0.0,14.089202626007594,3.672668301293127e-06,0.10002568079650936
4442,266.0,0.0,14.089214439970231,3.6726775400279833e-06,0.10002584854200672
4443,266.0,0.0,14.0892262512941,3.672686776714764e-06,0.10002601625017708
4444,266.0,0.0,14.089238059980401,3.672696011354395e-06,0.10002618392103726
4445,266.0,0.0,14.089249866030297,3.67270524394778e-06,0.10002635155460385
4446,266.0,0.0,14.089261669444978,3.6727144744958355e-06,0.10002651915089357
4447,266.0,0.0,14.089273470225633,3.6727237029994775e-06,0.10002668670992312
4448,266.0,0.0,14.089285268373434,3.672732929459619e-06,0.10002685423170915
4449,266.0,0.0,14.089297063889562,3.6727421538771695e-06,0.10002702171626834
4450,266.0,0.0,14.089308856775187,3.672751376253037e-06,0.1000271891636172
4451,266.0,0.0,14.089320647031498,3.6727605965881378e-06,0.10002735657377249
4452,266.0,0.0,14.089332434659672,3.6727698148833823e-06,0.10002752394675085
4453,266.0,0.0,14.089344219660877,3.672779031139674e-06,0.1000276912825687
4454,266.0,0.0,14.089356002036295,3.672788245357925e-06,0.10002785858124283
4455,266.0,0.0,14.089367781787102,3.67279745753905e-06,0.1000280258427898
4456,266.0,0.0,14.08937955891446,3.6728066676839435e-06,0.10002819306722607
4457,266.0,0.0,14.089391333419556,3.6728158757935245e-06,0.10002836025456832
4458,266.0,0.0,14.089403105303555,3.6728250818686904e-06,0.10002852740483299
4459,266.0,0.0,14.089414874567627,3.672834285910353e-06,0.10002869451803668
4460,266.0,0.0,14.089426641212947,3.672843487919415e-06,0.10002886159419595
4461,266.0,0.0,14.089438405240685,3.6728526878967834e-06,0.1000290286333273
4462,266.0,0.0,14.089450166652007,3.672861885843361e-06,0.10002919563544722
4463,266.0,0.0,14.08946192544808,3.672871081760049e-06,0.1000293626005722
4464,266.0,0.0,14.089473681630079,3.672880275647751e-06,0.10002952952871866
4465,266.0,0.0,14.089485435199158,3.6728894675073702e-06,0.1000296964199032
4466,266.0,0.0,14.089497186156494,3.6728986573398086e-06,0.1000298632741422
4467,266.0,0.0,14.089508934503248,3.672907845145966e-06,0.10003003009145213
4468,266.0,0.0,14.089520680240591,3.6729170309267457e-06,0.1000301968718495
4469,266.0,0.0,14.089532423369672,3.67292621468304e-06,0.10003036361535055
4470,266.0,0.0,14.089544163891667,3.6729353964157577e-06,0.10003053032197191
4471,266.0,0.0,14.089555901807731,3.672944576125793e-06,0.10003069699172994
4472,266.0,0.0,14.089567637119027,3.672953753814041e-06,0.1000308636246409
4473,266.0,0.0,14.089579369826716,3.6729629294814005e-06,0.10003103022072131
4474,266.0,0.0,14.08959109993196,3.6729721031287727e-06,0.10003119677998754
4475,266.0,0.0,14.089602827435908,3.672981274757047e-06,0.10003136330245581
4476,266.0,0.0,14.089614552339736,3.672990444367129e-06,0.10003152978814273
4477,266.0,0.0,14.089626274644587,3.672999611959903e-06,0.10003169623706437
4478,266.0,0.0,14.089637994351616,3.6730087775362652e-06,0.10003186264923719
4479,266.0,0.0,14.089649711461988,3.673017941097115e-06,0.10003202902467752
4480,266.0,0.0,14.089661425976855,3.673027102643341e-06,0.10003219536340167
4481,266.0,0.0,14.08967313789737,3.6730362621758384e-06,0.1000323616654259
4482,266.0,0.0,14.08968484722469,3.673045419695499e-06,0.10003252793076654
4483,266.0,0.0,14.08969655395996,3.673054575203212e-06,0.10003269415943984
4484,266.0,0.0,14.089708258104338,3.673063728699869e-06,0.10003286035146201
4485,266.0,0.0,14.089719959658973,3.6730728801863586e-06,0.10003302650684937
4486,266.0,0.0,14.089731658625016,3.673082029663574e-06,0.10003319262561818
4487,266.0,0.0,14.08974335500362,3.6730911771324053e-06,0.10003335870778467
4488,266.0,0.0,14.089755048795928,3.673100322593736e-06,0.100033524753365
4489,266.0,0.0,14.089766740003093,3.673109466048455e-06,0.1000336907623754
4490,266.0,0.0,14.089778428626255,3.673118607497452e-06,0.10003385673483214
4491,266.0,0.0,14.08979011466657,3.6731277469416115e-06,0.10003402267075129
4492,266.0,0.0,14.08980179812518,3.6731368843818225e-06,0.10003418857014917
4493,266.0,0.0,14.089813479003228,3.67314601981897e-06,0.10003435443304189
4494,266.0,0.0,14.089825157301863,3.6731551532539355e-06,0.10003452025944552
4495,266.0,0.0,14.08983683302222,3.673164284687602e-06,0.10003468604937628
4496,266.0,0.0,14.08984850616545,3.6731734141208616e-06,0.10003485180285036
4497,266.0,0.0,14.089860176732692,3.6731825415545892e-06,0.10003501751988379
4498,266.0,0.0,14.089871844725085,3.6731916669896698e-06,0.10003518320049269
4499,266.0,0.0,14.089883510143775,3.673200790426989e-06,0.10003534884469326
4500,266.0,0.0,14.0898951729899,3.6732099118674235e-06,0.10003551445250147
4501,266.0,0.0,14.089906833264594,3.6732190313118567e-06,0.10003568002393354
4502,266.0,0.0,14.089918490969,3.673228148761166e-06,0.10003584555900538
4503,266.0,0.0,14.089930146104255,3.673237264216235e-06,0.10003601105773319
4504,266.0,0.0,14.089941798671498,3.673246377677942e-06,0.10003617652013296
4505,266.0,0.0,14.089953448671855,3.673255489147162e-06,0.10003634194622073
4506,266.0,0.0,14.089965096106473,3.673264598624777e-06,0.10003650733601255
4507,266.0,0.0,14.089976740976478,3.673273706111658e-06,0.10003667268952435
4508,266.0,0.0,14.089988383283009,3.673282811608692e-06,0.10003683800677232
4509,266.0,0.0,14.090000023027201,3.6732919151167474e-06,0.10003700328777232
4510,266.0,0.0,14.090011660210179,3.6733010166367015e-06,0.10003716853254033
4511,266.0,0.0,14.090023294833074,3.6733101161694255e-06,0.10003733374109226
4512,266.0,0.0,14.090034926897024,3.673319213715802e-06,0.10003749891344432
4513,266.0,0.0,14.090046556403154,3.673328309276701e-06,0.10003766404961224
4514,266.0,0.0,14.090058183352594,3.673337402852992e-06,0.10003782914961207
4515,266.0,0.0,14.09006980774648,3.673346494445555e-06,0.10003799421345977
4516,266.0,0.0,14.090081429585922,3.6733555840552525e-06,0.10003815924117108
4517,266.0,0.0,14.090093048872061,3.6733646716829666e-06,0.10003832423276217
4518,266.0,0.0,14.090104665606022,3.6733737573295613e-06,0.10003848918824873
4519,266.0,0.0,14.090116279788926,3.6733828409959103e-06,0.1000386541076468
4520,266.0,0.0,14.090127891421902,3.6733919226828775e-06,0.10003881899097207
4521,266.0,0.0,14.09013950050607,3.6734010023913422e-06,0.10003898383824066
4522,266.0,0.0,14.090151107042557,3.6734100801221637e-06,0.10003914864946825
4523,266.0,0.0,14.090162711032482,3.6734191558762187e-06,0.10003931342467083
4524,266.0,0.0,14.090174312476968,3.6734282296543652e-06,0.10003947816386406
4525,266.0,0.0,14.090185911377132,3.673437301457474e-06,0.10003964286706389
4526,266.0,0.0,14.090197507734109,3.6734463712864153e-06,0.10003980753428612
4527,266.0,0.0,14.090209101548997,3.673455439142049e-06,0.10003997216554653
4528,266.0,0.0,14.090220692822934,3.673464505025246e-06,0.10004013676086095
4529,266.0,0.0,14.090232281557018,3.6734735689368637e-06,0.10004030132024509
4530,266.0,0.0,14.09024386775239,3.6734826308777734e-06,0.10004046584371487
4531,266.0,0.0,14.090255451410153,3.673491690848837e-06,0.10004063033128593
4532,266.0,0.0,14.09026703253142,3.6735007488509147e-06,0.10004079478297412
4533,266.0,0.0,14.090278611117311,3.673509804884871e-06,0.10004095919879512
4534,266.0,0.0,14.090290187168941,3.673518858951566e-06,0.10004112357876466
4535,266.0,0.0,14.090301760687423,3.6735279110518623e-06,0.10004128792289847
4536,266.0,0.0,14.090313331673867,3.67353696118662e-06,0.10004145223121232
4537,266.0,0.0,14.090324900129387,3.673546009356698e-06,0.1000416165037218
4538,266.0,0.0,14.090336466055097,3.6735550555629584e-06,0.10004178074044276
4539,266.0,0.0,14.090348029452105,3.67356409980626e-06,0.10004194494139075
4540,266.0,0.0,14.090359590321517,3.6735731420874554e-06,0.10004210910658143
4541,266.0,0.0,14.090371148664453,3.673582182407412e-06,0.1000422732360306
4542,266.0,0.0,14.090382704482007,3.6735912207669818e-06,0.1000424373297538
4543,266.0,0.0,14.090394257775301,3.6736002571670216e-06,0.10004260138776677
4544,266.0,0.0,14.090405808545434,3.673609291608387e-06,0.10004276541008504
4545,266.0,0.0,14.090417356793514,3.673618324091936e-06,0.10004292939672428
4546,266.0,0.0,14.090428902520646,3.6736273546185197e-06,0.10004309334770009
4547,266.0,0.0,14.090440445727937,3.6736363831889983e-06,0.10004325726302807
4548,266.0,0.0,14.090451986416486,3.6736454098042194e-06,0.10004342114272378
4549,266.0,0.0,14.090463524587399,3.673654434465038e-06,0.10004358498680282
4550,266.0,0.0,14.090475060241783,3.67366345717231e-06,0.10004374879528082
4551,266.0,0.0,14.090486593380735,3.673672477926887e-06,0.1000439125681733
4552,266.0,0.0,14.090498124005354,3.673681496729617e-06,0.10004407630549571
4553,266.0,0.0,14.090509652116749,3.6736905135813563e-06,0.10004424000726377
4554,266.0,0.0,14.09052117771601,3.6736995284829503e-06,0.10004440367349286
4555,266.0,0.0,14.090532700804244,3.6737085414352534e-06,0.10004456730419861
4556,266.0,0.0,14.090544221382546,3.6737175524391097e-06,0.1000447308993964
4557,266.0,0.0,14.090555739452013,3.6737265614953747e-06,0.10004489445910188
4558,266.0,0.0,14.09056725501374,3.6737355686048903e-06,0.10004505798333038
4559,266.0,0.0,14.090578768068829,3.6737445737685095e-06,0.10004522147209753
4560,266.0,0.0,14.090590278618372,3.6737535769870793e-06,0.10004538492541877
4561,266.0,0.0,14.090601786663461,3.6737625782614425e-06,0.10004554834330949
4562,266.0,0.0,14.090613292205195,3.6737715775924458e-06,0.10004571172578511
4563,266.0,0.0,14.090624795244663,3.673780574980937e-06,0.10004587507286111
4564,266.0,0.0,14.090636295782957,3.6737895704277596e-06,0.10004603838455299
4565,266.0,0.0,14.090647793821175,3.6737985639337567e-06,0.10004620166087605
4566,266.0,0.0,14.090659289360405,3.673807555499776e-06,0.10004636490184576
4567,266.0,0.0,14.09067078240173,3.673816545126657e-06,0.10004652810747748
4568,266.0,0.0,14.090682272946257,3.673825532815246e-06,0.10004669127778676
4569,266.0,0.0,14.09069376099506,3.673834518566388e-06,0.10004685441278878
4570,266.0,0.0,14.090705246549229,3.6738435023809123e-06,0.10004701751249889
4571,266.0,0.0,14.090716729609856,3.6738524842596725e-06,0.10004718057693261
4572,266.0,0.0,14.090728210178026,3.6738614642035027e-06,0.1000473436061052
4573,266.0,0.0,14.090739688254825,3.6738704422132454e-06,0.10004750660003198
4574,266.0,0.0,14.090751163841336,3.6738794182897392e-06,0.1000476695587283
4575,266.0,0.0,14.090762636938651,3.6738883924338244e-06,0.10004783248220953
4576,266.0,0.0,14.090774107547848,3.673897364646338e-06,0.10004799537049086
4577,266.0,0.0,14.09078557567001,3.6739063349281186e-06,0.10004815822358767
4578,266.0,0.0,14.090797041306221,3.673915303280002e-06,0.1000483210415152
4579,266.0,0.0,14.090808504457563,3.673924269702825e-06,0.1000484838242888
4580,266.0,0.0,14.09081996512512,3.673933234197428e-06,0.10004864657192368
4581,266.0,0.0,14.090831423309965,3.6739421967646406e-06,0.10004880928443508
4582,266.0,0.0,14.09084287901318,3.673951157405301e-06,0.10004897196183825
4583,266.0,0.0,14.090854332235855,3.6739601161202474e-06,0.10004913460414855
4584,266.0,0.0,14.090865782979055,3.673969072910307e-06,0.10004929721138103
4585,266.0,0.0,14.090877231243862,3.6739780277763145e-06,0.100049459783551
4586,266.0,0.0,14.090888677031355,3.673986980719107e-06,0.10004962232067363
4587,266.0,0.0,14.090900120342608,3.6739959317395145e-06,0.10004978482276418
4588,266.0,0.0,14.090911561178698,3.674004880838372e-06,0.10004994728983788
4589,266.0,0.0,14.090922999540696,3.6740138280165007e-06,0.10005010972190967
4590,266.0,0.0,14.090934435429677,3.6740227732747417e-06,0.10005027211899493
4591,266.0,0.0,14.090945868846724,3.6740317166139246e-06,0.10005043448110881
4592,266.0,0.0,14.0909572997929,3.674040658034875e-06,0.10005059680826636
4593,266.0,0.0,14.090968728269274,3.67404959753842e-06,0.10005075910048272
4594,266.0,0.0,14.090980154276924,3.674058535125394e-06,0.10005092135777317
4595,266.0,0.0,14.090991577816922,3.6740674707966235e-06,0.10005108358015269
4596,266.0,0.0,14.09100299889033,3.6740764045529343e-06,0.10005124576763637
4597,266.0,0.0,14.091014417498226,3.6740853363951543e-06,0.1000514079202394
4598,266.0,0.0,14.091025833641675,3.6740942663241094e-06,0.10005157003797682
4599,266.0,0.0,14.091037247321744,3.6741031943406276e-06,0.10005173212086373
4600,266.0,0.0,14.0910486585395,3.6741121204455313e-06,0.10005189416891518
4601,266.0,0.0,14.091060067296008,3.6741210446396473e-06,0.1000520561821462
4602,266.0,0.0,14.091071473592338,3.674129966923802e-06,0.10005221816057193
4603,266.0,0.0,14.091082877429553,3.674138887298813e-06,0.10005238010420732
4604,266.0,0.0,14.09109427880872,3.67414780576551e-06,0.10005254201306749
4605,266.0,0.0,14.091105677730896,3.674156722324711e-06,0.10005270388716735
4606,266.0,0.0,14.09111707419715,3.6741656369772437e-06,0.100052865726522
4607,266.0,0.0,14.091128468208542,3.6741745497239237e-06,0.10005302753114642
4608,266.0,0.0,14.091139859766137,3.674183460565576e-06,0.1000531893010556
4609,266.0,0.0,14.091151248870988,3.674192369503017e-06,0.10005335103626443
4610,266.0,0.0,14.09116263552416,3.6742012765370704e-06,0.100053512736788
4611,266.0,0.0,14.091174019726713,3.6742101816685562e-06,0.10005367440264125
4612,266.0,0.0,14.091185401479706,3.6742190848982912e-06,0.10005383603383913
4613,266.0,0.0,14.0911967807842,3.674227986227094e-06,0.10005399763039652
4614,266.0,0.0,14.09120815764125,3.674236885655787e-06,0.1000541591923285
4615,266.0,0.0,14.091219532051907,3.674245783185183e-06,0.10005432071964987
4616,266.0,0.0,14.091230904017236,3.6742546788160966e-06,0.1000544822123755
4617,266.0,0.0,14.091242273538283,3.6742635725493493e-06,0.1000546436705204
4618,266.0,0.0,14.091253640616115,3.6742724643857576e-06,0.10005480509409949
4619,266.0,0.0,14.091265005251776,3.6742813543261314e-06,0.10005496648312752
4620,266.0,0.0,14.09127636744632,3.6742902423712864e-06,0.10005512783761944
4621,266.0,0.0,14.091287727200804,3.6742991285220403e-06,0.10005528915759014
4622,266.0,0.0,14.091299084516278,3.6743080127792063e-06,0.10005545044305446
4623,266.0,0.0,14.091310439393794,3.6743168951435946e-06,0.10005561169402719
4624,266.0,0.0,14.091321791834405,3.67432577561602e-06,0.10005577291052324
4625,266.0,0.0,14.091333141839156,3.674334654197299e-06,0.10005593409255745
4626,266.0,0.0,14.091344489409103,3.674343530888235e-06,0.10005609524014455
4627,266.0,0.0,14.091355834545283,3.674352405689642e-06,0.1000562563532994
4628,266.0,0.0,14.091367177248754,3.6743612786023305e-06,0.10005641743203678
4629,266.0,0.0,14.09137851752056,3.6743701496271122e-06,0.10005657847637148
4630,266.0,0.0,14.091389855361752,3.674379018764798e-06,0.10005673948631838
4631,266.0,0.0,14.091401190773365,3.674387886016191e-06,0.10005690046189206
4632,266.0,0.0,14.091412523756453,3.6743967513821064e-06,0.10005706140310745
4633,266.0,0.0,14.09142385431206,3.6744056148633457e-06,0.10005722230997917
4634,266.0,0.0,14.091435182441229,3.6744144764607223e-06,0.10005738318252204
4635,266.0,0.0,14.091446508145001,3.6744233361750413e-06,0.10005754402075083
4636,266.0,0.0,14.091457831424421,3.6744321940071045e-06,0.10005770482468009
4637,266.0,0.0,14.091469152280533,3.674441049957727e-06,0.10005786559432481
4638,266.0,0.0,14.091480470714373,3.674449904027705e-06,0.10005802632969944
4639,266.0,0.0,14.091491786726982,3.6744587562178476e-06,0.10005818703081876
4640,266.0,0.0,14.091503100319404,3.6744676065289616e-06,0.10005834769769752
4641,266.0,0.0,14.091514411492675,3.674476454961843e-06,0.10005850833035022
4642,266.0,0.0,14.091525720247832,3.674485301517302e-06,0.1000586689287917
4643,266.0,0.0,14.09153702658592,3.6744941461961405e-06,0.10005882949303661
4644,266.0,0.0,14.091548330507969,3.6745029889991596e-06,0.1000589900230995
4645,266.0,0.0,14.091559632015016,3.674511829927159e-06,0.10005915051899504
4646,266.0,0.0,14.0915709311081,3.674520668980942e-06,0.10005931098073781
4647,266.0,0.0,14.091582227788255,3.674529506161312e-06,0.1000594714083426
4648,266.0,0.0,14.091593522056515,3.674538341469064e-06,0.10005963180182385
4649,266.0,0.0,14.091604813913916,3.6745471749050004e-06,0.10005979216119623
4650,266.0,0.0,14.091616103361485,3.6745560064699206e-06,0.10005995248647429
4651,266.0,0.0,14.09162739040026,3.674564836164621e-06,0.10006011277767257
4652,266.0,0.0,14.091638675031271,3.674573663989904e-06,0.10006027303480583
4653,266.0,0.0,14.091649957255553,3.6745824899465634e-06,0.10006043325788842
4654,266.0,0.0,14.091661237074133,3.6745913140353988e-06,0.10006059344693508
4655,266.0,0.0,14.091672514488044,3.6746001362572075e-06,0.10006075360196022
4656,266.0,0.0,14.091683789498303,3.674608956612778e-06,0.10006091372297829
4657,266.0,0.0,14.091695062105952,3.674617775102916e-06,0.10006107381000401
4658,266.0,0.0,14.091706332312018,3.6746265917284123e-06,0.10006123386305185
4659,266.0,0.0,14.091717600117521,3.674635406490059e-06,0.10006139388213622
4660,266.0,0.0,14.091728865523494,3.674644219388654e-06,0.10006155386727172
4661,266.0,0.0,14.091740128530958,3.6746530304249897e-06,0.10006171381847276
4662,266.0,0.0,14.09175138914094,3.6746618395998568e-06,0.10006187373575387
4663,266.0,0.0,14.091762647354471,3.674670646914053e-06,0.1000620336191295
4664,266.0,0.0,14.09177390317256,3.6746794523683655e-06,0.10006219346861421
4665,266.0,0.0,14.091785156596245,3.6746882559635872e-06,0.10006235328422224
4666,266.0,0.0,14.091796407626541,3.67469705770051e-06,0.10006251306596814
4667,266.0,0.0,14.09180765626447,3.6747058575799217e-06,0.10006267281386633
4668,266.0,0.0,14.091818902511056,3.6747146556026187e-06,0.1000628325279313
4669,266.0,0.0,14.091830146367325,3.674723451769386e-06,0.10006299220817746
4670,266.0,0.0,14.091841387834283,3.674732246081009e-06,0.10006315185461905
4671,266.0,0.0,14.09185262691296,3.6747410385382832e-06,0.10006331146727064
4672,266.0,0.0,14.09186386360437,3.6747498291419923e-06,0.10006347104614655
4673,266.0,0.0,14.091875097909535,3.6747586178929244e-06,0.1000636305912611
4674,266.0,0.0,14.091886329829464,3.674767404791867e-06,0.10006379010262874
4675,266.0,0.0,14.091897559365187,3.674776189839608e-06,0.10006394958026388
4676,266.0,0.0,14.09190878651771,3.6747849730369293e-06,0.10006410902418074
4677,266.0,0.0,14.09192001128805,3.6747937543846215e-06,0.1000642684343937
4678,266.0,0.0,14.091931233677222,3.6748025338834644e-06,0.10006442781091711
4679,266.0,0.0,14.091942453686244,3.6748113115342474e-06,0.10006458715376533
4680,266.0,0.0,14.091953671316125,3.674820087337752e-06,0.10006474646295258
4681,266.0,0.0,14.091964886567878,3.6748288612947623e-06,0.10006490573849325
4682,266.0,0.0,14.091976099442517,3.6748376334060604e-06,0.10006506498040155
4683,266.0,0.0,14.091987309941054,3.674846403672428e-06,0.10006522418869179
4684,266.0,0.0,14.091998518064495,3.6748551720946493e-06,0.10006538336337834
4685,266.0,0.0,14.09200972381386,3.674863938673505e-06,0.10006554250447536
4686,266.0,0.0,14.092020927190148,3.674872703409774e-06,0.1000657016119971
4687,266.0,0.0,14.092032128194376,3.674881466304242e-06,0.10006586068595788
4688,266.0,0.0,14.092043326827548,3.6748902273576838e-06,0.10006601972637193
4689,266.0,0.0,14.092054523090669,3.6748989865708804e-06,0.10006617873325341
4690,266.0,0.0,14.09206571698475,3.6749077439446094e-06,0.10006633770661659
4691,266.0,0.0,14.092076908510801,3.6749164994796536e-06,0.1000664966464757
4692,266.0,0.0,14.092088097669821,3.6749252531767853e-06,0.10006665555284487
4693,266.0,0.0,14.092099284462819,3.6749340050367885e-06,0.10006681442573839
4694,266.0,0.0,14.092110468890798,3.6749427550604357e-06,0.1000669732651704
4695,266.0,0.0,14.092121650954759,3.6749515032485054e-06,0.10006713207115511
4696,266.0,0.0,14.092132830655714,3.6749602496017742e-06,0.10006729084370669
4697,266.0,0.0,14.092144007994653,3.6749689941210105e-06,0.10006744958283913
4698,266.0,0.0,14.092155182972586,3.674977736806996e-06,0.10006760828856673
4699,266.0,0.0,14.092166355590514,3.674986477660508e-06,0.10006776696090369
4700,266.0,0.0,14.092177525849436,3.6749952166823147e-06,0.10006792559986398
4701,266.0,0.0,14.092188693750353,3.6750039538731938e-06,0.10006808420546189
4702,266.0,0.0,14.09219985929426,3.675012689233911e-06,0.10006824277771134
4703,266.0,0.0,14.092211022482163,3.6750214227652476e-06,0.1000684013166266
4704,266.0,0.0,14.092222183315055,3.675030154467971e-06,0.10006855982222168
4705,266.0,0.0,14.092233341793937,3.675038884342859e-06,0.10006871829451075
4706,266.0,0.0,14.092244497919797,3.6750476123906714e-06,0.10006887673350774
4707,266.0,0.0,14.092255651693645,3.675056338612185e-06,0.1000690351392268
4708,266.0,0.0,14.09226680311647,3.675065063008177e-06,0.10006919351168214
4709,266.0,0.0,14.092277952189264,3.675073785579407e-06,0.10006935185088754
4710,266.0,0.0,14.092289098913016,3.675082506326641e-06,0.10006951015685711
4711,266.0,0.0,14.092300243288731,3.67509122525066e-06,0.10006966842960503
4712,266.0,0.0,14.092311385317405,3.6750999423522257e-06,0.10006982666914524
4713,266.0,0.0,14.092322525000016,3.6751086576321044e-06,0.10006998487549167
4714,266.0,0.0,14.092333662337566,3.6751173710910673e-06,0.10007014304865851
4715,266.0,0.0,14.092344797331043,3.675126082729876e-06,0.10007030118865955
4716,266.0,0.0,14.092355929981437,3.675134792549302e-06,0.10007045929550895
4717,266.0,0.0,14.092367060289739,3.675143500550108e-06,0.10007061736922053
4718,266.0,0.0,14.092378188256934,3.6751522067330588e-06,0.10007077540980838
4719,266.0,0.0,14.092389313884022,3.6751609110989243e-06,0.10007093341728648
4720,266.0,0.0,14.092400437171976,3.6751696136484615e-06,0.1000710913916687
4721,266.0,0.0,14.092411558121793,3.6751783143824344e-06,0.10007124933296892
4722,266.0,0.0,14.09242267673446,3.6751870133016147e-06,0.10007140724120128
4723,266.0,0.0,14.092433793010958,3.6751957104067595e-06,0.10007156511637957
4724,266.0,0.0,14.092444906952275,3.6752044056986296e-06,0.1000717229585177
4725,266.0,0.0,14.092456018559396,3.6752130991779906e-06,0.10007188076762964
4726,266.0,0.0,14.092467127833302,3.675221790845598e-06,0.10007203854372917
4727,266.0,0.0,14.092478234774983,3.6752304807022212e-06,0.10007219628683037
4728,266.0,0.0,14.09248933938542,3.6752391687486172e-06,0.10007235399694703
4729,266.0,0.0,14.09250044166559,3.6752478549855425e-06,0.10007251167409294
4730,266.0,0.0,14.09251154161648,3.67525653941376e-06,0.10007266931828207
4731,266.0,0.0,14.092522639239071,3.6752652220340304e-06,0.10007282692952829
4732,266.0,0.0,14.092533734534342,3.6752739028471085e-06,0.10007298450784538
4733,266.0,0.0,14.092544827503271,3.6752825818537516e-06,0.10007314205324716
4734,266.0,0.0,14.09255591814684,3.675291259054721e-06,0.10007329956574752
4735,266.0,0.0,14.092567006466028,3.6752999344507708e-06,0.10007345704536026
4736,266.0,0.0,14.092578092461812,3.6753086080426617e-06,0.10007361449209924
4737,266.0,0.0,14.092589176135167,3.6753172798311412e-06,0.10007377190597806
4738,266.0,0.0,14.092600257487074,3.6753259498169766e-06,0.10007392928701082
4739,266.0,0.0,14.092611336518504,3.6753346180009146e-06,0.1000740866352111
4740,266.0,0.0,14.092622413230439,3.675343284383712e-06,0.10007424395059272
4741,266.0,0.0,14.09263348762385,3.6753519489661243e-06,0.10007440123316952
4742,266.0,0.0,14.092644559699714,3.675360611748906e-06,0.10007455848295516
4743,266.0,0.0,14.092655629459003,3.6753692727328105e-06,0.1000747156999635
4744,266.0,0.0,14.092666696902683,3.6753779319185815e-06,0.10007487288420805
4745,266.0,0.0,14.092677762031736,3.6753865893069846e-06,0.10007503003570285
4746,266.0,0.0,14.092688824847135,3.6753952448987677e-06,0.10007518715446148
4747,266.0,0.0,14.092699885349841,3.6754038986946745e-06,0.10007534424049756
4748,266.0,0.0,14.092710943540839,3.6754125506954674e-06,0.10007550129382502
4749,266.0,0.0,14.092721999421085,3.6754212009018883e-06,0.10007565831445736
4750,266.0,0.0,14.09273305299156,3.6754298493146937e-06,0.10007581530240843
4751,266.0,0.0,14.09274410425322,3.675438495934624e-06,0.10007597225769173
4752,266.0,0.0,14.092755153207042,3.675447140762435e-06,0.10007612918032104
4753,266.0,0.0,14.092766199853992,3.6754557837988753e-06,0.10007628607031006
4754,266.0,0.0,14.09277724419504,3.6754644250446905e-06,0.10007644292767238
4755,266.0,0.0,14.09278828623115,3.6754730645006337e-06,0.10007659975242174
4756,266.0,0.0,14.092799325963282,3.6754817021674437e-06,0.10007675654457167
4757,266.0,0.0,14.092810363392406,3.6754903380458716e-06,0.10007691330413583
4758,266.0,0.0,14.092821398519492,3.675498972136664e-06,0.10007707003112785
4759,266.0,0.0,14.092832431345492,3.675507604440565e-06,0.10007722672556131
4760,266.0,0.0,14.09284346187138,3.675516234958321e-06,0.10007738338744995
4761,266.0,0.0,14.092854490098114,3.6755248636906773e-06,0.10007754001680719
4762,266.0,0.0,14.092865516026658,3.675533490638377e-06,0.10007769661364674
4763,266.0,0.0,14.092876539657968,3.6755421158021654e-06,0.10007785317798211
4764,266.0,0.0,14.092887560993011,3.675550739182784e-06,0.1000780097098269
4765,266.0,0.0,14.092898580032749,3.6755593607809754e-06,0.10007816620919469
4766,266.0,0.0,14.092909596778133,3.675567980597487e-06,0.100078322676099
4767,266.0,0.0,14.092920611230127,3.675576598633055e-06,0.10007847911055337
4768,266.0,0.0,14.092931623389696,3.6755852148884227e-06,0.10007863551257133
4769,266.0,0.0,14.092942633257785,3.675593829364332e-06,0.10007879188216648
4770,266.0,0.0,14.09295364083536,3.6756024420615227e-06,0.10007894821935227
4771,266.0,0.0,14.092964646123377,3.6756110529807382e-06,0.1000791045241423
4772,266.0,0.0,14.092975649122785,3.675619662122712e-06,0.10007926079654991
4773,266.0,0.0,14.092986649834554,3.675628269488191e-06,0.10007941703658876
4774,266.0,0.0,14.092997648259624,3.6756368750779046e-06,0.10007957324427222
4775,266.0,0.0,14.093008644398958,3.675645478892601e-06,0.10007972941961386
4776,266.0,0.0,14.093019638253502,3.6756540809330086e-06,0.10007988556262705
4777,266.0,0.0,14.093030629824217,3.6756626811998713e-06,0.10008004167332532
4778,266.0,0.0,14.093041619112054,3.6756712796939245e-06,0.10008019775172212
4779,266.0,0.0,14.09305260611796,3.675679876415904e-06,0.10008035379783085
4780,266.0,0.0,14.093063590842892,3.675688471366546e-06,0.10008050981166501
4781,266.0,0.0,14.093074573287803,3.6756970645465884e-06,0.10008066579323802
4782,266.0,0.0,14.09308555345363,3.6757056559567645e-06,0.10008082174256325
4783,266.0,0.0,14.093096531341333,3.675714245597802e-06,0.10008097765965404
4784,266.0,0.0,14.093107506951862,3.6757228334704484e-06,0.10008113354452401
4785,266.0,0.0,14.093118480286158,3.675731419575424e-06,0.10008128939718633
4786,266.0,0.0,14.093129451345176,3.6757400039134735e-06,0.1000814452176545
4787,266.0,0.0,14.093140420129865,3.6757485864853262e-06,0.10008160100594196
4788,266.0,0.0,14.093151386641159,3.67575716729171e-06,0.10008175676206194
4789,266.0,0.0,14.093162350880014,3.6757657463333605e-06,0.10008191248602785
4790,266.0,0.0,14.093173312847373,3.675774323611007e-06,0.10008206817785302
4791,266.0,0.0,14.093184272544185,3.6757828991253875e-06,0.10008222383755092
4792,266.0,0.0,14.093195229971382,3.6757914728772208e-06,0.10008237946513468
4793,266.0,0.0,14.09320618512992,3.6758000448672438e-06,0.10008253506061772
4794,266.0,0.0,14.093217138020737,3.6758086150961866e-06,0.10008269062401341
4795,266.0,0.0,14.09322808864478,3.675817183564777e-06,0.10008284615533507
4796,266.0,0.0,14.09323903700298,3.6758257502737437e-06,0.10008300165459592
4797,266.0,0.0,14.09324998309629,3.6758343152238154e-06,0.10008315712180925
4798,266.0,0.0,14.093260926925645,3.67584287841572e-06,0.10008331255698845
4799,266.0,0.0,14.093271868491987,3.675851439850184e-06,0.10008346796014667
4800,266.0,0.0,14.09328280779625,3.6758599995279316e-06,0.1000836233312972
4801,266.0,0.0,14.09329374483938,3.675868557449697e-06,0.10008377867045343
4802,266.0,0.0,14.093304679622308,3.675877113616199e-06,0.10008393397762852
4803,266.0,0.0,14.093315612145984,3.6758856680281676e-06,0.10008408925283568
4804,266.0,0.0,14.093326542411335,3.6758942206863237e-06,0.10008424449608813
4805,266.0,0.0,14.0933374704193,3.6759027715913944e-06,0.1000843997073992
4806,266.0,0.0,14.093348396170809,3.675911320744101e-06,0.10008455488678204
4807,266.0,0.0,14.093359319666812,3.6759198681451754e-06,0.10008471003424992
4808,266.0,0.0,14.093370240908229,3.6759284137953308e-06,0.10008486514981593
4809,266.0,0.0,14.093381159896003,3.6759369576952954e-06,0.10008502023349337
4810,266.0,0.0,14.093392076631066,3.6759454998457935e-06,0.10008517528529544
4811,266.0,0.0,14.093402991114349,3.675954040247541e-06,0.1000853303052352
4812,266.0,0.0,14.093413903346782,3.6759625789012626e-06,0.10008548529332587
4813,266.0,0.0,14.093424813329305,3.6759711158076815e-06,0.10008564024958069
4814,266.0,0.0,14.093435721062846,3.6759796509675167e-06,0.10008579517401277
4815,266.0,0.0,14.09344662654833,3.6759881843814845e-06,0.10008595006663518
4816,266.0,0.0,14.09345752978669,3.6759967160503057e-06,0.10008610492746105
4817,266.0,0.0,14.093468430778866,3.6760052459747087e-06,0.10008625975650373
4818,266.0,0.0,14.093479329525776,3.676013774155402e-06,0.10008641455377615
4819,266.0,0.0,14.093490226028345,3.676022300593104e-06,0.10008656931929139
4820,266.0,0.0,14.093501120287513,3.676030825288543e-06,0.10008672405306271
4821,266.0,0.0,14.093512012304195,3.6760393482424217e-06,0.10008687875510303
4822,266.0,0.0,14.09352290207933,3.676047869455469e-06,0.1000870334254256
4823,266.0,0.0,14.09353378961383,3.6760563889283947e-06,0.10008718806404339
4824,266.0,0.0,14.093544674908637,3.676064906661921e-06,0.10008734267096954
4825,266.0,0.0,14.093555557964661,3.6760734226567557e-06,0.10008749724621706
4826,266.0,0.0,14.093566438782835,3.676081936913622e-06,0.10008765178979905
4827,266.0,0.0,14.093577317364085,3.6760904494332318e-06,0.10008780630172857
4828,266.0,0.0,14.093588193709321,3.6760989602162944e-06,0.10008796078201856
4829,266.0,0.0,14.093599067819483,3.676107469263532e-06,0.10008811523068217
4830,266.0,0.0,14.09360993969548,3.6761159765756523e-06,0.10008826964773238
4831,266.0,0.0,14.093620809338237,3.6761244821533705e-06,0.10008842403318219
4832,266.0,0.0,14.093631676748679,3.6761329859973978e-06,0.10008857838704457
4833,266.0,0.0,14.093642541927723,3.676141488108449e-06,0.10008873270933263
4834,266.0,0.0,14.09365340487629,3.6761499884872344e-06,0.10008888700005932
4835,266.0,0.0,14.093664265595296,3.676158487134464e-06,0.10008904125923755
4836,266.0,0.0,14.093675124085667,3.6761669840508505e-06,0.10008919548688039
4837,266.0,0.0,14.093685980348315,3.676175479237103e-06,0.10008934968300073
4838,266.0,0.0,14.093696834384156,3.6761839726939313e-06,0.10008950384761157
4839,266.0,0.0,14.093707686194112,3.676192464422049e-06,0.10008965798072589
4840,266.0,0.0,14.093718535779098,3.6762009544221594e-06,0.10008981208235657
4841,266.0,0.0,14.09372938314003,3.676209442694973e-06,0.10008996615251661
4842,266.0,0.0,14.09374022827782,3.6762179292411983e-06,0.10009012019121885
4843,266.0,0.0,14.093751071193392,3.6762264140615466e-06,0.1000902741984763
4844,266.0,0.0,14.09376191188765,3.676234897156721e-06,0.10009042817430187
4845,266.0,0.0,14.09377275036151,3.6762433785274284e-06,0.10009058211870839
4846,266.0,0.0,14.093783586615887,3.6762518581743744e-06,0.10009073603170873
4847,266.0,0.0,14.093794420651692,3.676260336098271e-06,0.10009088991331597
4848,266.0,0.0,14.093805252469839,3.6762688122998173e-06,0.10009104376354282
4849,266.0,0.0,14.093816082071237,3.676277286779721e-06,0.1000911975824021
4850,266.0,0.0,14.093826909456796,3.676285759538689e-06,0.10009135136990689
4851,266.0,0.0,14.093837734627435,3.6762942305774244e-06,0.10009150512606993
4852,266.0,0.0,14.09384855758405,3.6763026998966255e-06,0.10009165885090397
4853,266.0,0.0,14.093859378327558,3.676311167497002e-06,0.10009181254442201
4854,266.0,0.0,14.093870196858868,3.6763196333792554e-06,0.10009196620663675
4855,266.0,0.0,14.093881013178887,3.6763280975440887e-06,0.10009211983756117
4856,266.0,0.0,14.093891827288516,3.6763365599921983e-06,0.10009227343720782
4857,266.0,0.0,14.093902639188679,3.6763450207243005e-06,0.10009242700558992
4858,266.0,0.0,14.093913448880262,3.676353479741081e-06,0.1000925805427199
4859,266.0,0.0,14.093924256364183,3.6763619370432478e-06,0.10009273404861066
4860,266.0,0.0,14.09393506164134,3.676370392631499e-06,0.10009288752327505
4861,266.0,0.0,14.093945864712646,3.6763788465065365e-06,0.10009304096672582
4862,266.0,0.0,14.093956665578995,3.6763872986690594e-06,0.10009319437897571
4863,266.0,0.0,14.0939674642413,3.676395749119767e-06,0.1000933477600375
4864,266.0,0.0,14.093978260700462,3.676404197859357e-06,0.100093501109924
4865,266.0,0.0,14.09398905495738,3.676412644888529e-06,0.10009365442864786
4866,266.0,0.0,14.093999847012958,3.6764210902079806e-06,0.10009380771622182
4867,266.0,0.0,14.094010636868093,3.676429533818407e-06,0.1000939609726587
4868,266.0,0.0,14.094021424523692,3.676437975720508e-06,0.10009411419797118
4869,266.0,0.0,14.09403220998065,3.6764464159149764e-06,0.10009426739217188
4870,266.0,0.0,14.094042993239869,3.6764548544025124e-06,0.10009442055527362
4871,266.0,0.0,14.094053774302253,3.6764632911838115e-06,0.1000945736872891
4872,266.0,0.0,14.094064553168693,3.676471726259566e-06,0.10009472678823095
4873,266.0,0.0,14.094075329840086,3.676480159630472e-06,0.10009487985811186
4874,266.0,0.0,14.09408610431734,3.676488591297226e-06,0.10009503289694455
4875,266.0,0.0,14.094096876601343,3.67649702126052e-06,0.1000951859047417
4876,266.0,0.0,14.094107646692992,3.676505449521047e-06,0.10009533888151587
4877,266.0,0.0,14.094118414593186,3.676513876079502e-06,0.10009549182727984
4878,266.0,0.0,14.094129180302817,3.6765223009365773e-06,0.1000956447420462
4879,266.0,0.0,14.094139943822777,3.6765307240929605e-06,0.1000957976258275
4880,266.0,0.0,14.094150705153968,3.6765391455493524e-06,0.10009595047863647
4881,266.0,0.0,14.094161464297285,3.67654756530644e-06,0.10009610330048574
4882,266.0,0.0,14.094172221253608,3.6765559833649105e-06,0.10009625609138788
4883,266.0,0.0,14.094182976023841,3.676564399725462e-06,0.10009640885135553
4884,266.0,0.0,14.094193728608866,3.6765728143887754e-06,0.10009656158040114
4885,266.0,0.0,14.09420447900959,3.6765812273555504e-06,0.1000967142785376
4886,266.0,0.0,14.094215227226888,3.6765896386264685e-06,0.10009686694577721
4887,266.0,0.0,14.094225973261663,3.676598048202223e-06,0.10009701958213268
4888,266.0,0.0,14.094236717114793,3.6766064560835016e-06,0.10009717218761656
4889,266.0,0.0,14.094247458787173,3.6766148622709934e-06,0.10009732476224138
4890,266.0,0.0,14.094258198279695,3.6766232667653807e-06,0.10009747730601969
4891,266.0,0.0,14.094268935593243,3.676631669567362e-06,0.10009762981896415
4892,266.0,0.0,14.094279670728701,3.6766400706776102e-06,0.10009778230108712
4893,266.0,0.0,14.094290403686964,3.6766484700968196e-06,0.10009793475240118
4894,266.0,0.0,14.094301134468914,3.6766568678256752e-06,0.10009808717291895
4895,266.0,0.0,14.094311863075434,3.6766652638648628e-06,0.10009823956265287
4896,266.0,0.0,14.094322589507417,3.6766736582150657e-06,0.10009839192161542
4897,266.0,0.0,14.094333313765743,3.6766820508769703e-06,0.10009854424981914
4898,266.0,0.0,14.094344035851295,3.6766904418512607e-06,0.10009869654727649
4899,266.0,0.0,14.094354755764963,3.6766988311386207e-06,0.100098848814
4900,266.0,0.0,14.094365473507622,3.676707218739733e-06,0.1000990010500021
4901,266.0,0.0,14.09437618908016,3.676715604655282e-06,0.10009915325529524
4902,266.0,0.0,14.09438690248346,3.6767239888859512e-06,0.10009930542989201
4903,266.0,0.0,14.094397613718401,3.6767323714324197e-06,0.10009945757380473
4904,266.0,0.0,14.094408322785865,3.6767407522953717e-06,0.10009960968704584
4905,266.0,0.0,14.094419029686732,3.676749131475486e-06,0.10009976176962786
4906,266.0,0.0,14.09442973442188,3.676757508973447e-06,0.10009991382156315
4907,266.0,0.0,14.094440436992196,3.6767658847899336e-06,0.1001000658428642
4908,266.0,0.0,14.094451137398545,3.6767742589256233e-06,0.10010021783354335
4909,266.0,0.0,14.09446183564182,3.676782631381202e-06,0.10010036979361307
4910,266.0,0.0,14.094472531722896,3.6767910021573443e-06,0.1001005217230857
4911,266.0,0.0,14.094483225642644,3.6767993712547316e-06,0.10010067362197374
4912,266.0,0.0,14.094493917401945,3.6768077386740396e-06,0.10010082549028942
4913,266.0,0.0,14.094504607001676,3.67681610441595e-06,0.10010097732804524
4914,266.0,0.0,14.094515294442706,3.6768244684811333e-06,0.10010112913525346
4915,266.0,0.0,14.09452597972592,3.6768328308702776e-06,0.10010128091192662
4916,266.0,0.0,14.09453666285219,3.6768411915840543e-06,0.10010143265807693
4917,266.0,0.0,14.094547343822386,3.676849550623138e-06,0.10010158437371675
4918,266.0,0.0,14.094558022637381,3.676857907988203e-06,0.10010173605885837
4919,266.0,0.0,14.094568699298053,3.6768662636799316e-06,0.10010188771351425
4920,266.0,0.0,14.094579373805274,3.676874617698996e-06,0.1001020393376967
4921,266.0,0.0,14.094590046159912,3.676882970046068e-06,0.1001021909314179
4922,266.0,0.0,14.094600716362839,3.676891320721826e-06,0.10010234249469031
4923,266.0,0.0,14.094611384414932,3.6768996697269413e-06,0.10010249402752615
4924,266.0,0.0,14.094622050317055,3.676908017062091e-06,0.10010264552993772
4925,266.0,0.0,14.094632714070084,3.6769163627279454e-06,0.10010279700193739
4926,266.0,0.0,14.09464337567488,3.6769247067251787e-06,0.10010294844353732
4927,266.0,0.0,14.09465403513232,3.6769330490544653e-06,0.10010309985474991
4928,266.0,0.0,14.094664692443265,3.676941389716468e-06,0.10010325123558723
4929,266.0,0.0,14.094675347608586,3.6769497287118663e-06,0.10010340258606171
4930,266.0,0.0,14.094686000629158,3.676958066041334e-06,0.10010355390618564
4931,266.0,0.0,14.094696651505831,3.6769664017055307e-06,0.100103705195971
4932,266.0,0.0,14.09470730023949,3.6769747357051423e-06,0.1001038564554304
4933,266.0,0.0,14.094717946830984,3.676983068040823e-06,0.10010400768457565
4934,266.0,0.0,14.09472859128119,3.6769913987132505e-06,0.1001041588834193
4935,266.0,0.0,14.094739233590966,3.6769997277230926e-06,0.10010431005197341
4936,266.0,0.0,14.094749873761177,3.677008055071021e-06,0.10010446119025028
4937,266.0,0.0,14.094760511792689,3.6770163807576966e-06,0.10010461229826194
4938,266.0,0.0,14.094771147686364,3.677024704783794e-06,0.10010476337602071
4939,266.0,0.0,14.094781781443064,3.6770330271499796e-06,0.10010491442353883
4940,266.0,0.0,14.09479241306365,3.6770413478569173e-06,0.10010506544082835
4941,266.0,0.0,14.094803042548994,3.6770496669052805e-06,0.10010521642790156
4942,266.0,0.0,14.094813669899937,3.6770579842957237e-06,0.10010536738477042
4943,266.0,0.0,14.094824295117357,3.677066300028925e-06,0.10010551831144733
4944,266.0,0.0,14.094834918202103,3.677074614105541e-06,0.10010566920794418
4945,266.0,0.0,14.09484553915504,3.67708292652624e-06,0.1001058200742733
4946,266.0,0.0,14.094856157977022,3.677091237291689e-06,0.1001059709104468
4947,266.0,0.0,14.094866774668917,3.6770995464025534e-06,0.10010612171647679
4948,266.0,0.0,14.094877389231575,3.6771078538594906e-06,0.10010627249237537
4949,266.0,0.0,14.094888001665856,3.6771161596631694e-06,0.10010642323815457
4950,266.0,0.0,14.094898611972614,3.6771244638142496e-06,0.10010657395382665
4951,266.0,0.0,14.094909220152706,3.6771327663133954e-06,0.10010672463940358
4952,266.0,0.0,14.094919826206988,3.6771410671612674e-06,0.10010687529489747
4953,266.0,0.0,14.094930430136323,3.677149366358534e-06,0.10010702592032053
4954,266.0,0.0,14.094941031941554,3.6771576639058462e-06,0.1001071765156846
4955,266.0,0.0,14.094951631623536,3.6771659598038707e-06,0.10010732708100192
4956,266.0,0.0,14.094962229183132,3.677174254053269e-06,0.1001074776162845
4957,266.0,0.0,14.094972824621188,3.6771825466547024e-06,0.1001076281215444
4958,266.0,0.0,14.094983417938563,3.6771908376088285e-06,0.10010777859679368
4959,266.0,0.0,14.094994009136103,3.6771991269163085e-06,0.10010792904204441
4960,266.0,0.0,14.095004598214658,3.677207414577794e-06,0.10010807945730839
4961,266.0,0.0,14.095015185175084,3.677215700593953e-06,0.10010822984259793
4962,266.0,0.0,14.095025770018234,3.6772239849654417e-06,0.10010838019792491
4963,266.0,0.0,14.09503635274495,3.677232267692916e-06,0.10010853052330139
4964,266.0,0.0,14.09504693335609,3.6772405487770336e-06,0.10010868081873935
4965,266.0,0.0,14.095057511852492,3.677248828218451e-06,0.10010883108425069
4966,266.0,0.0,14.095068088235022,3.67725710601783e-06,0.10010898131984755
4967,266.0,0.0,14.09507866250451,3.67726538217582e-06,0.1001091315255418
4968,266.0,0.0,14.095089234661812,3.67727365669308e-06,0.10010928170134546
4969,266.0,0.0,14.095099804707777,3.6772819295702653e-06,0.10010943184727049
4970,266.0,0.0,14.095110372643246,3.6772902008080317e-06,0.10010958196332884
4971,266.0,0.0,14.09512093846907,3.677298470407032e-06,0.10010973204953243
4972,266.0,0.0,14.09513150218609,3.677306738367923e-06,0.10010988210589324
4973,266.0,0.0,14.095142063795157,3.677315004691358e-06,0.10011003213242324
4974,266.0,0.0,14.095152623297109,3.6773232693779905e-06,0.1001101821291343
4975,266.0,0.0,14.095163180692794,3.677331532428472e-06,0.10011033209603837
4976,266.0,0.0,14.09517373598305,3.677339793843453e-06,0.10011048203314729
4977,266.0,0.0,14.095184289168728,3.6773480536235963e-06,0.10011063194047311
4978,266.0,0.0,14.095194840250667,3.677356311769545e-06,0.10011078181802764
4979,266.0,0.0,14.095205389229706,3.6773645682819505e-06,0.10011093166582277
4980,266.0,0.0,14.095215936106694,3.6773728231614694e-06,0.1001110814838704
4981,266.0,0.0,14.095226480882461,3.677381076408747e-06,0.1001112312721824
4982,266.0,0.0,14.095237023557857,3.6773893280244365e-06,0.10011138103077068
4983,266.0,0.0,14.09524756413372,3.6773975780091887e-06,0.10011153075964704
4984,266.0,0.0,14.095258102610886,3.67740582636365e-06,0.10011168045882339
4985,266.0,0.0,14.095268638990191,3.677414073088471e-06,0.1001118301283115
4986,266.0,0.0,14.095279173272486,3.6774223181843012e-06,0.10011197976812332
4987,266.0,0.0,14.0952897054586,3.6774305616517926e-06,0.10011212937827069
4988,266.0,0.0,14.095300235549367,3.6774388034915883e-06,0.10011227895876534
4989,266.0,0.0,14.095310763545632,3.6774470437043395e-06,0.10011242850961917
4990,266.0,0.0,14.095321289448226,3.6774552822906875e-06,0.10011257803084393
4991,266.0,0.0,14.095331813257987,3.6774635192512828e-06,0.10011272752245146
4992,266.0,0.0,14.095342334975753,3.6774717545867776e-06,0.1001128769844536
4993,266.0,0.0,14.095352854602352,3.6774799882978094e-06,0.1001130264168621
4994,266.0,0.0,14.095363372138625,3.67748822038503e-06,0.10011317581968873
4995,266.0,0.0,14.095373887585398,3.6774964508490794e-06,0.10011332519294529
4996,266.0,0.0,14.095384400943516,3.6775046796906055e-06,0.10011347453664354
4997,266.0,0.0,14.095394912213802,3.6775129069102533e-06,0.10011362385079527
4998,266.0,0.0,14.095405421397095,3.6775211325086682e-06,0.10011377313541225
4999,266.0,0.0,14.095415928494223,3.677529356486491e-06,0.1001139223905062
5000,266.0,0.0,14.095426433506018,3.677537578844367e-06,0.10011407161608886
5001,266.0,0.0,14.095436936433309,3.6775457995829393e-06,0.10011422081217201
5002,266.0,0.0,14.095447437276931,3.677554018702849e-06,0.1001143699787673
5003,266.0,0.0,14.095457936037715,3.6775622362047422e-06,0.10011451911588663
5004,266.0,0.0,14.095468432716485,3.6775704520892566e-06,0.10011466822354144
5005,266.0,0.0,14.095478927314067,3.677578666357033e-06,0.1001148173017436
5006,266.0,0.0,14.0954894198313,3.6775868790087173e-06,0.10011496635050487
5007,266.0,0.0,14.095499910269005,3.6775950900449477e-06,0.10011511536983686
5008,266.0,0.0,14.095510398628008,3.6776032994663644e-06,0.10011526435975124
5009,266.0,0.0,14.09552088490914,3.6776115072736065e-06,0.1001154133202597
5010,266.0,0.0,14.095531369113228,3.6776197134673195e-06,0.10011556225137402
5011,266.0,0.0,14.095541851241098,3.6776279180481326e-06,0.1001157111531057
5012,266.0,0.0,14.09555233129357,3.677636121016695e-06,0.1001158600254666
5013,266.0,0.0,14.095562809271476,3.677644322373638e-06,0.1001160088684682
5014,266.0,0.0,14.09557328517563,3.6776525221195997e-06,0.10011615768212216
5015,266.0,0.0,14.095583759006871,3.6776607202552235e-06,0.10011630646644024
5016,266.0,0.0,14.095594230766013,3.677668916781143e-06,0.10011645522143399
5017,266.0,0.0,14.095604700453876,3.6776771116979937e-06,0.10011660394711498
5018,266.0,0.0,14.095615168071289,3.677685305006415e-06,0.10011675264349489
5019,266.0,0.0,14.095625633619074,3.6776934967070414e-06,0.10011690131058536
5020,266.0,0.0,14.095636097098051,3.6777016868005104e-06,0.10011704994839798
5021,266.0,0.0,14.09564655850904,3.677709875287457e-06,0.10011719855694437
5022,266.0,0.0,14.095657017852862,3.677718062168517e-06,0.10011734713623605
5023,266.0,0.0,14.095667475130341,3.6777262474443247e-06,0.10011749568628468
5024,266.0,0.0,14.095677930342287,3.6777344311155103e-06,0.10011764420710174
5025,266.0,0.0,14.095688383489527,3.677742613182712e-06,0.10011779269869889
5026,266.0,0.0,14.095698834572879,3.6777507936465634e-06,0.10011794116108759
5027,266.0,0.0,14.095709283593159,3.677758972507696e-06,0.10011808959427955
5028,266.0,0.0,14.095719730551187,3.677767149766745e-06,0.10011823799828623
5029,266.0,0.0,14.095730175447773,3.6777753254243397e-06,0.10011838637311916
5030,266.0,0.0,14.095740618283742,3.6777834994811136e-06,0.10011853471878991
5031,266.0,0.0,14.095751059059909,3.677791671937698e-06,0.10011868303530996
5032,266.0,0.0,14.095761497777085,3.6777998427947247e-06,0.1001188313226909
5033,266.0,0.0,14.095771934436094,3.6778080120528273e-06,0.1001189795809442
5034,266.0,0.0,14.09578236903774,3.677816179712632e-06,0.1001191278100814
5035,266.0,0.0,14.095792801582846,3.6778243457747733e-06,0.10011927601011401
5036,266.0,0.0,14.095803232072216,3.6778325102398735e-06,0.10011942418105339
5037,266.0,0.0,14.095813660506673,3.677840673108569e-06,0.10011957232291123
5038,266.0,0.0,14.095824086887022,3.677848834381487e-06,0.10011972043569889
5039,266.0,0.0,14.095834511214084,3.6778569940592576e-06,0.10011986851942788
5040,266.0,0.0,14.095844933488669,3.677865152142509e-06,0.10012001657410971
5041,266.0,0.0,14.095855353711578,3.677873308631863e-06,0.10012016459975567
5042,266.0,0.0,14.095865771883632,3.677881463527956e-06,0.10012031259637745
5043,266.0,0.0,14.095876188005642,3.6778896168314115e-06,0.10012046056398634
5044,266.0,0.0,14.095886602078409,3.677897768542851e-06,0.10012060850259377
5045,266.0,0.0,14.095897014102748,3.6779059186629096e-06,0.10012075641221127
5046,266.0,0.0,14.095907424079474,3.6779140671922103e-06,0.10012090429285025
5047,266.0,0.0,14.095917832009384,3.6779222141313776e-06,0.10012105214452208
5048,266.0,0.0,14.095928237893297,3.677930359481038e-06,0.10012119996723819
5049,266.0,0.0,14.095938641732008,3.6779385032418156e-06,0.10012134776101
5050,266.0,0.0,14.095949043526332,3.6779466454143335e-06,0.10012149552584884
5051,266.0,0.0,14.095959443277076,3.6779547859992206e-06,0.10012164326176624
5052,266.0,0.0,14.095969840985044,3.6779629249970945e-06,0.10012179096877345
5053,266.0,0.0,14.095980236651041,3.6779710624085876e-06,0.10012193864688204
5054,266.0,0.0,14.095990630275875,3.677979198234316e-06,0.10012208629610317
5055,266.0,0.0,14.096001021860348,3.677987332474903e-06,0.10012223391644827
5056,266.0,0.0,14.096011411405263,3.6779954651309718e-06,0.1001223815079287
5057,266.0,0.0,14.09602179891143,3.6780035962031474e-06,0.10012252907055591
5058,266.0,0.0,14.096032184379643,3.6780117256920474e-06,0.10012267660434113
5059,266.0,0.0,14.096042567810711,3.678019853598296e-06,0.10012282410929571
5060,266.0,0.0,14.096052949205435,3.6780279799225114e-06,0.10012297158543108
5061,266.0,0.0,14.096063328564615,3.6780361046653154e-06,0.10012311903275842
5062,266.0,0.0,14.096073705889053,3.6780442278273274e-06,0.10012326645128912
5063,266.0,0.0,14.09608408117955,3.6780523494091693e-06,0.10012341384103454
5064,266.0,0.0,14.096094454436912,3.678060469411461e-06,0.10012356120200597
5065,266.0,0.0,14.096104825661929,3.678068587834821e-06,0.1001237085342147
5066,266.0,0.0,14.096115194855408,3.6780767046798653e-06,0.10012385583767193
5067,266.0,0.0,14.096125562018145,3.678084819947215e-06,0.10012400311238909
5068,266.0,0.0,14.096135927150938,3.678092933637487e-06,0.10012415035837732
5069,266.0,0.0,14.096146290254584,3.6781010457512994e-06,0.10012429757564804
5070,266.0,0.0,14.096156651329881,3.6781091562892683e-06,0.10012444476421235
5071,266.0,0.0,14.096167010377632,3.6781172652520133e-06,0.10012459192408166
5072,266.0,0.0,14.096177367398628,3.678125372640148e-06,0.10012473905526716
5073,266.0,0.0,14.096187722393662,3.678133478454291e-06,0.1001248861577801
5074,266.0,0.0,14.096198075363535,3.678141582695057e-06,0.1001250332316317
5075,266.0,0.0,14.096208426309044,3.678149685363061e-06,0.10012518027683322
5076,266.0,0.0,14.096218775230975,3.678157786458918e-06,0.10012532729339585
5077,266.0,0.0,14.096229122130133,3.6781658859832477e-06,0.10012547428133088
5078,266.0,0.0,14.096239467007303,3.6781739839366583e-06,0.10012562124064951
5079,266.0,0.0,14.09624980986328,3.678182080319762e-06,0.10012576817136279
5080,266.0,0.0,14.096260150698862,3.67819017513318e-06,0.10012591507348213
5081,266.0,0.0,14.096270489514835,3.678198268377518e-06,0.10012606194701859
5082,266.0,0.0,14.096280826311993,3.6782063600533965e-06,0.10012620879198345
5083,266.0,0.0,14.096291161091132,3.6782144501614245e-06,0.10012635560838781
5084,266.0,0.0,14.096301493853039,3.678222538702214e-06,0.10012650239624293
5085,266.0,0.0,14.096311824598502,3.6782306256763755e-06,0.10012664915555987
5086,266.0,0.0,14.096322153328313,3.678238711084522e-06,0.10012679588634989
5087,266.0,0.0,14.096332480043266,3.6782467949272668e-06,0.10012694258862406
5088,266.0,0.0,14.096342804744143,3.678254877205215e-06,0.10012708926239355
5089,266.0,0.0,14.096353127431737,3.6782629579189835e-06,0.10012723590766959
5090,266.0,0.0,14.096363448106828,3.6782710370691775e-06,0.10012738252446315
5091,266.0,0.0,14.096373766770224,3.678279114656411e-06,0.10012752911278554
5092,266.0,0.0,14.09638408342269,3.67828719068129e-06,0.10012767567264771
5093,266.0,0.0,14.096394398065026,3.678295265144425e-06,0.10012782220406094
5094,266.0,0.0,14.096404710698009,3.6783033380464217e-06,0.10012796870703612
5095,266.0,0.0,14.096415021322436,3.6783114093878943e-06,0.10012811518158461
5096,266.0,0.0,14.096425329939086,3.6783194791694477e-06,0.10012826162771737
5097,266.0,0.0,14.09643563654874,3.6783275473916863e-06,0.10012840804544543
5098,266.0,0.0,14.096445941152192,3.678335614055221e-06,0.10012855443477993
5099,266.0,0.0,14.096456243750216,3.678343679160659e-06,0.10012870079573197
5100,266.0,0.0,14.096466544343604,3.6783517427086056e-06,0.10012884712831269
5101,266.0,0.0,14.09647684293313,3.6783598046996624e-06,0.10012899343253288
5102,266.0,0.0,14.09648713951959,3.6783678651344457e-06,0.10012913970840394
5103,266.0,0.0,14.096497434103757,3.678375924013554e-06,0.10012928595593672
5104,266.0,0.0,14.096507726686408,3.6783839813375897e-06,0.10012943217514227
5105,266.0,0.0,14.096518017268336,3.6783920371071645e-06,0.10012957836603173
5106,266.0,0.0,14.096528305850315,3.6784000913228795e-06,0.100129724528616
5107,266.0,0.0,14.096538592433124,3.6784081439853367e-06,0.10012987066290613
5108,266.0,0.0,14.096548877017549,3.6784161950951453e-06,0.10013001676891331
5109,266.0,0.0,14.096559159604364,3.678424244652904e-06,0.10013016284664833
5110,266.0,0.0,14.096569440194349,3.678432292659215e-06,0.10013030889612223
5111,266.0,0.0,14.096579718788282,3.678440339114684e-06,0.1001304549173461
5112,266.0,0.0,14.096589995386948,3.6784483840199124e-06,0.10013060091033085
5113,266.0,0.0,14.096600269991113,3.6784564273755016e-06,0.10013074687508754
5114,266.0,0.0,14.096610542601562,3.6784644691820543e-06,0.1001308928116271
5115,266.0,0.0,14.096620813219074,3.6784725094401705e-06,0.10013103871996051
5116,266.0,0.0,14.096631081844416,3.67848054815045e-06,0.10013118460009873
5117,266.0,0.0,14.096641348478373,3.678488585313497e-06,0.10013133045205275
5118,266.0,0.0,14.09665161312171,3.6784966209299075e-06,0.10013147627583346
5119,266.0,0.0,14.096661875775213,3.6785046550002842e-06,0.10013162207145189
5120,266.0,0.0,14.096672136439649,3.678512687525225e-06,0.10013176783891889
5121,266.0,0.0,14.096682395115797,3.6785207185053335e-06,0.10013191357824552
5122,266.0,0.0,14.096692651804426,3.6785287479411995e-06,0.10013205928944253
5123,266.0,0.0,14.096702906506314,3.6785367758334284e-06,0.10013220497252097
5124,266.0,0.0,14.096713159222226,3.678544802182615e-06,0.10013235062749173
5125,266.0,0.0,14.09672340995294,3.678552826989358e-06,0.10013249625436568
5126,266.0,0.0,14.096733658699229,3.6785608502542584e-06,0.10013264185315382
5127,266.0,0.0,14.096743905461864,3.6785688719779098e-06,0.10013278742386696
5128,266.0,0.0,14.09675415024161,3.678576892160907e-06,0.10013293296651597
5129,266.0,0.0,14.09676439303924,3.6785849108038456e-06,0.10013307848111172
5130,266.0,0.0,14.096774633855528,3.6785929279073295e-06,0.10013322396766525
5131,266.0,0.0,14.096784872691238,3.678600943471948e-06,0.1001333694261873
5132,266.0,0.0,14.096795109547145,3.6786089574982985e-06,0.10013351485668873
5133,266.0,0.0,14.096805344424014,3.678616969986974e-06,0.10013366025918043
5134,266.0,0.0,14.096815577322609,3.6786249809385678e-06,0.10013380563367319
5135,266.0,0.0,14.0968258082437,3.678632990353679e-06,0.10013395098017792
5136,266.0,0.0,14.096836037188064,3.6786409982328977e-06,0.10013409629870548
5137,266.0,0.0,14.09684626415645,3.6786490045768177e-06,0.10013424158926662
5138,266.0,0.0,14.096856489149644,3.678657009386037e-06,0.10013438685187229
5139,266.0,0.0,14.096866712168397,3.6786650126611424e-06,0.10013453208653315
5140,266.0,0.0,14.096876933213483,3.6786730144027305e-06,0.10013467729326013
5141,266.0,0.0,14.096887152285662,3.678681014611389e-06,0.100134822472064
5142,266.0,0.0,14.096897369385697,3.678689013287712e-06,0.10013496762295551
5143,266.0,0.0,14.096907584514355,3.6786970104322913e-06,0.10013511274594554
5144,266.0,0.0,14.096917797672402,3.6787050060457205e-06,0.10013525784104488
5145,266.0,0.0,14.096928008860603,3.6787130001285912e-06,0.10013540290826428
5146,266.0,0.0,14.096938218079712,3.678720992681486e-06,0.10013554794761446
5147,266.0,0.0,14.096948425330497,3.678728983705001e-06,0.10013569295910628
5148,266.0,0.0,14.096958630613718,3.6787369731997234e-06,0.10013583794275041
5149,266.0,0.0,14.096968833930143,3.67874496116625e-06,0.10013598289855777
5150,266.0,0.0,14.096979035280524,3.678752947605159e-06,0.10013612782653895
5151,266.0,0.0,14.096989234665624,3.6787609325170454e-06,0.10013627272670474
5152,266.0,0.0,14.096999432086205,3.6787689159024952e-06,0.10013641759906589
5153,266.0,0.0,14.097009627543027,3.6787768977620986e-06,0.10013656244363314
5154,266.0,0.0,14.097019821036847,3.678784878096441e-06,0.10013670726041718
5155,266.0,0.0,14.097030012568425,3.678792856906111e-06,0.10013685204942875
5156,266.0,0.0,14.09704020213852,3.678800834191697e-06,0.10013699681067857
5157,266.0,0.0,14.097050389747888,3.6788088099537844e-06,0.10013714154417738
5158,266.0,0.0,14.09706057539729,3.6788167841929598e-06,0.10013728624993584
5159,266.0,0.0,14.097070759087478,3.6788247569098077e-06,0.10013743092796458
5160,266.0,0.0,14.097080940819211,3.6788327281049147e-06,0.1001375755782744
5161,266.0,0.0,14.097091120593248,3.678840697778872e-06,0.10013772020087604
5162,266.0,0.0,14.097101298410342,3.6788486659322547e-06,0.10013786479577995
5163,266.0,0.0,14.097111474271248,3.6788566325656514e-06,0.10013800936299694
5164,266.0,0.0,14.09712164817672,3.67886459767965e-06,0.10013815390253772
5165,266.0,0.0,14.097131820127515,3.6788725612748287e-06,0.10013829841441282
5166,266.0,0.0,14.097141990124387,3.6788805233517764e-06,0.100138442898633
5167,266.0,0.0,14.097152158168086,3.678888483911074e-06,0.10013858735520889
5168,266.0,0.0,14.097162324259369,3.6788964429533026e-06,0.10013873178415104
5169,266.0,0.0,14.097172488398984,3.6789044004790458e-06,0.10013887618547015
5170,266.0,0.0,14.097182650587689,3.678912356488891e-06,0.1001390205591769
5171,266.0,0.0,14.097192810826234,3.6789203109834144e-06,0.10013916490528185
5172,266.0,0.0,14.097202969115367,3.678928263963199e-06,0.10013930922379558
5173,266.0,0.0,14.097213125455847,3.6789362154288293e-06,0.10013945351472879
5174,266.0,0.0,14.09722327984841,3.67894416538088e-06,0.10013959777809196
5175,266.0,0.0,14.097233432293818,3.678952113819934e-06,0.1001397420138958
5176,266.0,0.0,14.09724358279282,3.6789600607465776e-06,0.10013988622215089
5177,266.0,0.0,14.097253731346159,3.67896800616138e-06,0.1001400304028677
5178,266.0,0.0,14.097263877954587,3.6789759500649285e-06,0.10014017455605685
5179,266.0,0.0,14.097274022618857,3.6789838924578034e-06,0.10014031868172905
5180,266.0,0.0,14.09728416533971,3.6789918333405786e-06,0.10014046277989473
5181,266.0,0.0,14.097294306117899,3.6789997727138386e-06,0.10014060685056456
5182,266.0,0.0,14.097304444954162,3.679007710578156e-06,0.10014075089374895
5183,266.0,0.0,14.097314581849256,3.6790156469341105e-06,0.10014089490945852
5184,266.0,0.0,14.097324716803922,3.679023581782279e-06,0.10014103889770377
5185,266.0,0.0,14.097334849818907,3.6790315151232415e-06,0.10014118285849533
5186,266.0,0.0,14.09734498089496,3.679039446957577e-06,0.10014132679184372
5187,266.0,0.0,14.097355110032813,3.679047377285854e-06,0.10014147069775932
5188,266.0,0.0,14.097365237233223,3.6790553061086535e-06,0.10014161457625277
5189,266.0,0.0,14.097375362496932,3.6790632334265527e-06,0.10014175842733453
5190,266.0,0.0,14.097385485824681,3.6790711592401285e-06,0.10014190225101519
5191,266.0,0.0,14.097395607217214,3.6790790835499506e-06,0.10014204604730516
5192,266.0,0.0,14.097405726675275,3.6790870063565976e-06,0.10014218981621496
5193,266.0,0.0,14.097415844199599,3.679094927660642e-06,0.10014233355775502
5194,266.0,0.0,14.097425959790941,3.679102847462662e-06,0.10014247727193593
5195,266.0,0.0,14.097436073450034,3.679110765763228e-06,0.10014262095876808
5196,266.0,0.0,14.097446185177613,3.679118682562914e-06,0.100142764618262
5197,266.0,0.0,14.097456294974434,3.6791265978622985e-06,0.10014290825042811
5198,266.0,0.0,14.097466402841226,3.6791345116619486e-06,0.10014305185527696
5199,266.0,0.0,14.097476508778731,3.6791424239624364e-06,0.10014319543281877
5200,266.0,0.0,14.097486612787689,3.6791503347643366e-06,0.10014333898306423
5201,266.0,0.0,14.09749671486884,3.6791582440682217e-06,0.10014348250602363
5202,266.0,0.0,14.09750681502292,3.6791661518746627e-06,0.10014362600170745
5203,266.0,0.0,14.09751691325067,3.6791740581842326e-06,0.10014376947012622
5204,266.0,0.0,14.097527009552831,3.679181962997502e-06,0.1001439129112902
5205,266.0,0.0,14.097537103930126,3.6791898663150363e-06,0.10014405632520983
5206,266.0,0.0,14.097547196383303,3.679197768137411e-06,0.10014419971189557
5207,266.0,0.0,14.0975572869131,3.679205668465198e-06,0.10014434307135786
5208,266.0,0.0,14.097567375520251,3.6792135672989646e-06,0.10014448640360706
5209,266.0,0.0,14.097577462205482,3.679221464639278e-06,0.10014462970865352
5210,266.0,0.0,14.097587546969542,3.67922936048671e-06,0.10014477298650763
5211,266.0,0.0,14.097597629813157,3.6792372548418276e-06,0.10014491623717979
5212,266.0,0.0,14.09760771073706,3.679245147705196e-06,0.10014505946068034
5213,266.0,0.0,14.097617789741994,3.6792530390773922e-06,0.10014520265701968
5214,266.0,0.0,14.097627866828688,3.6792609289589804e-06,0.10014534582620825
5215,266.0,0.0,14.097637941997869,3.6792688173505246e-06,0.1001454889682563
5216,266.0,0.0,14.09764801525028,3.6792767042525952e-06,0.1001456320831742
5217,266.0,0.0,14.097658086586645,3.6792845896657586e-06,0.10014577517097231
5218,266.0,0.0,14.097668156007696,3.679292473590579e-06,0.10014591823166093
5219,266.0,0.0,14.097678223514166,3.6793003560276214e-06,0.10014606126525037
5220,266.0,0.0,14.097688289106788,3.6793082369774594e-06,0.10014620427175105
5221,266.0,0.0,14.097698352786292,3.6793161164406508e-06,0.10014634725117326
5222,266.0,0.0,14.097708414553404,3.6793239944177622e-06,0.10014649020352728
5223,266.0,0.0,14.09771847440886,3.679331870909362e-06,0.10014663312882344
5224,266.0,0.0,14.097728532353385,3.6793397459160138e-06,0.10014677602707209
5225,266.0,0.0,14.097738588387706,3.679347619438277e-06,0.10014691889828337
5226,266.0,0.0,14.097748642512556,3.6793554914767198e-06,0.10014706174246774
5227,266.0,0.0,14.097758694728658,3.6793633620319054e-06,0.10014720455963537
5228,266.0,0.0,14.097768745036745,3.679371231104397e-06,0.10014734734979662
5229,266.0,0.0,14.097778793437536,3.6793790986947547e-06,0.10014749011296167
5230,266.0,0.0,14.097788839931768,3.679386964803545e-06,0.10014763284914088
5231,266.0,0.0,14.097798884520158,3.6793948294313275e-06,0.10014777555834445
5232,266.0,0.0,14.097808927203443,3.6794026925786687e-06,0.10014791824058274
5233,266.0,0.0,14.097818967982334,3.6794105542461218e-06,0.10014806089586582
5234,266.0,0.0,14.097829006857571,3.679418414434257e-06,0.10014820352420405
5235,266.0,0.0,14.097839043829865,3.6794262731436273e-06,0.10014834612560765
5236,266.0,0.0,14.097849078899946,3.6794341303748013e-06,0.10014848870008686
5237,266.0,0.0,14.097859112068546,3.6794419861283356e-06,0.10014863124765189
5238,266.0,0.0,14.097869143336373,3.6794498404047884e-06,0.10014877376831298
5239,266.0,0.0,14.09787917270416,3.679457693204721e-06,0.10014891626208032
5240,266.0,0.0,14.097889200172624,3.679465544528692e-06,0.10014905872896407
5241,266.0,0.0,14.097899225742493,3.679473394377261e-06,0.1001492011689745
5242,266.0,0.0,14.097909249414487,3.6794812427509917e-06,0.10014934358212191
5243,266.0,0.0,14.097919271189326,3.679489089650435e-06,0.10014948596841626
5244,266.0,0.0,14.09792929106773,3.6794969350761543e-06,0.10014962832786793
5245,266.0,0.0,14.097939309050417,3.679504779028701e-06,0.10014977066048693
5246,266.0,0.0,14.097949325138114,3.679512621508639e-06,0.10014991296628352
5247,266.0,0.0,14.097959339331537,3.6795204625165207e-06,0.1001500552452679
5248,266.0,0.0,14.09796935163141,3.6795283020529112e-06,0.10015019749745026
5249,266.0,0.0,14.09797936203844,3.6795361401183554e-06,0.10015033972284061
5250,266.0,0.0,14.097989370553359,3.6795439767134194e-06,0.1001504819214492
5251,266.0,0.0,14.09799937717687,3.679551811838651e-06,0.10015062409328615
5252,266.0,0.0,14.098009381909707,3.6795596454946142e-06,0.10015076623836171
5253,266.0,0.0,14.098019384752575,3.6795674776818564e-06,0.10015090835668577
5254,266.0,0.0,14.0980293857062,3.6795753084009372e-06,0.10015105044826868
5255,266.0,0.0,14.098039384771289,3.679583137652411e-06,0.10015119251312046
5256,266.0,0.0,14.098049381948572,3.679590965436833e-06,0.10015133455125129
5257,266.0,0.0,14.098059377238746,3.6795987917547507e-06,0.10015147656267115
5258,266.0,0.0,14.098069370642541,3.6796066166067286e-06,0.10015161854739034
5259,266.0,0.0,14.098079362160659,3.679614439993308e-06,0.10015176050541873
5260,266.0,0.0,14.098089351793824,3.6796222619150493e-06,0.10015190243676653
5261,266.0,0.0,14.098099339542754,3.6796300823725085e-06,0.10015204434144392
5262,266.0,0.0,14.09810932540815,3.6796379013662287e-06,0.10015218621946081
5263,266.0,0.0,14.09811930939073,3.6796457188967685e-06,0.10015232807082738
5264,266.0,0.0,14.098129291491217,3.6796535349646806e-06,0.10015246989555371
5265,266.0,0.0,14.098139271710307,3.679661349570512e-06,0.10015261169364982
5266,266.0,0.0,14.098149250048722,3.6796691627148135e-06,0.1001527534651257
5267,266.0,0.0,14.09815922650717,3.679676974398143e-06,0.10015289520999156
5268,266.0,0.0,14.098169201086359,3.679684784621041e-06,0.10015303692825725
5269,266.0,0.0,14.098179173787008,3.679692593384069e-06,0.10015317861993304
5270,266.0,0.0,14.09818914460982,3.679700400687766e-06,0.10015332028502878
5271,266.0,0.0,14.09819911355551,3.6797082065326884e-06,0.1001534619235546
5272,266.0,0.0,14.098209080624786,3.6797160109193856e-06,0.10015360353552047
5273,266.0,0.0,14.098219045818352,3.6797238138484034e-06,0.10015374512093643
5274,266.0,0.0,14.09822900913692,3.67973161532029e-06,0.1001538866798125
5275,266.0,0.0,14.098238970581209,3.6797394153355996e-06,0.10015402821215869
5276,266.0,0.0,14.098248930151911,3.6797472138948765e-06,0.10015416971798503
5277,266.0,0.0,14.098258887849736,3.6797550109986637e-06,0.10015431119730137
5278,266.0,0.0,14.0982688436754,3.679762806647519e-06,0.10015445265011791
5279,266.0,0.0,14.098278797629602,3.679770600841979e-06,0.10015459407644446
5280,266.0,0.0,14.098288749713051,3.679778393582598e-06,0.10015473547629113
5281,266.0,0.0,14.098298699926453,3.6797861848699195e-06,0.10015487684966777
5282,266.0,0.0,14.098308648270514,3.679793974704489e-06,0.10015501819658443
5283,266.0,0.0,14.098318594745939,3.6798017630868574e-06,0.10015515951705108
5284,266.0,0.0,14.09832853935343,3.6798095500175637e-06,0.10015530081107762
5285,266.0,0.0,14.098338482093691,3.6798173354971548e-06,0.10015544207867402
5286,266.0,0.0,14.098348422967428,3.6798251195261765e-06,0.10015558331985021
5287,266.0,0.0,14.098358361975352,3.679832902105177e-06,0.10015572453461621
5288,266.0,0.0,14.098368299118151,3.679840683234696e-06,0.10015586572298185
5289,266.0,0.0,14.098378234396538,3.6798484629152794e-06,0.10015600688495715
5290,266.0,0.0,14.09838816781121,3.67985624114747e-06,0.10015614802055195
5291,266.0,0.0,14.098398099362875,3.67986401793181e-06,0.10015628912977616
5292,266.0,0.0,14.098408029052228,3.6798717932688476e-06,0.10015643021263981
5293,266.0,0.0,14.098417956879976,3.679879567159121e-06,0.10015657126915269
5294,266.0,0.0,14.098427882846812,3.6798873396031747e-06,0.10015671229932473
5295,266.0,0.0,14.098437806953445,3.679895110601551e-06,0.10015685330316586
5296,266.0,0.0,14.098447729200567,3.67990288015479e-06,0.10015699428068593
5297,266.0,0.0,14.098457649588886,3.679910648263436e-06,0.10015713523189486
5298,266.0,0.0,14.098467568119096,3.6799184149280273e-06,0.10015727615680248
5299,266.0,0.0,14.098477484791893,3.679926180149105e-06,0.10015741705541861
5300,266.0,0.0,14.098487399607984,3.6799339439272153e-06,0.10015755792775329
5301,266.0,0.0,14.098497312568055,3.6799417062628907e-06,0.10015769877381624
5302,266.0,0.0,14.098507223672812,3.679949467156676e-06,0.10015783959361735
5303,266.0,0.0,14.098517132922954,3.679957226609111e-06,0.10015798038716649
5304,266.0,0.0,14.098527040319173,3.6799649846207366e-06,0.1001581211544735
5305,266.0,0.0,14.098536945862167,3.679972741192088e-06,0.10015826189554823
5306,266.0,0.0,14.098546849552626,3.6799804963237024e-06,0.1001584026104004
5307,266.0,0.0,14.098556751391252,3.679988250016125e-06,0.10015854329903999
5308,266.0,0.0,14.098566651378743,3.6799960022698863e-06,0.1001586839614767
5309,266.0,0.0,14.098576549515789,3.6800037530855362e-06,0.10015882459772055
5310,266.0,0.0,14.098586445803084,3.6800115024635997e-06,0.10015896520778103
5311,266.0,0.0,14.098596340241324,3.6800192504046197e-06,0.10015910579166824
5312,266.0,0.0,14.0986062328312,3.680026996909134e-06,0.10015924634939184
5313,266.0,0.0,14.098616123573413,3.680034741977681e-06,0.10015938688096171
5314,266.0,0.0,14.098626012468644,3.680042485610791e-06,0.1001595273863875
5315,266.0,0.0,14.098635899517594,3.680050227809004e-06,0.10015966786567908
5316,266.0,0.0,14.098645784720953,3.6800579685728553e-06,0.10015980831884619
5317,266.0,0.0,14.098655668079411,3.680065707902879e-06,0.10015994874589866
5318,266.0,0.0,14.098665549593658,3.6800734457996138e-06,0.10016008914684622
5319,266.0,0.0,14.098675429264393,3.6800811822635952e-06,0.10016022952169869
5320,266.0,0.0,14.098685307092298,3.680088917295354e-06,0.10016036987046571
5321,266.0,0.0,14.098695183078062,3.6800966508954227e-06,0.1001605101931571
5322,266.0,0.0,14.098705057222386,3.680104383064342e-06,0.10016065048978265
5323,266.0,0.0,14.098714929525949,3.6801121138026416e-06,0.10016079076035202
5324,266.0,0.0,14.098724799989443,3.680119843110854e-06,0.10016093100487496
5325,266.0,0.0,14.098734668613552,3.6801275709895145e-06,0.1001610712233612
5326,266.0,0.0,14.098744535398975,3.6801352974391567e-06,0.10016121141582048
5327,266.0,0.0,14.09875440034639,3.6801430224603113e-06,0.10016135158226261
5328,266.0,0.0,14.098764263456493,3.680150746053515e-06,0.10016149172269713
5329,266.0,0.0,14.09877412472996,3.6801584682192893e-06,0.10016163183713374
5330,266.0,0.0,14.098783984167486,3.680166188958176e-06,0.10016177192558236
5331,266.0,0.0,14.098793841769753,3.6801739082706988e-06,0.10016191198805242
5332,266.0,0.0,14.098803697537452,3.6801816261573973e-06,0.10016205202455385
5333,266.0,0.0,14.098813551471263,3.680189342618798e-06,0.1001621920350962
5334,266.0,0.0,14.098823403571878,3.680197057655433e-06,0.10016233201968922
5335,266.0,0.0,14.098833253839972,3.6802047712678276e-06,0.10016247197834247
5336,266.0,0.0,14.098843102276232,3.6802124834565126e-06,0.10016261191106565
5337,266.0,0.0,14.098852948881348,3.6802201942220214e-06,0.10016275181786848
5338,266.0,0.0,14.098862793656,3.680227903564884e-06,0.10016289169876064
5339,266.0,0.0,14.098872636600866,3.6802356114856235e-06,0.10016303155375172
5340,266.0,0.0,14.098882477716641,3.6802433179847773e-06,0.1001631713828514
5341,266.0,0.0,14.098892317003994,3.680251023062862e-06,0.10016331118606928
5342,266.0,0.0,14.098902154463618,3.680258726720417e-06,0.10016345096341507
5343,266.0,0.0,14.098911990096187,3.6802664289579654e-06,0.10016359071489833
5344,266.0,0.0,14.098921823902387,3.6802741297760344e-06,0.10016373044052869
5345,266.0,0.0,14.098931655882897,3.68028182917515e-06,0.10016387014031584
5346,266.0,0.0,14.098941486038393,3.68028952715584e-06,0.10016400981426928
5347,266.0,0.0,14.098951314369563,3.6802972237186345e-06,0.10016414946239877
5348,266.0,0.0,14.098961140877083,3.680304918864054e-06,0.10016428908471374
5349,266.0,0.0,14.098970965561632,3.6803126125926285e-06,0.10016442868122392
5350,266.0,0.0,14.098980788423894,3.680320304904887e-06,0.10016456825193895
5351,266.0,0.0,14.09899060946454,3.6803279958013467e-06,0.10016470779686822
5352,266.0,0.0,14.099000428684247,3.6803356852825366e-06,0.10016484731602146
5353,266.0,0.0,14.099010246083703,3.680343373348984e-06,0.1001649868094082
5354,266.0,0.0,14.099020061663579,3.6803510600012094e-06,0.10016512627703804
5355,266.0,0.0,14.09902987542455,3.6803587452397405e-06,0.10016526571892051
5356,266.0,0.0,14.099039687367299,3.6803664290650996e-06,0.1001654051350652
5357,266.0,0.0,14.099049497492496,3.680374111477809e-06,0.10016554452548164
5358,266.0,0.0,14.099059305800822,3.680381792478395e-06,0.10016568389017938
5359,266.0,0.0,14.099069112292948,3.6803894720673797e-06,0.10016582322916805
5360,266.0,0.0,14.099078916969559,3.680397150245287e-06,0.10016596254245706
5361,266.0,0.0,14.099088719831313,3.6804048270126345e-06,0.10016610183005603
5362,266.0,0.0,14.099098520878897,3.680412502369948e-06,0.10016624109197442
5363,266.0,0.0,14.099108320112983,3.6804201763177537e-06,0.10016638032822188
5364,266.0,0.0,14.09911811753424,3.6804278488565648e-06,0.10016651953880777
5365,266.0,0.0,14.099127913143347,3.6804355199869075e-06,0.10016665872374167
5366,266.0,0.0,14.099137706940974,3.680443189709304e-06,0.10016679788303318
5367,266.0,0.0,14.099147498927799,3.6804508580242747e-06,0.10016693701669173
5368,266.0,0.0,14.099157289104484,3.6804585249323343e-06,0.10016707612472674
5369,266.0,0.0,14.099167077471709,3.6804661904340113e-06,0.10016721520714779
5370,266.0,0.0,14.099176864030143,3.6804738545298208e-06,0.10016735426396434
5371,266.0,0.0,14.099186648780455,3.6804815172202776e-06,0.10016749329518579
5372,266.0,0.0,14.09919643172332,3.680489178505916e-06,0.10016763230082187
5373,266.0,0.0,14.099206212859404,3.6804968383872435e-06,0.10016777128088185
5374,266.0,0.0,14.099215992189377,3.6805044968647774e-06,0.10016791023537512
5375,266.0,0.0,14.099225769713915,3.680512153939042e-06,0.10016804916431131
5376,266.0,0.0,14.099235545433682,3.6805198096105557e-06,0.1001681880676999
5377,266.0,0.0,14.099245319349349,3.6805274638798342e-06,0.10016832694555025
5378,266.0,0.0,14.099255091461576,3.6805351167473915e-06,0.10016846579787174
5379,266.0,0.0,14.09926486177104,3.680542768213751e-06,0.10016860462467388
5380,266.0,0.0,14.099274630278408,3.6805504182794276e-06,0.10016874342596617
5381,266.0,0.0,14.099284396984345,3.680558066944937e-06,0.10016888220175789
5382,266.0,0.0,14.099294161889523,3.680565714210798e-06,0.10016902095205862
5383,266.0,0.0,14.099303924994599,3.680573360077522e-06,0.10016915967687763
5384,266.0,0.0,14.099313686300247,3.6805810045456308e-06,0.10016929837622451
5385,266.0,0.0,14.09932344580713,3.6805886476156354e-06,0.10016943705010849
5386,266.0,0.0,14.099333203515915,3.6805962892880555e-06,0.10016957569853908
5387,266.0,0.0,14.099342959427265,3.680603929563403e-06,0.10016971432152565
5388,266.0,0.0,14.099352713541847,3.6806115684421935e-06,0.10016985291907761
5389,266.0,0.0,14.099362465860326,3.680619205924942e-06,0.10016999149120433
5390,266.0,0.0,14.09937221638336,3.6806268420121593e-06,0.10017013003791511
5391,266.0,0.0,14.099381965111618,3.6806344767043626e-06,0.10017026855921947
5392,266.0,0.0,14.099391712045763,3.680642110002067e-06,0.10017040705512673
5393,266.0,0.0,14.09940145718646,3.6806497419057818e-06,0.10017054552564619
5394,266.0,0.0,14.099411200534364,3.680657372416021e-06,0.10017068397078732
5395,266.0,0.0,14.099420942090145,3.680665001533305e-06,0.10017082239055947
5396,266.0,0.0,14.09943068185446,3.6806726292581323e-06,0.10017096078497185
5397,266.0,0.0,14.099440419827971,3.6806802555910264e-06,0.10017109915403398
5398,266.0,0.0,14.099450156011338,3.680687880532491e-06,0.10017123749775501
5399,266.0,0.0,14.09945989040523,3.6806955040830448e-06,0.10017137581614444
5400,266.0,0.0,14.099469623010297,3.6807031262431957e-06,0.10017151410921153
5401,266.0,0.0,14.099479353827205,3.6807107470134575e-06,0.1001716523769657
5402,266.0,0.0,14.099489082856609,3.6807183663943354e-06,0.10017179061941607
5403,266.0,0.0,14.099498810099174,3.680725984386347e-06,0.10017192883657217
5404,266.0,0.0,14.099508535555556,3.6807336009899986e-06,0.1001720670284432
5405,266.0,0.0,14.099518259226409,3.6807412162057996e-06,0.1001722051950385
5406,266.0,0.0,14.0995279811124,3.680748830034258e-06,0.10017234333636724
5407,266.0,0.0,14.099537701214178,3.6807564424758874e-06,0.1001724814524389
5408,266.0,0.0,14.099547419532408,3.680764053531194e-06,0.10017261954326263
5409,266.0,0.0,14.099557136067745,3.6807716632006915e-06,0.10017275760884789
5410,266.0,0.0,14.09956685082084,3.680779271484882e-06,0.10017289564920376
5411,266.0,0.0,14.099576563792354,3.680786878384276e-06,0.10017303366433956
5412,266.0,0.0,14.099586274982943,3.680794483899382e-06,0.10017317165426468
5413,266.0,0.0,14.099595984393263,3.6808020880307074e-06,0.10017330961898825
5414,266.0,0.0,14.099605692023967,3.6808096907787597e-06,0.1001734475585196
5415,266.0,0.0,14.099615397875715,3.6808172921440443e-06,0.10017358547286791
5416,266.0,0.0,14.099625101949155,3.6808248921270745e-06,0.10017372336204254
5417,266.0,0.0,14.099634804244944,3.680832490728348e-06,0.10017386122605262
5418,266.0,0.0,14.099644504763734,3.68084008794838e-06,0.10017399906490751
5419,266.0,0.0,14.099654203506184,3.680847683787667e-06,0.1001741368786163
5420,266.0,0.0,14.099663900472942,3.6808552782467216e-06,0.10017427466718831
5421,266.0,0.0,14.09967359566466,3.6808628713260457e-06,0.10017441243063274
5422,266.0,0.0,14.099683289081993,3.680870463026147e-06,0.10017455016895878
5423,266.0,0.0,14.099692980725594,3.68087805334753e-06,0.10017468788217576
5424,266.0,0.0,14.099702670596113,3.680885642290699e-06,0.10017482557029275
5425,266.0,0.0,14.099712358694198,3.6808932298561556e-06,0.10017496323331894
5426,266.0,0.0,14.099722045020506,3.680900816044409e-06,0.10017510087126366
5427,266.0,0.0,14.099731729575682,3.6809084008559596e-06,0.10017523848413604
5428,266.0,0.0,14.099741412360382,3.6809159842913126e-06,0.10017537607194522
5429,266.0,0.0,14.099751093375252,3.6809235663509676e-06,0.10017551363470042
5430,266.0,0.0,14.099760772620941,3.6809311470354333e-06,0.10017565117241085
5431,266.0,0.0,14.099770450098097,3.6809387263452056e-06,0.10017578868508559
5432,266.0,0.0,14.099780125807372,3.6809463042807915e-06,0.10017592617273387
5433,266.0,0.0,14.099789799749413,3.6809538808426927e-06,0.10017606363536484
5434,266.0,0.0,14.09979947192487,3.6809614560314096e-06,0.10017620107298772
5435,266.0,0.0,14.099809142334387,3.6809690298474452e-06,0.10017633848561157
5436,266.0,0.0,14.099818810978615,3.6809766022913014e-06,0.1001764758732455
5437,266.0,0.0,14.0998284778582,3.680984173363477e-06,0.1001766132358988
5438,266.0,0.0,14.099838142973788,3.6809917430644764e-06,0.10017675057358057
5439,266.0,0.0,14.099847806326025,3.6809993113947954e-06,0.10017688788629985
5440,266.0,0.0,14.099857467915553,3.6810068783549345e-06,0.10017702517406578
5441,266.0,0.0,14.099867127743023,3.6810144439453946e-06,0.1001771624368875
5442,266.0,0.0,14.099876785809085,3.681022008166683e-06,0.10017729967477426
5443,266.0,0.0,14.099886442114373,3.6810295710192893e-06,0.10017743688773502
5444,266.0,0.0,14.099896096659537,3.681037132503711e-06,0.10017757407577886
5445,266.0,0.0,14.099905749445218,3.681044692620457e-06,0.100177711238915
5446,266.0,0.0,14.099915400472062,3.681052251370017e-06,0.10017784837715242
5447,266.0,0.0,14.099925049740719,3.6810598087528968e-06,0.10017798549050039
5448,266.0,0.0,14.09993469725182,3.6810673647695845e-06,0.10017812257896772
5449,266.0,0.0,14.099944343006014,3.681074919420587e-06,0.10017825964256376
5450,266.0,0.0,14.09995398700394,3.681082472706396e-06,0.1001783966812974
5451,266.0,0.0,14.099963629246243,3.681090024627512e-06,0.1001785336951778
5452,266.0,0.0,14.099973269733571,3.681097575184435e-06,0.10017867068421414
5453,266.0,0.0,14.099982908466552,3.681105124377652e-06,0.10017880764841522
5454,266.0,0.0,14.099992545445833,3.6811126722076654e-06,0.10017894458779023
5455,266.0,0.0,14.10000218067206,3.6811202186749778e-06,0.10017908150234836
5456,266.0,0.0,14.100011814145866,3.681127763780071e-06,0.1001792183920984
5457,266.0,0.0,14.10002144586789,3.6811353075234465e-06,0.10017935525704948
5458,266.0,0.0,14.100031075838782,3.6811428499056075e-06,0.10017949209721078
5459,266.0,0.0,14.100040704059166,3.681150390927037e-06,0.10017962891259115
5460,266.0,0.0,14.100050330529697,3.6811579305882395e-06,0.10017976570319977
5461,266.0,0.0,14.100059955251002,3.681165468889701e-06,0.10017990246904551
5462,266.0,0.0,14.10006957822372,3.6811730058319204e-06,0.10018003921013748
5463,266.0,0.0,14.100079199448496,3.6811805414153926e-06,0.10018017592648464
5464,266.0,0.0,14.100088818925958,3.6811880756406064e-06,0.10018031261809604
5465,266.0,0.0,14.10009843665675,3.6811956085080615e-06,0.10018044928498068
5466,266.0,0.0,14.100108052641508,3.6812031400182497e-06,0.10018058592714758
5467,266.0,0.0,14.100117666880866,3.6812106701716592e-06,0.10018072254460568
5468,266.0,0.0,14.100127279375458,3.6812181989687848e-06,0.10018085913736394
5469,266.0,0.0,14.100136890125928,3.6812257264101185e-06,0.10018099570543136
5470,266.0,0.0,14.1001464991329,3.6812332524961546e-06,0.100181132248817
5471,266.0,0.0,14.10015610639702,3.681240777227386e-06,0.10018126876752984
5472,266.0,0.0,14.100165711918915,3.681248300604301e-06,0.10018140526157876
5473,266.0,0.0,14.100175315699223,3.6812558226273887e-06,0.10018154173097267
5474,266.0,0.0,14.100184917738577,3.6812633432971454e-06,0.10018167817572067
5475,266.0,0.0,14.100194518037613,3.6812708626140614e-06,0.10018181459583167
5476,266.0,0.0,14.100204116596958,3.6812783805786206e-06,0.10018195099131455
5477,266.0,0.0,14.10021371341725,3.6812858971913212e-06,0.10018208736217833
5478,266.0,0.0,14.100223308499123,3.6812934124526502e-06,0.10018222370843194
5479,266.0,0.0,14.100232901843203,3.6813009263630942e-06,0.10018236003008424
5480,266.0,0.0,14.100242493450128,3.681308438923147e-06,0.10018249632714427
5481,266.0,0.0,14.100252083320525,3.681315950133295e-06,0.10018263259962087
5482,266.0,0.0,14.10026167145503,3.6813234599940278e-06,0.100182768847523
5483,266.0,0.0,14.10027125785427,3.681330968505835e-06,0.10018290507085954
5484,266.0,0.0,14.100280842518876,3.681338475669203e-06,0.10018304126963949
5485,266.0,0.0,14.100290425449483,3.6813459814846228e-06,0.10018317744387162
5486,266.0,0.0,14.10030000664671,3.681353485952576e-06,0.10018331359356487
5487,266.0,0.0,14.1003095861112,3.6813609890735596e-06,0.10018344971872827
5488,266.0,0.0,14.100319163843569,3.6813684908480526e-06,0.10018358581937051
5489,266.0,0.0,14.100328739844453,3.681375991276542e-06,0.10018372189550054
5490,266.0,0.0,14.100338314114483,3.6813834903595228e-06,0.10018385794712731
5491,266.0,0.0,14.10034788665428,3.681390988097472e-06,0.10018399397425963
5492,266.0,0.0,14.10035745746448,3.681398484490883e-06,0.10018412997690643
5493,266.0,0.0,14.100367026545701,3.6814059795402387e-06,0.10018426595507653
5494,266.0,0.0,14.100376593898577,3.681413473246023e-06,0.1001844019087788
5495,266.0,0.0,14.100386159523733,3.681420965608723e-06,0.10018453783802206
5496,266.0,0.0,14.100395723421792,3.6814284566288223e-06,0.1001846737428152
5497,266.0,0.0,14.100405285593391,3.681435946306811e-06,0.10018480962316707
5498,266.0,0.0,14.100414846039143,3.6814434346431676e-06,0.10018494547908652
5499,266.0,0.0,14.100424404759679,3.681450921638382e-06,0.10018508131058239
5500,266.0,0.0,14.100433961755622,3.6814584072929313e-06,0.10018521711766341
5501,266.0,0.0,14.100443517027598,3.681465891607306e-06,0.1001853529003386
5502,266.0,0.0,14.10045307057623,3.6814733745819836e-06,0.10018548865861657
5503,266.0,0.0,14.100462622402144,3.6814808562174514e-06,0.10018562439250625
5504,266.0,0.0,14.100472172505967,3.6814883365141925e-06,0.1001857601020165
5505,266.0,0.0,14.100481720888313,3.6814958154726893e-06,0.10018589578715609
5506,266.0,0.0,14.100491267549812,3.6815032930934225e-06,0.10018603144793375
5507,266.0,0.0,14.100500812491086,3.6815107693768774e-06,0.10018616708435836
5508,266.0,0.0,14.100510355712757,3.6815182443235318e-06,0.10018630269643866
5509,266.0,0.0,14.100519897215444,3.681525717933872e-06,0.10018643828418347
5510,266.0,0.0,14.100529436999771,3.6815331902083775e-06,0.10018657384760157
5511,266.0,0.0,14.100538975066362,3.681540661147529e-06,0.10018670938670175
5512,266.0,0.0,14.100548511415836,3.6815481307518075e-06,0.1001868449014928
5513,266.0,0.0,14.100558046048807,3.681555599021691e-06,0.10018698039198339
5514,266.0,0.0,14.10056757896591,3.681563065957669e-06,0.10018711585818244
5515,266.0,0.0,14.100577110167752,3.6815705315602106e-06,0.10018725130009858
5516,266.0,0.0,14.100586639654953,3.6815779958298013e-06,0.1001873867177406
5517,266.0,0.0,14.100596167428138,3.681585458766921e-06,0.10018752211111735
5518,266.0,0.0,14.10060569348793,3.6815929203720492e-06,0.10018765748023743
5519,266.0,0.0,14.100615217834932,3.681600380645662e-06,0.10018779282510965
5520,266.0,0.0,14.10062474046978,3.6816078395882417e-06,0.10018792814574275
5521,266.0,0.0,14.100634261393077,3.6816152972002635e-06,0.10018806344214544
5522,266.0,0.0,14.10064378060545,3.6816227534822073e-06,0.10018819871432641
5523,266.0,0.0,14.100653298107517,3.681630208434553e-06,0.10018833396229448
5524,266.0,0.0,14.100662813899895,3.6816376620577796e-06,0.1001884691860584
5525,266.0,0.0,14.10067232798319,3.6816451143523598e-06,0.10018860438562671
5526,266.0,0.0,14.100681840358025,3.6816525653187694e-06,0.1001887395610082
5527,266.0,0.0,14.10069135102502,3.681660014957495e-06,0.10018887471221165
5528,266.0,0.0,14.100700859984787,3.681667463269006e-06,0.1001890098392457
5529,266.0,0.0,14.100710367237943,3.6816749102537796e-06,0.10018914494211897
5530,266.0,0.0,14.100719872785097,3.6816823559122933e-06,0.10018928002084024
5531,266.0,0.0,14.100729376626868,3.681689800245021e-06,0.10018941507541813
5532,266.0,0.0,14.100738878763874,3.6816972432524435e-06,0.10018955010586145
5533,266.0,0.0,14.100748379196725,3.6817046849350336e-06,0.10018968511217885
5534,266.0,0.0,14.100757877926032,3.6817121252932632e-06,0.10018982009437881
5535,266.0,0.0,14.100767374952413,3.681719564327611e-06,0.10018995505247014
5536,266.0,0.0,14.100776870276476,3.681727002038549e-06,0.10019008998646148
5537,266.0,0.0,14.10078636389884,3.681734438426556e-06,0.10019022489636152
5538,266.0,0.0,14.100795855820115,3.6817418734921054e-06,0.10019035978217894
5539,266.0,0.0,14.100805346040909,3.681749307235668e-06,0.1001904946439223
5540,266.0,0.0,14.100814834561834,3.6817567396577164e-06,0.10019062948160022
5541,266.0,0.0,14.100824321383508,3.6817641707587284e-06,0.10019076429522142
5542,266.0,0.0,14.10083380650654,3.6817716005391775e-06,0.10019089908479452
5543,266.0,0.0,14.100843289931536,3.6817790289995342e-06,0.10019103385032815
5544,266.0,0.0,14.10085277165911,3.6817864561402712e-06,0.10019116859183091
5545,266.0,0.0,14.100862251689867,3.6817938819618607e-06,0.10019130330931143
5546,266.0,0.0,14.100871730024423,3.681801306464776e-06,0.10019143800277831
5547,266.0,0.0,14.10088120666338,3.68180872964949e-06,0.1001915726722402
5548,266.0,0.0,14.100890681607357,3.681816151516472e-06,0.10019170731770566
5549,266.0,0.0,14.100900154856959,3.6818235720661978e-06,0.1001918419391834
5550,266.0,0.0,14.10090962641279,3.6818309912991334e-06,0.10019197653668187
5551,266.0,0.0,14.100919096275463,3.681838409215751e-06,0.1001921111102097
5552,266.0,0.0,14.10092856444558,3.6818458258165187e-06,0.1001922456597755
5553,266.0,0.0,14.100938030923748,3.6818532411019133e-06,0.10019238018538786
5554,266.0,0.0,14.100947495710585,3.681860655072402e-06,0.10019251468705535
5555,266.0,0.0,14.10095695880669,3.681868067728454e-06,0.10019264916478651
5556,266.0,0.0,14.100966420212663,3.681875479070539e-06,0.10019278361858994
5557,266.0,0.0,14.100975879929123,3.681882889099126e-06,0.1001929180484742
5558,266.0,0.0,14.10098533795667,3.6818902978146895e-06,0.10019305245444798
5559,266.0,0.0,14.100994794295902,3.6818977052176865e-06,0.10019318683651957
5560,266.0,0.0,14.101004248947435,3.6819051113085977e-06,0.10019332119469766
5561,266.0,0.0,14.101013701911873,3.6819125160878885e-06,0.10019345552899087
5562,266.0,0.0,14.101023153189812,3.681919919556021e-06,0.10019358983940758
5563,266.0,0.0,14.101032602781865,3.68192732171347e-06,0.10019372412595644
5564,266.0,0.0,14.101042050688628,3.6819347225606988e-06,0.10019385838864595
5565,266.0,0.0,14.101051496910712,3.68194212209818e-06,0.10019399262748471
5566,266.0,0.0,14.101060941448718,3.6819495203263774e-06,0.10019412684248112
5567,266.0,0.0,14.101070384303245,3.6819569172457556e-06,0.10019426103364376
5568,266.0,0.0,14.101079825474896,3.681964312856783e-06,0.1001943952009811
5569,266.0,0.0,14.101089264964278,3.6819717071599275e-06,0.1001945293445017
5570,266.0,0.0,14.10109870277199,3.6819791001556555e-06,0.10019466346421411
5571,266.0,0.0,14.101108138898631,3.6819864918444303e-06,0.1001947975601267
5572,266.0,0.0,14.101117573344807,3.681993882226718e-06,0.100194931632248
5573,266.0,0.0,14.101127006111113,3.6820012713029868e-06,0.1001950656805866
5574,266.0,0.0,14.101136437198155,3.682008659073698e-06,0.10019519970515094
5575,266.0,0.0,14.10114586660653,3.6820160455393204e-06,0.10019533370594942
5576,266.0,0.0,14.101155294336836,3.6820234307003134e-06,0.10019546768299052
5577,266.0,0.0,14.10116472038968,3.682030814557146e-06,0.10019560163628287
5578,266.0,0.0,14.101174144765656,3.6820381971102833e-06,0.10019573556583483
5579,266.0,0.0,14.101183567465364,3.682045578360185e-06,0.10019586947165485
5580,266.0,0.0,14.101192988489398,3.6820529583073142e-06,0.10019600335375138
5581,266.0,0.0,14.101202407838365,3.6820603369521404e-06,0.10019613721213297
5582,266.0,0.0,14.101211825512856,3.6820677142951205e-06,0.10019627104680794
5583,266.0,0.0,14.101221241513471,3.6820750903367226e-06,0.10019640485778483
5584,266.0,0.0,14.101230655840808,3.682082465077407e-06,0.10019653864507211
5585,266.0,0.0,14.101240068495464,3.682089838517632e-06,0.10019667240867806
5586,266.0,0.0,14.101249479478035,3.6820972106578673e-06,0.10019680614861125
5587,266.0,0.0,14.101258888789117,3.6821045814985694e-06,0.10019693986488006
5588,266.0,0.0,14.101268296429309,3.682111951040204e-06,0.10019707355749295
5589,266.0,0.0,14.1012777023992,3.682119319283229e-06,0.1001972072264583
5590,266.0,0.0,14.101287106699388,3.6821266862281025e-06,0.10019734087178446
5591,266.0,0.0,14.101296509330478,3.6821340518752974e-06,0.10019747449347999
5592,266.0,0.0,14.10130591029305,3.682141416225262e-06,0.10019760809155319
5593,266.0,0.0,14.101315309587703,3.682148779278462e-06,0.10019774166601246
5594,266.0,0.0,14.101324707215033,3.682156141035354e-06,0.10019787521686617
5595,266.0,0.0,14.101334103175637,3.682163501496407e-06,0.10019800874412288
5596,266.0,0.0,14.101343497470104,3.682170860662071e-06,0.10019814224779082
5597,266.0,0.0,14.101352890099031,3.682178218532812e-06,0.10019827572787841
5598,266.0,0.0,14.101362281063002,3.6821855751090826e-06,0.10019840918439397
5599,266.0,0.0,14.10137167036262,3.6821929303913483e-06,0.100198542617346
5600,266.0,0.0,14.101381057998477,3.6822002843800665e-06,0.10019867602674282
5601,266.0,0.0,14.101390443971157,3.6822076370756923e-06,0.10019880941259274
5602,266.0,0.0,14.101399828281249,3.6822149884786827e-06,0.1001989427749041
5603,266.0,0.0,14.101409210929356,3.6822223385895006e-06,0.10019907611368532
5604,266.0,0.0,14.101418591916069,3.6822296874086056e-06,0.10019920942894485
5605,266.0,0.0,14.101427971241966,3.682237034936448e-06,0.10019934272069082
5606,266.0,0.0,14.10143734890765,3.6822443811734914e-06,0.10019947598893175
5607,266.0,0.0,14.1014467249137,3.6822517261201884e-06,0.10019960923367587
5608,266.0,0.0,14.101456099260718,3.6822590697769994e-06,0.10019974245493156
5609,266.0,0.0,14.101465471949279,3.682266412144376e-06,0.10019987565270715
5610,266.0,0.0,14.101474842979984,3.6822737532227797e-06,0.10020000882701093
5611,266.0,0.0,14.101484212353418,3.6822810930126617e-06,0.10020014197785122
5612,266.0,0.0,14.10149358007017,3.682288431514483e-06,0.10020027510523642
5613,266.0,0.0,14.101502946130822,3.682295768728696e-06,0.10020040820917474
5614,266.0,0.0,14.101512310535973,3.6823031046557574e-06,0.1002005412896746
5615,266.0,0.0,14.101521673286198,3.6823104392961174e-06,0.10020067434674411
5616,266.0,0.0,14.101531034382095,3.6823177726502384e-06,0.10020080738039176
5617,266.0,0.0,14.101540393824246,3.6823251047185735e-06,0.10020094039062578
5618,266.0,0.0,14.10154975161324,3.682332435501574e-06,0.10020107337745446
5619,266.0,0.0,14.101559107749658,3.682339764999694e-06,0.10020120634088603
5620,266.0,0.0,14.10156846223409,3.682347093213387e-06,0.10020133928092881
5621,266.0,0.0,14.101577815067117,3.6823544201431104e-06,0.10020147219759111
5622,266.0,0.0,14.101587166249335,3.682361745789312e-06,0.10020160509088112
5623,266.0,0.0,14.101596515781315,3.68236907015245e-06,0.10020173796080722
5624,266.0,0.0,14.101605863663652,3.6823763932329763e-06,0.10020187080737757
5625,266.0,0.0,14.101615209896925,3.6823837150313402e-06,0.10020200363060047
5626,266.0,0.0,14.101624554481727,3.682391035548002e-06,0.10020213643048423
5627,266.0,0.0,14.101633897418628,3.6823983547834037e-06,0.10020226920703701
5628,266.0,0.0,14.101643238708222,3.6824056727380045e-06,0.10020240196026706
5629,266.0,0.0,14.101652578351091,3.6824129894122536e-06,0.1002025346901827
5630,266.0,0.0,14.101661916347812,3.682420304806602e-06,0.10020266739679205
5631,266.0,0.0,14.10167125269897,3.6824276189215012e-06,0.10020280008010345
5632,266.0,0.0,14.101680587405149,3.682434931757402e-06,0.10020293274012507
5633,266.0,0.0,14.101689920466928,3.6824422433147555e-06,0.1002030653768651
5634,266.0,0.0,14.101699251884895,3.6824495535940155e-06,0.10020319799033191
5635,266.0,0.0,14.101708581659624,3.6824568625956267e-06,0.10020333058053355
5636,266.0,0.0,14.1017179097917,3.6824641703200397e-06,0.10020346314747827
5637,266.0,0.0,14.101727236281699,3.6824714767677076e-06,0.10020359569117433
5638,266.0,0.0,14.101736561130208,3.6824787819390808e-06,0.10020372821162991
5639,266.0,0.0,14.101745884337806,3.6824860858346033e-06,0.10020386070885315
5640,266.0,0.0,14.101755205905064,3.682493388454728e-06,0.10020399318285232
5641,266.0,0.0,14.101764525832573,3.6825006897999055e-06,0.10020412563363562
5642,266.0,0.0,14.101773844120908,3.68250798987058e-06,0.10020425806121114
5643,266.0,0.0,14.101783160770642,3.682515288667197e-06,0.10020439046558702
5644,266.0,0.0,14.10179247578236,3.682522586190214e-06,0.1002045228467716
5645,266.0,0.0,14.101801789156642,3.682529882440073e-06,0.100204655204773
5646,266.0,0.0,14.101811100894064,3.6825371774172255e-06,0.10020478753959937
5647,266.0,0.0,14.101820410995197,3.6825444711221137e-06,0.1002049198512588
5648,266.0,0.0,14.101829719460625,3.682551763555189e-06,0.10020505213975957
5649,266.0,0.0,14.10183902629092,3.6825590547168944e-06,0.10020518440510974
5650,266.0,0.0,14.101848331486668,3.68256634460768e-06,0.10020531664731754
5651,266.0,0.0,14.101857635048436,3.6825736332279917e-06,0.10020544886639102
5652,266.0,0.0,14.101866936976801,3.6825809205782706e-06,0.10020558106233836
5653,266.0,0.0,14.101876237272347,3.6825882066589746e-06,0.10020571323516778
5654,266.0,0.0,14.10188553593564,3.682595491470537e-06,0.10020584538488728
5655,266.0,0.0,14.101894832967263,3.6826027750134137e-06,0.10020597751150509
5656,266.0,0.0,14.101904128367782,3.6826100572880404e-06,0.10020610961502922
5657,266.0,0.0,14.101913422137777,3.6826173382948675e-06,0.1002062416954679
5658,266.0,0.0,14.10192271427782,3.682624618034335e-06,0.10020637375282916
5659,266.0,0.0,14.101932004788491,3.6826318965069003e-06,0.10020650578712129
5660,266.0,0.0,14.101941293670356,3.6826391737129928e-06,0.10020663779835218
5661,266.0,0.0,14.10195058092399,3.6826464496530623e-06,0.10020676978653001
5662,266.0,0.0,14.101959866549969,3.682653724327554e-06,0.10020690175166287
5663,266.0,0.0,14.101969150548863,3.6826609977369112e-06,0.10020703369375888
5664,266.0,0.0,14.101978432921245,3.6826682698815753e-06,0.10020716561282611
5665,266.0,0.0,14.101987713667691,3.6826755407619935e-06,0.10020729750887265
5666,266.0,0.0,14.101996992788767,3.6826828103786047e-06,0.1002074293819066
5667,266.0,0.0,14.102006270285045,3.6826900787318527e-06,0.10020756123193601
5668,266.0,0.0,14.1020155461571,3.68269734582218e-06,0.10020769305896894
5669,266.0,0.0,14.102024820405502,3.682704611650032e-06,0.10020782486301355
5670,266.0,0.0,14.102034093030818,3.6827118762158445e-06,0.10020795664407776
5671,266.0,0.0,14.10204336403362,3.6827191395200604e-06,0.10020808840216962
5672,266.0,0.0,14.10205263341448,3.68272640156313e-06,0.10020822013729745
5673,266.0,0.0,14.102061901173967,3.682733662345485e-06,0.10020835184946901
5674,266.0,0.0,14.102071167312657,3.682740921867572e-06,0.10020848353869252
5675,266.0,0.0,14.102080431831101,3.6827481801298254e-06,0.10020861520497586
5676,266.0,0.0,14.102089694729882,3.682755437132691e-06,0.10020874684832722
5677,266.0,0.0,14.102098956009568,3.682762692876611e-06,0.1002088784687546
5678,266.0,0.0,14.102108215670723,3.6827699473620215e-06,0.100209010066266
5679,266.0,0.0,14.102117473713916,3.6827772005893617e-06,0.10020914164086943
5680,266.0,0.0,14.102126730139716,3.6827844525590736e-06,0.10020927319257295
5681,266.0,0.0,14.10213598494869,3.6827917032715988e-06,0.10020940472138458
5682,266.0,0.0,14.102145238141402,3.6827989527273715e-06,0.10020953622731228
5683,266.0,0.0,14.102154489718423,3.6828062009268355e-06,0.10020966771036412
5684,266.0,0.0,14.102163739680318,3.682813447870427e-06,0.10020979917054813
5685,266.0,0.0,14.102172988027647,3.682820693558581e-06,0.10020993060787212
5686,266.0,0.0,14.102182234760985,3.682827937991741e-06,0.10021006202234428
5687,266.0,0.0,14.102191479880894,3.682835181170346e-06,0.10021019341397261
5688,266.0,0.0,14.10220072338794,3.6828424230948317e-06,0.10021032478276498
5689,266.0,0.0,14.102209965282688,3.6828496637656377e-06,0.10021045612872953
5690,266.0,0.0,14.102219205565696,3.6828569031831937e-06,0.10021058745187397
5691,266.0,0.0,14.102228444237538,3.6828641413479456e-06,0.10021071875220657
5692,266.0,0.0,14.102237681298773,3.6828713782603255e-06,0.10021085002973508
5693,266.0,0.0,14.102246916749964,3.6828786139207745e-06,0.10021098128446765
5694,266.0,0.0,14.102256150591678,3.682885848329725e-06,0.10021111251641211
5695,266.0,0.0,14.102265382824479,3.6828930814876146e-06,0.1002112437255765
5696,266.0,0.0,14.102274613448923,3.6829003133948818e-06,0.10021137491196869
5697,266.0,0.0,14.102283842465578,3.6829075440519585e-06,0.1002115060755967
5698,266.0,0.0,14.102293069875005,3.6829147734592804e-06,0.10021163721646849
5699,266.0,0.0,14.102302295677767,3.682922001617285e-06,0.1002117683345919
5700,266.0,0.0,14.102311519874421,3.682929228526404e-06,0.1002118994299749
5701,266.0,0.0,14.102320742465531,3.6829364541870768e-06,0.10021203050262553
5702,266.0,0.0,14.102329963451666,3.6829436785997397e-06,0.10021216155255161
5703,266.0,0.0,14.102339182833374,3.6829509017648206e-06,0.10021229257976111
5704,266.0,0.0,14.102348400611223,3.6829581236827576e-06,0.10021242358426197
5705,266.0,0.0,14.102357616785769,3.6829653443539816e-06,0.100212554566062
5706,266.0,0.0,14.10236683135758,3.6829725637789334e-06,0.10021268552516929
5707,266.0,0.0,14.102376044327203,3.6829797819580353e-06,0.10021281646159154
5708,266.0,0.0,14.102385255695205,3.682986998891729e-06,0.10021294737533683
5709,266.0,0.0,14.102394465462147,3.6829942145804477e-06,0.100213078266413
5710,266.0,0.0,14.102403673628585,3.6830014290246166e-06,0.10021320913482783
5711,266.0,0.0,14.102412880195075,3.6830086422246792e-06,0.10021333998058944
5712,266.0,0.0,14.102422085162177,3.6830158541810603e-06,0.10021347080370552
5713,266.0,0.0,14.102431288530454,3.683023064894198e-06,0.10021360160418417
5714,266.0,0.0,14.102440490300456,3.683030274364515e-06,0.10021373238203299
5715,266.0,0.0,14.10244969047274,3.683037482592451e-06,0.10021386313726006
5716,266.0,0.0,14.102458889047869,3.683044689578434e-06,0.10021399386987317
5717,266.0,0.0,14.102468086026397,3.6830518953228958e-06,0.10021412457988016
5718,266.0,0.0,14.102477281408879,3.6830590998262687e-06,0.10021425526728898
5719,266.0,0.0,14.102486475195873,3.683066303088983e-06,0.1002143859321075
5720,266.0,0.0,14.102495667387934,3.683073505111468e-06,0.10021451657434345
5721,266.0,0.0,14.102504857985616,3.6830807058941552e-06,0.10021464719400479
5722,266.0,0.0,14.102514046989475,3.683087905437472e-06,0.10021477779109925
5723,266.0,0.0,14.10252323440007,3.683095103741855e-06,0.1002149083656348
5724,266.0,0.0,14.10253242021795,3.6831023008077245e-06,0.10021503891761922
5725,266.0,0.0,14.10254160444367,3.6831094966355213e-06,0.10021516944706045
5726,266.0,0.0,14.102550787077789,3.683116691225664e-06,0.10021529995396612
5727,266.0,0.0,14.102559968120856,3.6831238845785855e-06,0.10021543043834416
5728,266.0,0.0,14.102569147573428,3.683131076694719e-06,0.10021556090020249
5729,266.0,0.0,14.102578325436053,3.6831382675744873e-06,0.10021569133954875
5730,266.0,0.0,14.102587501709289,3.6831454572183244e-06,0.10021582175639093
5731,266.0,0.0,14.102596676393686,3.6831526456266504e-06,0.10021595215073664
5732,266.0,0.0,14.102605849489796,3.6831598327998953e-06,0.1002160825225938
5733,266.0,0.0,14.10261502099817,3.683167018738491e-06,0.10021621287197019
5734,266.0,0.0,14.102624190919364,3.683174203442862e-06,0.10021634319887363
5735,266.0,0.0,14.102633359253929,3.6831813869134405e-06,0.10021647350331199
5736,266.0,0.0,14.102642526002416,3.6831885691506466e-06,0.10021660378529287
5737,266.0,0.0,14.10265169116537,3.6831957501549115e-06,0.10021673404482424
5738,266.0,0.0,14.102660854743345,3.683202929926655e-06,0.10021686428191368
5739,266.0,0.0,14.102670016736893,3.6832101084663136e-06,0.10021699449656919
5740,266.0,0.0,14.102679177146566,3.683217285774308e-06,0.10021712468879843
5741,266.0,0.0,14.102688335972907,3.6832244618510634e-06,0.10021725485860913
5742,266.0,0.0,14.102697493216471,3.6832316366970075e-06,0.10021738500600919
5743,266.0,0.0,14.102706648877806,3.683238810312563e-06,0.10021751513100621
5744,266.0,0.0,14.102715802957462,3.6832459826981583e-06,0.10021764523360806
5745,266.0,0.0,14.102724955455983,3.6832531538542164e-06,0.10021777531382242
5746,266.0,0.0,14.102734106373921,3.6832603237811644e-06,0.10021790537165713
5747,266.0,0.0,14.102743255711825,3.6832674924794234e-06,0.10021803540711985
5748,266.0,0.0,14.10275240347024,3.6832746599494228e-06,0.10021816542021833
5749,266.0,0.0,14.102761549649715,3.68328182619158e-06,0.10021829541096039
5750,266.0,0.0,14.102770694250793,3.683288991206324e-06,0.10021842537935366
5751,266.0,0.0,14.102779837274028,3.6832961549940755e-06,0.10021855532540588
5752,266.0,0.0,14.102788978719964,3.6833033175552623e-06,0.10021868524912488
5753,266.0,0.0,14.102798118589144,3.683310478890302e-06,0.10021881515051827
5754,266.0,0.0,14.102807256882118,3.6833176389996185e-06,0.10021894502959376
5755,266.0,0.0,14.10281639359943,3.6833247978836413e-06,0.10021907488635919
5756,266.0,0.0,14.102825528741624,3.6833319555427833e-06,0.10021920472082206
5757,266.0,0.0,14.102834662309249,3.6833391119774773e-06,0.10021933453299034
5758,266.0,0.0,14.102843794302846,3.6833462671881347e-06,0.10021946432287149
5759,266.0,0.0,14.102852924722965,3.683353421175187e-06,0.10021959409047339
5760,266.0,0.0,14.10286205357014,3.6833605739390476e-06,0.10021972383580356
5761,266.0,0.0,14.102871180844927,3.6833677254801464e-06,0.1002198535588699
5762,266.0,0.0,14.102880306547863,3.683374875798896e-06,0.10021998325967985
5763,266.0,0.0,14.102889430679493,3.6833820248957223e-06,0.10022011293824126
5764,266.0,0.0,14.102898553240358,3.683389172771048e-06,0.10022024259456179
5765,266.0,0.0,14.102907674231007,3.6833963194252885e-06,0.10022037222864906
5766,266.0,0.0,14.102916793651977,3.6834034648588694e-06,0.1002205018405108
5767,266.0,0.0,14.102925911503807,3.683410609072206e-06,0.10022063143015457
5768,266.0,0.0,14.102935027787055,3.683417752065723e-06,0.10022076099758814
5769,266.0,0.0,14.10294414250224,3.683424893839837e-06,0.10022089054281916
5770,266.0,0.0,14.102953255649924,3.6834320343949673e-06,0.10022102006585518
5771,266.0,0.0,14.102962367230633,3.6834391737315352e-06,0.10022114956670396
5772,266.0,0.0,14.102971477244921,3.6834463118499583e-06,0.1002212790453731
5773,266.0,0.0,14.10298058569332,3.6834534487506585e-06,0.10022140850187028
5774,266.0,0.0,14.102989692576369,3.6834605844340486e-06,0.10022153793620303
5775,266.0,0.0,14.102998797894617,3.6834677189005527e-06,0.10022166734837909
5776,266.0,0.0,14.103007901648597,3.6834748521505874e-06,0.10022179673840607
5777,266.0,0.0,14.10301700383885,3.683481984184569e-06,0.1002219261062916
5778,266.0,0.0,14.103026104465915,3.6834891150029163e-06,0.10022205545204323
5779,266.0,0.0,14.103035203530327,3.683496244606046e-06,0.10022218477566863
5780,266.0,0.0,14.103044301032636,3.683503372994378e-06,0.10022231407717545
5781,266.0,0.0,14.103053396973367,3.6835105001683283e-06,0.10022244335657127
5782,266.0,0.0,14.10306249135307,3.6835176261283142e-06,0.10022257261386365
5783,266.0,0.0,14.103071584172277,3.6835247508747485e-06,0.10022270184906025
5784,266.0,0.0,14.103080675431524,3.6835318744080536e-06,0.10022283106216866
5785,266.0,0.0,14.103089765131351,3.683538996728643e-06,0.10022296025319644
5786,266.0,0.0,14.103098853272295,3.6835461178369345e-06,0.10022308942215125
5787,266.0,0.0,14.103107939854892,3.683553237733339e-06,0.10022321856904057
5788,266.0,0.0,14.103117024879678,3.683560356418277e-06,0.10022334769387206
5789,266.0,0.0,14.103126108347187,3.68356747389216e-06,0.1002234767966532
5790,266.0,0.0,14.103135190257962,3.6835745901554108e-06,0.10022360587739182
5791,266.0,0.0,14.103144270612534,3.6835817052084364e-06,0.1002237349360952
5792,266.0,0.0,14.103153349411441,3.6835888190516563e-06,0.10022386397277103
5793,266.0,0.0,14.103162426655212,3.6835959316854817e-06,0.1002239929874269
5794,266.0,0.0,14.103171502344384,3.6836030431103293e-06,0.10022412198007027
5795,266.0,0.0,14.103180576479497,3.6836101533266117e-06,0.10022425095070879
5796,266.0,0.0,14.103189649061083,3.683617262334746e-06,0.10022437989935003
5797,266.0,0.0,14.103198720089672,3.6836243701351423e-06,0.1002245088260014
5798,266.0,0.0,14.103207789565799,3.683631476728213e-06,0.10022463773067054
5799,266.0,0.0,14.103216857490002,3.683638582114377e-06,0.10022476661336506
5800,266.0,0.0,14.103225923862807,3.6836456862940438e-06,0.10022489547409233
5801,266.0,0.0,14.103234988684754,3.6836527892676236e-06,0.10022502431285996
5802,266.0,0.0,14.10324405195637,3.6836598910355363e-06,0.10022515312967552
5803,266.0,0.0,14.103253113678193,3.683666991598187e-06,0.10022528192454647
5804,266.0,0.0,14.10326217385075,3.683674090955995e-06,0.1002254106974804
5805,266.0,0.0,14.103271232474572,3.6836811891093653e-06,0.10022553944848472
5806,266.0,0.0,14.103280289550199,3.683688286058714e-06,0.10022566817756706
5807,266.0,0.0,14.103289345078151,3.6836953818044514e-06,0.10022579688473483
5808,266.0,0.0,14.103298399058968,3.6837024763469892e-06,0.10022592556999557
5809,266.0,0.0,14.10330745149317,3.683709569686737e-06,0.10022605423335677
5810,266.0,0.0,14.103316502381304,3.6837166618241086e-06,0.10022618287482601
5811,266.0,0.0,14.103325551723884,3.683723752759514e-06,0.10022631149441072
5812,266.0,0.0,14.103334599521446,3.683730842493363e-06,0.10022644009211833
5813,266.0,0.0,14.103343645774526,3.683737931026067e-06,0.10022656866795637
5814,266.0,0.0,14.103352690483645,3.6837450183580336e-06,0.10022669722193236
5815,266.0,0.0,14.103361733649333,3.683752104489674e-06,0.10022682575405374
5816,266.0,0.0,14.103370775272118,3.6837591894213983e-06,0.10022695426432804
5817,266.0,0.0,14.103379815352532,3.6837662731536147e-06,0.10022708275276254
5818,266.0,0.0,14.103388853891104,3.683773355686736e-06,0.10022721121936497
5819,266.0,0.0,14.10339789088836,3.6837804370211698e-06,0.10022733966414271
5820,266.0,0.0,14.103406926344828,3.6837875171573242e-06,0.10022746808710309
5821,266.0,0.0,14.103415960261033,3.683794596095604e-06,0.10022759648825362
5822,266.0,0.0,14.103424992637503,3.6838016738364232e-06,0.10022772486760181
5823,266.0,0.0,14.10343402347477,3.6838087503801924e-06,0.10022785322515514
5824,266.0,0.0,14.103443052773356,3.6838158257273107e-06,0.10022798156092096
5825,266.0,0.0,14.103452080533788,3.683822899878193e-06,0.10022810987490674
5826,266.0,0.0,14.103461106756592,3.6838299728332425e-06,0.10022823816711993
5827,266.0,0.0,14.103470131442293,3.6838370445928717e-06,0.10022836643756793
5828,266.0,0.0,14.103479154591419,3.6838441151574836e-06,0.10022849468625818
5829,266.0,0.0,14.103488176204488,3.683851184527484e-06,0.10022862291319808
5830,266.0,0.0,14.103497196282039,3.6838582527032882e-06,0.10022875111839519
5831,266.0,0.0,14.103506214824584,3.683865319685289e-06,0.10022887930185666
5832,266.0,0.0,14.103515231832652,3.6838723854739066e-06,0.10022900746359019
5833,266.0,0.0,14.10352424730677,3.6838794500695403e-06,0.10022913560360301
5834,266.0,0.0,14.103533261247454,3.683886513472594e-06,0.10022926372190258
5835,266.0,0.0,14.103542273655236,3.683893575683477e-06,0.10022939181849626
5836,266.0,0.0,14.103551284530637,3.6839006367025945e-06,0.10022951989339147
5837,266.0,0.0,14.103560293874176,3.68390769653035e-06,0.10022964794659563
5838,266.0,0.0,14.103569301686383,3.6839147551671504e-06,0.10022977597811612
5839,266.0,0.0,14.103578307967776,3.683921812613402e-06,0.10022990398796033
5840,266.0,0.0,14.103587312718874,3.6839288688695074e-06,0.10023003197613568
5841,266.0,0.0,14.103596315940212,3.6839359239358723e-06,0.10023015994264944
5842,266.0,0.0,14.103605317632292,3.683942977812894e-06,0.10023028788750903
5843,266.0,0.0,14.10361431779565,3.6839500305009874e-06,0.10023041581072178
5844,266.0,0.0,14.103623316430806,3.6839570820005507e-06,0.10023054371229523
5845,266.0,0.0,14.103632313538276,3.683964132311989e-06,0.10023067159223657
5846,266.0,0.0,14.103641309118581,3.683971181435704e-06,0.10023079945055317
5847,266.0,0.0,14.103650303172248,3.6839782293721023e-06,0.10023092728725255
5848,266.0,0.0,14.10365929569979,3.683985276121584e-06,0.10023105510234188
5849,266.0,0.0,14.10366828670173,3.6839923216845494e-06,0.10023118289582851
5850,266.0,0.0,14.10367727617859,3.683999366061409e-06,0.10023131066771995
5851,266.0,0.0,14.103686264130884,3.6840064092525586e-06,0.10023143841802336
5852,266.0,0.0,14.103695250559134,3.6840134512583997e-06,0.10023156614674614
5853,266.0,0.0,14.103704235463855,3.6840204920793416e-06,0.1002316938538957
5854,266.0,0.0,14.103713218845579,3.684027531715782e-06,0.10023182153947928
5855,266.0,0.0,14.103722200704809,3.68403457016812e-06,0.10023194920350427
5856,266.0,0.0,14.103731181042068,3.6840416074367595e-06,0.10023207684597786
5857,266.0,0.0,14.103740159857876,3.684048643522101e-06,0.1002322044669075
5858,266.0,0.0,14.103749137152747,3.6840556784245477e-06,0.1002323320663005
5859,266.0,0.0,14.103758112927201,3.6840627121444965e-06,0.10023245964416409
5860,266.0,0.0,14.103767087181751,3.6840697446823502e-06,0.10023258720050562
5861,266.0,0.0,14.103776059916921,3.684076776038509e-06,0.10023271473533245
5862,266.0,0.0,14.10378503113322,3.6840838062133735e-06,0.10023284224865177
5863,266.0,0.0,14.103794000831174,3.684090835207346e-06,0.10023296974047101
5864,266.0,0.0,14.103802969011289,3.684097863020821e-06,0.1002330972107973
5865,266.0,0.0,14.103811935674079,3.684104889654199e-06,0.10023322465963805
5866,266.0,0.0,14.103820900820072,3.684111915107884e-06,0.1002333520870005
5867,266.0,0.0,14.103829864449775,3.684118939382271e-06,0.10023347949289188
5868,266.0,0.0,14.1038388265637,3.6841259624777583e-06,0.10023360687731962
5869,266.0,0.0,14.103847787162367,3.684132984394749e-06,0.10023373424029089
5870,266.0,0.0,14.103856746246286,3.6841400051336383e-06,0.1002338615818129
5871,266.0,0.0,14.103865703815979,3.6841470246948265e-06,0.10023398890189303
5872,266.0,0.0,14.103874659871947,3.684154043078708e-06,0.1002341162005385
5873,266.0,0.0,14.103883614414716,3.684161060285687e-06,0.10023424347775657
5874,266.0,0.0,14.103892567444793,3.6841680763161543e-06,0.10023437073355448
5875,266.0,0.0,14.103901518962696,3.6841750911705126e-06,0.10023449796793946
5876,266.0,0.0,14.10391046896893,3.6841821048491566e-06,0.10023462518091884
5877,266.0,0.0,14.103919417464011,3.6841891173524826e-06,0.1002347523724998
5878,266.0,0.0,14.103928364448457,3.6841961286808952e-06,0.10023487954268963
5879,266.0,0.0,14.10393730992277,3.6842031388347797e-06,0.10023500669149546
5880,266.0,0.0,14.103946253887468,3.684210147814536e-06,0.10023513381892457
5881,266.0,0.0,14.103955196343064,3.6842171556205697e-06,0.10023526092498437
5882,266.0,0.0,14.103964137290063,3.6842241622532645e-06,0.10023538800968178
5883,266.0,0.0,14.103973076728982,3.6842311677130238e-06,0.10023551507302425
5884,266.0,0.0,14.103982014660328,3.684238172000241e-06,0.1002356421150189
5885,266.0,0.0,14.103990951084612,3.684245175115311e-06,0.10023576913567296
5886,266.0,0.0,14.103999886002345,3.684252177058629e-06,0.10023589613499362
5887,266.0,0.0,14.10400881941404,3.6842591778305942e-06,0.10023602311298817
5888,266.0,0.0,14.104017751320196,3.684266177431593e-06,0.10023615006966367
5889,266.0,0.0,14.104026681721333,3.684273175862027e-06,0.10023627700502744
5890,266.0,0.0,14.104035610617961,3.6842801731222925e-06,0.10023640391908667
5891,266.0,0.0,14.104044538010584,3.6842871692127785e-06,0.10023653081184852
5892,266.0,0.0,14.104053463899708,3.68429416413388e-06,0.10023665768332016
5893,266.0,0.0,14.104062388285845,3.6843011578859934e-06,0.10023678453350883
5894,266.0,0.0,14.104071311169502,3.68430815046951e-06,0.10023691136242166
5895,266.0,0.0,14.10408023255119,3.684315141884827e-06,0.10023703817006595
5896,266.0,0.0,14.104089152431415,3.6843221321323322e-06,0.10023716495644862
5897,266.0,0.0,14.104098070810684,3.684329121212424e-06,0.10023729172157707
5898,266.0,0.0,14.1041069876895,3.6843361091254892e-06,0.10023741846545836
5899,266.0,0.0,14.104115903068376,3.6843430958719257e-06,0.10023754518809969
5900,266.0,0.0,14.104124816947818,3.6843500814521275e-06,0.10023767188950825
5901,266.0,0.0,14.104133729328328,3.684357065866481e-06,0.10023779856969114
5902,266.0,0.0,14.104142640210418,3.684364049115384e-06,0.10023792522865556
5903,266.0,0.0,14.104151549594585,3.6843710311992225e-06,0.10023805186640855
5904,266.0,0.0,14.104160457481344,3.6843780121183954e-06,0.10023817848295744
5905,266.0,0.0,14.104169363871195,3.6843849918732885e-06,0.10023830507830919
5906,266.0,0.0,14.104178268764647,3.684391970464295e-06,0.10023843165247108
5907,266.0,0.0,14.104187172162197,3.684398947891806e-06,0.10023855820545013
5908,266.0,0.0,14.104196074064355,3.6844059241562112e-06,0.10023868473725352
5909,266.0,0.0,14.104204974471628,3.6844128992579064e-06,0.10023881124788848
5910,266.0,0.0,14.104213873384516,3.684419873197276e-06,0.10023893773736198
5911,266.0,0.0,14.10422277080352,3.6844268459747127e-06,0.1002390642056812
5912,266.0,0.0,14.10423166672915,3.684433817590608e-06,0.10023919065285324
5913,266.0,0.0,14.104240561161909,3.6844407880453497e-06,0.10023931707888521
5914,266.0,0.0,14.104249454102293,3.684447757339328e-06,0.10023944348378425
5915,266.0,0.0,14.10425834555081,3.6844547254729366e-06,0.10023956986755747
5916,266.0,0.0,14.10426723550796,3.684461692446554e-06,0.10023969623021188
5917,266.0,0.0,14.104276123974252,3.684468658260582e-06,0.10023982257175472
5918,266.0,0.0,14.104285010950179,3.684475622915404e-06,0.100239948892193
5919,266.0,0.0,14.104293896436246,3.68448258641141e-06,0.10024007519153386
5920,266.0,0.0,14.104302780432954,3.684489548748985e-06,0.1002402014697843
5921,266.0,0.0,14.104311662940807,3.6844965099285205e-06,0.10024032772695148
5922,266.0,0.0,14.104320543960304,3.684503469950402e-06,0.10024045396304242
5923,266.0,0.0,14.104329423491949,3.684510428815027e-06,0.10024058017806438
5924,266.0,0.0,14.104338301536233,3.684517386522771e-06,0.10024070637202417
5925,266.0,0.0,14.104347178093663,3.684524343074022e-06,0.10024083254492894
5926,266.0,0.0,14.104356053164743,3.68453129846918e-06,0.1002409586967859
5927,266.0,0.0,14.104364926749966,3.684538252708621e-06,0.100241084827602
5928,266.0,0.0,14.104373798849831,3.684545205792734e-06,0.10024121093738424
5929,266.0,0.0,14.104382669464844,3.684552157721909e-06,0.1002413370261398
5930,266.0,0.0,14.104391538595495,3.684559108496531e-06,0.10024146309387567
5931,266.0,0.0,14.104400406242284,3.68456605811698e-06,0.10024158914059883
5932,266.0,0.0,14.104409272405722,3.684573006583655e-06,0.10024171516631651
5933,266.0,0.0,14.104418137086295,3.684579953896935e-06,0.10024184117103564
5934,266.0,0.0,14.1044270002845,3.6845869000572037e-06,0.10024196715476319
5935,266.0,0.0,14.10443586200084,3.6845938450648512e-06,0.10024209311750631
5936,266.0,0.0,14.104444722235815,3.6846007889202612e-06,0.10024221905927196
5937,266.0,0.0,14.104453580989915,3.684607731623817e-06,0.10024234498006722
5938,266.0,0.0,14.104462438263639,3.6846146731759076e-06,0.10024247087989906
5939,266.0,0.0,14.104471294057486,3.6846216135769143e-06,0.10024259675877455
5940,266.0,0.0,14.104480148371952,3.684628552827225e-06,0.10024272261670067
5941,266.0,0.0,14.104489001207531,3.6846354909272203e-06,0.10024284845368442
5942,266.0,0.0,14.104497852564725,3.6846424278772903e-06,0.10024297426973296
5943,266.0,0.0,14.104506702444018,3.6846493636778134e-06,0.10024310006485306
5944,266.0,0.0,14.104515550845912,3.684656298329173e-06,0.10024322583905179
5945,266.0,0.0,14.104524397770906,3.68466323183176e-06,0.10024335159233633
5946,266.0,0.0,14.104533243219493,3.6846701641859507e-06,0.10024347732471345
5947,266.0,0.0,14.104542087192167,3.684677095392134e-06,0.1002436030361903
5948,266.0,0.0,14.104550929689415,3.6846840254506876e-06,0.10024372872677373
5949,266.0,0.0,14.104559770711745,3.6846909543619987e-06,0.10024385439647086
5950,266.0,0.0,14.104568610259633,3.684697882126445e-06,0.10024398004528853
5951,266.0,0.0,14.104577448333593,3.684704808744415e-06,0.10024410567323386
5952,266.0,0.0,14.104586284934108,3.6847117342162916e-06,0.10024423128031376
5953,266.0,0.0,14.104595120061667,3.684718658542448e-06,0.10024435686653516
5954,266.0,0.0,14.104603953716774,3.6847255817232776e-06,0.10024448243190515
5955,266.0,0.0,14.104612785899914,3.684732503759156e-06,0.10024460797643053
5956,266.0,0.0,14.10462161661158,3.6847394246504628e-06,0.10024473350011838
5957,266.0,0.0,14.104630445852266,3.6847463443975854e-06,0.10024485900297563
5958,266.0,0.0,14.10463927362246,3.684753263000898e-06,0.10024498448500917
5959,266.0,0.0,14.104648099922658,3.684760180460787e-06,0.100245109946226
5960,266.0,0.0,14.104656924753353,3.684767096777634e-06,0.10024523538663313
5961,266.0,0.0,14.10466574811503,3.6847740119518153e-06,0.10024536080623743
5962,266.0,0.0,14.10467457000819,3.6847809259837144e-06,0.10024548620504582
5963,266.0,0.0,14.104683390433312,3.6847878388737102e-06,0.10024561158306532
5964,266.0,0.0,14.104692209390889,3.684794750622181e-06,0.10024573694030277
5965,266.0,0.0,14.10470102688142,3.6848016612295144e-06,0.10024586227676519
5966,266.0,0.0,14.10470984290539,3.684808570696084e-06,0.10024598759245947
5967,266.0,0.0,14.104718657463282,3.6848154790222653e-06,0.10024611288739242
5968,266.0,0.0,14.104727470555593,3.6848223862084467e-06,0.10024623816157112
5969,266.0,0.0,14.104736282182815,3.6848292922549995e-06,0.10024636341500241
5970,266.0,0.0,14.104745092345425,3.684836197162308e-06,0.10024648864769323
5971,266.0,0.0,14.104753901043923,3.68484310093075e-06,0.10024661385965049
5972,266.0,0.0,14.104762708278793,3.6848500035607007e-06,0.10024673905088106
5973,266.0,0.0,14.104771514050526,3.6848569050525435e-06,0.10024686422139185
5974,266.0,0.0,14.104780318359605,3.684863805406654e-06,0.10024698937118977
5975,266.0,0.0,14.10478912120652,3.6848707046234058e-06,0.10024711450028169
5976,266.0,0.0,14.104797922591763,3.684877602703185e-06,0.10024723960867457
5977,266.0,0.0,14.104806722515814,3.684884499646365e-06,0.10024736469637524
5978,266.0,0.0,14.104815520979168,3.6848913954533243e-06,0.1002474897633906
5979,266.0,0.0,14.104824317982304,3.684898290124439e-06,0.10024761480972752
5980,266.0,0.0,14.104833113525713,3.6849051836600855e-06,0.10024773983539287
5981,266.0,0.0,14.10484190760988,3.6849120760606436e-06,0.10024786484039357
5982,266.0,0.0,14.104850700235293,3.6849189673264875e-06,0.10024798982473644
5983,266.0,0.0,14.104859491402433,3.6849258574579917e-06,0.10024811478842835
5984,266.0,0.0,14.10486828111179,3.684932746455539e-06,0.10024823973147622
5985,266.0,0.0,14.104877069363848,3.6849396343195013e-06,0.10024836465388685
5986,266.0,0.0,14.10488585615909,3.6849465210502517e-06,0.10024848955566706
5987,266.0,0.0,14.104894641498007,3.6849534066481734e-06,0.10024861443682388
5988,266.0,0.0,14.10490342538108,3.6849602911136358e-06,0.10024873929736396
5989,266.0,0.0,14.104912207808788,3.6849671744470123e-06,0.10024886413729417
5990,266.0,0.0,14.104920988781624,3.6849740566486885e-06,0.10024898895662152
5991,266.0,0.0,14.10492976830007,3.684980937719031e-06,0.1002491137553527
5992,266.0,0.0,14.104938546364599,3.684987817658415e-06,0.10024923853349454
5993,266.0,0.0,14.104947322975708,3.6849946964672163e-06,0.10024936329105398
5994,266.0,0.0,14.104956098133878,3.685001574145814e-06,0.10024948802803779
5995,266.0,0.0,14.104964871839588,3.6850084506945723e-06,0.10024961274445272
5996,266.0,0.0,14.10497364409332,3.6850153261138723e-06,0.10024973744030569
5997,266.0,0.0,14.10498241489556,3.6850222004040893e-06,0.10024986211560356
5998,266.0,0.0,14.104991184246787,3.6850290735655916e-06,0.10024998677035304
5999,266.0,0.0,14.104999952147484,3.685035945598759e-06,0.100250111404561
6000,266.0,0.0,14.105008718598135,3.685042816503956e-06,0.10025023601823416
6001,266.0,0.0,14.105017483599218,3.6850496862815655e-06,0.10025036061137946
6002,266.0,0.0,14.105026247151212,3.685056554931951e-06,0.1002504851840036
6003,266.0,0.0,14.105035009254609,3.685063422455496e-06,0.10025060973611354
6004,266.0,0.0,14.105043769909884,3.6850702888525652e-06,0.10025073426771587
6005,266.0,0.0,14.105052529117508,3.6850771541235296e-06,0.10025085877881744
6006,266.0,0.0,14.10506128687797,3.6850840182687677e-06,0.10025098326942505
6007,266.0,0.0,14.105070043191754,3.6850908812886484e-06,0.10025110773954558
6008,266.0,0.0,14.105078798059333,3.685097743183543e-06,0.10025123218918568
6009,266.0,0.0,14.105087551481189,3.685104603953826e-06,0.10025135661835222
6010,266.0,0.0,14.105096303457803,3.685111463599864e-06,0.10025148102705188
6011,266.0,0.0,14.10510505398965,3.685118322122035e-06,0.10025160541529157
6012,266.0,0.0,14.105113803077208,3.6851251795207013e-06,0.10025172978307788
6013,266.0,0.0,14.10512255072096,3.68513203579624e-06,0.10025185413041772
6014,266.0,0.0,14.105131296921387,3.685138890949021e-06,0.10025197845731777
6015,266.0,0.0,14.105140041678961,3.6851457449794145e-06,0.10025210276378485
6016,266.0,0.0,14.105148784994162,3.685152597887793e-06,0.10025222704982574
6017,266.0,0.0,14.105157526867467,3.6851594496745208e-06,0.10025235131544706
6018,266.0,0.0,14.105166267299353,3.685166300339974e-06,0.1002524755606557
6019,266.0,0.0,14.1051750062903,3.6851731498845186e-06,0.1002525997854583
6020,266.0,0.0,14.105183743840785,3.6851799983085266e-06,0.10025272398986165
6021,266.0,0.0,14.105192479951283,3.685186845612367e-06,0.10025284817387255
6022,266.0,0.0,14.105201214622266,3.6851936917964075e-06,0.1002529723374976
6023,266.0,0.0,14.105209947854215,3.6852005368610163e-06,0.10025309648074358
6024,266.0,0.0,14.105218679647606,3.6852073808065647e-06,0.10025322060361723
6025,266.0,0.0,14.105227410002918,3.685214223633425e-06,0.10025334470612536
6026,266.0,0.0,14.105236138920619,3.6852210653419565e-06,0.10025346878827456
6027,266.0,0.0,14.105244866401186,3.6852279059325344e-06,0.1002535928500716
6028,266.0,0.0,14.1052535924451,3.6852347454055243e-06,0.10025371689152318
6029,266.0,0.0,14.105262317052834,3.685241583761298e-06,0.10025384091263612
6030,266.0,0.0,14.105271040224856,3.6852484210002174e-06,0.10025396491341694
6031,266.0,0.0,14.105279761961649,3.685255257122655e-06,0.1002540888938725
6032,266.0,0.0,14.10528848226368,3.6852620921289746e-06,0.10025421285400941
6033,266.0,0.0,14.105297201131423,3.6852689260195434e-06,0.1002543367938344
6034,266.0,0.0,14.105305918565358,3.6852757587947342e-06,0.1002544607133542
6035,266.0,0.0,14.105314634565957,3.6852825904549074e-06,0.10025458461257541
6036,266.0,0.0,14.105323349133688,3.6852894210004334e-06,0.10025470849150486
6037,266.0,0.0,14.105332062269028,3.6852962504316787e-06,0.10025483235014908
6038,266.0,0.0,14.105340773972452,3.685303078749008e-06,0.1002549561885149
6039,266.0,0.0,14.105349484244424,3.6853099059527837e-06,0.10025508000660883
6040,266.0,0.0,14.105358193085422,3.6853167320433785e-06,0.10025520380443768
6041,266.0,0.0,14.105366900495918,3.6853235570211575e-06,0.10025532758200811
6042,266.0,0.0,14.105375606476386,3.6853303808864833e-06,0.1002554513393267
6043,266.0,0.0,14.105384311027288,3.6853372036397204e-06,0.10025557507640018
6044,266.0,0.0,14.105393014149112,3.6853440252812412e-06,0.10025569879323525
6045,266.0,0.0,14.105401715842309,3.685350845811401e-06,0.1002558224898385
6046,266.0,0.0,14.105410416107366,3.6853576652305746e-06,0.10025594616621666
6047,266.0,0.0,14.105419114944745,3.6853644835391173e-06,0.10025606982237623
6048,266.0,0.0,14.105427812354922,3.6853713007373998e-06,0.10025619345832404
6049,266.0,0.0,14.105436508338357,3.6853781168257827e-06,0.10025631707406657
6050,266.0,0.0,14.10544520289553,3.6853849318046334e-06,0.10025644066961058
6051,266.0,0.0,14.10545389602691,3.685391745674314e-06,0.1002565642449627
6052,266.0,0.0,14.10546258773296,3.6853985584351886e-06,0.10025668780012953
6053,266.0,0.0,14.105471278014155,3.6854053700876214e-06,0.10025681133511768
6054,266.0,0.0,14.105479966870963,3.6854121806319794e-06,0.1002569348499339
6055,266.0,0.0,14.105488654303855,3.68541899006862e-06,0.1002570583445847
6056,266.0,0.0,14.105497340313292,3.6854257983979074e-06,0.10025718181907671
6057,266.0,0.0,14.105506024899746,3.685432605620206e-06,0.1002573052734166
6058,266.0,0.0,14.105514708063687,3.6854394117358775e-06,0.10025742870761088
6059,266.0,0.0,14.105523389805581,3.6854462167452863e-06,0.10025755212166633
6060,266.0,0.0,14.105532070125893,3.685453020648793e-06,0.1002576755155894
6061,266.0,0.0,14.1055407490251,3.6854598234467618e-06,0.10025779888938682
6062,266.0,0.0,14.10554942650366,3.685466625139553e-06,0.10025792224306514
6063,266.0,0.0,14.105558102562037,3.6854734257275257e-06,0.10025804557663087
6064,266.0,0.0,14.105566777200709,3.6854802252110466e-06,0.10025816889009076
6065,266.0,0.0,14.105575450420138,3.685487023590477e-06,0.10025829218345134
6066,266.0,0.0,14.105584122220785,3.6854938208661756e-06,0.10025841545671921
6067,266.0,0.0,14.105592792603117,3.6855006170385007e-06,0.10025853870990087
6068,266.0,0.0,14.105601461567609,3.6855074121078217e-06,0.10025866194300308
6069,266.0,0.0,14.105610129114714,3.6855142060744938e-06,0.10025878515603226
6070,266.0,0.0,14.105618795244904,3.685520998938878e-06,0.10025890834899502
6071,266.0,0.0,14.105627459958646,3.685527790701332e-06,0.10025903152189794
6072,266.0,0.0,14.105636123256403,3.685534581362227e-06,0.10025915467474775
6073,266.0,0.0,14.105644785138633,3.6855413709219103e-06,0.10025927780755078
6074,266.0,0.0,14.105653445605808,3.6855481593807464e-06,0.10025940092031367
6075,266.0,0.0,14.105662104658396,3.6855549467391e-06,0.10025952401304306
6076,266.0,0.0,14.105670762296848,3.6855617329973203e-06,0.10025964708574538
6077,266.0,0.0,14.105679418521635,3.685568518155777e-06,0.10025977013842731
6078,266.0,0.0,14.105688073333225,3.685575302214822e-06,0.1002598931710953
6079,266.0,0.0,14.105696726732072,3.685582085174817e-06,0.10026001618375596
6080,266.0,0.0,14.105705378718643,3.6855888670361237e-06,0.10026013917641581
6081,266.0,0.0,14.105714029293404,3.6855956477990963e-06,0.10026026214908144
6082,266.0,0.0,14.10572267845681,3.6856024274640956e-06,0.10026038510175933
6083,266.0,0.0,14.105731326209334,3.6856092060314767e-06,0.10026050803445594
6084,266.0,0.0,14.105739972551428,3.685615983501605e-06,0.10026063094717799
6085,266.0,0.0,14.10574861748356,3.68562275987483e-06,0.10026075383993192
6086,266.0,0.0,14.10575726100619,3.6856295351515177e-06,0.10026087671272424
6087,266.0,0.0,14.105765903119776,3.6856363093320177e-06,0.10026099956556143
6088,266.0,0.0,14.105774543824781,3.685643082416691e-06,0.10026112239845007
6089,266.0,0.0,14.10578318312167,3.685649854405897e-06,0.1002612452113967
6090,266.0,0.0,14.1057918210109,3.68565662529999e-06,0.10026136800440782
6091,266.0,0.0,14.105800457492931,3.685663395099328e-06,0.10026149077748983
6092,266.0,0.0,14.105809092568228,3.6856701638042684e-06,0.10026161353064941
6093,266.0,0.0,14.105817726237243,3.685676931415164e-06,0.10026173626389291
6094,266.0,0.0,14.105826358500444,3.6856836979323776e-06,0.10026185897722695
6095,266.0,0.0,14.105834989358284,3.685690463356258e-06,0.10026198167065792
6096,266.0,0.0,14.105843618811225,3.6856972276871673e-06,0.10026210434419239
6097,266.0,0.0,14.10585224685973,3.6857039909254585e-06,0.10026222699783682
6098,266.0,0.0,14.105860873504252,3.6857107530714892e-06,0.10026234963159772
6099,266.0,0.0,14.105869498745253,3.685717514125615e-06,0.10026247224548157
6100,266.0,0.0,14.10587812258319,3.6857242740881858e-06,0.1002625948394948
6101,266.0,0.0,14.10588674501852,3.685731032959561e-06,0.1002627174136439
6102,266.0,0.0,14.105895366051705,3.6857377907400974e-06,0.10026283996793545
6103,266.0,0.0,14.105903985683199,3.6857445474301467e-06,0.10026296250237579
6104,266.0,0.0,14.105912603913456,3.6857513030300637e-06,0.1002630850169714
6105,266.0,0.0,14.105921220742946,3.685758057540206e-06,0.10026320751172886
6106,266.0,0.0,14.105929836172118,3.6857648109609262e-06,0.10026332998665456
6107,266.0,0.0,14.105938450201426,3.6857715632925777e-06,0.10026345244175493
6108,266.0,0.0,14.105947062831333,3.6857783145355123e-06,0.10026357487703642
6109,266.0,0.0,14.105955674062288,3.6857850646900874e-06,0.10026369729250552
6110,266.0,0.0,14.105964283894759,3.6857918137566577e-06,0.10026381968816872
6111,266.0,0.0,14.10597289232919,3.6857985617355737e-06,0.1002639420640324
6112,266.0,0.0,14.105981499366042,3.6858053086271865e-06,0.10026406442010295
6113,266.0,0.0,14.105990105005768,3.6858120544318515e-06,0.10026418675638692
6114,266.0,0.0,14.105998709248828,3.685818799149924e-06,0.10026430907289068
6115,266.0,0.0,14.106007312095675,3.685825542781758e-06,0.10026443136962082
6116,266.0,0.0,14.10601591354676,3.6858322853276997e-06,0.10026455364658352
6117,266.0,0.0,14.106024513602545,3.685839026788104e-06,0.10026467590378534
6118,266.0,0.0,14.106033112263477,3.685845767163326e-06,0.10026479814123268
6119,266.0,0.0,14.106041709530016,3.6858525064537145e-06,0.10026492035893202
6120,266.0,0.0,14.10605030540261,3.685859244659619e-06,0.10026504255688963
6121,266.0,0.0,14.106058899881722,3.685865981781401e-06,0.10026516473511213
6122,266.0,0.0,14.106067492967798,3.6858727178194038e-06,0.10026528689360582
6123,266.0,0.0,14.10607608466129,3.6858794527739786e-06,0.10026540903237703
6124,266.0,0.0,14.106084674962657,3.685886186645482e-06,0.10026553115143234
6125,266.0,0.0,14.106093263872353,3.6858929194342628e-06,0.10026565325077805
6126,266.0,0.0,14.10610185139082,3.685899651140667e-06,0.10026577533042053
6127,266.0,0.0,14.10611043751852,3.68590638176505e-06,0.1002658973903662
6128,266.0,0.0,14.106119022255903,3.6859131113077605e-06,0.10026601943062145
6129,266.0,0.0,14.106127605603417,3.685919839769149e-06,0.10026614145119273
6130,266.0,0.0,14.106136187561523,3.6859265671495713e-06,0.1002662634520864
6131,266.0,0.0,14.106144768130667,3.68593329344937e-06,0.10026638543330885
6132,266.0,0.0,14.106153347311295,3.685940018668896e-06,0.10026650739486634
6133,266.0,0.0,14.10616192510387,3.6859467428085024e-06,0.1002666293367654
6134,266.0,0.0,14.10617050150883,3.6859534658685357e-06,0.10026675125901234
6135,266.0,0.0,14.106179076526635,3.685960187849348e-06,0.10026687316161356
6136,266.0,0.0,14.106187650157732,3.6859669087512837e-06,0.10026699504457535
6137,266.0,0.0,14.106196222402568,3.6859736285746975e-06,0.10026711690790417
6138,266.0,0.0,14.106204793261604,3.6859803473199353e-06,0.10026723875160637
6139,266.0,0.0,14.106213362735277,3.6859870649873465e-06,0.10026736057568827
6140,266.0,0.0,14.106221930824045,3.6859937815772764e-06,0.1002674823801562
6141,266.0,0.0,14.106230497528353,3.6860004970900772e-06,0.10026760416501654
6142,266.0,0.0,14.106239062848648,3.686007211526095e-06,0.10026772593027569
6143,266.0,0.0,14.106247626785386,3.6860139248856806e-06,0.1002678476759399
6144,266.0,0.0,14.10625618933901,3.6860206371691776e-06,0.10026796940201561
6145,266.0,0.0,14.106264750509975,3.6860273483769394e-06,0.10026809110850915
6146,266.0,0.0,14.106273310298725,3.6860340585093065e-06,0.10026821279542675
6147,266.0,0.0,14.1062818687057,3.6860407675666296e-06,0.10026833446277485
6148,266.0,0.0,14.106290425731363,3.6860474755492567e-06,0.10026845611055975
6149,266.0,0.0,14.10629898137615,3.6860541824575335e-06,0.10026857773878775
6150,266.0,0.0,14.106307535640518,3.6860608882918072e-06,0.10026869934746525
6151,266.0,0.0,14.106316088524904,3.6860675930524257e-06,0.10026882093659847
6152,266.0,0.0,14.106324640029761,3.6860742967397313e-06,0.10026894250619378
6153,266.0,0.0,14.106333190155539,3.6860809993540745e-06,0.10026906405625755
6154,266.0,0.0,14.10634173890268,3.6860877008958043e-06,0.10026918558679604
6155,266.0,0.0,14.106350286271622,3.686094401365253e-06,0.10026930709781544
6156,266.0,0.0,14.106358832262828,3.6861011007627823e-06,0.1002694285893223
6157,266.0,0.0,14.106367376876728,3.6861077990887273e-06,0.10026955006132268
6158,266.0,0.0,14.10637592011378,3.686114496343442e-06,0.10026967151382313
6159,266.0,0.0,14.106384461974429,3.6861211925272665e-06,0.10026979294682978
6160,266.0,0.0,14.106393002459107,3.6861278876405435e-06,0.10026991436034885
6161,266.0,0.0,14.106401541568271,3.686134581683621e-06,0.1002700357543868
6162,266.0,0.0,14.106410079302362,3.686141274656844e-06,0.10027015712894986
6163,266.0,0.0,14.106418615661829,3.686147966560559e-06,0.10027027848404434
6164,266.0,0.0,14.106427150647109,3.686154657395104e-06,0.1002703998196764
6165,266.0,0.0,14.10643568425865,3.68616134716083e-06,0.10027052113585248
6166,266.0,0.0,14.106444216496897,3.686168035858081e-06,0.1002706424325788
6167,266.0,0.0,14.10645274736229,3.6861747234871954e-06,0.10027076370986163
6168,266.0,0.0,14.106461276855276,3.68618141004852e-06,0.10027088496770711
6169,266.0,0.0,14.106469804976296,3.6861880955424006e-06,0.10027100620612174
6170,266.0,0.0,14.106478331725794,3.686194779969178e-06,0.10027112742511164
6171,266.0,0.0,14.106486857104212,3.6862014633291916e-06,0.10027124862468303
6172,266.0,0.0,14.106495381112,3.6862081456227956e-06,0.10027136980484239
6173,266.0,0.0,14.106503903749585,3.68621482685032e-06,0.10027149096559564
6174,266.0,0.0,14.106512425017426,3.68622150701212e-06,0.10027161210694936
6175,266.0,0.0,14.106520944915953,3.6862281861085273e-06,0.10027173322890955
6176,266.0,0.0,14.106529463445614,3.6862348641398915e-06,0.10027185433148258
6177,266.0,0.0,14.106537980606847,3.6862415411065527e-06,0.10027197541467471
6178,266.0,0.0,14.106546496400098,3.6862482170088513e-06,0.10027209647849207
6179,266.0,0.0,14.106555010825799,3.6862548918471296e-06,0.10027221752294097
6180,266.0,0.0,14.106563523884402,3.6862615656217323e-06,0.10027233854802761
6181,266.0,0.0,14.106572035576342,3.686268238332998e-06,0.10027245955375828
6182,266.0,0.0,14.106580545902055,3.6862749099812683e-06,0.10027258054013914
6183,266.0,0.0,14.106589054861995,3.6862815805668894e-06,0.10027270150717653
6184,266.0,0.0,14.10659756245659,3.686288250090198e-06,0.10027282245487658
6185,266.0,0.0,14.106606068686283,3.6862949185515347e-06,0.10027294338324545
6186,266.0,0.0,14.10661457355151,3.6863015859512395e-06,0.1002730642922894
6187,266.0,0.0,14.106623077052719,3.686308252289654e-06,0.10027318518201468
6188,266.0,0.0,14.106631579190342,3.6863149175671207e-06,0.1002733060524275
6189,266.0,0.0,14.106640079964828,3.686321581783984e-06,0.10027342690353415
6190,266.0,0.0,14.106648579376603,3.6863282449405735e-06,0.10027354773534061
6191,266.0,0.0,14.10665707742611,3.686334907037233e-06,0.10027366854785319
6192,266.0,0.0,14.10666557411379,3.6863415680743053e-06,0.10027378934107814
6193,266.0,0.0,14.106674069440079,3.686348228052129e-06,0.10027391011502158
6194,266.0,0.0,14.106682563405416,3.686354886971041e-06,0.10027403086968975
6195,266.0,0.0,14.106691056010243,3.6863615448313872e-06,0.10027415160508887
6196,266.0,0.0,14.106699547254983,3.6863682016334965e-06,0.100274272321225
6197,266.0,0.0,14.10670803714009,3.6863748573777184e-06,0.10027439301810444
6198,266.0,0.0,14.106716525665991,3.6863815120643824e-06,0.10027451369573331
6199,266.0,0.0,14.106725012833127,3.6863881656938345e-06,0.1002746343541178
6200,266.0,0.0,14.106733498641935,3.6863948182664084e-06,0.10027475499326406
6201,266.0,0.0,14.106741983092851,3.6864014697824472e-06,0.1002748756131784
6202,266.0,0.0,14.106750466186313,3.686408120242286e-06,0.10027499621386682
6203,266.0,0.0,14.106758947922748,3.686414769646261e-06,0.10027511679533548
6204,266.0,0.0,14.106767428302602,3.6864214179947136e-06,0.10027523735759063
6205,266.0,0.0,14.106775907326305,3.6864280652879794e-06,0.10027535790063845
6206,266.0,0.0,14.106784384994297,3.686434711526396e-06,0.10027547842448499
6207,266.0,0.0,14.10679286130701,3.686441356710303e-06,0.10027559892913647
6208,266.0,0.0,14.106801336264882,3.6864480008400356e-06,0.10027571941459903
6209,266.0,0.0,14.106809809868338,3.686454643915925e-06,0.10027583988087874
6210,266.0,0.0,14.106818282117827,3.6864612859383226e-06,0.10027596032798192
6211,266.0,0.0,14.106826753013772,3.686467926907552e-06,0.10027608075591457
6212,266.0,0.0,14.106835222556617,3.686474566823957e-06,0.10027620116468286
6213,266.0,0.0,14.106843690746782,3.6864812056878667e-06,0.1002763215542929
6214,266.0,0.0,14.106852157584719,3.686487843499629e-06,0.10027644192475091
6215,266.0,0.0,14.106860623070844,3.686494480259569e-06,0.10027656227606291
6216,266.0,0.0,14.106869087205606,3.6865011159680296e-06,0.10027668260823515
6217,266.0,0.0,14.106877549989424,3.686507750625339e-06,0.1002768029212736
6218,266.0,0.0,14.106886011422741,3.686514384231842e-06,0.10027692321518451
6219,266.0,0.0,14.106894471505981,3.686521016787866e-06,0.10027704348997392
6220,266.0,0.0,14.106902930239585,3.6865276482937503e-06,0.10027716374564798
6221,266.0,0.0,14.106911387623983,3.686534278749832e-06,0.10027728398221278
6222,266.0,0.0,14.106919843659604,3.68654090815644e-06,0.10027740419967444
6223,266.0,0.0,14.106928298346878,3.686547536513912e-06,0.10027752439803897
6224,266.0,0.0,14.106936751686247,3.686554163822589e-06,0.10027764457731278
6225,266.0,0.0,14.106945203678132,3.6865607900827956e-06,0.10027776473750159
6226,266.0,0.0,14.106953654322966,3.686567415294866e-06,0.10027788487861168
6227,266.0,0.0,14.106962103621186,3.6865740394591435e-06,0.10027800500064915
6228,266.0,0.0,14.106970551573216,3.6865806625759565e-06,0.10027812510362005
6229,266.0,0.0,14.106978998179493,3.686587284645642e-06,0.10027824518753059
6230,266.0,0.0,14.106987443440442,3.6865939056685265e-06,0.10027836525238663
6231,266.0,0.0,14.10699588735649,3.6866005256449467e-06,0.1002784852981944
6232,266.0,0.0,14.107004329928078,3.686607144575241e-06,0.10027860532495994
6233,266.0,0.0,14.107012771155626,3.686613762459738e-06,0.10027872533268938
6234,266.0,0.0,14.10702121103957,3.6866203792987704e-06,0.10027884532138867
6235,266.0,0.0,14.107029649580339,3.6866269950926736e-06,0.10027896529106405
6236,266.0,0.0,14.107038086778356,3.6866336098417786e-06,0.10027908524172144
6237,266.0,0.0,14.107046522634054,3.686640223546417e-06,0.10027920517336701
6238,266.0,0.0,14.107054957147863,3.686646836206922e-06,0.10027932508600668
6239,266.0,0.0,14.10706339032021,3.6866534478236286e-06,0.10027944497964666
6240,266.0,0.0,14.107071822151523,3.686660058396864e-06,0.10027956485429296
6241,266.0,0.0,14.107080252642232,3.686666667926964e-06,0.10027968470995159
6242,266.0,0.0,14.107088681792764,3.6866732764142595e-06,0.10027980454662867
6243,266.0,0.0,14.107097109603549,3.686679883859082e-06,0.10027992436433018
6244,266.0,0.0,14.107105536075007,3.6866864902617596e-06,0.10028004416306219
6245,266.0,0.0,14.107113961207576,3.6866930956226305e-06,0.1002801639428308
6246,266.0,0.0,14.10712238500167,3.6866996999420155e-06,0.10028028370364184
6247,266.0,0.0,14.107130807457725,3.6867063032202556e-06,0.10028040344550161
6248,266.0,0.0,14.10713922857617,3.6867129054576776e-06,0.10028052316841597
6249,266.0,0.0,14.107147648357426,3.686719506654614e-06,0.1002806428723911
6250,266.0,0.0,14.107156066801922,3.686726106811391e-06,0.10028076255743289
6251,266.0,0.0,14.107164483910083,3.6867327059283423e-06,0.10028088222354735
6252,266.0,0.0,14.107172899682332,3.6867393040057976e-06,0.10028100187074063
6253,266.0,0.0,14.107181314119096,3.6867459010440857e-06,0.10028112149901865
6254,266.0,0.0,14.107189727220806,3.686752497043537e-06,0.10028124110838742
6255,266.0,0.0,14.107198138987886,3.686759092004487e-06,0.1002813606988531
6256,266.0,0.0,14.107206549420757,3.6867656859272537e-06,0.10028148027042147
6257,266.0,0.0,14.107214958519844,3.6867722788121725e-06,0.10028159982309869
6258,266.0,0.0,14.107223366285568,3.6867788706595738e-06,0.10028171935689063
6259,266.0,0.0,14.107231772718368,3.686785461469787e-06,0.10028183887180354
6260,266.0,0.0,14.107240177818651,3.6867920512431383e-06,0.1002819583678432
6261,266.0,0.0,14.107248581586852,3.6867986399799572e-06,0.10028207784501567
6262,266.0,0.0,14.107256984023394,3.6868052276805745e-06,0.10028219730332695
6263,266.0,0.0,14.107265385128695,3.686811814345316e-06,0.10028231674278301
6264,266.0,0.0,14.107273784903182,3.6868183999745105e-06,0.10028243616338986
6265,266.0,0.0,14.107282183347278,3.6868249845684853e-06,0.1002825555651534
6266,266.0,0.0,14.107290580461408,3.686831568127571e-06,0.10028267494807977
6267,266.0,0.0,14.107298976245996,3.6868381506520956e-06,0.10028279431217484
6268,266.0,0.0,14.107307370701458,3.686844732142383e-06,0.10028291365744456
6269,266.0,0.0,14.10731576382822,3.686851312598764e-06,0.10028303298389504
6270,266.0,0.0,14.107324155626705,3.6868578920215663e-06,0.1002831522915321
6271,266.0,0.0,14.107332546097332,3.686864470411111e-06,0.10028327158036172
6272,266.0,0.0,14.107340935240527,3.686871047767734e-06,0.10028339085039001
6273,266.0,0.0,14.107349323056711,3.686877624091755e-06,0.10028351010162273
6274,266.0,0.0,14.107357709546303,3.686884199383504e-06,0.10028362933406594
6275,266.0,0.0,14.107366094709723,3.6868907736433055e-06,0.10028374854772562
6276,266.0,0.0,14.107374478547401,3.686897346871492e-06,0.10028386774260772
6277,266.0,0.0,14.107382861059751,3.686903919068385e-06,0.10028398691871818
6278,266.0,0.0,14.10739124224719,3.6869104902343087e-06,0.10028410607606288
6279,266.0,0.0,14.107399622110144,3.686917060369592e-06,0.10028422521464783
6280,266.0,0.0,14.107408000649032,3.68692362947456e-06,0.10028434433447898
6281,266.0,0.0,14.10741637786427,3.686930197549537e-06,0.10028446343556217
6282,266.0,0.0,14.107424753756288,3.68693676459485e-06,0.10028458251790347
6283,266.0,0.0,14.107433128325496,3.6869433306108243e-06,0.10028470158150872
6284,266.0,0.0,14.107441501572316,3.686949895597786e-06,0.10028482062638393
6285,266.0,0.0,14.10744987349717,3.686956459556058e-06,0.10028493965253492
6286,266.0,0.0,14.107458244100474,3.6869630224859677e-06,0.10028505865996773
6287,266.0,0.0,14.107466613382648,3.686969584387835e-06,0.10028517764868816
6288,266.0,0.0,14.107474981344112,3.68697614526199e-06,0.10028529661870225
6289,266.0,0.0,14.10748334798528,3.6869827051087547e-06,0.10028541557001582
6290,266.0,0.0,14.107491713306576,3.6869892639284516e-06,0.10028553450263486
6291,266.0,0.0,14.107500077308414,3.6869958217214074e-06,0.10028565341656519
6292,266.0,0.0,14.107508439991214,3.6870023784879473e-06,0.10028577231181283
6293,266.0,0.0,14.107516801355393,3.687008934228393e-06,0.10028589118838363
6294,266.0,0.0,14.107525161401366,3.687015488943066e-06,0.10028601004628342
6295,266.0,0.0,14.107533520129554,3.6870220426322933e-06,0.10028612888551819
6296,266.0,0.0,14.107541877540372,3.6870285952963964e-06,0.10028624770609383
6297,266.0,0.0,14.107550233634235,3.6870351469356955e-06,0.10028636650801613
6298,266.0,0.0,14.107558588411568,3.687041697550524e-06,0.10028648529129117
6299,266.0,0.0,14.107566941872776,3.6870482471411943e-06,0.10028660405592468
6300,266.0,0.0,14.107575294018284,3.687054795708032e-06,0.10028672280192259
6301,266.0,0.0,14.1075836448485,3.687061343251359e-06,0.10028684152929075
6302,266.0,0.0,14.107591994363847,3.687067889771501e-06,0.10028696023803516
6303,266.0,0.0,14.107600342564742,3.6870744352687804e-06,0.10028707892816163
6304,266.0,0.0,14.107608689451592,3.6870809797435115e-06,0.10028719759967589
6305,266.0,0.0,14.107617035024822,3.687087523196029e-06,0.10028731625258407
6306,266.0,0.0,14.10762537928484,3.6870940656266445e-06,0.1002874348868919
6307,266.0,0.0,14.107633722232062,3.6871006070356817e-06,0.10028755350260521
6308,266.0,0.0,14.107642063866903,3.6871071474234623e-06,0.10028767209972987
6309,266.0,0.0,14.107650404189778,3.687113686790308e-06,0.10028779067827179
6310,266.0,0.0,14.107658743201103,3.687120225136543e-06,0.10028790923823684
6311,266.0,0.0,14.10766708090129,3.687126762462487e-06,0.10028802777963085
6312,266.0,0.0,14.107675417290753,3.6871332987684542e-06,0.10028814630245964
6313,266.0,0.0,14.107683752369908,3.6871398340547748e-06,0.1002882648067291
6314,266.0,0.0,14.107692086139165,3.687146368321766e-06,0.10028838329244505
6315,266.0,0.0,14.10770041859894,3.687152901569746e-06,0.10028850175961337
6316,266.0,0.0,14.107708749749648,3.687159433799038e-06,0.10028862020823986
6317,266.0,0.0,14.107717079591696,3.6871659650099587e-06,0.10028873863833042
6318,266.0,0.0,14.107725408125498,3.6871724952028325e-06,0.10028885704989081
6319,266.0,0.0,14.107733735351465,3.6871790243779725e-06,0.10028897544292682
6320,266.0,0.0,14.107742061270018,3.687185552535707e-06,0.10028909381744441
6321,266.0,0.0,14.107750385881562,3.6871920796763492e-06,0.10028921217344935
6322,266.0,0.0,14.107758709186513,3.687198605800221e-06,0.10028933051094745
6323,266.0,0.0,14.10776703118528,3.687205130907644e-06,0.10028944882994457
6324,266.0,0.0,14.10777535187827,3.687211654998929e-06,0.10028956713044644
6325,266.0,0.0,14.107783671265901,3.6872181780744035e-06,0.10028968541245895
6326,266.0,0.0,14.107791989348586,3.6872247001343837e-06,0.10028980367598797
6327,266.0,0.0,14.10780030612673,3.6872312211791857e-06,0.10028992192103914
6328,266.0,0.0,14.107808621600748,3.6872377412091325e-06,0.10029004014761844
6329,266.0,0.0,14.107816935771048,3.6872442602245367e-06,0.10029015835573156
6330,266.0,0.0,14.10782524863804,3.687250778225722e-06,0.10029027654538437
6331,266.0,0.0,14.107833560202135,3.687257295213e-06,0.10029039471658259
6332,266.0,0.0,14.107841870463744,3.6872638111866974e-06,0.10029051286933213
6333,266.0,0.0,14.107850179423275,3.6872703261471245e-06,0.1002906310036387
6334,266.0,0.0,14.107858487081142,3.687276840094606e-06,0.10029074911950818
6335,266.0,0.0,14.107866793437749,3.6872833530294487e-06,0.10029086721694616
6336,266.0,0.0,14.107875098493507,3.687289864951976e-06,0.1002909852959586
6337,266.0,0.0,14.107883402248826,3.6872963758625094e-06,0.10029110335655131
6338,266.0,0.0,14.107891704704114,3.6873028857613577e-06,0.10029122139872995
6339,266.0,0.0,14.10790000585978,3.6873093946488427e-06,0.10029133942250033
6340,266.0,0.0,14.107908305716231,3.68731590252528e-06,0.10029145742786828
6341,266.0,0.0,14.107916604273878,3.6873224093909863e-06,0.10029157541483953
6342,266.0,0.0,14.10792490153313,3.6873289152462776e-06,0.10029169338341981
6343,266.0,0.0,14.107933197494388,3.687335420091469e-06,0.10029181133361496
6344,266.0,0.0,14.107941492158067,3.6873419239268785e-06,0.10029192926543072
6345,266.0,0.0,14.107949785524568,3.6873484267528187e-06,0.1002920471788728
6346,266.0,0.0,14.107958077594304,3.6873549285696098e-06,0.10029216507394702
6347,266.0,0.0,14.107966368367682,3.687361429377567e-06,0.10029228295065917
6348,266.0,0.0,14.107974657845102,3.6873679291770003e-06,0.10029240080901486
6349,266.0,0.0,14.107982946026986,3.6873744279682363e-06,0.10029251864902007
6350,266.0,0.0,14.10799123291372,3.6873809257515742e-06,0.10029263647068025
6351,266.0,0.0,14.107999518505723,3.6873874225273423e-06,0.10029275427400137
6352,266.0,0.0,14.108007802803401,3.6873939182958515e-06,0.10029287205898912
6353,266.0,0.0,14.108016085807156,3.687400413057413e-06,0.10029298982564919
6354,266.0,0.0,14.108024367517395,3.6874069068123473e-06,0.10029310757398742
6355,266.0,0.0,14.108032647934525,3.687413399560965e-06,0.10029322530400943
6356,266.0,0.0,14.108040927058948,3.6874198913035807e-06,0.10029334301572099
6357,266.0,0.0,14.108049204891076,3.687426382040509e-06,0.10029346070912783
6358,266.0,0.0,14.108057481431304,3.6874328717720637e-06,0.10029357838423567
6359,266.0,0.0,14.108065756680043,3.6874393604985586e-06,0.10029369604105023
6360,266.0,0.0,14.1080740306377,3.6874458482203102e-06,0.10029381367957729
6361,266.0,0.0,14.108082303304672,3.6874523349376243e-06,0.10029393129982249
6362,266.0,0.0,14.108090574681375,3.6874588206508258e-06,0.1002940489017916
6363,266.0,0.0,14.108098844768199,3.6874653053602182e-06,0.10029416648549028
6364,266.0,0.0,14.108107113565556,3.6874717890661197e-06,0.1002942840509243
6365,266.0,0.0,14.108115381073851,3.687478271768843e-06,0.10029440159809937
6366,266.0,0.0,14.108123647293484,3.687484753468697e-06,0.1002945191270211
6367,266.0,0.0,14.108131912224856,3.687491234166e-06,0.10029463663769529
6368,266.0,0.0,14.108140175868376,3.6874977138610606e-06,0.10029475413012758
6369,266.0,0.0,14.108148438224443,3.687504192554191e-06,0.10029487160432367
6370,266.0,0.0,14.108156699293456,3.687510670245702e-06,0.1002949890602892
6371,266.0,0.0,14.108164959075827,3.68751714693591e-06,0.10029510649803001
6372,266.0,0.0,14.108173217571952,3.6875236226251296e-06,0.10029522391755179
6373,266.0,0.0,14.108181474782233,3.6875300973136627e-06,0.10029534131886003
6374,266.0,0.0,14.108189730707076,3.687536571001829e-06,0.10029545870196055
6375,266.0,0.0,14.108197985346882,3.6875430436899403e-06,0.10029557606685907
6376,266.0,0.0,14.108206238702051,3.687549515378302e-06,0.10029569341356119
6377,266.0,0.0,14.10821449077298,3.6875559860672284e-06,0.10029581074207258
6378,266.0,0.0,14.10822274156008,3.6875624557570327e-06,0.10029592805239898
6379,266.0,0.0,14.10823099106374,3.6875689244480203e-06,0.10029604534454593
6380,266.0,0.0,14.108239239284371,3.6875753921405073e-06,0.10029616261851923
6381,266.0,0.0,14.10824748622237,3.6875818588348028e-06,0.10029627987432448
6382,266.0,0.0,14.108255731878138,3.687588324531218e-06,0.1002963971119674
6383,266.0,0.0,14.108263976252074,3.68759478923006e-06,0.10029651433145353
6384,266.0,0.0,14.108272219344578,3.687601252931641e-06,0.10029663153278864
6385,266.0,0.0,14.108280461156054,3.6876077156362757e-06,0.10029674871597842
6386,266.0,0.0,14.108288701686895,3.687614177344265e-06,0.10029686588102833
6387,266.0,0.0,14.108296940937507,3.6876206380559247e-06,0.10029698302794417
6388,266.0,0.0,14.10830517890828,3.6876270977715623e-06,0.10029710015673159
6389,266.0,0.0,14.108313415599628,3.6876335564914886e-06,0.10029721726739615
6390,266.0,0.0,14.108321651011936,3.6876400142160135e-06,0.10029733435994359
6391,266.0,0.0,14.108329885145606,3.6876464709454415e-06,0.10029745143437942
6392,266.0,0.0,14.108338118001043,3.687652926680089e-06,0.10029756849070942
6393,266.0,0.0,14.108346349578644,3.6876593814202607e-06,0.10029768552893914
6394,266.0,0.0,14.108354579878796,3.687665835166261e-06,0.10029780254907417
6395,266.0,0.0,14.108362808901909,3.6876722879184046e-06,0.10029791955112018
6396,266.0,0.0,14.108371036648379,3.687678739677001e-06,0.10029803653508289
6397,266.0,0.0,14.108379263118604,3.6876851904423555e-06,0.10029815350096781
6398,266.0,0.0,14.108387488312973,3.6876916402147762e-06,0.10029827044878055
6399,266.0,0.0,14.108395712231891,3.68769808899457e-06,0.10029838737852674
6400,266.0,0.0,14.108403934875758,3.6877045367820496e-06,0.10029850429021209
6401,266.0,0.0,14.108412156244965,3.687710983577519e-06,0.10029862118384213
6402,266.0,0.0,14.10842037633991,3.6877174293812863e-06,0.10029873805942244
6403,266.0,0.0,14.108428595160985,3.687723874193657e-06,0.10029885491695864
6404,266.0,0.0,14.108436812708597,3.687730318014942e-06,0.1002989717564564
6405,266.0,0.0,14.108445028983134,3.687736760845448e-06,0.10029908857792127
6406,266.0,0.0,14.108453243984991,3.6877432026854784e-06,0.10029920538135885
6407,266.0,0.0,14.108461457714577,3.6877496435353477e-06,0.1002993221667748
6408,266.0,0.0,14.108469670172267,3.687756083395353e-06,0.10029943893417459
6409,266.0,0.0,14.108477881358475,3.6877625222658077e-06,0.10029955568356388
6410,266.0,0.0,14.108486091273583,3.6877689601470146e-06,0.10029967241494825
6411,266.0,0.0,14.108494299917995,3.6877753970392817e-06,0.10029978912833332
6412,266.0,0.0,14.108502507292103,3.6877818329429148e-06,0.10029990582372462
6413,266.0,0.0,14.108510713396297,3.68778826785822e-06,0.10030002250112774
6414,266.0,0.0,14.10851891823098,3.6877947017855047e-06,0.10030013916054835
6415,266.0,0.0,14.108527121796536,3.687801134725072e-06,0.10030025580199188
6416,266.0,0.0,14.108535324093367,3.687807566677227e-06,0.10030037242546394
6417,266.0,0.0,14.108543525121867,3.687813997642279e-06,0.10030048903097018
6418,266.0,0.0,14.10855172488243,3.687820427620533e-06,0.1003006056185161
6419,266.0,0.0,14.108559923375443,3.6878268566122906e-06,0.10030072218810733
6420,266.0,0.0,14.108568120601307,3.68783328461786e-06,0.10030083873974936
6421,266.0,0.0,14.108576316560407,3.687839711637542e-06,0.10030095527344772
6422,266.0,0.0,14.108584511253142,3.6878461376716425e-06,0.10030107178920801
6423,266.0,0.0,14.108592704679907,3.6878525627204726e-06,0.1003011882870359
6424,266.0,0.0,14.108600896841091,3.6878589867843305e-06,0.10030130476693674
6425,266.0,0.0,14.108609087737088,3.687865409863521e-06,0.10030142122891625
6426,266.0,0.0,14.108617277368284,3.6878718319583486e-06,0.10030153767297985
6427,266.0,0.0,14.108625465735079,3.6878782530691163e-06,0.10030165409913311
6428,266.0,0.0,14.108633652837867,3.687884673196134e-06,0.10030177050738165
6429,266.0,0.0,14.108641838677025,3.6878910923396964e-06,0.10030188689773094
6430,266.0,0.0,14.108650023252961,3.687897510500111e-06,0.10030200327018646
6431,266.0,0.0,14.108658206566062,3.6879039276776876e-06,0.10030211962475397
6432,266.0,0.0,14.108666388616717,3.6879103438727216e-06,0.10030223596143877
6433,266.0,0.0,14.108674569405313,3.687916759085519e-06,0.10030235228024648
6434,266.0,0.0,14.10868274893225,3.6879231733163816e-06,0.10030246858118257
6435,266.0,0.0,14.108690927197905,3.687929586565611e-06,0.10030258486425261
6436,266.0,0.0,14.108699104202685,3.687935998833515e-06,0.10030270112946217
6437,266.0,0.0,14.10870727994697,3.687942410120391e-06,0.10030281737681662
6438,266.0,0.0,14.108715454431156,3.6879488204265467e-06,0.10030293360632164
6439,266.0,0.0,14.108723627655626,3.6879552297522794e-06,0.10030304981798266
6440,266.0,0.0,14.108731799620772,3.6879616380978917e-06,0.10030316601180517
6441,266.0,0.0,14.10873997032699,3.687968045463692e-06,0.10030328218779479
6442,266.0,0.0,14.108748139774661,3.687974451849976e-06,0.10030339834595692
6443,266.0,0.0,14.108756307964176,3.687980857257044e-06,0.10030351448629703
6444,266.0,0.0,14.108764474895928,3.6879872616852026e-06,0.10030363060882073
6445,266.0,0.0,14.108772640570304,3.6879936651347548e-06,0.1003037467135335
6446,266.0,0.0,14.10878080498769,3.688000067605995e-06,0.10030386280044074
6447,266.0,0.0,14.10878896814848,3.688006469099229e-06,0.10030397886954803
6448,266.0,0.0,14.108797130053055,3.688012869614759e-06,0.10030409492086086
6449,266.0,0.0,14.108805290701806,3.6880192691528814e-06,0.10030421095438467
6450,266.0,0.0,14.108813450095127,3.688025667713901e-06,0.10030432697012502
6451,266.0,0.0,14.108821608233402,3.6880320652981186e-06,0.10030444296808733
6452,266.0,0.0,14.10882976511701,3.6880384619058282e-06,0.10030455894827701
6453,266.0,0.0,14.108837920746351,3.688044857537339e-06,0.10030467491069966
6454,266.0,0.0,14.108846075121802,3.688051252192944e-06,0.10030479085536069
6455,266.0,0.0,14.108854228243759,3.6880576458729503e-06,0.10030490678226565
6456,266.0,0.0,14.108862380112601,3.68806403857765e-06,0.1003050226914199
6457,266.0,0.0,14.108870530728721,3.68807043030735e-06,0.10030513858282898
6458,266.0,0.0,14.108878680092507,3.6880768210623526e-06,0.10030525445649849
6459,266.0,0.0,14.108886828204337,3.6880832108429458e-06,0.10030537031243356
6460,266.0,0.0,14.108894975064603,3.6880895996494366e-06,0.10030548615063989
6461,266.0,0.0,14.108903120673691,3.6880959874821246e-06,0.10030560197112291
6462,266.0,0.0,14.108911265031985,3.6881023743413067e-06,0.10030571777388803
6463,266.0,0.0,14.108919408139865,3.6881087602272775e-06,0.10030583355894064
6464,266.0,0.0,14.108927549997729,3.6881151451403462e-06,0.10030594932628634
6465,266.0,0.0,14.108935690605955,3.6881215290808073e-06,0.10030606507593051
6466,266.0,0.0,14.108943829964927,3.688127912048957e-06,0.1003061808078786
6467,266.0,0.0,14.108951968075031,3.6881342940450935e-06,0.10030629652213596
6468,266.0,0.0,14.108960104936651,3.6881406750695174e-06,0.10030641221870816
6469,266.0,0.0,14.108968240550178,3.6881470551225276e-06,0.10030652789760061
6470,266.0,0.0,14.10897637491599,3.6881534342044187e-06,0.10030664355881867
6471,266.0,0.0,14.108984508034471,3.688159812315492e-06,0.1003067592023679
6472,266.0,0.0,14.108992639906006,3.6881661894560436e-06,0.1003068748282536
6473,266.0,0.0,14.10900077053098,3.688172565626372e-06,0.10030699043648122
6474,266.0,0.0,14.109008899909773,3.688178940826771e-06,0.10030710602705624
6475,266.0,0.0,14.109017028042778,3.6881853150575473e-06,0.1003072215999841
6476,266.0,0.0,14.109025154930364,3.6881916883189863e-06,0.10030733715527015
6477,266.0,0.0,14.109033280572927,3.6881980606113933e-06,0.10030745269291981
6478,266.0,0.0,14.109041404970846,3.688204431935062e-06,0.10030756821293853
6479,266.0,0.0,14.109049528124501,3.688210802290292e-06,0.10030768371533172
6480,266.0,0.0,14.109057650034277,3.688217171677377e-06,0.1003077992001048
6481,266.0,0.0,14.109065770700553,3.6882235400966104e-06,0.10030791466726306
6482,266.0,0.0,14.109073890123717,3.6882299075482953e-06,0.10030803011681208
6483,266.0,0.0,14.109082008304144,3.6882362740327266e-06,0.10030814554875717
6484,266.0,0.0,14.109090125242224,3.6882426395502003e-06,0.10030826096310376
6485,266.0,0.0,14.109098240938332,3.6882490041010095e-06,0.10030837635985725
6486,266.0,0.0,14.109106355392855,3.68825536768545e-06,0.10030849173902297
6487,266.0,0.0,14.109114468606169,3.688261730303821e-06,0.10030860710060634
6488,266.0,0.0,14.109122580578658,3.688268091956417e-06,0.10030872244461281
6489,266.0,0.0,14.109130691310703,3.6882744526435307e-06,0.1003088377710477
6490,266.0,0.0,14.109138800802683,3.6882808123654597e-06,0.10030895307991641
6491,266.0,0.0,14.109146909054981,3.688287171122499e-06,0.10030906837122429
6492,266.0,0.0,14.109155016067984,3.688293528914948e-06,0.1003091836449769
6493,266.0,0.0,14.109163121842055,3.6882998857430946e-06,0.1003092989011794
6494,266.0,0.0,14.109171226377587,3.688306241607234e-06,0.10030941413983722
6495,266.0,0.0,14.109179329674955,3.6883125965076627e-06,0.1003095293609557
6496,266.0,0.0,14.109187431734547,3.6883189504446807e-06,0.10030964456454039
6497,266.0,0.0,14.10919553255673,3.6883253034185727e-06,0.10030975975059647
6498,266.0,0.0,14.109203632141895,3.6883316554296397e-06,0.10030987491912938
6499,266.0,0.0,14.109211730490415,3.6883380064781733e-06,0.10030999007014449
6500,266.0,0.0,14.109219827602667,3.6883443565644664e-06,0.10031010520364708
6501,266.0,0.0,14.109227923479036,3.6883507056888135e-06,0.10031022031964258
6502,266.0,0.0,14.1092360181199,3.688357053851512e-06,0.10031033541813637
6503,266.0,0.0,14.10924411152563,3.6883634010528504e-06,0.10031045049913376
6504,266.0,0.0,14.10925220369661,3.6883697472931227e-06,0.10031056556264006
6505,266.0,0.0,14.109260294633224,3.6883760925726254e-06,0.10031068060866066
6506,266.0,0.0,14.109268384335838,3.6883824368916516e-06,0.10031079563720098
6507,266.0,0.0,14.10927647280484,3.688388780250491e-06,0.10031091064826626
6508,266.0,0.0,14.109284560040603,3.688395122649436e-06,0.10031102564186184
6509,266.0,0.0,14.109292646043505,3.688401464088786e-06,0.10031114061799314
6510,266.0,0.0,14.109300730813924,3.6884078045688255e-06,0.10031125557666538
6511,266.0,0.0,14.109308814352234,3.6884141440898496e-06,0.10031137051788398
6512,266.0,0.0,14.109316896658818,3.6884204826521524e-06,0.10031148544165423
6513,266.0,0.0,14.109324977734047,3.6884268202560276e-06,0.10031160034798157
6514,266.0,0.0,14.109333057578302,3.688433156901761e-06,0.10031171523687112
6515,266.0,0.0,14.109341136191954,3.68843949258965e-06,0.10031183010832834
6516,266.0,0.0,14.109349213575385,3.6884458273199854e-06,0.10031194496235851
6517,266.0,0.0,14.109357289728973,3.6884521610930583e-06,0.100312059798967
6518,266.0,0.0,14.109365364653089,3.6884584939091616e-06,0.10031217461815913
6519,266.0,0.0,14.109373438348102,3.6884648257685834e-06,0.10031228941994005
6520,266.0,0.0,14.109381510814407,3.6884711566716195e-06,0.10031240420431532
6521,266.0,0.0,14.10938958205236,3.688477486618555e-06,0.10031251897129007
6522,266.0,0.0,14.109397652062347,3.6884838156096877e-06,0.10031263372086965
6523,266.0,0.0,14.109405720844741,3.6884901436453043e-06,0.1003127484530594
6524,266.0,0.0,14.10941378839991,3.6884964707256934e-06,0.10031286316786449
6525,266.0,0.0,14.109421854728245,3.688502796851152e-06,0.10031297786529045
6526,266.0,0.0,14.1094299198301,3.688509122021964e-06,0.10031309254534233
6527,266.0,0.0,14.10943798370587,3.6885154462384273e-06,0.10031320720802568
6528,266.0,0.0,14.109446046355911,3.6885217695008226e-06,0.10031332185334554
6529,266.0,0.0,14.10945410778061,3.688528091809449e-06,0.10031343648130737
6530,266.0,0.0,14.109462167980334,3.688534413164591e-06,0.10031355109191636
6531,266.0,0.0,14.109470226955459,3.6885407335665407e-06,0.10031366568517788
6532,266.0,0.0,14.109478284706361,3.688547053015588e-06,0.10031378026109716
6533,266.0,0.0,14.109486341233406,3.6885533715120205e-06,0.10031389481967945
6534,266.0,0.0,14.109494396536975,3.688559689056128e-06,0.10031400936093007
6535,266.0,0.0,14.10950245061744,3.688566005648202e-06,0.1003141238848543
6536,266.0,0.0,14.109510503475168,3.6885723212885274e-06,0.10031423839145737
6537,266.0,0.0,14.109518555110537,3.6885786359773975e-06,0.10031435288074458
6538,266.0,0.0,14.109526605523921,3.6885849497151004e-06,0.10031446735272125
6539,266.0,0.0,14.109534654715684,3.6885912625019204e-06,0.10031458180739253
6540,266.0,0.0,14.109542702686209,3.6885975743381525e-06,0.10031469624476376
6541,266.0,0.0,14.109550749435858,3.688603885224082e-06,0.10031481066484017
6542,266.0,0.0,14.109558794965011,3.688610195159998e-06,0.10031492506762706
6543,266.0,0.0,14.109566839274034,3.6886165041461897e-06,0.10031503945312965
6544,266.0,0.0,14.109574882363303,3.688622812182942e-06,0.10031515382135318
6545,266.0,0.0,14.109582924233186,3.6886291192705453e-06,0.10031526817230295
6546,266.0,0.0,14.109590964884054,3.688635425409286e-06,0.10031538250598417
6547,266.0,0.0,14.109599004316284,3.688641730599457e-06,0.10031549682240212
6548,266.0,0.0,14.109607042530238,3.6886480348413397e-06,0.10031561112156202
6549,266.0,0.0,14.10961507952629,3.6886543381352196e-06,0.10031572540346904
6550,266.0,0.0,14.109623115304814,3.6886606404813907e-06,0.10031583966812851
6551,266.0,0.0,14.109631149866171,3.6886669418801348e-06,0.10031595391554562
6552,266.0,0.0,14.109639183210746,3.688673242331746e-06,0.10031606814572572
6553,266.0,0.0,14.1096472153389,3.688679541836504e-06,0.10031618235867389
6554,266.0,0.0,14.109655246251,3.6886858403947007e-06,0.1003162965543954
6555,266.0,0.0,14.109663275947415,3.688692138006615e-06,0.10031641073289546
6556,266.0,0.0,14.10967130442853,3.6886984346725433e-06,0.10031652489417943
6557,266.0,0.0,14.109679331694695,3.6887047303927657e-06,0.10031663903825237
6558,266.0,0.0,14.109687357746287,3.688711025167571e-06,0.10031675316511955
6559,266.0,0.0,14.109695382583675,3.6887173189972422e-06,0.10031686727478616
6560,266.0,0.0,14.109703406207233,3.6887236118820706e-06,0.10031698136725754
6561,266.0,0.0,14.109711428617318,3.6887299038223374e-06,0.10031709544253878
6562,266.0,0.0,14.10971944981431,3.6887361948183314e-06,0.10031720950063511
6563,266.0,0.0,14.10972746979857,3.688742484870336e-06,0.10031732354155176
6564,266.0,0.0,14.10973548857047,3.688748773978638e-06,0.10031743756529392
6565,266.0,0.0,14.109743506130375,3.6887550621435225e-06,0.10031755157186682
6566,266.0,0.0,14.109751522478653,3.688761349365273e-06,0.1003176655612756
6567,266.0,0.0,14.109759537615673,3.6887676356441768e-06,0.10031777953352553
6568,266.0,0.0,14.109767551541802,3.68877392098052e-06,0.10031789348862179
6569,266.0,0.0,14.109775564257408,3.6887802053745824e-06,0.10031800742656949
6570,266.0,0.0,14.109783575762858,3.688786488826658e-06,0.10031812134737399
6571,266.0,0.0,14.109791586058519,3.688792771337019e-06,0.10031823525104029
6572,266.0,0.0,14.109799595144757,3.688799052905956e-06,0.10031834913757368
6573,266.0,0.0,14.109807603021935,3.688805333533755e-06,0.1003184630069793
6574,266.0,0.0,14.109815609690429,3.6888116132206998e-06,0.1003185768592624
6575,266.0,0.0,14.1098236151506,3.6888178919670744e-06,0.10031869069442816
6576,266.0,0.0,14.10983161940281,3.6888241697731578e-06,0.10031880451248164
6577,266.0,0.0,14.109839622447431,3.6888304466392438e-06,0.10031891831342817
6578,266.0,0.0,14.109847624284825,3.688836722565602e-06,0.10031903209727273
6579,266.0,0.0,14.10985562491536,3.688842997552529e-06,0.10031914586402071
6580,266.0,0.0,14.1098636243394,3.6888492716003023e-06,0.10031925961367706
6581,266.0,0.0,14.109871622557312,3.6888555447092063e-06,0.10031937334624719
6582,266.0,0.0,14.109879619569462,3.6888618168795234e-06,0.10031948706173602
6583,266.0,0.0,14.10988761537621,3.6888680881115363e-06,0.10031960076014883
6584,266.0,0.0,14.109895609977922,3.6888743584055296e-06,0.10031971444149078
6585,266.0,0.0,14.10990360337497,3.6888806277617864e-06,0.10031982810576703
6586,266.0,0.0,14.109911595567711,3.6888868961805843e-06,0.10031994175298267
6587,266.0,0.0,14.109919586556508,3.688893163662213e-06,0.10032005538314297
6588,266.0,0.0,14.109927576341732,3.6888994302069503e-06,0.10032016899625296
6589,266.0,0.0,14.109935564923742,3.6889056958150777e-06,0.10032028259231777
6590,266.0,0.0,14.109943552302902,3.6889119604868823e-06,0.10032039617134268
6591,266.0,0.0,14.109951538479576,3.68891822422264e-06,0.1003205097333327
6592,266.0,0.0,14.109959523454132,3.688924487022639e-06,0.10032062327829311
6593,266.0,0.0,14.109967507226925,3.6889307488871545e-06,0.10032073680622888
6594,266.0,0.0,14.109975489798327,3.688937009816477e-06,0.10032085031714535
6595,266.0,0.0,14.109983471168693,3.6889432698108787e-06,0.10032096381104741
6596,266.0,0.0,14.109991451338391,3.688949528870644e-06,0.10032107728794036
6597,266.0,0.0,14.109999430307782,3.6889557869960558e-06,0.1003211907478293
6598,266.0,0.0,14.110007408077228,3.6889620441873926e-06,0.10032130419071925
6599,266.0,0.0,14.110015384647095,3.6889683004449413e-06,0.1003214176166155
6600,266.0,0.0,14.110023360017736,3.688974555768975e-06,0.10032153102552303
6601,266.0,0.0,14.110031334189527,3.6889808101597803e-06,0.10032164441744708
6602,266.0,0.0,14.110039307162813,3.688987063617631e-06,0.10032175779239261
6603,266.0,0.0,14.11004727893797,3.688993316142816e-06,0.10032187115036494
6604,266.0,0.0,14.110055249515355,3.68899956773561e-06,0.10032198449136899
6605,266.0,0.0,14.110063218895323,3.6890058183962953e-06,0.10032209781540993
6606,266.0,0.0,14.110071187078248,3.689012068125155e-06,0.100322211122493
6607,266.0,0.0,14.110079154064476,3.689018316922461e-06,0.10032232441262305
6608,266.0,0.0,14.110087119854377,3.689024564788498e-06,0.10032243768580541
6609,266.0,0.0,14.11009508444831,3.6890308117235455e-06,0.10032255094204501
6610,266.0,0.0,14.110103047846637,3.689037057727886e-06,0.10032266418134714
6611,266.0,0.0,14.110111010049716,3.6890433028017945e-06,0.10032277740371667
6612,266.0,0.0,14.11011897105791,3.6890495469455485e-06,0.10032289060915883
6613,266.0,0.0,14.110126930871575,3.6890557901594352e-06,0.10032300379767871
6614,266.0,0.0,14.110134889491075,3.6890620324437283e-06,0.10032311696928141
6615,266.0,0.0,14.110142846916766,3.689068273798708e-06,0.10032323012397197
6616,266.0,0.0,14.11015080314901,3.6890745142246535e-06,0.10032334326175553
6617,266.0,0.0,14.110158758188163,3.689080753721839e-06,0.10032345638263702
6618,266.0,0.0,14.11016671203459,3.6890869922905495e-06,0.10032356948662169
6619,266.0,0.0,14.110174664688646,3.689093229931063e-06,0.10032368257371459
6620,266.0,0.0,14.11018261615069,3.689099466643648e-06,0.10032379564392062
6621,266.0,0.0,14.110190566421082,3.6891057024285984e-06,0.10032390869724514
6622,266.0,0.0,14.110198515500178,3.6891119372861794e-06,0.100324021733693
6623,266.0,0.0,14.11020646338834,3.689118171216677e-06,0.10032413475326935
6624,266.0,0.0,14.110214410085923,3.6891244042203603e-06,0.10032424775597919
6625,266.0,0.0,14.110222355593288,3.689130636297517e-06,0.10032436074182774
6626,266.0,0.0,14.110230299910791,3.68913686744842e-06,0.1003244737108199
6627,266.0,0.0,14.110238243038793,3.6891430976733475e-06,0.10032458666296085
6628,266.0,0.0,14.110246184977646,3.6891493269725746e-06,0.1003246995982555
6629,266.0,0.0,14.11025412572771,3.68915555534638e-06,0.10032481251670905
6630,266.0,0.0,14.110262065289348,3.689161782795044e-06,0.1003249254183265
6631,266.0,0.0,14.110270003662908,3.6891680093188377e-06,0.10032503830311286
6632,266.0,0.0,14.110277940848748,3.6891742349180402e-06,0.10032515117107316
6633,266.0,0.0,14.11028587684723,3.6891804595929295e-06,0.10032526402221258
6634,266.0,0.0,14.110293811658707,3.689186683343781e-06,0.10032537685653597
6635,266.0,0.0,14.11030174528354,3.6891929061708737e-06,0.10032548967404856
6636,266.0,0.0,14.11030967772208,3.6891991280744813e-06,0.10032560247475535
6637,266.0,0.0,14.110317608974682,3.6892053490548797e-06,0.10032571525866125
6638,266.0,0.0,14.110325539041709,3.689211569112343e-06,0.10032582802577132
6639,266.0,0.0,14.110333467923512,3.6892177882471557e-06,0.10032594077609079
6640,266.0,0.0,14.110341395620443,3.689224006459583e-06,0.10032605350962441
6641,266.0,0.0,14.110349322132866,3.6892302237499065e-06,0.10032616622637738
6642,266.0,0.0,14.110357247461135,3.689236440118403e-06,0.10032627892635472
6643,266.0,0.0,14.110365171605599,3.6892426555653437e-06,0.1003263916095614
6644,266.0,0.0,14.110373094566615,3.6892488700910063e-06,0.10032650427600245
6645,266.0,0.0,14.110381016344544,3.6892550836956662e-06,0.10032661692568291
6646,266.0,0.0,14.110388936939733,3.6892612963795997e-06,0.1003267295586078
6647,266.0,0.0,14.110396856352537,3.6892675081430777e-06,0.10032684217478205
6648,266.0,0.0,14.11040477458332,3.6892737189863793e-06,0.10032695477421083
6649,266.0,0.0,14.110412691632426,3.6892799289097765e-06,0.10032706735689897
6650,266.0,0.0,14.110420607500211,3.6892861379135445e-06,0.10032717992285162
6651,266.0,0.0,14.110428522187028,3.6892923459979578e-06,0.10032729247207368
6652,266.0,0.0,14.110436435693236,3.6892985531632903e-06,0.10032740500457021
6653,266.0,0.0,14.110444348019183,3.6893047594098174e-06,0.10032751752034619
6654,266.0,0.0,14.110452259165228,3.6893109647378135e-06,0.10032763001940664
6655,266.0,0.0,14.110460169131718,3.6893171691475526e-06,0.10032774250175656
6656,266.0,0.0,14.110468077919018,3.689323372639309e-06,0.10032785496740096
6657,266.0,0.0,14.110475985527463,3.689329575213352e-06,0.10032796741634468
6658,266.0,0.0,14.110483891957418,3.689335776869959e-06,0.1003280798485929
6659,266.0,0.0,14.110491797209235,3.6893419776094056e-06,0.10032819226415055
6660,266.0,0.0,14.11049970128326,3.6893481774319594e-06,0.1003283046630225
6661,266.0,0.0,14.11050760417985,3.689354376337897e-06,0.10032841704521386
6662,266.0,0.0,14.110515505899357,3.6893605743274927e-06,0.10032852941072962
6663,266.0,0.0,14.110523406442132,3.6893667714010155e-06,0.10032864175957462
6664,266.0,0.0,14.11053130580853,3.6893729675587454e-06,0.10032875409175404
6665,266.0,0.0,14.110539203998899,3.6893791628009465e-06,0.10032886640727269
6666,266.0,0.0,14.110547101013593,3.689385357127899e-06,0.1003289787061356
6667,266.0,0.0,14.110554996852962,3.689391550539872e-06,0.10032909098834777
6668,266.0,0.0,14.110562891517352,3.689397743037134e-06,0.10032920325391405
6669,266.0,0.0,14.110570785007127,3.689403934619966e-06,0.10032931550283956
6670,266.0,0.0,14.110578677322625,3.689410125288633e-06,0.10032942773512915
6671,266.0,0.0,14.110586568464205,3.6894163150434072e-06,0.10032953995078779
6672,266.0,0.0,14.11059445843221,3.6894225038845643e-06,0.10032965214982047
6673,266.0,0.0,14.110602347227003,3.689428691812377e-06,0.10032976433223215
6674,266.0,0.0,14.110610234848915,3.689434878827108e-06,0.10032987649802769
6675,266.0,0.0,14.110618121298318,3.689441064929041e-06,0.10032998864721222
6676,266.0,0.0,14.110626006575544,3.68944725011844e-06,0.10033010077979056
6677,266.0,0.0,14.110633890680951,3.6894534343955782e-06,0.10033021289576764
6678,266.0,0.0,14.110641773614889,3.6894596177607253e-06,0.10033032499514842
6679,266.0,0.0,14.110649655377705,3.689465800214154e-06,0.10033043707793796
6680,266.0,0.0,14.110657535969752,3.689471981756135e-06,0.10033054914414107
6681,266.0,0.0,14.110665415391374,3.689478162386937e-06,0.10033066119376269
6682,266.0,0.0,14.110673293642924,3.6894843421068347e-06,0.10033077322680785
6683,266.0,0.0,14.110681170724751,3.6894905209160995e-06,0.10033088524328143
6684,266.0,0.0,14.1106890466372,3.6894966988149974e-06,0.10033099724318832
6685,266.0,0.0,14.11069692138062,3.689502875803795e-06,0.10033110922653342
6686,266.0,0.0,14.110704794955367,3.689509051882777e-06,0.1003312211933219
6687,266.0,0.0,14.110712667361776,3.689515227052195e-06,0.10033133314355833
6688,266.0,0.0,14.110720538600209,3.689521401312333e-06,0.10033144507724784
6689,266.0,0.0,14.110728408671003,3.6895275746634537e-06,0.10033155699439537
6690,266.0,0.0,14.11073627757451,3.6895337471058327e-06,0.10033166889500575
6691,266.0,0.0,14.110744145311081,3.6895399186397366e-06,0.10033178077908401
6692,266.0,0.0,14.110752011881058,3.6895460892654307e-06,0.1003318926466349
6693,266.0,0.0,14.110759877284792,3.68955225898319e-06,0.10033200449766337
6694,266.0,0.0,14.110767741522631,3.6895584277932805e-06,0.10033211633217448
6695,266.0,0.0,14.110775604594915,3.6895645956959737e-06,0.10033222815017298
6696,266.0,0.0,14.110783466501994,3.6895707626915345e-06,0.10033233995166377
6697,266.0,0.0,14.110791327244218,3.6895769287802397e-06,0.10033245173665187
6698,266.0,0.0,14.110799186821932,3.689583093962352e-06,0.10033256350514212
6699,266.0,0.0,14.110807045235482,3.6895892582381374e-06,0.10033267525713935
6700,266.0,0.0,14.11081490248522,3.689595421607878e-06,0.10033278699264866
6701,266.0,0.0,14.110822758571476,3.6896015840718217e-06,0.10033289871167464
6702,266.0,0.0,14.110830613494612,3.689607745630251e-06,0.1003330104142224
6703,266.0,0.0,14.11083846725497,3.6896139062834342e-06,0.10033312210029684
6704,266.0,0.0,14.11084631985289,3.689620066031633e-06,0.10033323376990275
6705,266.0,0.0,14.11085417128872,3.6896262248751172e-06,0.10033334542304496
6706,266.0,0.0,14.11086202156281,3.6896323828141572e-06,0.1003334570597285
6707,266.0,0.0,14.110869870675499,3.689638539849019e-06,0.10033356867995821
6708,266.0,0.0,14.110877718627133,3.6896446959799708e-06,0.10033368028373894
6709,266.0,0.0,14.110885565418059,3.6896508512072763e-06,0.10033379187107554
6710,266.0,0.0,14.11089341104862,3.6896570055312076e-06,0.10033390344197295
6711,266.0,0.0,14.110901255519163,3.689663158952029e-06,0.10033401499643593
6712,266.0,0.0,14.110909098830032,3.6896693114700137e-06,0.10033412653446955
6713,266.0,0.0,14.110916940981568,3.6896754630854208e-06,0.10033423805607851
6714,266.0,0.0,14.110924781974116,3.689681613798519e-06,0.10033434956126767
6715,266.0,0.0,14.110932621808024,3.6896877636095776e-06,0.10033446105004198
6716,266.0,0.0,14.110940460483627,3.6896939125188614e-06,0.10033457252240627
6717,266.0,0.0,14.11094829800128,3.6897000605266366e-06,0.10033468397836534
6718,266.0,0.0,14.11095613436132,3.689706207633175e-06,0.10033479541792423
6719,266.0,0.0,14.110963969564088,3.6897123538387327e-06,0.10033490684108753
6720,266.0,0.0,14.110971803609932,3.6897184991435847e-06,0.1003350182478603
6721,266.0,0.0,14.110979636499193,3.6897246435479923e-06,0.10033512963824731
6722,266.0,0.0,14.110987468232212,3.689730787052222e-06,0.10033524101225337
6723,266.0,0.0,14.110995298809335,3.6897369296565416e-06,0.10033535236988339
6724,266.0,0.0,14.111003128230903,3.6897430713612147e-06,0.1003354637111422
6725,266.0,0.0,14.11101095649726,3.6897492121665112e-06,0.10033557503603467
6726,266.0,0.0,14.111018783608747,3.6897553520726903e-06,0.10033568634456556
6727,266.0,0.0,14.111026609565704,3.6897614910800196e-06,0.10033579763673975
6728,266.0,0.0,14.111034434368475,3.6897676291887655e-06,0.10033590891256211
6729,266.0,0.0,14.111042258017402,3.6897737663991953e-06,0.10033602017203747
6730,266.0,0.0,14.111050080512829,3.689779902711568e-06,0.10033613141517059
6731,266.0,0.0,14.111057901855087,3.6897860381261505e-06,0.10033624264196626
6732,266.0,0.0,14.111065722044529,3.6897921726432116e-06,0.10033635385242952
6733,266.0,0.0,14.11107354108149,3.6897983062630078e-06,0.10033646504656496
6734,266.0,0.0,14.11108135896632,3.6898044389858147e-06,0.10033657622437758
6735,266.0,0.0,14.111089175699345,3.689810570811888e-06,0.10033668738587206
6736,266.0,0.0,14.111096991280917,3.689816701741494e-06,0.10033679853105333
6737,266.0,0.0,14.111104805711369,3.6898228317748993e-06,0.10033690965992614
6738,266.0,0.0,14.111112618991053,3.6898289609123653e-06,0.10033702077249534
6739,266.0,0.0,14.111120431120298,3.689835089154159e-06,0.10033713186876571
6740,266.0,0.0,14.111128242099442,3.6898412165005353e-06,0.10033724294874198
6741,266.0,0.0,14.111136051928842,3.689847342951772e-06,0.10033735401242919
6742,266.0,0.0,14.111143860608818,3.6898534685081217e-06,0.10033746505983192
6743,266.0,0.0,14.11115166813972,3.68985959316985e-06,0.10033757609095503
6744,266.0,0.0,14.11115947452189,3.6898657169372243e-06,0.10033768710580343
6745,266.0,0.0,14.111167279755659,3.6898718398105047e-06,0.1003377981043818
6746,266.0,0.0,14.111175083841369,3.689877961789953e-06,0.10033790908669496
6747,266.0,0.0,14.111182886779362,3.6898840828758326e-06,0.1003380200527477
6748,266.0,0.0,14.11119068856998,3.689890203068412e-06,0.10033813100254489
6749,266.0,0.0,14.111198489213551,3.6898963223679486e-06,0.1003382419360912
6750,266.0,0.0,14.111206288710422,3.6899024407747035e-06,0.10033835285339149
6751,266.0,0.0,14.111214087060928,3.689908558288944e-06,0.10033846375445059
6752,266.0,0.0,14.111221884265406,3.6899146749109273e-06,0.10033857463927315
6753,266.0,0.0,14.111229680324202,3.68992079064092e-06,0.10033868550786405
6754,266.0,0.0,14.111237475237644,3.6899269054791836e-06,0.10033879636022806
6755,266.0,0.0,14.111245269006076,3.689933019425981e-06,0.10033890719636997
6756,266.0,0.0,14.111253061629833,3.6899391324815697e-06,0.10033901801629451
6757,266.0,0.0,14.111260853109254,3.689945244646216e-06,0.10033912882000647
6758,266.0,0.0,14.111268643444676,3.6899513559201777e-06,0.10033923960751061
6759,266.0,0.0,14.111276432636433,3.6899574663037214e-06,0.10033935037881174
6760,266.0,0.0,14.111284220684874,3.6899635757971054e-06,0.10033946113391458
6761,266.0,0.0,14.111292007590322,3.6899696844005915e-06,0.100339571872824
6762,266.0,0.0,14.111299793353115,3.6899757921144393e-06,0.1003396825955446
6763,266.0,0.0,14.111307577973598,3.6899818989389136e-06,0.10033979330208122
6764,266.0,0.0,14.111315361452103,3.6899880048742718e-06,0.1003399039924386
6765,266.0,0.0,14.111323143788965,3.6899941099207764e-06,0.10034001466662157
6766,266.0,0.0,14.111330924984522,3.690000214078688e-06,0.10034012532463478
6767,266.0,0.0,14.11133870503911,3.69000631734827e-06,0.10034023596648312
6768,266.0,0.0,14.111346483953064,3.690012419729777e-06,0.10034034659217113
6769,266.0,0.0,14.11135426172672,3.6900185212234757e-06,0.10034045720170374
6770,266.0,0.0,14.111362038360415,3.690024621829621e-06,0.10034056779508561
6771,266.0,0.0,14.111369813854482,3.6900307215484765e-06,0.10034067837232152
6772,266.0,0.0,14.11137758820926,3.6900368203803013e-06,0.10034078893341625
6773,266.0,0.0,14.111385361425082,3.6900429183253562e-06,0.10034089947837445
6774,266.0,0.0,14.111393133502283,3.690049015383901e-06,0.10034101000720091
6775,266.0,0.0,14.111400904441195,3.690055111556192e-06,0.10034112051990034
6776,266.0,0.0,14.11140867424216,3.6900612068424943e-06,0.10034123101647749
6777,266.0,0.0,14.111416442905506,3.6900673012430658e-06,0.10034134149693713
6778,266.0,0.0,14.111424210431569,3.690073394758163e-06,0.1003414519612839
6779,266.0,0.0,14.111431976820684,3.6900794873880472e-06,0.1003415624095226
6780,266.0,0.0,14.111439742073184,3.6900855791329777e-06,0.1003416728416579
6781,266.0,0.0,14.111447506189407,3.6900916699932145e-06,0.10034178325769462
6782,266.0,0.0,14.111455269169678,3.690097759969012e-06,0.10034189365763731
6783,266.0,0.0,14.11146303101434,3.6901038490606344e-06,0.10034200404149082
6784,266.0,0.0,14.111470791723722,3.6901099372683383e-06,0.10034211440925991
6785,266.0,0.0,14.111478551298157,3.6901160245923836e-06,0.10034222476094914
6786,266.0,0.0,14.111486309737982,3.690122111033025e-06,0.10034233509656339
6787,266.0,0.0,14.111494067043527,3.690128196590526e-06,0.10034244541610725
6788,266.0,0.0,14.111501823215125,3.690134281265142e-06,0.10034255571958545
6789,266.0,0.0,14.111509578253111,3.69014036505713e-06,0.10034266600700269
6790,266.0,0.0,14.111517332157815,3.6901464479667514e-06,0.10034277627836377
6791,266.0,0.0,14.111525084929568,3.690152529994259e-06,0.10034288653367322
6792,266.0,0.0,14.111532836568712,3.6901586111399186e-06,0.10034299677293594
6793,266.0,0.0,14.111540587075565,3.6901646914039777e-06,0.10034310699615644
6794,266.0,0.0,14.11154833645047,3.6901707707867063e-06,0.10034321720333958
6795,266.0,0.0,14.111556084693754,3.6901768492883487e-06,0.10034332739448991
6796,266.0,0.0,14.111563831805752,3.6901829269091725e-06,0.10034343756961224
6797,266.0,0.0,14.111571577786792,3.6901890036494306e-06,0.10034354772871121
6798,266.0,0.0,14.111579322637207,3.6901950795093775e-06,0.10034365787179145
6799,266.0,0.0,14.111587066357327,3.690201154489276e-06,0.10034376799885775
6800,266.0,0.0,14.111594808947487,3.690207228589379e-06,0.10034387810991471
6801,266.0,0.0,14.111602550408012,3.6902133018099423e-06,0.10034398820496701
6802,266.0,0.0,14.111610290739241,3.6902193741512314e-06,0.10034409828401948
6803,266.0,0.0,14.111618029941498,3.690225445613491e-06,0.10034420834707661
6804,266.0,0.0,14.111625768015115,3.6902315161969824e-06,0.10034431839414315
6805,266.0,0.0,14.111633504960427,3.690237585901966e-06,0.10034442842522379
6806,266.0,0.0,14.11164124077776,3.6902436547286944e-06,0.10034453844032322
6807,266.0,0.0,14.111648975467443,3.6902497226774184e-06,0.10034464843944599
6808,266.0,0.0,14.111656709029809,3.6902557897484066e-06,0.10034475842259694
6809,266.0,0.0,14.111664441465186,3.6902618559419018e-06,0.10034486838978059
6810,266.0,0.0,14.1116721727739,3.690267921258166e-06,0.10034497834100162
6811,266.0,0.0,14.11167990295629,3.6902739856974554e-06,0.10034508827626475
6812,266.0,0.0,14.11168763201268,3.690280049260026e-06,0.10034519819557462
6813,266.0,0.0,14.111695359943404,3.690286111946133e-06,0.10034530809893595
6814,266.0,0.0,14.111703086748783,3.6902921737560285e-06,0.10034541798635331
6815,266.0,0.0,14.111710812429147,3.6902982346899683e-06,0.10034552785783132
6816,266.0,0.0,14.111718536984833,3.6903042947482123e-06,0.10034563771337472
6817,266.0,0.0,14.111726260416164,3.6903103539310135e-06,0.10034574755298815
6818,266.0,0.0,14.111733982723468,3.690316412238623e-06,0.1003458573766762
6819,266.0,0.0,14.111741703907075,3.690322469671297e-06,0.10034596718444352
6820,266.0,0.0,14.111749423967312,3.6903285262292927e-06,0.1003460769762948
6821,266.0,0.0,14.111757142904509,3.6903345819128606e-06,0.10034618675223464
6822,266.0,0.0,14.111764860718996,3.6903406367222625e-06,0.10034629651226773
6823,266.0,0.0,14.111772577411093,3.6903466906577446e-06,0.10034640625639862
6824,266.0,0.0,14.111780292981136,3.6903527437195656e-06,0.10034651598463205
6825,266.0,0.0,14.111788007429451,3.6903587959079816e-06,0.10034662569697263
6826,266.0,0.0,14.111795720756358,3.6903648472232397e-06,0.10034673539342488
6827,266.0,0.0,14.111803432962192,3.690370897665597e-06,0.10034684507399351
6828,266.0,0.0,14.11181114404728,3.69037694723531e-06,0.10034695473868319
6829,266.0,0.0,14.111818854011947,3.6903829959326295e-06,0.10034706438749846
6830,266.0,0.0,14.11182656285652,3.690389043757809e-06,0.100347174020444
6831,266.0,0.0,14.111834270581326,3.690395090711105e-06,0.1003472836375244
6832,266.0,0.0,14.111841977186693,3.6904011367927684e-06,0.10034739323874436
6833,266.0,0.0,14.11184968267294,3.6904071820030504e-06,0.10034750282410834
6834,266.0,0.0,14.111857387040404,3.690413226342209e-06,0.10034761239362107
6835,266.0,0.0,14.1118650902894,3.6904192698104904e-06,0.10034772194728711
6836,266.0,0.0,14.11187279242027,3.6904253124081566e-06,0.10034783148511114
6837,266.0,0.0,14.111880493433326,3.690431354135454e-06,0.10034794100709772
6838,266.0,0.0,14.111888193328891,3.6904373949926313e-06,0.10034805051325135
6839,266.0,0.0,14.11189589210731,3.6904434349799566e-06,0.100348160003577
6840,266.0,0.0,14.111903589768886,3.6904494740976654e-06,0.1003482694780788
6841,266.0,0.0,14.111911286313957,3.6904555123460156e-06,0.10034837893676157
6842,266.0,0.0,14.111918981742845,3.690461549725263e-06,0.10034848837962995
6843,266.0,0.0,14.111926676055875,3.6904675862356586e-06,0.10034859780668848
6844,266.0,0.0,14.111934369253373,3.6904736218774503e-06,0.10034870721794174
6845,266.0,0.0,14.111942061335657,3.6904796566508923e-06,0.10034881661339431
6846,266.0,0.0,14.111949752303063,3.690485690556238e-06,0.10034892599305088
6847,266.0,0.0,14.111957442155912,3.690491723593743e-06,0.10034903535691604
6848,266.0,0.0,14.111965130894523,3.6904977557636486e-06,0.10034914470499423
6849,266.0,0.0,14.111972818519225,3.690503787066214e-06,0.10034925403729011
6850,266.0,0.0,14.11198050503034,3.6905098175016866e-06,0.1003493633538083
6851,266.0,0.0,14.111988190428189,3.6905158470703195e-06,0.10034947265455331
6852,266.0,0.0,14.1119958747131,3.690521875772363e-06,0.10034958193952974
6853,266.0,0.0,14.112003557885398,3.69052790360807e-06,0.1003496912087422
6854,266.0,0.0,14.112011239945405,3.6905339305776897e-06,0.1003498004621953
6855,266.0,0.0,14.11201892089344,3.6905399566814738e-06,0.1003499096998935
6856,266.0,0.0,14.112026600729827,3.6905459819196697e-06,0.10035001892184145
6857,266.0,0.0,14.112034279454896,3.690552006292531e-06,0.10035012812804364
6858,266.0,0.0,14.112041957068962,3.6905580298003093e-06,0.10035023731850472
6859,266.0,0.0,14.112049633572354,3.6905640524432565e-06,0.1003503464932293
6860,266.0,0.0,14.112057308965392,3.6905700742216172e-06,0.10035045565222184
6861,266.0,0.0,14.112064983248393,3.690576095135642e-06,0.10035056479548687
6862,266.0,0.0,14.112072656421688,3.6905821151855852e-06,0.100350673923029
6863,266.0,0.0,14.112080328485598,3.6905881343716952e-06,0.10035078303485286
6864,266.0,0.0,14.11208799944044,3.690594152694221e-06,0.1003508921309629
6865,266.0,0.0,14.112095669286536,3.69060017015341e-06,0.10035100121136367
6866,266.0,0.0,14.112103338024209,3.6906061867495162e-06,0.1003511102760598
6867,266.0,0.0,14.112111005653786,3.6906122024827866e-06,0.10035121932505578
6868,266.0,0.0,14.112118672175587,3.6906182173534772e-06,0.10035132835835628
6869,266.0,0.0,14.112126337589926,3.6906242313618213e-06,0.10035143737596558
6870,266.0,0.0,14.11213400189713,3.690630244508087e-06,0.10035154637788848
6871,266.0,0.0,14.112141665097518,3.69063625679251e-06,0.10035165536412938
6872,266.0,0.0,14.112149327191416,3.690642268215345e-06,0.10035176433469288
6873,266.0,0.0,14.112156988179137,3.6906482787768413e-06,0.10035187328958349
6874,266.0,0.0,14.112164648061004,3.6906542884772424e-06,0.10035198222880574
6875,266.0,0.0,14.11217258469817,3.6906605153179572e-06,0.100352095104118
6876,266.0,0.0,14.112180835556828,3.6906669886945854e-06,0.10035221244837376
6877,266.0,0.0,14.112189092260998,3.6906734666650083e-06,0.10035232987583356
6878,266.0,0.0,14.112197347931714,3.69067994383219e-06,0.10035244728866408
6879,266.0,0.0,14.112205602415852,3.690686420075995e-06,0.10035256468468773
6880,266.0,0.0,14.112213855710333,3.690692895393998e-06,0.10035268206386057
6881,266.0,0.0,14.112222107815425,3.690699369786413e-06,0.10035279942618647
6882,266.0,0.0,14.11223035873147,3.690705843253501e-06,0.10035291677167021
6883,266.0,0.0,14.11223860845882,3.6907123157955346e-06,0.10035303410031679
6884,266.0,0.0,14.11224685699781,3.6907187874127754e-06,0.10035315141213094
6885,266.0,0.0,14.112255104348785,3.690725258105494e-06,0.10035326870711758
6886,266.0,0.0,14.11226335051209,3.690731727873949e-06,0.10035338598528146
6887,266.0,0.0,14.112271595488073,3.6907381967184154e-06,0.10035350324662763
6888,266.0,0.0,14.112279839277068,3.690744664639153e-06,0.10035362049116073
6889,266.0,0.0,14.112288081879427,3.6907511316364328e-06,0.10035373771888577
6890,266.0,0.0,14.112296323295483,3.6907575977105163e-06,0.10035385492980756
6891,266.0,0.0,14.112304563525589,3.690764062861671e-06,0.10035397212393088
6892,266.0,0.0,14.112312802570083,3.690770527090164e-06,0.10035408930126068
6893,266.0,0.0,14.112321040429311,3.6907769903962603e-06,0.10035420646180175
6894,266.0,0.0,14.11232927710361,3.6907834527802253e-06,0.10035432360555895
6895,266.0,0.0,14.112337512593326,3.690789914242322e-06,0.10035444073253702
6896,266.0,0.0,14.112345746898805,3.690796374782818e-06,0.10035455784274092
6897,266.0,0.0,14.112353980020375,3.6908028344019775e-06,0.10035467493617548
6898,266.0,0.0,14.112362211958393,3.6908092931000647e-06,0.10035479201284543
6899,266.0,0.0,14.112370442713194,3.690815750877347e-06,0.10035490907275568
6900,266.0,0.0,14.112378672285123,3.6908222077340884e-06,0.10035502611591111
6901,266.0,0.0,14.112386900674519,3.6908286636705517e-06,0.10035514314231644
6902,266.0,0.0,14.11239512788172,3.690835118687001e-06,0.10035526015197649
6903,266.0,0.0,14.112403353907073,3.6908415727837057e-06,0.10035537714489623
6904,266.0,0.0,14.112411578750912,3.6908480259609207e-06,0.10035549412108023
6905,266.0,0.0,14.112419802413585,3.69085447821892e-06,0.10035561108053355
6906,266.0,0.0,14.112428024895433,3.690860929557965e-06,0.10035572802326093
6907,266.0,0.0,14.11243624619679,3.6908673799783167e-06,0.10035584494926711
6908,266.0,0.0,14.112444466318001,3.690873829480239e-06,0.10035596185855696
6909,266.0,0.0,14.112452685259406,3.6908802780640013e-06,0.10035607875113534
6910,266.0,0.0,14.11246090302134,3.690886725729857e-06,0.10035619562700687
6911,266.0,0.0,14.112469119604151,3.690893172478082e-06,0.10035631248617664
6912,266.0,0.0,14.112477335008172,3.690899618308929e-06,0.10035642932864924
6913,266.0,0.0,14.11248554923375,3.69090606322267e-06,0.10035654615442956
6914,266.0,0.0,14.112493762281213,3.6909125072195584e-06,0.1003566629635223
6915,266.0,0.0,14.112501974150913,3.6909189502998658e-06,0.10035677975593241
6916,266.0,0.0,14.112510184843183,3.6909253924638533e-06,0.1003568965316646
6917,266.0,0.0,14.112518394358359,3.6909318337117773e-06,0.10035701329072358
6918,266.0,0.0,14.112526602696787,3.690938274043909e-06,0.10035713003311432
6919,266.0,0.0,14.1125348098588,3.6909447134605085e-06,0.10035724675884154
6920,266.0,0.0,14.112543015844743,3.6909511519618384e-06,0.10035736346790995
6921,266.0,0.0,14.112551220654947,3.6909575895481566e-06,0.1003574801603244
6922,266.0,0.0,14.112559424289758,3.690964026219731e-06,0.10035759683608969
6923,266.0,0.0,14.112567626749506,3.6909704619768206e-06,0.10035771349521053
6924,266.0,0.0,14.112575828034533,3.6909768968196886e-06,0.10035783013769176
6925,266.0,0.0,14.112584028145177,3.690983330748596e-06,0.10035794676353817
6926,266.0,0.0,14.112592227081777,3.690989763763805e-06,0.10035806337275446
6927,266.0,0.0,14.112600424844667,3.690996195865577e-06,0.10035817996534546
6928,266.0,0.0,14.112608621434187,3.691002627054173e-06,0.10035829654131588
6929,266.0,0.0,14.112616816850679,3.6910090573298613e-06,0.10035841310067063
6930,266.0,0.0,14.112625011094469,3.691015486692893e-06,0.1003585296434143
6931,266.0,0.0,14.112633204165903,3.6910219151435343e-06,0.1003586461695518
6932,266.0,0.0,14.112641396065317,3.6910283426820466e-06,0.10035876267908782
6933,266.0,0.0,14.112649586793042,3.691034769308688e-06,0.10035887917202706
6934,266.0,0.0,14.112657776349417,3.69104119502372e-06,0.10035899564837435
6935,266.0,0.0,14.112665964734786,3.6910476198274105e-06,0.1003591121081345
6936,266.0,0.0,14.112674151949475,3.691054043720011e-06,0.10035922855131217
6937,266.0,0.0,14.112682337993823,3.691060466701786e-06,0.10035934497791216
6938,266.0,0.0,14.11269052286817,3.6910668887729975e-06,0.10035946138793922
6939,266.0,0.0,14.11269870657285,3.6910733099339006e-06,0.10035957778139805
6940,266.0,0.0,14.112706889108198,3.6910797301847617e-06,0.10035969415829346
6941,266.0,0.0,14.112715070474545,3.6910861495258357e-06,0.10035981051863015
6942,266.0,0.0,14.112723250672234,3.6910925679573865e-06,0.1003599268624129
6943,266.0,0.0,14.112731429701595,3.6910989854796715e-06,0.10036004318964638
6944,266.0,0.0,14.112739607562967,3.691105402092952e-06,0.1003601595003354
6945,266.0,0.0,14.112747784256683,3.691111817797486e-06,0.10036027579448466
6946,266.0,0.0,14.112755959783076,3.691118232593534e-06,0.1003603920720989
6947,266.0,0.0,14.112764134142484,3.6911246464813573e-06,0.10036050833318283
6948,266.0,0.0,14.112772307335247,3.691131059461213e-06,0.1003606245777413
6949,266.0,0.0,14.11278047936168,3.691137471533358e-06,0.1003607408057788
6950,266.0,0.0,14.112788650222138,3.6911438826980562e-06,0.1003608570173003
6951,266.0,0.0,14.112796819916948,3.691150292955567e-06,0.10036097321231043
6952,266.0,0.0,14.112804988446442,3.691156702306142e-06,0.10036108939081381
6953,266.0,0.0,14.112813155810954,3.6911631107500504e-06,0.10036120555281539
6954,266.0,0.0,14.112821322010818,3.6911695182875415e-06,0.10036132169831961
6955,266.0,0.0,14.11282948704637,3.69117592491888e-06,0.10036143782733141
6956,266.0,0.0,14.112837650917937,3.691182330644316e-06,0.1003615539398553
6957,266.0,0.0,14.112845813625862,3.6911887354641184e-06,0.10036167003589617
6958,266.0,0.0,14.11285397517047,3.6911951393785405e-06,0.10036178611545869
6959,266.0,0.0,14.112862135552097,3.691201542387841e-06,0.10036190217854754
6960,266.0,0.0,14.112870294771078,3.6912079444922777e-06,0.10036201822516741
6961,266.0,0.0,14.11287845282774,3.691214345692108e-06,0.100362134255323
6962,266.0,0.0,14.112886609722423,3.69122074598759e-06,0.1003622502690191
6963,266.0,0.0,14.11289476545545,3.6912271453789787e-06,0.10036236626626026
6964,266.0,0.0,14.112902920027166,3.691233543866537e-06,0.10036248224705129
6965,266.0,0.0,14.11291107343789,3.6912399414505223e-06,0.1003625982113969
6966,266.0,0.0,14.112919225687966,3.6912463381311877e-06,0.10036271415930172
6967,266.0,0.0,14.112927376777714,3.691252733908789e-06,0.10036283009077042
6968,266.0,0.0,14.112935526707473,3.6912591287835873e-06,0.10036294600580772
6969,266.0,0.0,14.11294367547757,3.6912655227558395e-06,0.10036306190441834
6970,266.0,0.0,14.112951823088341,3.6912719158258025e-06,0.10036317778660692
6971,266.0,0.0,14.11295996954012,3.691278307993734e-06,0.10036329365237823
6972,266.0,0.0,14.112968114833228,3.691284699259886e-06,0.10036340950173683
6973,266.0,0.0,14.112976258968004,3.691291089624518e-06,0.10036352533468743
6974,266.0,0.0,14.112984401944775,3.691297479087887e-06,0.10036364115123478
6975,266.0,0.0,14.112992543763875,3.691303867650248e-06,0.10036375695138343
6976,266.0,0.0,14.113000684425632,3.6913102553118574e-06,0.10036387273513811
6977,266.0,0.0,14.113008823930377,3.6913166420729737e-06,0.10036398850250361
6978,266.0,0.0,14.113016962278442,3.6913230279338533e-06,0.10036410425348447
6979,266.0,0.0,14.113025099470153,3.691329412894747e-06,0.10036421998808535
6980,266.0,0.0,14.11303323550584,3.691335796955912e-06,0.10036433570631094
6981,266.0,0.0,14.11304137038584,3.6913421801176074e-06,0.10036445140816591
6982,266.0,0.0,14.113049504110476,3.6913485623800873e-06,0.10036456709365493
6983,266.0,0.0,14.113057636680079,3.6913549437436048e-06,0.10036468276278267
6984,266.0,0.0,14.113065768094984,3.69136132420842e-06,0.10036479841555378
6985,266.0,0.0,14.113073898355513,3.6913677037747855e-06,0.1003649140519729
6986,266.0,0.0,14.113082027461996,3.691374082442956e-06,0.10036502967204466
6987,266.0,0.0,14.113090155414763,3.6913804602131853e-06,0.10036514527577371
6988,266.0,0.0,14.113098282214144,3.6913868370857307e-06,0.10036526086316482
6989,266.0,0.0,14.113106407860466,3.6913932130608426e-06,0.10036537643422239
6990,266.0,0.0,14.113114532354057,3.6913995881387848e-06,0.10036549198895134
6991,266.0,0.0,14.11312265569525,3.6914059623198025e-06,0.10036560752735613
6992,266.0,0.0,14.11313077788437,3.6914123356041555e-06,0.10036572304944148
6993,266.0,0.0,14.113138898921747,3.691418707992101e-06,0.1003658385552121
6994,266.0,0.0,14.113147018807705,3.691425079483882e-06,0.10036595404467237
6995,266.0,0.0,14.113155137542575,3.6914314500797662e-06,0.10036606951782723
6996,266.0,0.0,14.113163255126688,3.691437819779998e-06,0.10036618497468117
6997,266.0,0.0,14.113171371560364,3.6914441885848345e-06,0.10036630041523877
6998,266.0,0.0,14.113179486843933,3.691450556494528e-06,0.10036641583950469
6999,266.0,0.0,14.113187600977726,3.691456923509333e-06,0.10036653124748361
7000,266.0,0.0,14.113195713962066,3.6914632896295075e-06,0.10036664663918013
7001,266.0,0.0,14.113203825797285,3.691469654855302e-06,0.10036676201459896
7002,266.0,0.0,14.1132119364837,3.691476019186964e-06,0.10036687737374449
7003,266.0,0.0,14.11322004602165,3.6914823826247588e-06,0.10036699271662158
7004,266.0,0.0,14.113228154411452,3.6914887451689253e-06,0.10036710804323468
7005,266.0,0.0,14.11323626165344,3.6914951068197297e-06,0.10036722335358854
7006,266.0,0.0,14.113244367747933,3.691501467577418e-06,0.10036733864768764
7007,266.0,0.0,14.113252472695265,3.691507827442245e-06,0.10036745392553677
7008,266.0,0.0,14.113260576495756,3.6915141864144614e-06,0.10036756918714035
7009,266.0,0.0,14.113268679149735,3.691520544494323e-06,0.1003676844325031
7010,266.0,0.0,14.113276780657529,3.69152690168208e-06,0.10036779966162954
7011,266.0,0.0,14.113284881019457,3.6915332579779863e-06,0.10036791487452439
7012,266.0,0.0,14.113292980235848,3.69153961338229e-06,0.10036803007119208
7013,266.0,0.0,14.113301078307032,3.6915459678952487e-06,0.10036814525163738
7014,266.0,0.0,14.11330917523333,3.6915523215171163e-06,0.1003682604158649
7015,266.0,0.0,14.113317271015063,3.691558674248137e-06,0.10036837556387908
7016,266.0,0.0,14.113325365652564,3.6915650260885674e-06,0.10036849069568458
7017,266.0,0.0,14.113333459146155,3.691571377038659e-06,0.10036860581128602
7018,266.0,0.0,14.113341551496159,3.691577727098666e-06,0.10036872091068806
7019,266.0,0.0,14.113349642702902,3.691584076268833e-06,0.10036883599389511
7020,266.0,0.0,14.113357732766707,3.6915904245494185e-06,0.10036895106091188
7021,266.0,0.0,14.1133658216879,3.691596771940673e-06,0.10036906611174298
7022,266.0,0.0,14.113373909466805,3.691603118442841e-06,0.10036918114639287
7023,266.0,0.0,14.113381996103742,3.6916094640561794e-06,0.10036929616486617
7024,266.0,0.0,14.113390081599041,3.6916158087809403e-06,0.10036941116716754
7025,266.0,0.0,14.11339816595302,3.691622152617368e-06,0.10036952615330143
7026,266.0,0.0,14.113406249166006,3.6916284955657224e-06,0.10036964112327253
7027,266.0,0.0,14.113414331238323,3.6916348376262475e-06,0.10036975607708538
7028,266.0,0.0,14.113422412170296,3.691641178799198e-06,0.10036987101474452
7029,266.0,0.0,14.113430491962243,3.6916475190848207e-06,0.10036998593625454
7030,266.0,0.0,14.113438570614488,3.6916538584833723e-06,0.10037010084162006
7031,266.0,0.0,14.113446648127356,3.6916601969950953e-06,0.10037021573084554
7032,266.0,0.0,14.113454724501167,3.691666534620242e-06,0.10037033060393558
7033,266.0,0.0,14.11346279973625,3.691672871359067e-06,0.10037044546089474
7034,266.0,0.0,14.113470873832918,3.6916792072118152e-06,0.10037056030172761
7035,266.0,0.0,14.113478946791503,3.6916855421787367e-06,0.10037067512643871
7036,266.0,0.0,14.113487018612318,3.6916918762600865e-06,0.10037078993503265
7037,266.0,0.0,14.113495089295688,3.6916982094561064e-06,0.10037090472751385
7038,266.0,0.0,14.113503158841942,3.691704541767054e-06,0.10037101950388708
7039,266.0,0.0,14.113511227251394,3.6917108731931736e-06,0.1003711342641567
7040,266.0,0.0,14.113519294524364,3.691717203734712e-06,0.10037124900832724
7041,266.0,0.0,14.113527360661182,3.691723533391927e-06,0.10037136373640342
7042,266.0,0.0,14.11353542566216,3.69172986216506e-06,0.10037147844838964
7043,266.0,0.0,14.113543489527629,3.6917361900543667e-06,0.10037159314429055
7044,266.0,0.0,14.113551552257901,3.6917425170600882e-06,0.10037170782411059
7045,266.0,0.0,14.113559613853306,3.691748843182482e-06,0.1003718224878544
7046,266.0,0.0,14.113567674314156,3.691755168421792e-06,0.1003719371355264
7047,266.0,0.0,14.113575733640776,3.691761492778265e-06,0.10037205176713118
7048,266.0,0.0,14.113583791833488,3.6917678162521525e-06,0.10037216638267327
7049,266.0,0.0,14.113591848892606,3.6917741388436994e-06,0.10037228098215716
7050,266.0,0.0,14.11359990481846,3.691780460553161e-06,0.10037239556558748
7051,266.0,0.0,14.113607959611358,3.691786781380777e-06,0.10037251013296865
7052,266.0,0.0,14.113616013271635,3.6917931013268012e-06,0.10037262468430524
7053,266.0,0.0,14.113624065799597,3.69179942039148e-06,0.10037273921960178
7054,266.0,0.0,14.113632117195571,3.6918057385750602e-06,0.10037285373886277
7055,266.0,0.0,14.113640167459877,3.691812055877796e-06,0.10037296824209285
7056,266.0,0.0,14.113648216592832,3.691818372299924e-06,0.10037308272929629
7057,266.0,0.0,14.113656264594757,3.691824687841698e-06,0.10037319720047773
7058,266.0,0.0,14.113664311465966,3.6918310025033645e-06,0.10037331165564169
7059,266.0,0.0,14.113672357206783,3.6918373162851716e-06,0.10037342609479273
7060,266.0,0.0,14.113680401817527,3.691843629187367e-06,0.10037354051793529
7061,266.0,0.0,14.113688445298516,3.691849941210199e-06,0.10037365492507393
7062,266.0,0.0,14.113696487650069,3.6918562523539093e-06,0.1003737693162131
7063,266.0,0.0,14.113704528872503,3.691862562618749e-06,0.10037388369135729
7064,266.0,0.0,14.113712568966138,3.691868872004964e-06,0.10037399805051107
7065,266.0,0.0,14.113720607931294,3.6918751805128034e-06,0.10037411239367895
7066,266.0,0.0,14.113728645768283,3.6918814881425065e-06,0.10037422672086524
7067,266.0,0.0,14.113736682477425,3.6918877948943276e-06,0.10037434103207467
7068,266.0,0.0,14.113744718059047,3.6918941007685142e-06,0.10037445532731169
7069,266.0,0.0,14.113752752513452,3.691900405765301e-06,0.10037456960658067
7070,266.0,0.0,14.113760785840968,3.6919067098849485e-06,0.10037468386988618
7071,266.0,0.0,14.113768818041912,3.691913013127693e-06,0.10037479811723272
7072,266.0,0.0,14.113776849116592,3.6919193154937817e-06,0.1003749123486247
7073,266.0,0.0,14.113784879065337,3.691925616983466e-06,0.10037502656406673
7074,266.0,0.0,14.113792907888456,3.6919319175969865e-06,0.10037514076356316
7075,266.0,0.0,14.113800935586271,3.691938217334592e-06,0.1003752549471186
7076,266.0,0.0,14.113808962159096,3.6919445161965246e-06,0.10037536911473743
7077,266.0,0.0,14.113816987607244,3.691950814183032e-06,0.1003754832664241
7078,266.0,0.0,14.113825011931041,3.691957111294361e-06,0.10037559740218324
7079,266.0,0.0,14.113833035130801,3.6919634075307567e-06,0.10037571152201918
7080,266.0,0.0,14.11384105720683,3.6919697028924593e-06,0.10037582562593644
7081,266.0,0.0,14.11384907815945,3.691975997379718e-06,0.10037593971393947
7082,266.0,0.0,14.113857097988987,3.6919822909927784e-06,0.10037605378603276
7083,266.0,0.0,14.11386511669574,3.6919885837318824e-06,0.10037616784222075
7084,266.0,0.0,14.113873134280036,3.691994875597276e-06,0.10037628188250791
7085,266.0,0.0,14.113881150742191,3.6920011665892103e-06,0.1003763959068988
7086,266.0,0.0,14.113889166082513,3.6920074567079183e-06,0.10037650991539772
7087,266.0,0.0,14.11389718030132,3.6920137459536483e-06,0.10037662390800914
7088,266.0,0.0,14.11390519339893,3.6920200343266494e-06,0.10037673788473765
7089,266.0,0.0,14.113913205375656,3.692026321827162e-06,0.10037685184558764
7090,266.0,0.0,14.113921216231818,3.6920326084554345e-06,0.10037696579056359
7091,266.0,0.0,14.113929225967716,3.6920388942117e-06,0.10037707971966972
7092,266.0,0.0,14.11393723458368,3.6920451790962137e-06,0.1003771936329108
7093,266.0,0.0,14.113945242080021,3.6920514631092177e-06,0.10037730753029117
7094,266.0,0.0,14.11395324845705,3.6920577462509484e-06,0.10037742141181517
7095,266.0,0.0,14.113961253715086,3.6920640285216606e-06,0.10037753527748741
7096,266.0,0.0,14.113969257854432,3.6920703099215875e-06,0.10037764912731219
7097,266.0,0.0,14.113977260875414,3.692076590450977e-06,0.10037776296129397
7098,266.0,0.0,14.113985262778344,3.6920828701100746e-06,0.10037787677943724
7099,266.0,0.0,14.113993263563533,3.6920891488991206e-06,0.10037799058174646
7100,266.0,0.0,14.114001263231293,3.692095426818356e-06,0.10037810436822595
7101,266.0,0.0,14.114009261781938,3.692101703868027e-06,0.1003782181388802
7102,266.0,0.0,14.114017259215787,3.692107980048377e-06,0.10037833189371373
7103,266.0,0.0,14.114025255533148,3.6921142553596505e-06,0.10037844563273084
7104,266.0,0.0,14.11403325073433,3.6921205298020818e-06,0.10037855935593597
7105,266.0,0.0,14.114041244819658,3.692126803375926e-06,0.10037867306333365
7106,266.0,0.0,14.114049237789432,3.692133076081414e-06,0.10037878675492815
7107,266.0,0.0,14.114057229643972,3.6921393479187905e-06,0.10037890043072395
7108,266.0,0.0,14.11406522038359,3.6921456188883036e-06,0.10037901409072551
7109,266.0,0.0,14.1140732100086,3.6921518889901937e-06,0.10037912773493726
7110,266.0,0.0,14.114081198519303,3.692158158224697e-06,0.10037924136336351
7111,266.0,0.0,14.114089185916027,3.692164426592066e-06,0.10037935497600886
7112,266.0,0.0,14.114097172199074,3.692170694092531e-06,0.10037946857287748
7113,266.0,0.0,14.114105157368758,3.692176960726342e-06,0.10037958215397395
7114,266.0,0.0,14.114113141425392,3.6921832264937354e-06,0.10037969571930261
7115,266.0,0.0,14.114121124369289,3.6921894913949576e-06,0.10037980926886791
7116,266.0,0.0,14.114129106200753,3.6921957554302457e-06,0.10037992280267417
7117,266.0,0.0,14.114137086920106,3.692202018599842e-06,0.10038003632072584
7118,266.0,0.0,14.114145066527648,3.69220828090399e-06,0.10038014982302738
7119,266.0,0.0,14.114153045023704,3.692214542342931e-06,0.10038026330958315
7120,266.0,0.0,14.114161022408572,3.692220802916905e-06,0.10038037678039748
7121,266.0,0.0,14.114168998682567,3.69222706262615e-06,0.10038049023547481
7122,266.0,0.0,14.114176973846002,3.692233321470913e-06,0.10038060367481957
7123,266.0,0.0,14.114184947899187,3.692239579451432e-06,0.10038071709843616
7124,266.0,0.0,14.114192920842429,3.692245836567944e-06,0.10038083050632882
7125,266.0,0.0,14.114200892676037,3.69225209282069e-06,0.10038094389850202
7126,266.0,0.0,14.114208863400334,3.6922583482099213e-06,0.10038105727496033
7127,266.0,0.0,14.114216833015611,3.692264602735863e-06,0.10038117063570788
7128,266.0,0.0,14.114224801522196,3.6922708563987657e-06,0.10038128398074914
7129,266.0,0.0,14.114232768920388,3.6922771091988656e-06,0.10038139731008851
7130,266.0,0.0,14.114240735210494,3.6922833611363997e-06,0.10038151062373027
7131,266.0,0.0,14.114248700392839,3.6922896122116183e-06,0.10038162392167901
7132,266.0,0.0,14.114256664467716,3.6922958624247542e-06,0.10038173720393893
7133,266.0,0.0,14.114264627435439,3.692302111776042e-06,0.10038185047051437
7134,266.0,0.0,14.114272589296322,3.692308360265732e-06,0.10038196372140987
7135,266.0,0.0,14.114280550050664,3.692314607894056e-06,0.10038207695662957
7136,266.0,0.0,14.114288509698785,3.6923208546612573e-06,0.10038219017617808
7137,266.0,0.0,14.11429646824099,3.6923271005675754e-06,0.10038230338005967
7138,266.0,0.0,14.114304425677588,3.692333345613248e-06,0.10038241656827862
7139,266.0,0.0,14.11431238200888,3.692339589798514e-06,0.10038252974083939
7140,266.0,0.0,14.114320337235185,3.6923458331236117e-06,0.10038264289774625
7141,266.0,0.0,14.114328291356808,3.692352075588784e-06,0.10038275603900369
7142,266.0,0.0,14.114336244374053,3.6923583171942665e-06,0.10038286916461596
7143,266.0,0.0,14.114344196287234,3.6923645579402994e-06,0.10038298227458746
7144,266.0,0.0,14.11435214709665,3.692370797827118e-06,0.10038309536892251
7145,266.0,0.0,14.114360096802615,3.692377036854965e-06,0.10038320844762545
7146,266.0,0.0,14.114368045405442,3.6923832750240803e-06,0.1003833215107007
7147,266.0,0.0,14.11437599290543,3.6923895123346984e-06,0.1003834345581526
7148,266.0,0.0,14.114383939302883,3.6923957487870527e-06,0.10038354758998529
7149,266.0,0.0,14.114391884598119,3.6924019843813927e-06,0.1003836606062034
7150,266.0,0.0,14.114399828791441,3.692408219117951e-06,0.10038377360681121
7151,266.0,0.0,14.11440777188315,3.6924144529969628e-06,0.10038388659181288
7152,266.0,0.0,14.11441571387356,3.6924206860186727e-06,0.10038399956121297
7153,266.0,0.0,14.114423654762977,3.692426918183311e-06,0.10038411251501565
7154,266.0,0.0,14.114431594551707,3.692433149491123e-06,0.10038422545322537
7155,266.0,0.0,14.114439533240054,3.6924393799423375e-06,0.10038433837584637
7156,266.0,0.0,14.11444747082832,3.6924456095371986e-06,0.100384451282883
7157,266.0,0.0,14.114455407316823,3.6924518382759424e-06,0.10038456417433964
7158,266.0,0.0,14.114463342705857,3.692458066158801e-06,0.10038467705022054
7159,266.0,0.0,14.114471276995742,3.6924642931860234e-06,0.10038478991053018
7160,266.0,0.0,14.114479210186769,3.692470519357834e-06,0.10038490275527268
7161,266.0,0.0,14.11448714227925,3.6924767446744755e-06,0.10038501558445241
7162,266.0,0.0,14.114495073273496,3.6924829691361866e-06,0.10038512839807387
7163,266.0,0.0,14.114503003169801,3.6924891927432028e-06,0.1003852411961412
7164,266.0,0.0,14.114510931968482,3.692495415495756e-06,0.1003853539786587
7165,266.0,0.0,14.11451885966983,3.692501637394087e-06,0.10038546674563074
7166,266.0,0.0,14.114526786274165,3.692507858438433e-06,0.10038557949706169
7167,266.0,0.0,14.114534711781786,3.6925140786290336e-06,0.1003856922329558
7168,266.0,0.0,14.114542636192997,3.6925202979661174e-06,0.10038580495331743
7169,266.0,0.0,14.1145505595081,3.6925265164499243e-06,0.10038591765815078
7170,266.0,0.0,14.114558481727402,3.6925327340806873e-06,0.1003860303474602
7171,266.0,0.0,14.11456640285121,3.692538950858647e-06,0.10038614302125
7172,266.0,0.0,14.114574322879823,3.6925451667840395e-06,0.10038625567952457
7173,266.0,0.0,14.114582241813551,3.692551381857094e-06,0.100386368322288
7174,266.0,0.0,14.114590159652693,3.6925575960780553e-06,0.10038648094954486
7175,266.0,0.0,14.114598076397556,3.6925638094471524e-06,0.10038659356129928
7176,266.0,0.0,14.114605992048443,3.6925700219646236e-06,0.10038670615755553
7177,266.0,0.0,14.114613906605651,3.6925762336307017e-06,0.10038681873831795
7178,266.0,0.0,14.114621820069498,3.6925824444456277e-06,0.10038693130359087
7179,266.0,0.0,14.114629732440273,3.6925886544096283e-06,0.1003870438533785
7180,266.0,0.0,14.114637643718293,3.692594863522949e-06,0.10038715638768526
7181,266.0,0.0,14.114645553903848,3.6926010717858143e-06,0.10038726890651523
7182,266.0,0.0,14.114653462997243,3.6926072791984635e-06,0.10038738140987283
7183,266.0,0.0,14.114661370998789,3.692613485761136e-06,0.10038749389776239
7184,266.0,0.0,14.114669277908785,3.692619691474061e-06,0.10038760637018809
7185,266.0,0.0,14.114677183727526,3.6926258963374697e-06,0.10038771882715417
7186,266.0,0.0,14.114685088455326,3.6926321003516076e-06,0.10038783126866507
7187,266.0,0.0,14.114692992092486,3.6926383035167017e-06,0.10038794369472497
7188,266.0,0.0,14.114700894639297,3.6926445058329836e-06,0.10038805610533805
7189,266.0,0.0,14.114708796096073,3.6926507073006965e-06,0.10038816850050875
7190,266.0,0.0,14.114716696463113,3.6926569079200674e-06,0.10038828088024124
7191,266.0,0.0,14.114724595740714,3.6926631076913317e-06,0.1003883932445398
7192,266.0,0.0,14.114732493929186,3.6926693066147287e-06,0.1003885055934088
7193,266.0,0.0,14.114740391028818,3.6926755046904796e-06,0.10038861792685225
7194,266.0,0.0,14.114748287039928,3.692681701918836e-06,0.10038873024487473
7195,266.0,0.0,14.114756181962804,3.6926878983000133e-06,0.10038884254748023
7196,266.0,0.0,14.114764075797751,3.692694093834258e-06,0.1003889548346732
7197,266.0,0.0,14.114771968545073,3.692700288521797e-06,0.10038906710645777
7198,266.0,0.0,14.114779860205068,3.6927064823628666e-06,0.10038917936283827
7199,266.0,0.0,14.11478775077804,3.6927126753577013e-06,0.10038929160381893
7200,266.0,0.0,14.114795640264285,3.6927188675065297e-06,0.10038940382940399
7201,266.0,0.0,14.114803528664105,3.6927250588095868e-06,0.1003895160395977
7202,266.0,0.0,14.114811415977808,3.6927312492671093e-06,0.1003896282344044
7203,266.0,0.0,14.11481930220568,3.6927374388793217e-06,0.10038974041382809
7204,266.0,0.0,14.114827187348034,3.6927436276464655e-06,0.10038985257787333
7205,266.0,0.0,14.114835071405166,3.6927498155687714e-06,0.10038996472654417
7206,266.0,0.0,14.114842954377373,3.692756002646469e-06,0.10039007685984491
7207,266.0,0.0,14.11485083626496,3.692762188879791e-06,0.10039018897777975
7208,266.0,0.0,14.11485871706822,3.692768374268971e-06,0.10039030108035293
7209,266.0,0.0,14.114866596787458,3.6927745588142425e-06,0.10039041316756875
7210,266.0,0.0,14.114874475422974,3.6927807425158395e-06,0.10039052523943146
7211,266.0,0.0,14.114882352975062,3.6927869253739857e-06,0.10039063729594509
7212,266.0,0.0,14.114890229444025,3.6927931073889238e-06,0.10039074933711413
7213,266.0,0.0,14.114898104830164,3.692799288560875e-06,0.10039086136294263
7214,266.0,0.0,14.114905979133775,3.692805468890081e-06,0.10039097337343493
7215,266.0,0.0,14.114913852355155,3.6928116483767682e-06,0.10039108536859519
7216,266.0,0.0,14.114921724494609,3.69281782702117e-06,0.1003911973484277
7217,266.0,0.0,14.114929595552429,3.6928240048235124e-06,0.1003913093129365
7218,266.0,0.0,14.114937465528918,3.6928301817840363e-06,0.100391421262126
7219,266.0,0.0,14.114945334424368,3.692836357902965e-06,0.10039153319600036
7220,266.0,0.0,14.114953202239086,3.692842533180537e-06,0.10039164511456385
7221,266.0,0.0,14.114961068973367,3.692848707616979e-06,0.10039175701782062
7222,266.0,0.0,14.114968934627507,3.6928548812125193e-06,0.1003918689057749
7223,266.0,0.0,14.114976799201807,3.692861053967394e-06,0.10039198077843085
7224,266.0,0.0,14.114984662696557,3.692867225881832e-06,0.10039209263579273
7225,266.0,0.0,14.114992525112065,3.692873396956062e-06,0.10039220447786472
7226,266.0,0.0,14.115000386448623,3.692879567190321e-06,0.10039231630465115
7227,266.0,0.0,14.115008246706529,3.692885736584835e-06,0.10039242811615612
7228,266.0,0.0,14.115016105886076,3.6928919051398307e-06,0.10039253991238369
7229,266.0,0.0,14.115023963987568,3.692898072855543e-06,0.10039265169333832
7230,266.0,0.0,14.1150318210113,3.6929042397322054e-06,0.10039276345902404
7231,266.0,0.0,14.11503967695757,3.692910405770045e-06,0.1003928752094452
7232,266.0,0.0,14.115047531826672,3.692916570969288e-06,0.10039298694460586
7233,266.0,0.0,14.115055385618904,3.6929227353301703e-06,0.10039309866451024
7234,266.0,0.0,14.115063238334558,3.6929288988529163e-06,0.1003932103691625
7235,266.0,0.0,14.115071089973942,3.692935061537762e-06,0.10039332205856698
7236,266.0,0.0,14.115078940537341,3.6929412233849332e-06,0.10039343373272772
7237,266.0,0.0,14.115086790025053,3.6929473843946604e-06,0.10039354539164895
7238,266.0,0.0,14.115094638437382,3.692953544567173e-06,0.10039365703533486
7239,266.0,0.0,14.115102485774614,3.692959703902701e-06,0.10039376866378966
7240,266.0,0.0,14.115110332037048,3.6929658624014704e-06,0.10039388027701744
7241,266.0,0.0,14.115118177224982,3.692972020063719e-06,0.10039399187502251
7242,266.0,0.0,14.115126021338712,3.692978176889666e-06,0.10039410345780898
7243,266.0,0.0,14.115133864378524,3.6929843328795433e-06,0.10039421502538097
7244,266.0,0.0,14.11514170634473,3.692990488033586e-06,0.10039432657774279
7245,266.0,0.0,14.11514954723761,3.6929966423520133e-06,0.10039443811489848
7246,266.0,0.0,14.115157387057469,3.693002795835063e-06,0.10039454963685233
7247,266.0,0.0,14.115165225804594,3.6930089484829573e-06,0.1003946611436084
7248,266.0,0.0,14.115173063479286,3.6930151002959298e-06,0.10039477263517096
7249,266.0,0.0,14.115180900081834,3.6930212512742025e-06,0.10039488411154406
7250,266.0,0.0,14.115188735612538,3.6930274014180127e-06,0.10039499557273197
7251,266.0,0.0,14.115196570071689,3.6930335507275797e-06,0.10039510701873883
7252,266.0,0.0,14.115204403459586,3.693039699203138e-06,0.10039521844956877
7253,266.0,0.0,14.115212235776518,3.6930458468449104e-06,0.10039532986522592
7254,266.0,0.0,14.115220067022781,3.6930519936531315e-06,0.10039544126571454
7255,266.0,0.0,14.115227897198668,3.6930581396280247e-06,0.10039555265103874
7256,266.0,0.0,14.115235726304471,3.6930642847698165e-06,0.10039566402120258
7257,266.0,0.0,14.115243554340493,3.693070429078743e-06,0.10039577537621043
7258,266.0,0.0,14.115251381307013,3.6930765725550187e-06,0.10039588671606614
7259,266.0,0.0,14.11525920720434,3.693082715198882e-06,0.10039599804077415
7260,266.0,0.0,14.115267032032758,3.6930888570105565e-06,0.10039610935033845
7261,266.0,0.0,14.115274855792558,3.6930949979902673e-06,0.10039622064476314
7262,266.0,0.0,14.115282678484041,3.6931011381382484e-06,0.10039633192405259
7263,266.0,0.0,14.115290500107495,3.6931072774547194e-06,0.10039644318821069
7264,266.0,0.0,14.115298320663213,3.6931134159399134e-06,0.10039655443724173
7265,266.0,0.0,14.11530614015149,3.693119553594053e-06,0.1003966656711498
7266,266.0,0.0,14.115313958572614,3.6931256904173645e-06,0.10039677688993902
7267,266.0,0.0,14.115321775926885,3.6931318264100816e-06,0.10039688809361359
7268,266.0,0.0,14.115329592214588,3.6931379615724213e-06,0.10039699928217753
7269,266.0,0.0,14.115337407436023,3.6931440959046213e-06,0.10039711045563517
7270,266.0,0.0,14.115345221591472,3.6931502294068967e-06,0.10039722161399038
7271,266.0,0.0,14.115353034681238,3.693156362079485e-06,0.10039733275724752
7272,266.0,0.0,14.115360846705606,3.693162493922602e-06,0.1003974438854106
7273,266.0,0.0,14.115368657664865,3.6931686249364806e-06,0.10039755499848375
7274,266.0,0.0,14.115376467559317,3.6931747551213456e-06,0.10039766609647109
7275,266.0,0.0,14.115384276389245,3.6931808844774227e-06,0.10039777717937681
7276,266.0,0.0,14.11539208415494,3.693187013004939e-06,0.10039788824720497
7277,266.0,0.0,14.1153998908567,3.693193140704117e-06,0.10039799929995968
7278,266.0,0.0,14.115407696494808,3.693199267575183e-06,0.10039811033764504
7279,266.0,0.0,14.115415501069569,3.693205393618372e-06,0.10039822136026534
7280,266.0,0.0,14.115423304581256,3.693211518833897e-06,0.10039833236782449
7281,266.0,0.0,14.115431107030165,3.693217643221987e-06,0.10039844336032659
7282,266.0,0.0,14.115438908416598,3.6932237667828716e-06,0.10039855433777593
7283,266.0,0.0,14.115446708740837,3.6932298895167748e-06,0.10039866530017652
7284,266.0,0.0,14.11545450800317,3.693236011423918e-06,0.10039877624753245
7285,266.0,0.0,14.11546230620389,3.693242132504529e-06,0.1003988871798478
7286,266.0,0.0,14.115470103343288,3.6932482527588354e-06,0.10039899809712675
7287,266.0,0.0,14.115477899421654,3.693254372187056e-06,0.10039910899937332
7288,266.0,0.0,14.11548569443928,3.6932604907894215e-06,0.10039921988659171
7289,266.0,0.0,14.11549348839645,3.693266608566152e-06,0.10039933075878596
7290,266.0,0.0,14.115501281293461,3.6932727255174786e-06,0.10039944161596019
7291,266.0,0.0,14.115509073130596,3.6932788416436193e-06,0.10039955245811845
7292,266.0,0.0,14.115516863908148,3.6932849569448038e-06,0.10039966328526491
7293,266.0,0.0,14.115524653626403,3.693291071421248e-06,0.10039977409740353
7294,266.0,0.0,14.115532442285659,3.6932971850731855e-06,0.1003998848945385
7295,266.0,0.0,14.115540229886196,3.6933032979008376e-06,0.10039999567667392
7296,266.0,0.0,14.115548016428303,3.6933094099044258e-06,0.1004001064438138
7297,266.0,0.0,14.115555801912278,3.693315521084179e-06,0.10040021719596236
7298,266.0,0.0,14.1155635863384,3.6933216314403166e-06,0.10040032793312352
7299,266.0,0.0,14.115571369706961,3.6933277409730648e-06,0.10040043865530146
7300,266.0,0.0,14.115579152018258,3.6933338496826494e-06,0.10040054936250029
7301,266.0,0.0,14.115586933272565,3.6933399575692894e-06,0.100400660054724
7302,266.0,0.0,14.115594713470177,3.693346064633208e-06,0.10040077073197665
7303,266.0,0.0,14.115602492611382,3.693352170874634e-06,0.10040088139426244
7304,266.0,0.0,14.115610270696473,3.6933582762937882e-06,0.10040099204158534
7305,266.0,0.0,14.115618047725725,3.693364380890892e-06,0.10040110267394943
7306,266.0,0.0,14.11562582369944,3.6933704846661704e-06,0.10040121329135887
7307,266.0,0.0,14.115633598617901,3.6933765876198477e-06,0.10040132389381763
7308,266.0,0.0,14.11564137248139,3.6933826897521444e-06,0.10040143448132977
7309,266.0,0.0,14.115649145290202,3.6933887910632854e-06,0.10040154505389942
7310,266.0,0.0,14.115656917044623,3.693394891553495e-06,0.10040165561153071
7311,266.0,0.0,14.115664687744932,3.6934009912229873e-06,0.10040176615422744
7312,266.0,0.0,14.115672457391428,3.693407090071999e-06,0.10040187668199396
7313,266.0,0.0,14.115680225984393,3.693413188100741e-06,0.10040198719483416
7314,266.0,0.0,14.115687993524112,3.69341928530944e-06,0.10040209769275214
7315,266.0,0.0,14.115695760010874,3.6934253816983195e-06,0.100402208175752
7316,266.0,0.0,14.115703525444966,3.6934314772676e-06,0.1004023186438377
7317,266.0,0.0,14.115711289826674,3.693437572017506e-06,0.10040242909701338
7318,266.0,0.0,14.11571905315628,3.693443665948255e-06,0.10040253953528303
7319,266.0,0.0,14.115726815434078,3.693449759060074e-06,0.10040264995865072
7320,266.0,0.0,14.115734576660351,3.693455851353183e-06,0.10040276036712058
7321,266.0,0.0,14.115742336835384,3.6934619428278037e-06,0.10040287076069651
7322,266.0,0.0,14.115750095959466,3.693468033484159e-06,0.10040298113938262
7323,266.0,0.0,14.115757854032879,3.6934741233224685e-06,0.10040309150318298
7324,266.0,0.0,14.115765611055908,3.693480212342953e-06,0.10040320185210155
7325,266.0,0.0,14.115773367028845,3.6934863005458388e-06,0.10040331218614246
7326,266.0,0.0,14.115781121951969,3.6934923879313427e-06,0.10040342250530966
7327,266.0,0.0,14.11578887582557,3.6934984744996864e-06,0.10040353280960727
7328,266.0,0.0,14.115796628649926,3.693504560251095e-06,0.10040364309903932
7329,266.0,0.0,14.115804380425333,3.693510645185788e-06,0.10040375337360975
7330,266.0,0.0,14.11581213115207,3.693516729303983e-06,0.10040386363332267
7331,266.0,0.0,14.115819880830424,3.6935228126059047e-06,0.1004039738781821
7332,266.0,0.0,14.115827629460671,3.693528895091772e-06,0.10040408410819203
7333,266.0,0.0,14.115835377043108,3.6935349767618063e-06,0.10040419432335651
7334,266.0,0.0,14.115843123578015,3.693541057616229e-06,0.10040430452367959
7335,266.0,0.0,14.115850869065673,3.6935471376552563e-06,0.10040441470916521
7336,266.0,0.0,14.115858613506374,3.6935532168791175e-06,0.1004045248798175
7337,266.0,0.0,14.115866356900392,3.693559295288025e-06,0.1004046350356404
7338,266.0,0.0,14.11587409924802,3.6935653728822037e-06,0.10040474517663797
7339,266.0,0.0,14.115881840549534,3.6935714496618688e-06,0.10040485530281418
7340,266.0,0.0,14.115889580805225,3.693577525627247e-06,0.10040496541417306
7341,266.0,0.0,14.115897320015378,3.693583600778556e-06,0.10040507551071871
7342,266.0,0.0,14.11590505818027,3.6935896751160147e-06,0.100405185592455
7343,266.0,0.0,14.115912795300188,3.6935957486398414e-06,0.10040529565938604
7344,266.0,0.0,14.115920531375412,3.693601821350259e-06,0.10040540571151575
7345,266.0,0.0,14.115928266406229,3.6936078932474834e-06,0.10040551574884819
7346,266.0,0.0,14.115936000392924,3.69361396433174e-06,0.10040562577138741
7347,266.0,0.0,14.115943733335778,3.6936200346032426e-06,0.10040573577913735
7348,266.0,0.0,14.115951465235069,3.6936261040622145e-06,0.10040584577210203
7349,266.0,0.0,14.115959196091088,3.693632172708875e-06,0.10040595575028542
7350,266.0,0.0,14.115966925904111,3.693638240543439e-06,0.10040606571369155
7351,266.0,0.0,14.115974654674426,3.69364430756613e-06,0.10040617566232439
7352,266.0,0.0,14.115982382402311,3.693650373777164e-06,0.10040628559618794
7353,266.0,0.0,14.115990109088052,3.6936564391767643e-06,0.10040639551528625
7354,266.0,0.0,14.115997834731928,3.6936625037651455e-06,0.10040650541962327
7355,266.0,0.0,14.116005559334225,3.693668567542529e-06,0.10040661530920296
7356,266.0,0.0,14.116013282895223,3.693674630509136e-06,0.10040672518402939
7357,266.0,0.0,14.1160210054152,3.6936806926651747e-06,0.10040683504410636
7358,266.0,0.0,14.116028726894447,3.693686754010874e-06,0.10040694488943809
7359,266.0,0.0,14.116036447333236,3.6936928145464513e-06,0.10040705472002845
7360,266.0,0.0,14.116044166731857,3.6936988742721185e-06,0.10040716453588136
7361,266.0,0.0,14.116051885090585,3.6937049331881005e-06,0.10040727433700093
7362,266.0,0.0,14.116059602409702,3.693710991294611e-06,0.10040738412339104
7363,266.0,0.0,14.116067318689494,3.6937170485918735e-06,0.10040749389505578
7364,266.0,0.0,14.116075033930237,3.693723105080099e-06,0.10040760365199895
7365,266.0,0.0,14.116082748132213,3.693729160759512e-06,0.1004077133942247
7366,266.0,0.0,14.116090461295705,3.6937352156303253e-06,0.10040782312173688
7367,266.0,0.0,14.116098173420996,3.693741269692762e-06,0.10040793283453951
7368,266.0,0.0,14.116105884508363,3.693747322947036e-06,0.10040804253263662
7369,266.0,0.0,14.116113594558081,3.693753375393363e-06,0.10040815221603201
7370,266.0,0.0,14.116121303570443,3.6937594270319628e-06,0.10040826188472977
7371,266.0,0.0,14.11612901154572,3.6937654778630547e-06,0.10040837153873386
7372,266.0,0.0,14.116136718484197,3.693771527886857e-06,0.10040848117804828
7373,266.0,0.0,14.116144424386148,3.6937775771035764e-06,0.10040859080267678
7374,266.0,0.0,14.116152129251859,3.693783625513441e-06,0.10040870041262355
7375,266.0,0.0,14.116159833081607,3.6937896731166663e-06,0.10040881000789252
7376,266.0,0.0,14.116167535875674,3.6937957199134674e-06,0.10040891958848754
7377,266.0,0.0,14.116175237634337,3.6938017659040586e-06,0.1004090291544126
7378,266.0,0.0,14.11618293835788,3.6938078110886638e-06,0.10040913870567172
7379,266.0,0.0,14.116190638046575,3.693813855467491e-06,0.10040924824226874
7380,266.0,0.0,14.116198336700705,3.693819899040759e-06,0.10040935776420763
7381,266.0,0.0,14.116206034320555,3.693825941808695e-06,0.10040946727149255
7382,266.0,0.0,14.116213730906399,3.6938319837715002e-06,0.10040957676412718
7383,266.0,0.0,14.11622142645851,3.6938380249293997e-06,0.10040968624211553
7384,266.0,0.0,14.11622912097718,3.693844065282609e-06,0.10040979570546163
7385,266.0,0.0,14.116236814462674,3.693850104831339e-06,0.1004099051541693
7386,266.0,0.0,14.116244506915276,3.6938561435758106e-06,0.10041001458824253
7387,266.0,0.0,14.116252198335273,3.6938621815162427e-06,0.10041012400768536
7388,266.0,0.0,14.116259888722931,3.6938682186528418e-06,0.10041023341250158
7389,266.0,0.0,14.116267578078533,3.693874254985833e-06,0.1004103428026952
7390,266.0,0.0,14.116275266402358,3.6938802905154286e-06,0.10041045217827016
7391,266.0,0.0,14.116282953694682,3.693886325241841e-06,0.10041056153923028
7392,266.0,0.0,14.116290639955785,3.6938923591652907e-06,0.10041067088557964
7393,266.0,0.0,14.116298325185952,3.6938983922859918e-06,0.10041078021732214
7394,266.0,0.0,14.11630600938544,3.6939044246041563e-06,0.10041088953446159
7395,266.0,0.0,14.116313692554547,3.6939104561200057e-06,0.10041099883700207
7396,266.0,0.0,14.116321374693541,3.6939164868337474e-06,0.10041110812494736
7397,266.0,0.0,14.116329055802703,3.6939225167456044e-06,0.10041121739830153
7398,266.0,0.0,14.116336735882307,3.6939285458557845e-06,0.10041132665706834
7399,266.0,0.0,14.116344414932634,3.69393457416451e-06,0.10041143590125187
7400,266.0,0.0,14.116352092953958,3.6939406016719924e-06,0.10041154513085594
7401,266.0,0.0,14.116359769946556,3.6939466283784442e-06,0.10041165434588449
7402,266.0,0.0,14.116367445910704,3.6939526542840823e-06,0.10041176354634142
7403,266.0,0.0,14.116375120846683,3.693958679389123e-06,0.10041187273223068
7404,266.0,0.0,14.116382794754765,3.6939647036937743e-06,0.10041198190355609
7405,266.0,0.0,14.116390467635231,3.693970727198259e-06,0.10041209106032169
7406,266.0,0.0,14.116398139488354,3.693976749902785e-06,0.10041220020253129
7407,266.0,0.0,14.11640581031441,3.69398277180757e-06,0.1004123093301888
7408,266.0,0.0,14.116413480113682,3.693988792912833e-06,0.10041241844329832
7409,266.0,0.0,14.116421148886436,3.693994813218779e-06,0.10041252754186346
7410,266.0,0.0,14.116428816632949,3.6940008327256194e-06,0.1004126366258882
7411,266.0,0.0,14.116436483353501,3.6940068514335793e-06,0.10041274569537655
7412,266.0,0.0,14.11644414904837,3.6940128693428685e-06,0.10041285475033236
7413,266.0,0.0,14.116451813717829,3.6940188864536986e-06,0.10041296379075952
7414,266.0,0.0,14.11645947736215,3.694024902766283e-06,0.10041307281666187
7415,266.0,0.0,14.116467139981614,3.6940309182808357e-06,0.10041318182804337
7416,266.0,0.0,14.11647480157649,3.6940369329975743e-06,0.10041329082490791
7417,266.0,0.0,14.116482462147061,3.6940429469167055e-06,0.10041339980725938
7418,266.0,0.0,14.116490121693596,3.6940489600384492e-06,0.10041350877510169
7419,266.0,0.0,14.11649778021637,3.694054972363014e-06,0.10041361772843865
7420,266.0,0.0,14.11650543771566,3.6940609838906136e-06,0.1004137266672742
7421,266.0,0.0,14.116513094191742,3.6940669946214616e-06,0.1004138355916122
7422,266.0,0.0,14.116520749644884,3.6940730045557708e-06,0.10041394450145652
7423,266.0,0.0,14.116528404075371,3.6940790136937546e-06,0.1004140533968111
7424,266.0,0.0,14.116536057483469,3.694085022035628e-06,0.10041416227767982
7425,266.0,0.0,14.116543709869456,3.694091029581601e-06,0.10041427114406648
7426,266.0,0.0,14.116551361233606,3.6940970363318884e-06,0.10041437999597506
7427,266.0,0.0,14.11655901157619,3.6941030422866988e-06,0.10041448883340934
7428,266.0,0.0,14.116566660897485,3.6941090474462473e-06,0.10041459765637323
7429,266.0,0.0,14.116574309197762,3.694115051810743e-06,0.10041470646487059
7430,266.0,0.0,14.1165819564773,3.6941210553804044e-06,0.10041481525890535
7431,266.0,0.0,14.116589602736367,3.6941270581554395e-06,0.10041492403848132
7432,266.0,0.0,14.11659724797524,3.6941330601360627e-06,0.10041503280360241
7433,266.0,0.0,14.116604892194188,3.69413906132248e-06,0.10041514155427234
7434,266.0,0.0,14.116612535393493,3.6941450617149134e-06,0.10041525029049525
7435,266.0,0.0,14.11662017757342,3.6941510613135673e-06,0.10041535901227475
7436,266.0,0.0,14.116627818734239,3.6941570601186505e-06,0.10041546771961475
7437,266.0,0.0,14.116635458876235,3.694163058130386e-06,0.10041557641251923
7438,266.0,0.0,14.116643097999674,3.6941690553489786e-06,0.10041568509099202
7439,266.0,0.0,14.116650736104827,3.6941750517746374e-06,0.10041579375503681
7440,266.0,0.0,14.116658373191969,3.6941810474075763e-06,0.10041590240465761
7441,266.0,0.0,14.116666009261376,3.6941870422480108e-06,0.1004160110398583
7442,266.0,0.0,14.116673644313309,3.6941930362961438e-06,0.10041611966064257
7443,266.0,0.0,14.116681278348057,3.6941990295521976e-06,0.10041622826701452
7444,266.0,0.0,14.116688911365877,3.6942050220163693e-06,0.10041633685897769
7445,266.0,0.0,14.116696543367048,3.6942110136888798e-06,0.10041644543653612
7446,266.0,0.0,14.116704174351844,3.6942170045699397e-06,0.10041655399969368
7447,266.0,0.0,14.116711804320532,3.6942229946597573e-06,0.10041666254845416
7448,266.0,0.0,14.116719433273387,3.6942289839585426e-06,0.10041677108282134
7449,266.0,0.0,14.116727061210675,3.694234972466506e-06,0.1004168796027991
7450,266.0,0.0,14.116734688132675,3.694240960183861e-06,0.10041698810839136
7451,266.0,0.0,14.116742314039655,3.694246947110818e-06,0.10041709659960187
7452,266.0,0.0,14.116749938931886,3.6942529332475833e-06,0.10041720507643448
7453,266.0,0.0,14.116757562809642,3.69425891859437e-06,0.10041731353889302
7454,266.0,0.0,14.116765185673188,3.6942649031513912e-06,0.10041742198698139
7455,266.0,0.0,14.116772807522803,3.694270886918852e-06,0.10041753042070334
7456,266.0,0.0,14.116780428358751,3.6942768698969653e-06,0.10041763884006277
7457,266.0,0.0,14.11678804818131,3.69428285208594e-06,0.1004177472450634
7458,266.0,0.0,14.11679566699074,3.694288833485987e-06,0.1004178556357092
7459,266.0,0.0,14.116803284787322,3.694294814097315e-06,0.1004179640120039
7460,266.0,0.0,14.116810901571318,3.6943007939201337e-06,0.10041807237395131
7461,266.0,0.0,14.116818517343003,3.694306772954656e-06,0.10041818072155534
7462,266.0,0.0,14.116826132102652,3.694312751201088e-06,0.10041828905481975
7463,266.0,0.0,14.116833745850524,3.6943187286596363e-06,0.1004183973737483
7464,266.0,0.0,14.116841358586898,3.6943247053305204e-06,0.10041850567834501
7465,266.0,0.0,14.11684897031204,3.694330681213937e-06,0.10041861396861344
7466,266.0,0.0,14.116856581026218,3.694336656310106e-06,0.10041872224455763
7467,266.0,0.0,14.116864190729707,3.694342630619229e-06,0.1004188305061812
7468,266.0,0.0,14.116871799422773,3.6943486041415194e-06,0.10041893875348809
7469,266.0,0.0,14.116879407105689,3.6943545768771887e-06,0.10041904698648213
7470,266.0,0.0,14.116887013778715,3.694360548826438e-06,0.10041915520516703
7471,266.0,0.0,14.116894619442133,3.6943665199894814e-06,0.10041926340954664
7472,266.0,0.0,14.116902224096206,3.6943724903665278e-06,0.10041937159962477
7473,266.0,0.0,14.116909827741198,3.6943784599577847e-06,0.10041947977540525
7474,266.0,0.0,14.116917430377386,3.694384428763457e-06,0.1004195879368918
7475,266.0,0.0,14.116925032005033,3.6943903967837584e-06,0.1004196960840883
7476,266.0,0.0,14.116932632624414,3.6943963640188957e-06,0.10041980421699853
7477,266.0,0.0,14.116940232235796,3.6944023304690804e-06,0.10041991233562633
7478,266.0,0.0,14.116947830839438,3.6944082961345145e-06,0.1004200204399754
7479,266.0,0.0,14.116955428435618,3.694414261015406e-06,0.1004201285300495
7480,266.0,0.0,14.116963025024607,3.6944202251119724e-06,0.10042023660585264
7481,266.0,0.0,14.116970620606663,3.6944261884244116e-06,0.10042034466738843
7482,266.0,0.0,14.116978215182058,3.694432150952934e-06,0.10042045271466069
7483,266.0,0.0,14.116985808751066,3.6944381126977526e-06,0.10042056074767329
7484,266.0,0.0,14.11699340131395,3.6944440736590707e-06,0.10042066876642992
7485,266.0,0.0,14.11700099287098,3.6944500338370975e-06,0.10042077677093446
7486,266.0,0.0,14.117008583422415,3.6944559932320352e-06,0.10042088476119054
7487,266.0,0.0,14.117016172968533,3.694461951844099e-06,0.10042099273720208
7488,266.0,0.0,14.117023761509596,3.6944679096734915e-06,0.10042110069897282
7489,266.0,0.0,14.117031349045877,3.694473866720425e-06,0.10042120864650658
7490,266.0,0.0,14.117038935577636,3.6944798229851012e-06,0.1004213165798071
7491,266.0,0.0,14.11704652110514,3.694485778467728e-06,0.10042142449887814
7492,266.0,0.0,14.117054105628664,3.6944917331685146e-06,0.10042153240372347
7493,266.0,0.0,14.117061689148466,3.6944976870876685e-06,0.10042164029434691
7494,266.0,0.0,14.117069271664823,3.694503640225395e-06,0.10042174817075221
7495,266.0,0.0,14.117076853177988,3.6945095925819e-06,0.10042185603294315
7496,266.0,0.0,14.117084433688238,3.6945155441573914e-06,0.10042196388092346
7497,266.0,0.0,14.117092013195837,3.6945214949520775e-06,0.10042207171469696
7498,266.0,0.0,14.117099591701049,3.6945274449661618e-06,0.10042217953426734
7499,266.0,0.0,14.117107169204143,3.694533394199855e-06,0.10042228733963852
7500,266.0,0.0,14.117114745705386,3.6945393426533586e-06,0.1004223951308141
7501,266.0,0.0,14.117122321205043,3.694545290326883e-06,0.10042250290779794
7502,266.0,0.0,14.117129895703373,3.694551237220631e-06,0.10042261067059376
7503,266.0,0.0,14.117137469200653,3.6945571833348113e-06,0.10042271841920528
7504,266.0,0.0,14.117145041697144,3.6945631286696293e-06,0.10042282615363633
7505,266.0,0.0,14.117152613193115,3.6945690732252935e-06,0.10042293387389069
7506,266.0,0.0,14.11716018368882,3.6945750170020046e-06,0.10042304157997203
7507,266.0,0.0,14.117167753184535,3.694580959999972e-06,0.10042314927188412
7508,266.0,0.0,14.117175321680522,3.6945869022193988e-06,0.10042325694963071
7509,266.0,0.0,14.117182889177048,3.6945928436604936e-06,0.10042336461321558
7510,266.0,0.0,14.117190455674377,3.6945987843234615e-06,0.10042347226264246
7511,266.0,0.0,14.11719802117277,3.6946047242085064e-06,0.10042357989791513
7512,266.0,0.0,14.117205585672504,3.694610663315836e-06,0.10042368751903731
7513,266.0,0.0,14.11721314917383,3.6946166016456544e-06,0.10042379512601275
7514,266.0,0.0,14.11722071167702,3.694622539198165e-06,0.10042390271884515
7515,266.0,0.0,14.117228273182333,3.694628475973576e-06,0.1004240102975383
7516,266.0,0.0,14.11723583369004,3.6946344119720937e-06,0.10042411786209596
7517,266.0,0.0,14.117243393200397,3.6946403471939164e-06,0.10042422541252174
7518,266.0,0.0,14.117250951713682,3.694646281639257e-06,0.10042433294881957
7519,266.0,0.0,14.11725850923015,3.6946522153083153e-06,0.10042444047099304
7520,266.0,0.0,14.117266065750057,3.694658148201298e-06,0.10042454797904596
7521,266.0,0.0,14.117273621273682,3.6946640803184074e-06,0.10042465547298192
7522,266.0,0.0,14.117281175801285,3.694670011659854e-06,0.10042476295280493
7523,266.0,0.0,14.117288729333124,3.6946759422258352e-06,0.10042487041851843
7524,266.0,0.0,14.117296281869466,3.6946818720165615e-06,0.10042497787012634
7525,266.0,0.0,14.117303833410576,3.6946878010322314e-06,0.10042508530763222
7526,266.0,0.0,14.117311383956714,3.6946937292730563e-06,0.10042519273104
7527,266.0,0.0,14.117318933508146,3.6946996567392344e-06,0.10042530014035325
7528,266.0,0.0,14.117326482065137,3.6947055834309716e-06,0.10042540753557574
7529,266.0,0.0,14.117334029627944,3.6947115093484703e-06,0.10042551491671113
7530,266.0,0.0,14.117341576196837,3.694717434491943e-06,0.1004256222837633
7531,266.0,0.0,14.11734912177207,3.6947233588615822e-06,0.1004257296367358
7532,266.0,0.0,14.117356666353912,3.694729282457596e-06,0.10042583697563234
7533,266.0,0.0,14.117364209942627,3.69473520528019e-06,0.10042594430045683
7534,266.0,0.0,14.117371752538476,3.6947411273295684e-06,0.10042605161121282
7535,266.0,0.0,14.117379294141717,3.6947470486059288e-06,0.100426158907904
7536,266.0,0.0,14.117386834752617,3.6947529691094804e-06,0.10042626619053414
7537,266.0,0.0,14.117394374371441,3.694758888840428e-06,0.10042637345910702
7538,266.0,0.0,14.117401912998446,3.694764807798968e-06,0.10042648071362618
7539,266.0,0.0,14.117409450633895,3.6947707259853083e-06,0.10042658795409545
7540,266.0,0.0,14.117416987278048,3.694776643399656e-06,0.10042669518051857
7541,266.0,0.0,14.11742452293117,3.6947825600422034e-06,0.10042680239289907
7542,266.0,0.0,14.117432057593525,3.6947884759131616e-06,0.1004269095912408
7543,266.0,0.0,14.117439591265374,3.694794391012736e-06,0.1004270167755475
7544,266.0,0.0,14.117447123946967,3.694800305341119e-06,0.10042712394582265
7545,266.0,0.0,14.11745465563858,3.6948062188985225e-06,0.10042723110207012
7546,266.0,0.0,14.11746218634047,3.694812131685148e-06,0.10042733824429359
7547,266.0,0.0,14.117469716052893,3.6948180437011896e-06,0.10042744537249665
7548,266.0,0.0,14.11747724477612,3.694823954946864e-06,0.10042755248668318
7549,266.0,0.0,14.117484772510403,3.694829865422362e-06,0.1004276595868567
7550,266.0,0.0,14.117492299256007,3.6948357751278914e-06,0.10042776667302097
7551,266.0,0.0,14.117499825013194,3.694841684063654e-06,0.10042787374517974
7552,266.0,0.0,14.117507349782215,3.6948475922298462e-06,0.1004279808033365
7553,266.0,0.0,14.117514873563346,3.694853499626679e-06,0.10042808784749509
7554,266.0,0.0,14.117522396356835,3.69485940625435e-06,0.10042819487765918
7555,266.0,0.0,14.117529918162948,3.6948653121130644e-06,0.10042830189383253
7556,266.0,0.0,14.117537438981946,3.6948712172030178e-06,0.10042840889601863
7557,266.0,0.0,14.11754495881409,3.69487712152442e-06,0.10042851588422132
7558,266.0,0.0,14.117552477659633,3.6948830250774634e-06,0.10042862285844412
7559,266.0,0.0,14.117559995518839,3.6948889278623576e-06,0.10042872981869086
7560,266.0,0.0,14.117567512391973,3.6948948298793004e-06,0.10042883676496517
7561,266.0,0.0,14.117575028279289,3.694900731128494e-06,0.10042894369727068
7562,266.0,0.0,14.117582543181046,3.694906631610139e-06,0.10042905061561111
7563,266.0,0.0,14.117590057097509,3.6949125313244422e-06,0.10042915751999017
7564,266.0,0.0,14.117597570028927,3.694918430271593e-06,0.1004292644104113
7565,266.0,0.0,14.117605081975574,3.6949243284518054e-06,0.10042937128687848
7566,266.0,0.0,14.117612592937698,3.694930225865275e-06,0.10042947814939525
7567,266.0,0.0,14.117620102915563,3.6949361225122003e-06,0.10042958499796521
7568,266.0,0.0,14.117627611909423,3.6949420183927854e-06,0.10042969183259205
7569,266.0,0.0,14.117635119919546,3.6949479135072305e-06,0.10042979865327949
7570,266.0,0.0,14.117642626946182,3.6949538078557345e-06,0.1004299054600311
7571,266.0,0.0,14.117650132989596,3.694959701438504e-06,0.10043001225285066
7572,266.0,0.0,14.11765763805004,3.6949655942557325e-06,0.10043011903174176
7573,266.0,0.0,14.117665142127784,3.694971486307627e-06,0.10043022579670804
7574,266.0,0.0,14.117672645223069,3.6949773775943797e-06,0.10043033254775315
7575,266.0,0.0,14.117680147336166,3.694983268116198e-06,0.10043043928488077
7576,266.0,0.0,14.117687648467335,3.6949891578732814e-06,0.10043054600809458
7577,266.0,0.0,14.117695148616832,3.6949950468658305e-06,0.10043065271739826
7578,266.0,0.0,14.117702647784903,3.6950009350940375e-06,0.10043075941279522
7579,266.0,0.0,14.11771014597182,3.6950068225581136e-06,0.1004308660942894
7580,266.0,0.0,14.117717643177839,3.6950127092582553e-06,0.10043097276188438
7581,266.0,0.0,14.117725139403209,3.6950185951946562e-06,0.10043107941558363
7582,266.0,0.0,14.117732634648199,3.695024480367523e-06,0.10043118605539099
7583,266.0,0.0,14.117740128913063,3.6950303647770534e-06,0.10043129268131
7584,266.0,0.0,14.117747622198051,3.69503624842345e-06,0.10043139929334438
7585,266.0,0.0,14.117755114503428,3.6950421313069053e-06,0.10043150589149762
7586,266.0,0.0,14.11776260582945,3.6950480134276265e-06,0.10043161247577359
7587,266.0,0.0,14.117770096176372,3.695053894785805e-06,0.10043171904617568
7588,266.0,0.0,14.117777585544456,3.6950597753816513e-06,0.1004318256027077
7589,266.0,0.0,14.11778507393395,3.6950656552153548e-06,0.10043193214537319
7590,266.0,0.0,14.117792561345118,3.6950715342871157e-06,0.10043203867417574
7591,266.0,0.0,14.117800047778216,3.6950774125971377e-06,0.10043214518911915
7592,266.0,0.0,14.1178075332335,3.6950832901456174e-06,0.10043225169020695
7593,266.0,0.0,14.117815017711225,3.6950891669327555e-06,0.10043235817744278
7594,266.0,0.0,14.11782250121165,3.6950950429587502e-06,0.10043246465083026
7595,266.0,0.0,14.117829983735028,3.6951009182237973e-06,0.10043257111037295
7596,266.0,0.0,14.117837465281616,3.6951067927280977e-06,0.10043267755607455
7597,266.0,0.0,14.117844945851669,3.695112666471848e-06,0.10043278398793862
7598,266.0,0.0,14.11785242544545,3.695118539455253e-06,0.10043289040596892
7599,266.0,0.0,14.117859904063208,3.6951244116785044e-06,0.10043299681016889
7600,266.0,0.0,14.1178673817052,3.695130283141805e-06,0.10043310320054225
7601,266.0,0.0,14.11787485837168,3.695136153845352e-06,0.10043320957709263
7602,266.0,0.0,14.117882334062909,3.6951420237893433e-06,0.10043331593982362
7603,266.0,0.0,14.117889808779138,3.6951478929739728e-06,0.10043342228873871
7604,266.0,0.0,14.117897282520623,3.6951537613994456e-06,0.10043352862384172
7605,266.0,0.0,14.117904755287622,3.695159629065958e-06,0.10043363494513616
7606,266.0,0.0,14.117912227080389,3.695165495973706e-06,0.10043374125262565
7607,266.0,0.0,14.117919697899175,3.6951713621228874e-06,0.1004338475463138
7608,266.0,0.0,14.117927167744238,3.6951772275136995e-06,0.10043395382620414
7609,266.0,0.0,14.117934636615836,3.695183092146343e-06,0.10043406009230037
7610,266.0,0.0,14.11794210451422,3.6951889560210165e-06,0.10043416634460613
7611,266.0,0.0,14.117949571439649,3.6951948191379136e-06,0.10043427258312493
7612,266.0,0.0,14.117957037392372,3.6952006814972304e-06,0.10043437880786031
7613,266.0,0.0,14.117964502372645,3.695206543099169e-06,0.10043448501881604
7614,266.0,0.0,14.117971966380727,3.695212403943926e-06,0.10043459121599564
7615,266.0,0.0,14.117979429416861,3.695218264031694e-06,0.10043469739940261
7616,266.0,0.0,14.117986891481316,3.695224123362677e-06,0.1004348035690407
7617,266.0,0.0,14.117994352574335,3.6952299819370696e-06,0.10043490972491351
7618,266.0,0.0,14.118001812696175,3.6952358397550633e-06,0.10043501586702441
7619,266.0,0.0,14.118009271847093,3.6952416968168636e-06,0.10043512199537726
7620,266.0,0.0,14.118016730027342,3.695247553122665e-06,0.10043522810997552
7621,266.0,0.0,14.11802418723717,3.695253408672659e-06,0.10043533421082274
7622,266.0,0.0,14.118031643476835,3.695259263467047e-06,0.10043544029792252
7623,266.0,0.0,14.118039098746593,3.6952651175060255e-06,0.10043554637127851
7624,266.0,0.0,14.118046553046696,3.6952709707897917e-06,0.10043565243089435
7625,266.0,0.0,14.118054006377392,3.695276823318538e-06,0.10043575847677343
7626,266.0,0.0,14.118061458738941,3.695282675092466e-06,0.10043586450891948
7627,266.0,0.0,14.118068910131594,3.6952885261117708e-06,0.10043597052733604
7628,266.0,0.0,14.118076360555598,3.695294376376641e-06,0.1004360765320266
7629,266.0,0.0,14.118083810011216,3.695300225887284e-06,0.10043618252299487
7630,266.0,0.0,14.118091258498696,3.6953060746438927e-06,0.10043628850024448
7631,266.0,0.0,14.118098706018289,3.695311922646658e-06,0.10043639446377878
7632,266.0,0.0,14.11810615257025,3.695317769895781e-06,0.10043650041360144
7633,266.0,0.0,14.118113598154832,3.6953236163914556e-06,0.1004366063497161
7634,266.0,0.0,14.118121042772284,3.6953294621338794e-06,0.1004367122721263
7635,266.0,0.0,14.118128486422863,3.695335307123243e-06,0.1004368181808355
7636,266.0,0.0,14.118135929106815,3.6953411513597475e-06,0.10043692407584742
7637,266.0,0.0,14.118143370824397,3.695346994843588e-06,0.10043702995716555
7638,266.0,0.0,14.118150811575866,3.69535283757496e-06,0.10043713582479354
7639,266.0,0.0,14.11815825136146,3.695358679554055e-06,0.10043724167873479
7640,266.0,0.0,14.118165690181444,3.6953645207810735e-06,0.10043734751899296
7641,266.0,0.0,14.11817312803606,3.6953703612562056e-06,0.10043745334557158
7642,266.0,0.0,14.118180564925565,3.6953762009796473e-06,0.1004375591584742
7643,266.0,0.0,14.11818800085021,3.6953820399516004e-06,0.1004376649577045
7644,266.0,0.0,14.118195435810245,3.6953878781722493e-06,0.10043777074326582
7645,266.0,0.0,14.118202869805925,3.6953937156418002e-06,0.1004378765151619
7646,266.0,0.0,14.118210302837495,3.695399552360439e-06,0.1004379822733962
7647,266.0,0.0,14.118217734905212,3.695405388328366e-06,0.10043808801797237
7648,266.0,0.0,14.118225166009324,3.6954112235457755e-06,0.10043819374889384
7649,266.0,0.0,14.118232596150081,3.6954170580128555e-06,0.10043829946616416
7650,266.0,0.0,14.118240025327735,3.6954228917298095e-06,0.10043840516978697
7651,266.0,0.0,14.118247453542539,3.6954287246968263e-06,0.10043851085976573
7652,266.0,0.0,14.118254880794744,3.695434556914106e-06,0.10043861653610409
7653,266.0,0.0,14.118262307084594,3.6954403883818325e-06,0.10043872219880542
7654,266.0,0.0,14.118269732412344,3.6954462191002115e-06,0.10043882784787346
7655,266.0,0.0,14.118277156778243,3.69545204906943e-06,0.10043893348331158
7656,266.0,0.0,14.11828458018255,3.6954578782896886e-06,0.10043903910512351
7657,266.0,0.0,14.118292002625497,3.695463706761176e-06,0.10043914471331261
7658,266.0,0.0,14.118299424107347,3.6954695344840817e-06,0.10043925030788242
7659,266.0,0.0,14.118306844628352,3.695475361458611e-06,0.10043935588883662
7660,266.0,0.0,14.118314264188754,3.69548118768495e-06,0.1004394614561786
7661,266.0,0.0,14.118321682788805,3.6954870131632968e-06,0.10043956700991201
7662,266.0,0.0,14.11832910042876,3.6954928378938406e-06,0.10043967255004031
7663,266.0,0.0,14.118336517108856,3.695498661876776e-06,0.10043977807656697
7664,266.0,0.0,14.11834393282936,3.6955044851123023e-06,0.10043988358949568
7665,266.0,0.0,14.118351347590506,3.6955103076006017e-06,0.10043998908882978
7666,266.0,0.0,14.118358761392551,3.6955161293418777e-06,0.10044009457457294
7667,266.0,0.0,14.118366174235742,3.695521950336321e-06,0.10044020004672863
7668,266.0,0.0,14.11837358612033,3.6955277705841226e-06,0.10044030550530036
7669,266.0,0.0,14.118380997046557,3.6955335900854738e-06,0.10044041095029163
7670,266.0,0.0,14.118388407014685,3.695539408840576e-06,0.10044051638170608
7671,266.0,0.0,14.11839581602495,3.695545226849617e-06,0.10044062179954713
7672,266.0,0.0,14.118403224077609,3.6955510441127876e-06,0.10044072720381829
7673,266.0,0.0,14.118410631172907,3.6955568606302823e-06,0.10044083259452308
7674,266.0,0.0,14.118418037311091,3.695562676402295e-06,0.10044093797166505
7675,266.0,0.0,14.118425442492411,3.695568491429016e-06,0.10044104333524767
7676,266.0,0.0,14.118432846717118,3.6955743057106442e-06,0.10044114868527455
7677,266.0,0.0,14.11844024998546,3.695580119247366e-06,0.1004412540217491
7678,266.0,0.0,14.118447652297677,3.6955859320393714e-06,0.10044135934467477
7679,266.0,0.0,14.118455053654024,3.6955917440868594e-06,0.10044146465405523
7680,266.0,0.0,14.11846245405475,3.6955975553900205e-06,0.10044156994989387
7681,266.0,0.0,14.1184698535001,3.6956033659490437e-06,0.10044167523219419
7682,266.0,0.0,14.118477251990317,3.6956091757641255e-06,0.10044178050095978
7683,266.0,0.0,14.118484649525662,3.6956149848354565e-06,0.10044188575619414
7684,266.0,0.0,14.118492046106372,3.695620793163228e-06,0.10044199099790069
7685,266.0,0.0,14.118499441732695,3.695626600747634e-06,0.100442096226083
7686,266.0,0.0,14.118506836404887,3.695632407588863e-06,0.10044220144074449
7687,266.0,0.0,14.11851423012318,3.6956382136871058e-06,0.10044230664188868
7688,266.0,0.0,14.118521622887833,3.6956440190425633e-06,0.10044241182951918
7689,266.0,0.0,14.118529014699087,3.6956498236554136e-06,0.10044251700363928
7690,266.0,0.0,14.118536405557194,3.6956556275258598e-06,0.10044262216425262
7691,266.0,0.0,14.1185437954624,3.695661430654088e-06,0.1004427273113627
7692,266.0,0.0,14.11855118441495,3.695667233040289e-06,0.1004428324449729
7693,266.0,0.0,14.118558572415086,3.6956730346846545e-06,0.10044293756508675
7694,266.0,0.0,14.118565959463064,3.69567883558738e-06,0.10044304267170776
7695,266.0,0.0,14.118573345559124,3.695684635748655e-06,0.10044314776483954
7696,266.0,0.0,14.118580730703512,3.6956904351686635e-06,0.10044325284448528
7697,266.0,0.0,14.11858811489648,3.695696233847609e-06,0.10044335791064878
7698,266.0,0.0,14.118595498138271,3.695702031785673e-06,0.1004434629633333
7699,266.0,0.0,14.118602880429131,3.6957078289830474e-06,0.10044356800254237
7700,266.0,0.0,14.118610261769303,3.6957136254399267e-06,0.1004436730282795
7701,266.0,0.0,14.118617642159036,3.6957194211564983e-06,0.10044377804054817
7702,266.0,0.0,14.118625021598575,3.695725216132956e-06,0.10044388303935183
7703,266.0,0.0,14.118632400088172,3.695731010369491e-06,0.10044398802469401
7704,266.0,0.0,14.118639777628063,3.695736803866289e-06,0.10044409299657814
7705,266.0,0.0,14.118647154218491,3.6957425966235403e-06,0.10044419795500761
7706,266.0,0.0,14.118654529859716,3.6957483886414426e-06,0.10044430289998607
7707,266.0,0.0,14.11866190455197,3.6957541799201774e-06,0.10044440783151684
7708,266.0,0.0,14.118669278295508,3.695759970459943e-06,0.10044451274960345
7709,266.0,0.0,14.118676651090569,3.695765760260926e-06,0.10044461765424942
7710,266.0,0.0,14.118684022937396,3.6957715493233115e-06,0.10044472254545803
7711,266.0,0.0,14.118691393836242,3.695777337647299e-06,0.10044482742323296
7712,266.0,0.0,14.118698763787345,3.695783125233074e-06,0.10044493228757762
7713,266.0,0.0,14.118706132790951,3.6957889120808254e-06,0.10044503713849537
7714,266.0,0.0,14.118713500847305,3.6957946981907394e-06,0.10044514197598972
7715,266.0,0.0,14.118720867956652,3.695800483563012e-06,0.1004452468000641
7716,266.0,0.0,14.118728234119235,3.695806268197832e-06,0.10044535161072204
7717,266.0,0.0,14.118735599335306,3.6958120520953907e-06,0.10044545640796708
7718,266.0,0.0,14.1187429636051,3.695817835255873e-06,0.1004455611918025
7719,266.0,0.0,14.118750326928865,3.6958236176794672e-06,0.10044566596223166
7720,266.0,0.0,14.118757689306843,3.6958293993663683e-06,0.10044577071925832
7721,266.0,0.0,14.11876505073928,3.695835180316762e-06,0.10044587546288576
7722,266.0,0.0,14.11877241122642,3.6958409605308395e-06,0.10044598019311743
7723,266.0,0.0,14.118779770768505,3.6958467400087854e-06,0.10044608490995674
7724,266.0,0.0,14.118787129365781,3.695852518750798e-06,0.10044618961340729
7725,266.0,0.0,14.118794487018492,3.695858296757056e-06,0.10044629430347238
7726,266.0,0.0,14.118801843726878,3.695864074027752e-06,0.10044639898015544
7727,266.0,0.0,14.118809199491183,3.6958698505630776e-06,0.10044650364346004
7728,266.0,0.0,14.118816554311657,3.6958756263632233e-06,0.1004466082933896
7729,266.0,0.0,14.118823908188531,3.6958814014283677e-06,0.10044671292994736
7730,266.0,0.0,14.118831261122061,3.6958871757587097e-06,0.10044681755313704
7731,266.0,0.0,14.118838613112478,3.695892949354431e-06,0.10044692216296186
7732,266.0,0.0,14.118845964160036,3.695898722215727e-06,0.1004470267594254
7733,266.0,0.0,14.118853314264971,3.6959044943427778e-06,0.10044713134253098
7734,266.0,0.0,14.118860663427531,3.6959102657357785e-06,0.10044723591228213
7735,266.0,0.0,14.118868011647955,3.6959160363949166e-06,0.10044734046868227
7736,266.0,0.0,14.11887535892648,3.695921806320375e-06,0.10044744501173476
7737,266.0,0.0,14.118882705263358,3.695927575512348e-06,0.10044754954144311
7738,266.0,0.0,14.11889005065883,3.695933343971022e-06,0.10044765405781071
7739,266.0,0.0,14.118897395113132,3.6959391116965806e-06,0.10044775856084094
7740,266.0,0.0,14.118904738626513,3.6959448786892176e-06,0.10044786305053734
7741,266.0,0.0,14.118912081199214,3.6959506449491203e-06,0.10044796752690324
7742,266.0,0.0,14.118919422831476,3.6959564104764725e-06,0.10044807198994209
7743,266.0,0.0,14.118926763523538,3.695962175271463e-06,0.1004481764396573
7744,266.0,0.0,14.118934103275645,3.695967939334282e-06,0.1004482808760523
7745,266.0,0.0,14.118941442088039,3.695973702665115e-06,0.10044838529913053
7746,266.0,0.0,14.118948779960956,3.6959794652641474e-06,0.10044848970889532
7747,266.0,0.0,14.118956116894646,3.6959852271315715e-06,0.10044859410535019
7748,266.0,0.0,14.118963452889345,3.6959909882675707e-06,0.10044869848849854
7749,266.0,0.0,14.118970787945297,3.6959967486723344e-06,0.10044880285834372
7750,266.0,0.0,14.118978122062746,3.696002508346053e-06,0.10044890721488929
7751,266.0,0.0,14.118985455241923,3.6960082672889063e-06,0.10044901155813848
7752,266.0,0.0,14.118992787483078,3.696014025501086e-06,0.10044911588809483
7753,266.0,0.0,14.119000118786447,3.6960197829827766e-06,0.10044922020476156
7754,266.0,0.0,14.11900744915228,3.6960255397341665e-06,0.10044932450814235
7755,266.0,0.0,14.119014778580805,3.6960312957554416e-06,0.10044942879824036
7756,266.0,0.0,14.11902210707227,3.69603705104679e-06,0.10044953307505915
7757,266.0,0.0,14.119029434626917,3.6960428056083984e-06,0.10044963733860209
7758,266.0,0.0,14.11903676124498,3.6960485594404507e-06,0.10044974158887252
7759,266.0,0.0,14.119044086926708,3.6960543125431386e-06,0.10044984582587392
7760,266.0,0.0,14.119051411672336,3.696060064916644e-06,0.10044995004960967
7761,266.0,0.0,14.119058735482104,3.6960658165611565e-06,0.10045005426008319
7762,266.0,0.0,14.119066058356252,3.6960715674768558e-06,0.1004501584572977
7763,266.0,0.0,14.119073380295024,3.6960773176639348e-06,0.1004502626412568
7764,266.0,0.0,14.119080701298655,3.6960830671225802e-06,0.10045036681196384
7765,266.0,0.0,14.119088021367391,3.6960888158529756e-06,0.1004504709694222
7766,266.0,0.0,14.119095340501461,3.6960945638553037e-06,0.10045057511363518
7767,266.0,0.0,14.119102658701118,3.696100311129758e-06,0.10045067924460636
7768,266.0,0.0,14.119109975966596,3.69610605767652e-06,0.10045078336233901
7769,266.0,0.0,14.119117292298126,3.69611180349577e-06,0.1004508874668364
7770,266.0,0.0,14.11912460769596,3.696117548587707e-06,0.10045099155810218
7771,266.0,0.0,14.119131922160332,3.6961232929525037e-06,0.10045109563613949
7772,266.0,0.0,14.119139235691483,3.696129036590355e-06,0.1004511997009519
7773,266.0,0.0,14.119146548289647,3.6961347795014407e-06,0.10045130375254266
7774,266.0,0.0,14.119153859955075,3.6961405216859506e-06,0.1004514077909153
7775,266.0,0.0,14.119161170687988,3.6961462631440632e-06,0.1004515118160729
7776,266.0,0.0,14.11916848048864,3.6961520038759696e-06,0.10045161582801923
7777,266.0,0.0,14.119175789357262,3.6961577438818583e-06,0.10045171982675744
7778,266.0,0.0,14.119183097294098,3.696163483161906e-06,0.10045182381229091
7779,266.0,0.0,14.11919040429938,3.696169221716302e-06,0.10045192778462304
7780,266.0,0.0,14.119197710373353,3.696174959545231e-06,0.10045203174375722
7781,266.0,0.0,14.119205015516252,3.6961806966488803e-06,0.10045213568969684
7782,266.0,0.0,14.11921231972832,3.696186433027432e-06,0.10045223962244525
7783,266.0,0.0,14.119219623009785,3.69619216868107e-06,0.10045234354200577
7784,266.0,0.0,14.119226925360893,3.6961979036099827e-06,0.1004524474483819
7785,266.0,0.0,14.119234226781877,3.696203637814348e-06,0.10045255134157677
7786,266.0,0.0,14.119241527272987,3.6962093712943597e-06,0.10045265522159398
7787,266.0,0.0,14.119248826834443,3.6962151040501948e-06,0.10045275908843675
7788,266.0,0.0,14.119256125466498,3.6962208360820407e-06,0.10045286294210853
7789,266.0,0.0,14.11926342316938,3.696226567390083e-06,0.10045296678261265
7790,266.0,0.0,14.119270719943332,3.6962322979745076e-06,0.10045307060995254
7791,266.0,0.0,14.119278015788591,3.6962380278354937e-06,0.10045317442413142
7792,266.0,0.0,14.11928531070539,3.6962437569732267e-06,0.10045327822515272
7793,266.0,0.0,14.119292604693971,3.6962494853878912e-06,0.10045338201301977
7794,266.0,0.0,14.11929989775457,3.6962552130796746e-06,0.100453485787736
7795,266.0,0.0,14.119307189887422,3.696260940048758e-06,0.1004535895493047
7796,266.0,0.0,14.119314481092767,3.696266666295322e-06,0.10045369329772916
7797,266.0,0.0,14.11932177137084,3.6962723918195573e-06,0.1004537970330129
7798,266.0,0.0,14.119329060721876,3.6962781166216416e-06,0.1004539007551591
7799,266.0,0.0,14.11933634914612,3.6962838407017637e-06,0.10045400446417123
7800,266.0,0.0,14.119343636643798,3.6962895640601024e-06,0.10045410816005254
7801,266.0,0.0,14.119350923215153,3.696295286696844e-06,0.10045421184280645
7802,266.0,0.0,14.119358208860419,3.6963010086121722e-06,0.10045431551243636
7803,266.0,0.0,14.119365493579835,3.696306729806272e-06,0.10045441916894543
7804,266.0,0.0,14.119372777373636,3.696312450279321e-06,0.10045452281233712
7805,266.0,0.0,14.119380060242056,3.696318170031508e-06,0.10045462644261482
7806,266.0,0.0,14.119387342185332,3.696323889063012e-06,0.10045473005978174
7807,266.0,0.0,14.119394623203707,3.6963296073740205e-06,0.10045483366384134
7808,266.0,0.0,14.119401903297403,3.6963353249647124e-06,0.10045493725479683
7809,266.0,0.0,14.119409182466667,3.696341041835271e-06,0.1004550408326516
7810,266.0,0.0,14.119416460711738,3.696346757985889e-06,0.10045514439740914
7811,266.0,0.0,14.119423738032834,3.696352473416731e-06,0.10045524794907247
7812,266.0,0.0,14.119431014430212,3.696358188127997e-06,0.10045535148764524
7813,266.0,0.0,14.119438289904092,3.69636390211986e-06,0.10045545501313058
7814,266.0,0.0,14.119445564454717,3.6963696153925065e-06,0.1004555585255319
7815,266.0,0.0,14.119452838082317,3.696375327946117e-06,0.1004556620248525
7816,266.0,0.0,14.119460110787136,3.6963810397808765e-06,0.10045576551109571
7817,266.0,0.0,14.119467382569399,3.696386750896963e-06,0.10045586898426478
7818,266.0,0.0,14.119474653429345,3.6963924612945616e-06,0.1004559724443632
7819,266.0,0.0,14.119481923367209,3.696398170973855e-06,0.10045607589139414
7820,266.0,0.0,14.119489192383229,3.6964038799350266e-06,0.10045617932536105
7821,266.0,0.0,14.119496460477638,3.6964095881782576e-06,0.10045628274626718
7822,266.0,0.0,14.11950372765067,3.6964152957037272e-06,0.10045638615411584
7823,266.0,0.0,14.119510993902557,3.696421002511622e-06,0.10045648954891037
7824,266.0,0.0,14.119518259233535,3.6964267086021195e-06,0.10045659293065407
7825,266.0,0.0,14.119525523643839,3.6964324139754017e-06,0.1004566962993502
7826,266.0,0.0,14.119532787133704,3.696438118631656e-06,0.10045679965500225
7827,266.0,0.0,14.119540049703364,3.6964438225710567e-06,0.10045690299761328
7828,266.0,0.0,14.119547311353054,3.6964495257937925e-06,0.10045700632718683
7829,266.0,0.0,14.119554572083006,3.696455228300042e-06,0.10045710964372612
7830,266.0,0.0,14.119561831893455,3.6964609300899875e-06,0.10045721294723453
7831,266.0,0.0,14.119569090784637,3.6964666311638093e-06,0.10045731623771523
7832,266.0,0.0,14.119576348756782,3.6964723315216857e-06,0.10045741951517162
7833,266.0,0.0,14.119583605810124,3.6964780311638028e-06,0.10045752277960697
7834,266.0,0.0,14.119590861944902,3.6964837300903413e-06,0.10045762603102457
7835,266.0,0.0,14.119598117161344,3.696489428301483e-06,0.10045772926942782
7836,266.0,0.0,14.119605371459683,3.6964951257974037e-06,0.10045783249481986
7837,266.0,0.0,14.119612624840153,3.69650082257829e-06,0.10045793570720414
7838,266.0,0.0,14.119619877302993,3.696506518644323e-06,0.10045803890658392
7839,266.0,0.0,14.119627128848428,3.6965122139956786e-06,0.10045814209296243
7840,266.0,0.0,14.119634379476699,3.696517908632545e-06,0.10045824526634309
7841,266.0,0.0,14.119641629188033,3.696523602555096e-06,0.10045834842672906
7842,266.0,0.0,14.11964887798266,3.696529295763513e-06,0.10045845157412364
7843,266.0,0.0,14.119656125860823,3.69653498825798e-06,0.10045855470853024
7844,266.0,0.0,14.11966337282275,3.696540680038679e-06,0.1004586578299521
7845,266.0,0.0,14.119670618868666,3.6965463711057837e-06,0.10045876093839247
7846,266.0,0.0,14.119677863998817,3.69655206145948e-06,0.10045886403385461
7847,266.0,0.0,14.119685108213423,3.6965577510999457e-06,0.10045896711634195
7848,266.0,0.0,14.119692351512727,3.6965634400273654e-06,0.10045907018585767
7849,266.0,0.0,14.119699593896955,3.696569128241915e-06,0.10045917324240507
7850,266.0,0.0,14.11970683536634,3.6965748157437755e-06,0.10045927628598746
7851,266.0,0.0,14.119714075921115,3.696580502533125e-06,0.10045937931660807
7852,266.0,0.0,14.119721315561513,3.6965861886101515e-06,0.10045948233427025
7853,266.0,0.0,14.11972855428776,3.696591873975021e-06,0.10045958533897713
7854,266.0,0.0,14.119735792100096,3.6965975586279273e-06,0.10045968833073224
7855,266.0,0.0,14.11974302899875,3.6966032425690427e-06,0.10045979130953867
7856,266.0,0.0,14.119750264983953,3.6966089257985505e-06,0.10045989427539975
7857,266.0,0.0,14.119757500055933,3.6966146083166247e-06,0.10045999722831872
7858,266.0,0.0,14.119764734214927,3.6966202901234525e-06,0.10046010016829891
7859,266.0,0.0,14.119771967461164,3.6966259712192064e-06,0.10046020309534355
7860,266.0,0.0,14.119779199794877,3.6966316516040743e-06,0.100460306009456
7861,266.0,0.0,14.119786431216296,3.696637331278228e-06,0.1004604089106394
7862,266.0,0.0,14.119793661725652,3.69664301024185e-06,0.10046051179889709
7863,266.0,0.0,14.119800891323175,3.6966486884951152e-06,0.1004606146742323
7864,266.0,0.0,14.119808120009095,3.6966543660382088e-06,0.10046071753664834
7865,266.0,0.0,14.119815347783646,3.6966600428713096e-06,0.1004608203861485
7866,266.0,0.0,14.119822574647062,3.6966657189945946e-06,0.10046092322273598
7867,266.0,0.0,14.119829800599563,3.696671394408239e-06,0.10046102604641403
7868,266.0,0.0,14.119837025641388,3.696677069112429e-06,0.10046112885718597
7869,266.0,0.0,14.119844249772767,3.6966827431073393e-06,0.10046123165505505
7870,266.0,0.0,14.119851472993929,3.6966884163931495e-06,0.10046133444002447
7871,266.0,0.0,14.119858695305101,3.6966940889700376e-06,0.10046143721209755
7872,266.0,0.0,14.119865916706521,3.6966997608381858e-06,0.1004615399712776
7873,266.0,0.0,14.119873137198413,3.6967054319977684e-06,0.10046164271756777
7874,266.0,0.0,14.119880356781003,3.696711102448963e-06,0.10046174545097131
7875,266.0,0.0,14.119887575454534,3.6967167721919537e-06,0.10046184817149155
7876,266.0,0.0,14.119894793219226,3.696722441226913e-06,0.10046195087913166
7877,266.0,0.0,14.119902010075315,3.6967281095540247e-06,0.10046205357389497
7878,266.0,0.0,14.11990922602302,3.6967337771734623e-06,0.10046215625578471
7879,266.0,0.0,14.119916441062582,3.6967394440854026e-06,0.10046225892480402
7880,266.0,0.0,14.119923655194224,3.6967451102900313e-06,0.10046236158095632
7881,266.0,0.0,14.119930868418184,3.6967507757875227e-06,0.1004624642242448
7882,266.0,0.0,14.119938080734677,3.696756440578053e-06,0.10046256685467267
7883,266.0,0.0,14.119945292143944,3.6967621046617988e-06,0.1004626694722431
7884,266.0,0.0,14.11995250264621,3.6967677680389426e-06,0.10046277207695946
7885,266.0,0.0,14.119959712241705,3.696773430709661e-06,0.10046287466882499
7886,266.0,0.0,14.119966920930658,3.696779092674129e-06,0.10046297724784281
7887,266.0,0.0,14.119974128713297,3.6967847539325257e-06,0.10046307981401625
7888,266.0,0.0,14.119981335589852,3.69679041448503e-06,0.10046318236734855
7889,266.0,0.0,14.119988541560552,3.69679607433182e-06,0.10046328490784294
7890,266.0,0.0,14.119995746625627,3.6968017334730706e-06,0.10046338743550262
7891,266.0,0.0,14.120002950785297,3.6968073919089554e-06,0.10046348995033076
7892,266.0,0.0,14.120010154039806,3.6968130496396625e-06,0.10046359245233077
7893,266.0,0.0,14.120017356389369,3.696818706665361e-06,0.10046369494150578
7894,266.0,0.0,14.120024557834213,3.6968243629862275e-06,0.10046379741785892
7895,266.0,0.0,14.120031758374582,3.6968300186024447e-06,0.10046389988139359
7896,266.0,0.0,14.120038958010687,3.6968356735141855e-06,0.100464002332113
7897,266.0,0.0,14.120046156742767,3.6968413277216276e-06,0.10046410477002028
7898,266.0,0.0,14.120053354571047,3.69684698122495e-06,0.10046420719511868
7899,266.0,0.0,14.120060551495753,3.6968526340243264e-06,0.10046430960741144
7900,266.0,0.0,14.120067747517114,3.696858286119936e-06,0.10046441200690186
7901,266.0,0.0,14.120074942635359,3.696863937511955e-06,0.10046451439359304
7902,266.0,0.0,14.120082136850714,3.6968695882005587e-06,0.10046461676748822
7903,266.0,0.0,14.120089330163404,3.696875238185923e-06,0.10046471912859065
7904,266.0,0.0,14.120096522573661,3.6968808874682266e-06,0.1004648214769035
7905,266.0,0.0,14.120103714081715,3.6968865360476464e-06,0.1004649238124301
7906,266.0,0.0,14.120110904687786,3.6968921839243597e-06,0.1004650261351736
7907,266.0,0.0,14.120118094392105,3.6968978310985375e-06,0.10046512844513716
7908,266.0,0.0,14.120125283194897,3.6969034775703597e-06,0.10046523074232404
7909,266.0,0.0,14.120132471096392,3.696909123340002e-06,0.10046533302673745
7910,266.0,0.0,14.120139658096814,3.696914768407643e-06,0.10046543529838066
7911,266.0,0.0,14.120146844196391,3.696920412773453e-06,0.10046553755725672
7912,266.0,0.0,14.120154029395353,3.6969260564376117e-06,0.10046563980336899
7913,266.0,0.0,14.120161213693923,3.6969316994002968e-06,0.10046574203672061
7914,266.0,0.0,14.120168397092328,3.69693734166168e-06,0.10046584425731482
7915,266.0,0.0,14.120175579590793,3.69694298322194e-06,0.10046594646515476
7916,266.0,0.0,14.120182761189552,3.696948624081252e-06,0.10046604866024372
7917,266.0,0.0,14.120189941888821,3.6969542642397896e-06,0.10046615084258484
7918,266.0,0.0,14.120197121688832,3.696959903697729e-06,0.10046625301218129
7919,266.0,0.0,14.12020430058981,3.69696554245525e-06,0.1004663551690364
7920,266.0,0.0,14.120211478591981,3.6969711805125214e-06,0.10046645731315319
7921,266.0,0.0,14.120218655695574,3.696976817869722e-06,0.10046655944453498
7922,266.0,0.0,14.120225831900813,3.6969824545270315e-06,0.10046666156318503
7923,266.0,0.0,14.120233007207917,3.6969880904846144e-06,0.10046676366910626
7924,266.0,0.0,14.120240181617122,3.696993725742655e-06,0.10046686576230218
7925,266.0,0.0,14.120247355128647,3.6969993603013245e-06,0.10046696784277578
7926,266.0,0.0,14.120254527742723,3.6970049941607995e-06,0.10046706991053031
7927,266.0,0.0,14.120261699459574,3.697010627321258e-06,0.10046717196556906
7928,266.0,0.0,14.120268870279421,3.6970162597828674e-06,0.10046727400789508
7929,266.0,0.0,14.120276040202496,3.697021891545808e-06,0.1004673760375116
7930,266.0,0.0,14.12028320922902,3.697027522610253e-06,0.10046747805442179
7931,266.0,0.0,14.120290377359217,3.697033152976375e-06,0.10046758005862882
7932,266.0,0.0,14.120297544593315,3.697038782644353e-06,0.10046768205013595
7933,266.0,0.0,14.120304710931533,3.697044411614358e-06,0.10046778402894627
7934,266.0,0.0,14.120311876374108,3.6970500398865672e-06,0.10046788599506304
7935,266.0,0.0,14.120319040921254,3.6970556674611543e-06,0.10046798794848942
7936,266.0,0.0,14.1203262045732,3.697061294338292e-06,0.10046808988922856
7937,266.0,0.0,14.12033336733017,3.6970669205181555e-06,0.10046819181728364
7938,266.0,0.0,14.12034052919239,3.6970725460009185e-06,0.10046829373265788
7939,266.0,0.0,14.120347690160083,3.6970781707867576e-06,0.10046839563535438
7940,266.0,0.0,14.120354850233472,3.697083794875845e-06,0.1004684975253764
7941,266.0,0.0,14.120362009412785,3.6970894182683554e-06,0.10046859940272704
7942,266.0,0.0,14.12036916769824,3.6970950409644613e-06,0.1004687012674095
7943,266.0,0.0,14.120376325090065,3.6971006629643405e-06,0.10046880311942702
7944,266.0,0.0,14.120383481588487,3.6971062842681605e-06,0.10046890495878263
7945,266.0,0.0,14.120390637193728,3.697111904876101e-06,0.10046900678547958
7946,266.0,0.0,14.120397791906012,3.6971175247883346e-06,0.10046910859952109
7947,266.0,0.0,14.120404945725557,3.6971231440050337e-06,0.10046921040091025
7948,266.0,0.0,14.120412098652594,3.6971287625263705e-06,0.10046931218965015
7949,266.0,0.0,14.120419250687348,3.6971343803525215e-06,0.10046941396574413
7950,266.0,0.0,14.120426401830033,3.697139997483658e-06,0.1004695157291952
7951,266.0,0.0,14.120433552080886,3.697145613919958e-06,0.10046961748000667
7952,266.0,0.0,14.120440701440112,3.6971512296615827e-06,0.10046971921818149
7953,266.0,0.0,14.120447849907954,3.697156844708722e-06,0.10046982094372307
7954,266.0,0.0,14.120454997484625,3.6971624590615376e-06,0.10046992265663436
7955,266.0,0.0,14.120462144170343,3.6971680727202048e-06,0.10047002435691857
7956,266.0,0.0,14.120469289965348,3.6971736856849025e-06,0.10047012604457901
7957,266.0,0.0,14.120476434869843,3.6971792979557934e-06,0.10047022771961857
7958,266.0,0.0,14.120483578884063,3.6971849095330566e-06,0.10047032938204052
7959,266.0,0.0,14.120490722008228,3.6971905204168654e-06,0.10047043103184808
7960,266.0,0.0,14.120497864242562,3.6971961306073934e-06,0.10047053266904439
7961,266.0,0.0,14.120505005587288,3.697201740104812e-06,0.10047063429363254
7962,266.0,0.0,14.120512146042621,3.697207348909292e-06,0.10047073590561566
7963,266.0,0.0,14.120519285608795,3.697212957021009e-06,0.10047083750499695
7964,266.0,0.0,14.120526424286027,3.697218564440132e-06,0.10047093909177955
7965,266.0,0.0,14.120533562074536,3.6972241711668367e-06,0.10047104066596656
7966,266.0,0.0,14.120540698974548,3.6972297772012947e-06,0.10047114222756114
7967,266.0,0.0,14.120547834986287,3.6972353825436784e-06,0.10047124377656648
7968,266.0,0.0,14.120554970109973,3.69724098719416e-06,0.10047134531298568
7969,266.0,0.0,14.120562104345822,3.6972465911529086e-06,0.10047144683682185
7970,266.0,0.0,14.120569237694063,3.6972521944201027e-06,0.10047154834807819
7971,266.0,0.0,14.120576370154918,3.6972577969959116e-06,0.10047164984675787
7972,266.0,0.0,14.120583501728609,3.6972633988805045e-06,0.1004717513328639
7973,266.0,0.0,14.120590632415354,3.697269000074057e-06,0.10047185280639945
7974,266.0,0.0,14.120597762215374,3.6972746005767404e-06,0.10047195426736777
7975,266.0,0.0,14.120604891128892,3.6972802003887245e-06,0.10047205571577185
7976,266.0,0.0,14.12061201915613,3.6972857995101823e-06,0.1004721571516149
7977,266.0,0.0,14.120619146297313,3.697291397941287e-06,0.10047225857490003
7978,266.0,0.0,14.120626272552656,3.697296995682208e-06,0.10047235998563035
7979,266.0,0.0,14.120633397922383,3.697302592733119e-06,0.10047246138380903
7980,266.0,0.0,14.120640522406717,3.6973081890941906e-06,0.10047256276943917
7981,266.0,0.0,14.120647646005875,3.697313784765593e-06,0.1004726641425239
7982,266.0,0.0,14.120654768720078,3.6973193797474988e-06,0.1004727655030663
7983,266.0,0.0,14.120661890549547,3.6973249740400824e-06,0.10047286685106963
7984,266.0,0.0,14.120669011494506,3.697330567643505e-06,0.10047296818653682
7985,266.0,0.0,14.120676131555175,3.6973361605579495e-06,0.1004730695094711
7986,266.0,0.0,14.12068325073177,3.6973417527835834e-06,0.10047317081987565
7987,266.0,0.0,14.120690369024517,3.6973473443205735e-06,0.10047327211775343
7988,266.0,0.0,14.120697486433633,3.6973529351690953e-06,0.10047337340310768
7989,266.0,0.0,14.120704602959343,3.6973585253293207e-06,0.10047347467594153
7990,266.0,0.0,14.120711718601859,3.6973641148014147e-06,0.10047357593625793
7991,266.0,0.0,14.120718833361407,3.6973697035855533e-06,0.1004736771840602
7992,266.0,0.0,14.120725947238206,3.697375291681908e-06,0.10047377841935136
7993,266.0,0.0,14.120733060232478,3.6973808790906454e-06,0.1004738796421345
7994,266.0,0.0,14.120740172344435,3.697386465811937e-06,0.10047398085241276
7995,266.0,0.0,14.120747283574305,3.6973920518459543e-06,0.10047408205018919
7996,266.0,0.0,14.12075439392231,3.6973976371928683e-06,0.10047418323546704
7997,266.0,0.0,14.120761503388662,3.6974032218528513e-06,0.10047428440824929
7998,266.0,0.0,14.120768611973583,3.6974088058260693e-06,0.10047438556853908
7999,266.0,0.0,14.120775719677289,3.697414389112694e-06,0.10047448671633948
8000,266.0,0.0,14.120782826500008,3.6974199717128973e-06,0.10047458785165364
8001,266.0,0.0,14.120789932441953,3.6974255536268482e-06,0.10047468897448465
8002,266.0,0.0,14.120797037503344,3.697431134854719e-06,0.10047479008483567
8003,266.0,0.0,14.120804141684404,3.6974367153966785e-06,0.10047489118270975
8004,266.0,0.0,14.120811244985346,3.697442295252891e-06,0.1004749922681099
8005,266.0,0.0,14.120818347406395,3.6974478744235353e-06,0.10047509334103934
8006,266.0,0.0,14.120825448947764,3.6974534529087764e-06,0.10047519440150111
8007,266.0,0.0,14.120832549609675,3.6974590307087845e-06,0.10047529544949832
8008,266.0,0.0,14.120839649392346,3.6974646078237313e-06,0.10047539648503405
8009,266.0,0.0,14.120846748296001,3.6974701842537842e-06,0.10047549750811144
8010,266.0,0.0,14.12085384632085,3.6974757599991173e-06,0.10047559851873357
8011,266.0,0.0,14.120860943467115,3.6974813350598953e-06,0.1004756995169035
8012,266.0,0.0,14.120868039735019,3.697486909436287e-06,0.1004758005026243
8013,266.0,0.0,14.120875135124773,3.6974924831284662e-06,0.10047590147589912
8014,266.0,0.0,14.120882229636598,3.697498056136601e-06,0.10047600243673104
8015,266.0,0.0,14.120889323270713,3.697503628460857e-06,0.10047610338512303
8016,266.0,0.0,14.120896416027332,3.6975092001014048e-06,0.10047620432107827
8017,266.0,0.0,14.120903507906679,3.6975147710584187e-06,0.10047630524459993
8018,266.0,0.0,14.120910598908972,3.697520341332064e-06,0.10047640615569092
8019,266.0,0.0,14.120917689034428,3.697525910922508e-06,0.1004765070543545
8020,266.0,0.0,14.120924778283259,3.697531479829924e-06,0.1004766079405936
8021,266.0,0.0,14.120931866655686,3.6975370480544764e-06,0.10047670881441131
8022,266.0,0.0,14.12093895415193,3.6975426155963365e-06,0.10047680967581078
8023,266.0,0.0,14.120946040772205,3.697548182455671e-06,0.10047691052479506
8024,266.0,0.0,14.120953126516733,3.697553748632654e-06,0.10047701136136725
8025,266.0,0.0,14.120960211385722,3.6975593141274484e-06,0.10047711218553033
8026,266.0,0.0,14.120967295379398,3.6975648789402276e-06,0.10047721299728753
8027,266.0,0.0,14.120974378497975,3.6975704430711537e-06,0.10047731379664178
8028,266.0,0.0,14.120981460741671,3.6975760065204013e-06,0.10047741458359623
8029,266.0,0.0,14.120988542110702,3.6975815692881372e-06,0.10047751535815391
8030,266.0,0.0,14.120995622605285,3.6975871313745283e-06,0.1004776161203179
8031,266.0,0.0,14.121002702225633,3.697592692779741e-06,0.10047771687009123
8032,266.0,0.0,14.121009780971978,3.6975982535039527e-06,0.1004778176074771
8033,266.0,0.0,14.121016858844515,3.6976038135473185e-06,0.10047791833247839
8034,266.0,0.0,14.121023935843475,3.6976093729100163e-06,0.10047801904509829
8035,266.0,0.0,14.121031011969071,3.6976149315922103e-06,0.10047811974533984
8036,266.0,0.0,14.121038087221518,3.6976204895940696e-06,0.10047822043320606
8037,266.0,0.0,14.121045161601037,3.6976260469157627e-06,0.10047832110870006
8038,266.0,0.0,14.121052235107841,3.6976316035574565e-06,0.10047842177182491
8039,266.0,0.0,14.121059307742147,3.697637159519319e-06,0.10047852242258362
8040,266.0,0.0,14.121066379504168,3.6976427148015156e-06,0.10047862306097924
8041,266.0,0.0,14.121073450394125,3.6976482694042186e-06,0.10047872368701491
8042,266.0,0.0,14.12108052041223,3.697653823327591e-06,0.10047882430069356
8043,266.0,0.0,14.121087589558698,3.697659376571804e-06,0.10047892490201837
8044,266.0,0.0,14.12109465783375,3.6976649291370253e-06,0.1004790254909924
8045,266.0,0.0,14.1211017252376,3.6976704810234176e-06,0.1004791260676185
8046,266.0,0.0,14.121108791770464,3.6976760322311558e-06,0.10047922663189997
8047,266.0,0.0,14.121115857432555,3.6976815827604e-06,0.1004793271838397
8048,266.0,0.0,14.121122922224087,3.697687132611319e-06,0.10047942772344075
8049,266.0,0.0,14.121129986145279,3.697692681784083e-06,0.10047952825070627
8050,266.0,0.0,14.121137049196346,3.6976982302788537e-06,0.10047962876563918
8051,266.0,0.0,14.121144111377502,3.6977037780958034e-06,0.10047972926824257
8052,266.0,0.0,14.121151172688965,3.6977093252350983e-06,0.10047982975851955
8053,266.0,0.0,14.121158233130949,3.697714871696907e-06,0.10047993023647314
8054,266.0,0.0,14.121165292703663,3.6977204174813883e-06,0.10048003070210625
8055,266.0,0.0,14.121172351407335,3.6977259625887206e-06,0.10048013115542213
8056,266.0,0.0,14.121179409242167,3.69773150701906e-06,0.10048023159642365
8057,266.0,0.0,14.121186466208382,3.697737050772582e-06,0.10048033202511394
8058,266.0,0.0,14.12119352230619,3.6977425938494466e-06,0.100480432441496
8059,266.0,0.0,14.121200577535806,3.6977481362498238e-06,0.10048053284557291
8060,266.0,0.0,14.121207631897446,3.6977536779738757e-06,0.10048063323734759
8061,266.0,0.0,14.121214685391324,3.6977592190217768e-06,0.10048073361682322
8062,266.0,0.0,14.121221738017656,3.697764759393685e-06,0.10048083398400269
8063,266.0,0.0,14.121228789776655,3.697770299089773e-06,0.10048093433888919
8064,266.0,0.0,14.121235840668536,3.6977758381102043e-06,0.10048103468148563
8065,266.0,0.0,14.12124289069351,3.697781376455147e-06,0.10048113501179512
8066,266.0,0.0,14.121249939851793,3.697786914124761e-06,0.10048123532982053
8067,266.0,0.0,14.1212569881436,3.6977924511192205e-06,0.10048133563556509
8068,266.0,0.0,14.121264035569144,3.6977979874386847e-06,0.1004814359290317
8069,266.0,0.0,14.121271082128638,3.697803523083326e-06,0.10048153621022343
8070,266.0,0.0,14.1212781278223,3.697809058053305e-06,0.10048163647914331
8071,266.0,0.0,14.121285172650337,3.69781459234879e-06,0.10048173673579429
8072,266.0,0.0,14.12129221661297,3.697820125969947e-06,0.10048183698017951
8073,266.0,0.0,14.121299259710405,3.69782565891694e-06,0.10048193721230189
8074,266.0,0.0,14.12130630194286,3.697831191189937e-06,0.10048203743216452
8075,266.0,0.0,14.12131334331055,3.6978367227891022e-06,0.10048213763977037
8076,266.0,0.0,14.121320383813682,3.6978422537146013e-06,0.10048223783512249
8077,266.0,0.0,14.121327423452476,3.6978477839666007e-06,0.10048233801822389
8078,266.0,0.0,14.121334462227143,3.6978533135452628e-06,0.10048243818907754
8079,266.0,0.0,14.121341500137893,3.6978588424507564e-06,0.1004825383476865
8080,266.0,0.0,14.121348537184941,3.6978643706832442e-06,0.10048263849405374
8081,266.0,0.0,14.121355573368497,3.6978698982428906e-06,0.10048273862818227
8082,266.0,0.0,14.121362608688782,3.6978754251298683e-06,0.10048283875007527
8083,266.0,0.0,14.121369643146002,3.6978809513443323e-06,0.10048293885973553
8084,266.0,0.0,14.121376676740368,3.6978864768864524e-06,0.10048303895716607
8085,266.0,0.0,14.121383709472099,3.6978920017563944e-06,0.10048313904237006
8086,266.0,0.0,14.121390741341406,3.697897525954323e-06,0.10048323911535036
8087,266.0,0.0,14.121397772348494,3.6979030494804012e-06,0.10048333917611005
8088,266.0,0.0,14.121404802493585,3.6979085723347927e-06,0.10048343922465208
8089,266.0,0.0,14.121411831776884,3.6979140945176636e-06,0.10048353926097944
8090,266.0,0.0,14.12141886019861,3.6979196160291843e-06,0.10048363928509522
8091,266.0,0.0,14.12142588775897,3.6979251368695097e-06,0.10048373929700237
8092,266.0,0.0,14.121432914458175,3.6979306570388105e-06,0.10048383929670389
8093,266.0,0.0,14.121439940296444,3.697936176537251e-06,0.10048393928420282
8094,266.0,0.0,14.12144696527398,3.697941695364993e-06,0.10048403925950207
8095,266.0,0.0,14.121453989391002,3.697947213522202e-06,0.1004841392226047
8096,266.0,0.0,14.121461012647721,3.6979527310090456e-06,0.10048423917351368
8097,266.0,0.0,14.12146803504434,3.6979582478256787e-06,0.100484339112232
8098,266.0,0.0,14.12147505658108,3.6979637639722743e-06,0.10048443903876263
8099,266.0,0.0,14.121482077258152,3.697969279448997e-06,0.10048453895310867
8100,266.0,0.0,14.12148909707576,3.697974794256004e-06,0.10048463885527295
8101,266.0,0.0,14.121496116034123,3.697980308393463e-06,0.10048473874525854
8102,266.0,0.0,14.121503134133446,3.6979858218615385e-06,0.10048483862306849
8103,266.0,0.0,14.121510151373949,3.6979913346603966e-06,0.10048493848870577
8104,266.0,0.0,14.121517167755835,3.697996846790196e-06,0.10048503834217322
8105,266.0,0.0,14.12152418327932,3.6980023582511036e-06,0.10048513818347399
8106,266.0,0.0,14.12153119794461,3.698007869043284e-06,0.10048523801261099
8107,266.0,0.0,14.121538211751918,3.6980133791668942e-06,0.10048533782958716
8108,266.0,0.0,14.121545224701457,3.698018888622108e-06,0.10048543763440562
8109,266.0,0.0,14.121552236793438,3.698024397409083e-06,0.10048553742706925
8110,266.0,0.0,14.121559248028065,3.6980299055279785e-06,0.10048563720758097
8111,266.0,0.0,14.121566258405554,3.6980354129789686e-06,0.10048573697594389
8112,266.0,0.0,14.121573267926115,3.6980409197622046e-06,0.10048583673216087
8113,266.0,0.0,14.121580276589956,3.69804642587786e-06,0.10048593647623505
8114,266.0,0.0,14.121587284397293,3.698051931326096e-06,0.10048603620816925
8115,266.0,0.0,14.121594291348332,3.6980574361070696e-06,0.10048613592796646
8116,266.0,0.0,14.121601297443283,3.6980629402209494e-06,0.10048623563562971
8117,266.0,0.0,14.121608302682354,3.6980684436678984e-06,0.10048633533116201
8118,266.0,0.0,14.121615307065758,3.6980739464480766e-06,0.1004864350145662
8119,266.0,0.0,14.121622310593708,3.6980794485616495e-06,0.10048653468584533
8120,266.0,0.0,14.121629313266409,3.698084950008779e-06,0.10048663434500232
8121,266.0,0.0,14.121636315084071,3.6980904507896275e-06,0.10048673399204025
8122,266.0,0.0,14.121643316046907,3.6980959509043594e-06,0.10048683362696201
8123,266.0,0.0,14.121650316155122,3.698101450353135e-06,0.1004869332497705
8124,266.0,0.0,14.121657315408928,3.6981069491361177e-06,0.10048703286046876
8125,266.0,0.0,14.121664313808537,3.6981124472534722e-06,0.1004871324590598
8126,266.0,0.0,14.121671311354154,3.698117944705358e-06,0.10048723204554648
8127,266.0,0.0,14.121678308045992,3.6981234414919385e-06,0.10048733161993179
8128,266.0,0.0,14.121685303884258,3.698128937613376e-06,0.1004874311822187
8129,266.0,0.0,14.121692298869156,3.698134433069833e-06,0.1004875307324102
8130,266.0,0.0,14.121699293000907,3.698139927861472e-06,0.10048763027050919
8131,266.0,0.0,14.121706286279712,3.6981454219884567e-06,0.10048772979651868
8132,266.0,0.0,14.121713278705778,3.6981509154509476e-06,0.10048782931044162
8133,266.0,0.0,14.121720270279322,3.6981564082491063e-06,0.10048792881228095
8134,266.0,0.0,14.121727261000547,3.6981619003830942e-06,0.10048802830203955
8135,266.0,0.0,14.121734250869663,3.6981673918530752e-06,0.10048812777972048
8136,266.0,0.0,14.121741239886877,3.6981728826592124e-06,0.10048822724532669
8137,266.0,0.0,14.1217482280524,3.6981783728016637e-06,0.10048832669886101
8138,266.0,0.0,14.12175521536644,3.6981838622805925e-06,0.10048842614032648
8139,266.0,0.0,14.121762201829204,3.6981893510961633e-06,0.10048852556972612
8140,266.0,0.0,14.121769187440899,3.698194839248533e-06,0.1004886249870627
8141,266.0,0.0,14.121776172201738,3.6982003267378654e-06,0.10048872439233933
8142,266.0,0.0,14.121783156111924,3.698205813564323e-06,0.10048882378555883
8143,266.0,0.0,14.12179013917167,3.698211299728066e-06,0.1004889231667242
8144,266.0,0.0,14.121797121381181,3.6982167852292573e-06,0.10048902253583843
8145,266.0,0.0,14.121804102740663,3.6982222700680563e-06,0.10048912189290432
8146,266.0,0.0,14.121811083250329,3.6982277542446253e-06,0.10048922123792496
8147,266.0,0.0,14.121818062910382,3.6982332377591264e-06,0.10048932057090319
8148,266.0,0.0,14.121825041721035,3.6982387206117224e-06,0.10048941989184211
8149,266.0,0.0,14.121832019682492,3.6982442028025684e-06,0.10048951920074442
8150,266.0,0.0,14.121838996794956,3.698249684331828e-06,0.10048961849761312
8151,266.0,0.0,14.121845973058642,3.698255165199668e-06,0.10048971778245132
8152,266.0,0.0,14.121852948473753,3.6982606454062392e-06,0.10048981705526172
8153,266.0,0.0,14.1218599230405,3.6982661249517133e-06,0.10048991631604748
8154,266.0,0.0,14.121866896759087,3.6982716038362395e-06,0.10049001556481128
8155,266.0,0.0,14.121873869629729,3.698277082059995e-06,0.1004901148015563
8156,266.0,0.0,14.121880841652617,3.698282559623122e-06,0.10049021402628529
8157,266.0,0.0,14.121887812827973,3.698288036525789e-06,0.10049031323900116
8158,266.0,0.0,14.121894783155998,3.6982935127681623e-06,0.10049041243970709
8159,266.0,0.0,14.121901752636898,3.698298988350394e-06,0.1004905116284057
8160,266.0,0.0,14.121908721270879,3.698304463272648e-06,0.10049061080510005
8161,266.0,0.0,14.121915689058156,3.6983099375350887e-06,0.10049070996979317
8162,266.0,0.0,14.121922655998928,3.698315411137868e-06,0.10049080912248778
8163,266.0,0.0,14.121929622093399,3.698320884081152e-06,0.10049090826318689
8164,266.0,0.0,14.121936587341775,3.6983263563650963e-06,0.10049100739189339
8165,266.0,0.0,14.121943551744277,3.69833182798987e-06,0.10049110650861036
8166,266.0,0.0,14.121950515301096,3.698337298955623e-06,0.10049120561334048
8167,266.0,0.0,14.121957478012446,3.698342769262524e-06,0.10049130470608691
8168,266.0,0.0,14.121964439878527,3.698348238910727e-06,0.10049140378685234
8169,266.0,0.0,14.12197140089955,3.6983537079003934e-06,0.1004915028556398
8170,266.0,0.0,14.121978361075723,3.698359176231685e-06,0.10049160191245217
8171,266.0,0.0,14.121985320407246,3.6983646439047614e-06,0.10049170095729247
8172,266.0,0.0,14.121992278894325,3.698370110919779e-06,0.10049179999016344
8173,266.0,0.0,14.121999236537173,3.6983755772768996e-06,0.10049189901106809
8174,266.0,0.0,14.122006193335986,3.6983810429762835e-06,0.10049199802000928
8175,266.0,0.0,14.122013149290979,3.6983865080180895e-06,0.10049209701699
8176,266.0,0.0,14.12202010440235,3.6983919724024805e-06,0.10049219600201316
8177,266.0,0.0,14.122027058670309,3.6983974361296092e-06,0.1004922949750815
8178,266.0,0.0,14.122034012095064,3.698402899199641e-06,0.10049239393619812
8179,266.0,0.0,14.122040964676813,3.6984083616127337e-06,0.10049249288536588
8180,266.0,0.0,14.122047916415763,3.6984138233690437e-06,0.10049259182258757
8181,266.0,0.0,14.122054867312123,3.6984192844687354e-06,0.10049269074786622
8182,266.0,0.0,14.122061817366097,3.6984247449119623e-06,0.10049278966120467
8183,266.0,0.0,14.12206876657789,3.698430204698892e-06,0.10049288856260592
8184,266.0,0.0,14.122075714947703,3.6984356638296738e-06,0.10049298745207269
8185,266.0,0.0,14.122082662475743,3.698441122304467e-06,0.10049308632960792
8186,266.0,0.0,14.122089609162218,3.6984465801234407e-06,0.1004931851952147
8187,266.0,0.0,14.122096555007328,3.6984520372867454e-06,0.10049328404889575
8188,266.0,0.0,14.122103500011283,3.6984574937945416e-06,0.10049338289065395
8189,266.0,0.0,14.122110444174284,3.698462949646991e-06,0.10049348172049226
8190,266.0,0.0,14.122117387496539,3.6984684048442517e-06,0.10049358053841366
8191,266.0,0.0,14.122124329978247,3.698473859386477e-06,0.10049367934442084
8192,266.0,0.0,14.122131271619615,3.698479313273831e-06,0.10049377813851686
8193,266.0,0.0,14.122138212420849,3.69848476650647e-06,0.10049387692070448
8194,266.0,0.0,14.122145152382153,3.698490219084554e-06,0.1004939756909867
8195,266.0,0.0,14.122152091503724,3.698495671008239e-06,0.10049407444936631
8196,266.0,0.0,14.122159029785776,3.698501122277686e-06,0.10049417319584628
8197,266.0,0.0,14.12216596722851,3.698506572893052e-06,0.1004942719304295
8198,266.0,0.0,14.122172903832126,3.698512022854495e-06,0.10049437065311874
8199,266.0,0.0,14.122179839596829,3.69851747216217e-06,0.10049446936391697
8200,266.0,0.0,14.122186774522827,3.6985229208162445e-06,0.1004945680628271
8201,266.0,0.0,14.122193708610322,3.6985283688168703e-06,0.100494666749852
8202,266.0,0.0,14.122200641859516,3.6985338161642068e-06,0.1004947654249945
8203,266.0,0.0,14.122207574270613,3.698539262858409e-06,0.1004948640882575
8204,266.0,0.0,14.12221450584382,3.6985447088996407e-06,0.10049496273964387
8205,266.0,0.0,14.122221436579334,3.6985501542880533e-06,0.10049506137915656
8206,266.0,0.0,14.12222836647736,3.6985555990238055e-06,0.1004951600067983
8207,266.0,0.0,14.122235295538104,3.69856104310706e-06,0.10049525862257211
8208,266.0,0.0,14.12224222376177,3.698566486537971e-06,0.10049535722648079
8209,266.0,0.0,14.122249151148555,3.6985719293166965e-06,0.10049545581852723
8210,266.0,0.0,14.12225607769867,3.698577371443396e-06,0.1004955543987143
8211,266.0,0.0,14.122263003412309,3.6985828129182218e-06,0.10049565296704481
8212,266.0,0.0,14.122269928289684,3.6985882537413373e-06,0.1004957515235218
8213,266.0,0.0,14.122276852330996,3.6985936939128994e-06,0.100495850068148
8214,266.0,0.0,14.122283775536443,3.6985991334330614e-06,0.10049594860092632
8215,266.0,0.0,14.12229069790623,3.698604572301983e-06,0.10049604712185956
8216,266.0,0.0,14.12229761944056,3.6986100105198234e-06,0.10049614563095073
8217,266.0,0.0,14.122304540139636,3.6986154480867355e-06,0.10049624412820257
8218,266.0,0.0,14.122311460003658,3.698620885002879e-06,0.10049634261361795
8219,266.0,0.0,14.12231837903283,3.6986263212684117e-06,0.10049644108719981
8220,266.0,0.0,14.122325297227356,3.698631756883487e-06,0.10049653954895091
8221,266.0,0.0,14.122332214587436,3.698637191848268e-06,0.1004966379988742
8222,266.0,0.0,14.122339131113272,3.6986426261629063e-06,0.1004967364369725
8223,266.0,0.0,14.122346046805065,3.698648059827558e-06,0.10049683486324863
8224,266.0,0.0,14.122352961663022,3.6986534928423845e-06,0.10049693327770554
8225,266.0,0.0,14.122359875687339,3.6986589252075407e-06,0.10049703168034609
8226,266.0,0.0,14.122366788878221,3.6986643569231805e-06,0.10049713007117302
8227,266.0,0.0,14.122373701235873,3.6986697879894667e-06,0.10049722845018924
8228,266.0,0.0,14.12238061276049,3.6986752184065482e-06,0.10049732681739762
8229,266.0,0.0,14.122387523452277,3.69868064817459e-06,0.10049742517280102
8230,266.0,0.0,14.122394433311435,3.6986860772937405e-06,0.10049752351640226
8231,266.0,0.0,14.122401342338168,3.698691505764161e-06,0.10049762184820421
8232,266.0,0.0,14.12240825053267,3.698696933586005e-06,0.1004977201682097
8233,266.0,0.0,14.122415157895151,3.698702360759432e-06,0.10049781847642164
8234,266.0,0.0,14.122422064425807,3.6987077872845936e-06,0.10049791677284273
8235,266.0,0.0,14.122428970124842,3.6987132131616493e-06,0.100498015057476
8236,266.0,0.0,14.122435874992462,3.698718638390759e-06,0.10049811333032423
8237,266.0,0.0,14.122442779028855,3.6987240629720708e-06,0.1004982115913902
8238,266.0,0.0,14.12244968223423,3.6987294869057436e-06,0.10049830984067677
8239,266.0,0.0,14.12245658460879,3.6987349101919356e-06,0.10049840807818688
8240,266.0,0.0,14.122463486152729,3.698740332830802e-06,0.10049850630392328
8241,266.0,0.0,14.122470386866253,3.698745754822496e-06,0.1004986045178888
8242,266.0,0.0,14.12247728674956,3.6987511761671746e-06,0.10049870272008633
8243,266.0,0.0,14.122484185802858,3.6987565968649974e-06,0.10049880091051873
8244,266.0,0.0,14.122491084026333,3.6987620169161114e-06,0.10049889908918867
8245,266.0,0.0,14.122497981420198,3.698767436320682e-06,0.10049899725609919
8246,266.0,0.0,14.122504877984648,3.698772855078857e-06,0.10049909541125303
8247,266.0,0.0,14.122511773719888,3.698778273190798e-06,0.10049919355465306
8248,266.0,0.0,14.12251866862611,3.6987836906566546e-06,0.10049929168630205
8249,266.0,0.0,14.122525562703524,3.6987891074765878e-06,0.10049938980620295
8250,266.0,0.0,14.122532455952323,3.6987945236507523e-06,0.10049948791435849
8251,266.0,0.0,14.122539348372705,3.698799939179294e-06,0.10049958601077143
8252,266.0,0.0,14.12254623996488,3.6988053540623812e-06,0.10049968409544481
8253,266.0,0.0,14.12255313072904,3.6988107683001632e-06,0.10049978216838132
8254,266.0,0.0,14.12256002066538,3.6988161818927903e-06,0.1004998802295837
8255,266.0,0.0,14.122566909774116,3.6988215948404268e-06,0.10049997827905498
8256,266.0,0.0,14.122573798055438,3.6988270071432243e-06,0.1005000763167979
8257,266.0,0.0,14.122580685509542,3.698832418801335e-06,0.10050017434281523
8258,266.0,0.0,14.122587572136633,3.6988378298149147e-06,0.10050027235710984
8259,266.0,0.0,14.122594457936907,3.6988432401841176e-06,0.10050037035968451
8260,266.0,0.0,14.122601342910567,3.6988486499091025e-06,0.10050046835054215
8261,266.0,0.0,14.122608227057809,3.698854058990021e-06,0.10050056632968549
8262,266.0,0.0,14.122615110378833,3.6988594674270277e-06,0.10050066429711739
8263,266.0,0.0,14.122621992873839,3.6988648752202773e-06,0.10050076225284062
8264,266.0,0.0,14.122628874543029,3.698870282369925e-06,0.10050086019685804
8265,266.0,0.0,14.122635755386597,3.6988756888761253e-06,0.10050095812917251
8266,266.0,0.0,14.122642635404745,3.698881094739034e-06,0.10050105604978682
8267,266.0,0.0,14.122649514597667,3.6988864999588e-06,0.10050115395870365
8268,266.0,0.0,14.122656392965569,3.698891904535583e-06,0.10050125185592602
8269,266.0,0.0,14.122663270508644,3.698897308469537e-06,0.10050134974145661
8270,266.0,0.0,14.122670147227094,3.698902711760813e-06,0.10050144761529825
8271,266.0,0.0,14.122677023121117,3.6989081144095687e-06,0.10050154547745378
8272,266.0,0.0,14.122683898190907,3.698913516415953e-06,0.10050164332792592
8273,266.0,0.0,14.122690772436677,3.69891891778013e-06,0.10050174116671769
8274,266.0,0.0,14.122697645858606,3.698924318502243e-06,0.10050183899383167
8275,266.0,0.0,14.122704518456901,3.698929718582449e-06,0.10050193680927073
8276,266.0,0.0,14.122711390231762,3.6989351180209043e-06,0.1005020346130377
8277,266.0,0.0,14.122718261183387,3.69894051681776e-06,0.10050213240513536
8278,266.0,0.0,14.122725131311972,3.6989459149731733e-06,0.10050223018556657
8279,266.0,0.0,14.122732000617715,3.6989513124872943e-06,0.10050232795433404
8280,266.0,0.0,14.122738869100813,3.6989567093602787e-06,0.10050242571144065
8281,266.0,0.0,14.122745736761471,3.6989621055922807e-06,0.10050252345688922
8282,266.0,0.0,14.122752603599876,3.6989675011834523e-06,0.10050262119068247
8283,266.0,0.0,14.122759469616234,3.6989728961339456e-06,0.10050271891282317
8284,266.0,0.0,14.122766334810736,3.6989782904439155e-06,0.1005028166233142
8285,266.0,0.0,14.122773199183584,3.698983684113517e-06,0.10050291432215831
8286,266.0,0.0,14.12278006273498,3.6989890771429014e-06,0.10050301200935832
8287,266.0,0.0,14.122786925465109,3.6989944695322224e-06,0.100503109684917
8288,266.0,0.0,14.12279378737418,3.6989998612816345e-06,0.10050320734883716
8289,266.0,0.0,14.122800648462388,3.6990052523912916e-06,0.10050330500112167
8290,266.0,0.0,14.122807508729922,3.6990106428613422e-06,0.10050340264177314
8291,266.0,0.0,14.12281436817699,3.6990160326919414e-06,0.10050350027079447
8292,266.0,0.0,14.12282122680378,3.699021421883245e-06,0.10050359788818844
8293,266.0,0.0,14.122828084610495,3.699026810435401e-06,0.10050369549395778
8294,266.0,0.0,14.12283494159733,3.6990321983485674e-06,0.10050379308810539
8295,266.0,0.0,14.122841797764481,3.6990375856228923e-06,0.10050389067063392
8296,266.0,0.0,14.12284865311215,3.6990429722585345e-06,0.10050398824154633
8297,266.0,0.0,14.122855507640525,3.6990483582556387e-06,0.10050408580084517
8298,266.0,0.0,14.122862361349808,3.6990537436143647e-06,0.10050418334853342
8299,266.0,0.0,14.122869214240199,3.699059128334861e-06,0.10050428088461381
8300,266.0,0.0,14.122876066311887,3.699064512417285e-06,0.1005043784090891
8301,266.0,0.0,14.122882917565075,3.699069895861784e-06,0.10050447592196207
8302,266.0,0.0,14.122889767999949,3.699075278668508e-06,0.10050457342323542
8303,266.0,0.0,14.122896617616718,3.6990806608376152e-06,0.10050467091291201
8304,266.0,0.0,14.12290346641557,3.6990860423692575e-06,0.10050476839099469
8305,266.0,0.0,14.122910314396709,3.6990914232635892e-06,0.10050486585748615
8306,266.0,0.0,14.122917161560318,3.6990968035207527e-06,0.1005049633123891
8307,266.0,0.0,14.12292400790661,3.699102183140912e-06,0.10050506075570646
8308,266.0,0.0,14.122930853435765,3.6991075621242106e-06,0.10050515818744091
8309,266.0,0.0,14.12293769814799,3.6991129404708053e-06,0.10050525560759518
8310,266.0,0.0,14.122944542043477,3.6991183181808462e-06,0.10050535301617217
8311,266.0,0.0,14.122951385122416,3.6991236952544813e-06,0.10050545041317445
8312,266.0,0.0,14.122958227385013,3.699129071691872e-06,0.10050554779860502
8313,266.0,0.0,14.122965068831453,3.6991344474931625e-06,0.1005056451724665
8314,266.0,0.0,14.122971909461945,3.69913982265851e-06,0.10050574253476172
8315,266.0,0.0,14.122978749276673,3.699145197188061e-06,0.10050583988549337
8316,266.0,0.0,14.122985588275833,3.699150571081969e-06,0.10050593722466433
8317,266.0,0.0,14.122992426459627,3.699155944340387e-06,0.10050603455227727
8318,266.0,0.0,14.122999263828245,3.699161316963464e-06,0.10050613186833499
8319,266.0,0.0,14.123006100381886,3.699166688951357e-06,0.10050622917284024
8320,266.0,0.0,14.123012936120741,3.699172060304208e-06,0.10050632646579574
8321,266.0,0.0,14.123019771045008,3.6991774310221784e-06,0.10050642374720437
8322,266.0,0.0,14.12302660515488,3.699182801105412e-06,0.10050652101706868
8323,266.0,0.0,14.123033438450554,3.6991881705540664e-06,0.10050661827539169
8324,266.0,0.0,14.12304027093222,3.699193539368285e-06,0.10050671552217592
8325,266.0,0.0,14.123047102600083,3.6991989075482294e-06,0.10050681275742432
8326,266.0,0.0,14.123053933454326,3.6992042750940406e-06,0.10050690998113947
8327,266.0,0.0,14.123060763495149,3.6992096420058756e-06,0.10050700719332427
8328,266.0,0.0,14.123067592722743,3.6992150082838826e-06,0.10050710439398133
8329,266.0,0.0,14.123074421137307,3.6992203739282136e-06,0.10050720158311346
8330,266.0,0.0,14.12308124873904,3.699225738939023e-06,0.10050729876072358
8331,266.0,0.0,14.123088075528125,3.699231103316453e-06,0.10050739592681411
8332,266.0,0.0,14.123094901504766,3.699236467060664e-06,0.10050749308138811
8333,266.0,0.0,14.12310172666915,3.6992418301718007e-06,0.10050759022444813
8334,266.0,0.0,14.123108551021472,3.6992471926500145e-06,0.10050768735599694
8335,266.0,0.0,14.123115374561936,3.6992525544954625e-06,0.10050778447603745
8336,266.0,0.0,14.123122197290717,3.699257915708282e-06,0.10050788158457212
8337,266.0,0.0,14.123129019208028,3.699263276288639e-06,0.10050797868160398
8338,266.0,0.0,14.123135840314053,3.6992686362366716e-06,0.10050807576713557
8339,266.0,0.0,14.123142660608986,3.699273995552537e-06,0.10050817284116975
8340,266.0,0.0,14.123149480093021,3.6992793542363817e-06,0.10050826990370917
8341,266.0,0.0,14.123156298766357,3.6992847122883575e-06,0.10050836695475661
8342,266.0,0.0,14.12316311662918,3.6992900697086178e-06,0.10050846399431483
8343,266.0,0.0,14.123169933681691,3.699295426497309e-06,0.10050856102238657
8344,266.0,0.0,14.123176749924072,3.699300782654581e-06,0.10050865803897453
8345,266.0,0.0,14.12318356535653,3.6993061381805865e-06,0.10050875504408148
8346,266.0,0.0,14.12319037997925,3.6993114930754723e-06,0.10050885203771008
8347,266.0,0.0,14.123197193792429,3.6993168473393944e-06,0.1005089490198632
8348,266.0,0.0,14.123204006796257,3.6993222009724963e-06,0.10050904599054347
8349,266.0,0.0,14.12321081899093,3.6993275539749313e-06,0.10050914294975363
8350,266.0,0.0,14.123217630376638,3.6993329063468473e-06,0.10050923989749638
8351,266.0,0.0,14.123224440953575,3.6993382580883934e-06,0.10050933683377451
8352,266.0,0.0,14.123231250721934,3.6993436091997244e-06,0.10050943375859082
8353,266.0,0.0,14.12323805968191,3.6993489596809824e-06,0.10050953067194784
8354,266.0,0.0,14.123244867833693,3.699354309532324e-06,0.10050962757384847
8355,266.0,0.0,14.12325167517748,3.699359658753897e-06,0.1005097244642954
8356,266.0,0.0,14.123258481713457,3.6993650073458473e-06,0.10050982134329128
8357,266.0,0.0,14.123265287441818,3.6993703553083266e-06,0.10050991821083884
8358,266.0,0.0,14.123272092362761,3.6993757026414875e-06,0.1005100150669409
8359,266.0,0.0,14.123278896476474,3.6993810493454754e-06,0.10051011191160013
8360,266.0,0.0,14.123285699783148,3.6993863954204388e-06,0.10051020874481927
8361,266.0,0.0,14.123292502282975,3.6993917408665285e-06,0.10051030556660095
8362,266.0,0.0,14.123299303976156,3.6993970856838986e-06,0.10051040237694803
8363,266.0,0.0,14.123306104862872,3.6994024298726895e-06,0.10051049917586306
8364,266.0,0.0,14.123312904943315,3.699407773433053e-06,0.10051059596334888
8365,266.0,0.0,14.123319704217687,3.6994131163651426e-06,0.10051069273940821
8366,266.0,0.0,14.123326502686178,3.699418458669105e-06,0.10051078950404377
8367,266.0,0.0,14.123333300348971,3.6994238003450847e-06,0.10051088625725811
8368,266.0,0.0,14.123340097206263,3.699429141393238e-06,0.10051098299905417
8369,266.0,0.0,14.123346893258244,3.699434481813705e-06,0.10051107972943452
8370,266.0,0.0,14.123353688505112,3.699439821606644e-06,0.10051117644840193
8371,266.0,0.0,14.123360482947055,3.699445160772199e-06,0.10051127315595909
8372,266.0,0.0,14.12336727658426,3.699450499310517e-06,0.10051136985210868
8373,266.0,0.0,14.123374069416919,3.699455837221747e-06,0.10051146653685344
8374,266.0,0.0,14.123380861445234,3.6994611745060428e-06,0.10051156321019614
8375,266.0,0.0,14.123387652669383,3.6994665111635448e-06,0.10051165987213934
8376,266.0,0.0,14.123394443089563,3.69947184719441e-06,0.10051175652268592
8377,266.0,0.0,14.12340123270597,3.699477182598781e-06,0.10051185316183843
8378,266.0,0.0,14.123408021518784,3.6994825173768067e-06,0.10051194978959964
8379,266.0,0.0,14.123414809528205,3.699487851528637e-06,0.10051204640597228
8380,266.0,0.0,14.123421596734424,3.6994931850544202e-06,0.10051214301095902
8381,266.0,0.0,14.123428383137618,3.6994985179542986e-06,0.10051223960456242
8382,266.0,0.0,14.123435168737998,3.6995038502284313e-06,0.10051233618678548
8383,266.0,0.0,14.123441953535748,3.6995091818769604e-06,0.10051243275763071
8384,266.0,0.0,14.123448737531046,3.699514512900028e-06,0.10051252931710075
8385,266.0,0.0,14.123455520724104,3.6995198432977986e-06,0.10051262586519855
8386,266.0,0.0,14.123462303115092,3.6995251730704e-06,0.10051272240192644
8387,266.0,0.0,14.123469084704213,3.6995305022179926e-06,0.10051281892728743
8388,266.0,0.0,14.123475865491654,3.6995358307407244e-06,0.10051291544128409
8389,266.0,0.0,14.123482645477608,3.6995411586387373e-06,0.1005130119439191
8390,266.0,0.0,14.123489424662262,3.699546485912185e-06,0.10051310843519522
8391,266.0,0.0,14.123496203045805,3.6995518125612083e-06,0.10051320491511502
8392,266.0,0.0,14.12350298062843,3.6995571385859607e-06,0.10051330138368131
8393,266.0,0.0,14.123509757410325,3.6995624639865838e-06,0.10051339784089666
8394,266.0,0.0,14.123516533391685,3.699567788763233e-06,0.1005134942867639
8395,266.0,0.0,14.123523308572691,3.6995731129160483e-06,0.10051359072128556
8396,266.0,0.0,14.12353008295354,3.6995784364451834e-06,0.10051368714446449
8397,266.0,0.0,14.123536856534422,3.699583759350782e-06,0.10051378355630329
8398,266.0,0.0,14.12354362931552,3.6995890816329905e-06,0.10051387995680464
8399,266.0,0.0,14.123550401297035,3.69959440329196e-06,0.10051397634597121
8400,266.0,0.0,14.123557172479147,3.6995997243278364e-06,0.10051407272380579
8401,266.0,0.0,14.123563942862043,3.6996050447407593e-06,0.10051416909031087
8402,266.0,0.0,14.123570712445925,3.6996103645308885e-06,0.10051426544548929
8403,266.0,0.0,14.123577481230974,3.6996156836983625e-06,0.10051436178934366
8404,266.0,0.0,14.123584249217382,3.6996210022433342e-06,0.10051445812187677
8405,266.0,0.0,14.12359101640533,3.6996263201659404e-06,0.10051455444309107
8406,266.0,0.0,14.12359778279502,3.6996316374663395e-06,0.10051465075298945
8407,266.0,0.0,14.123604548386632,3.699636954144669e-06,0.10051474705157443
8408,266.0,0.0,14.123611313180358,3.6996422702010843e-06,0.10051484333884886
8409,266.0,0.0,14.12361807717639,3.699647585635726e-06,0.10051493961481521
8410,266.0,0.0,14.123624840374916,3.6996529004487455e-06,0.10051503587947637
8411,266.0,0.0,14.123631602776117,3.699658214640281e-06,0.10051513213283479
8412,266.0,0.0,14.123638364380188,3.6996635282104887e-06,0.10051522837489335
8413,266.0,0.0,14.123645125187318,3.699668841159508e-06,0.1005153246056545
8414,266.0,0.0,14.123651885197704,3.6996741534874934e-06,0.10051542082512119
8415,266.0,0.0,14.123658644411515,3.699679465194581e-06,0.10051551703329578
8416,266.0,0.0,14.123665402828951,3.6996847762809225e-06,0.10051561323018113
8417,266.0,0.0,14.123672160450205,3.6996900867466686e-06,0.10051570941577992
8418,266.0,0.0,14.123678917275459,3.6996953965919584e-06,0.10051580559009471
8419,266.0,0.0,14.1236856733049,3.6997007058169394e-06,0.10051590175312816
8420,266.0,0.0,14.123692428538718,3.6997060144217592e-06,0.10051599790488301
8421,266.0,0.0,14.123699182977106,3.6997113224065653e-06,0.10051609404536194
8422,266.0,0.0,14.123705936620246,3.699716629771503e-06,0.10051619017456755
8423,266.0,0.0,14.123712689468325,3.6997219365167137e-06,0.10051628629250246
8424,266.0,0.0,14.123719441521539,3.69972724264235e-06,0.10051638239916943
8425,266.0,0.0,14.123726192780069,3.699732548148556e-06,0.10051647849457108
8426,266.0,0.0,14.123732943244104,3.699737853035477e-06,0.10051657457871008
8427,266.0,0.0,14.12373969291383,3.6997431573032535e-06,0.100516670651589
8428,266.0,0.0,14.123746441789443,3.6997484609520383e-06,0.10051676671321062
8429,266.0,0.0,14.123753189871119,3.6997537639819744e-06,0.1005168627635775
8430,266.0,0.0,14.123759937159054,3.699759066393211e-06,0.10051695880269239
8431,266.0,0.0,14.12376668365344,3.699764368185889e-06,0.10051705483055788
8432,266.0,0.0,14.123773429354445,3.6997696693601547e-06,0.10051715084717666
8433,266.0,0.0,14.123780174262277,3.699774969916154e-06,0.10051724685255123
8434,266.0,0.0,14.123786918377112,3.6997802698540324e-06,0.10051734284668441
8435,266.0,0.0,14.123793661699143,3.6997855691739354e-06,0.1005174388295788
8436,266.0,0.0,14.123800404228552,3.6997908678760084e-06,0.10051753480123707
8437,266.0,0.0,14.123807145965529,3.6997961659603974e-06,0.10051763076166184
8438,266.0,0.0,14.12381388691026,3.699801463427246e-06,0.10051772671085576
8439,266.0,0.0,14.123820627062937,3.699806760276703e-06,0.1005178226488215
8440,266.0,0.0,14.123827366423743,3.6998120565089082e-06,0.10051791857556162
8441,266.0,0.0,14.123834104992858,3.6998173521240086e-06,0.10051801449107882
8442,266.0,0.0,14.123840842770479,3.699822647122151e-06,0.1005181103953758
8443,266.0,0.0,14.123847579756793,3.69982794150348e-06,0.10051820628845515
8444,266.0,0.0,14.123854315951975,3.6998332352681385e-06,0.1005183021703195
8445,266.0,0.0,14.123861051356224,3.699838528416274e-06,0.10051839804097147
8446,266.0,0.0,14.12386778596972,3.6998438209480267e-06,0.1005184939004137
8447,266.0,0.0,14.123874519792652,3.6998491128635475e-06,0.10051858974864894
8448,266.0,0.0,14.123881252825209,3.6998544041629794e-06,0.10051868558567972
8449,266.0,0.0,14.12388798506757,3.699859694846463e-06,0.10051878141150863
8450,266.0,0.0,14.123894716519928,3.6998649849141476e-06,0.1005188772261385
8451,266.0,0.0,14.123901447182465,3.6998702743661727e-06,0.10051897302957172
8452,266.0,0.0,14.12390817705537,3.6998755632026902e-06,0.10051906882181108
8453,266.0,0.0,14.123914906138825,3.699880851423836e-06,0.10051916460285916
8454,266.0,0.0,14.123921634433023,3.699886139029763e-06,0.10051926037271863
8455,266.0,0.0,14.123928361938137,3.6998914260206066e-06,0.10051935613139205
8456,266.0,0.0,14.12393508865437,3.6998967123965197e-06,0.10051945187888216
8457,266.0,0.0,14.123941814581896,3.6999019981576406e-06,0.10051954761519145
8458,266.0,0.0,14.123948539720903,3.699907283304117e-06,0.10051964334032266
8459,266.0,0.0,14.123955264071583,3.699912567836094e-06,0.10051973905427841
8460,266.0,0.0,14.123961987634111,3.699917851753708e-06,0.10051983475706128
8461,266.0,0.0,14.123968710408679,3.699923135057113e-06,0.10051993044867387
8462,266.0,0.0,14.123975432395472,3.699928417746446e-06,0.10052002612911892
8463,266.0,0.0,14.123982153594673,3.6999336998218522e-06,0.10052012179839885
8464,266.0,0.0,14.12398887400647,3.6999389812834784e-06,0.10052021745651646
8465,266.0,0.0,14.123995593631047,3.699944262131466e-06,0.10052031310347438
8466,266.0,0.0,14.124002312468592,3.6999495423659617e-06,0.10052040873927513
8467,266.0,0.0,14.124009030519282,3.6999548219871026e-06,0.10052050436392133
8468,266.0,0.0,14.124015747783313,3.6999601009950395e-06,0.10052059997741569
8469,266.0,0.0,14.124022464260863,3.6999653793899117e-06,0.10052069557976073
8470,266.0,0.0,14.124029179952123,3.699970657171869e-06,0.10052079117095919
8471,266.0,0.0,14.124035894857267,3.6999759343410463e-06,0.10052088675101356
8472,266.0,0.0,14.124042608976488,3.6999812108975893e-06,0.10052098231992641
8473,266.0,0.0,14.12404932230997,3.6999864868416476e-06,0.10052107787770057
8474,266.0,0.0,14.124056034857896,3.6999917621733564e-06,0.10052117342433847
8475,266.0,0.0,14.124062746620453,3.6999970368928663e-06,0.10052126895984281
8476,266.0,0.0,14.124069457597823,3.7000023110003157e-06,0.10052136448421614
8477,266.0,0.0,14.124076167790193,3.7000075844958503e-06,0.10052145999746112
8478,266.0,0.0,14.124082877197747,3.7000128573796115e-06,0.10052155549958036
8479,266.0,0.0,14.124089585820663,3.7000181296517408e-06,0.1005216509905764
8480,266.0,0.0,14.124096293659136,3.7000234013123894e-06,0.10052174647045198
8481,266.0,0.0,14.12410300071334,3.7000286723616894e-06,0.1005218419392095
8482,266.0,0.0,14.124109706983468,3.7000339427997916e-06,0.1005219373968518
8483,266.0,0.0,14.124116412469693,3.7000392126268324e-06,0.10052203284338128
8484,266.0,0.0,14.124123117172218,3.7000444818429655e-06,0.10052212827880073
8485,266.0,0.0,14.124129821091206,3.700049750448324e-06,0.10052222370311263
8486,266.0,0.0,14.12413652422685,3.700055018443048e-06,0.10052231911631948
8487,266.0,0.0,14.124143226579339,3.7000602858272918e-06,0.10052241451842418
8488,266.0,0.0,14.124149928148848,3.70006555260119e-06,0.10052250990942907
8489,266.0,0.0,14.12415662893557,3.7000708187648896e-06,0.10052260528933693
8490,266.0,0.0,14.124163328939673,3.700076084318528e-06,0.1005227006581502
8491,266.0,0.0,14.124170028161355,3.7000813492622502e-06,0.10052279601587155
8492,266.0,0.0,14.124176726600801,3.7000866135962028e-06,0.1005228913625036
8493,266.0,0.0,14.124183424258181,3.700091877320521e-06,0.1005229866980489
8494,266.0,0.0,14.124190121133687,3.700097140435349e-06,0.10052308202251002
8495,266.0,0.0,14.124196817227505,3.700102402940836e-06,0.10052317733588967
8496,266.0,0.0,14.124203512539811,3.700107664837116e-06,0.10052327263819034
8497,266.0,0.0,14.124210207070796,3.7001129261243364e-06,0.10052336792941467
8498,266.0,0.0,14.124216900820636,3.7001181868026366e-06,0.10052346320956523
8499,266.0,0.0,14.124223593789514,3.7001234468721586e-06,0.1005235584786446
8500,266.0,0.0,14.12423028597762,3.700128706333043e-06,0.10052365373665532
8501,266.0,0.0,14.124236977385129,3.7001339651854356e-06,0.10052374898360009
8502,266.0,0.0,14.124243668012232,3.70013922342948e-06,0.1005238442194815
8503,266.0,0.0,14.124250357859108,3.700144481065315e-06,0.10052393944430206
8504,266.0,0.0,14.124257046925935,3.7001497380930776e-06,0.10052403465806431
8505,266.0,0.0,14.1242637352129,3.700154994512918e-06,0.10052412986077092
8506,266.0,0.0,14.124270422720187,3.700160250324971e-06,0.10052422505242446
8507,266.0,0.0,14.124277109447979,3.7001655055293866e-06,0.10052432023302757
8508,266.0,0.0,14.124283795396455,3.7001707601263015e-06,0.10052441540258278
8509,266.0,0.0,14.1242904805658,3.7001760141158544e-06,0.10052451056109259
8510,266.0,0.0,14.124297164956193,3.7001812674981906e-06,0.10052460570855966
8511,266.0,0.0,14.12430384856782,3.700186520273452e-06,0.10052470084498656
8512,266.0,0.0,14.12431053140086,3.70019177244178e-06,0.10052479597037589
8513,266.0,0.0,14.124317213455504,3.700197024003316e-06,0.10052489108473023
8514,266.0,0.0,14.12432389473192,3.700202274958197e-06,0.10052498618805204
8515,266.0,0.0,14.124330575230298,3.7002075253065686e-06,0.10052508128034411
8516,266.0,0.0,14.124337254950824,3.700212775048575e-06,0.10052517636160883
8517,266.0,0.0,14.12434393389367,3.700218024184353e-06,0.10052527143184888
8518,266.0,0.0,14.124350612059025,3.7002232727140427e-06,0.10052536649106673
8519,266.0,0.0,14.124357289447065,3.7002285206377835e-06,0.10052546153926496
8520,266.0,0.0,14.124363966057977,3.7002337679557254e-06,0.1005255565764463
8521,266.0,0.0,14.124370641891945,3.700239014668002e-06,0.10052565160261313
8522,266.0,0.0,14.124377316949143,3.700244260774759e-06,0.1005257466177682
8523,266.0,0.0,14.12438399122976,3.700249506276133e-06,0.10052584162191389
8524,266.0,0.0,14.12439066473397,3.7002547511722647e-06,0.10052593661505287
8525,266.0,0.0,14.12439733746196,3.7002599954633022e-06,0.10052603159718773
8526,266.0,0.0,14.124404009413908,3.7002652391493753e-06,0.10052612656832094
8527,266.0,0.0,14.12441068059,3.700270482230635e-06,0.10052622152845522
8528,266.0,0.0,14.12441735099041,3.7002757247072166e-06,0.100526316477593
8529,266.0,0.0,14.12442402061532,3.7002809665792568e-06,0.1005264114157368
8530,266.0,0.0,14.124430689464923,3.700286207846908e-06,0.10052650634288937
8531,266.0,0.0,14.124437357539382,3.700291448510298e-06,0.10052660125905308
8532,266.0,0.0,14.124444024838894,3.7002966885695757e-06,0.1005266961642306
8533,266.0,0.0,14.124450691363633,3.700301928024881e-06,0.10052679105842448
8534,266.0,0.0,14.124457357113775,3.7003071668763504e-06,0.10052688594163725
8535,266.0,0.0,14.12446402208951,3.700312405124126e-06,0.1005269808138715
8536,266.0,0.0,14.124470686291009,3.700317642768345e-06,0.10052707567512972
8537,266.0,0.0,14.124477349718461,3.7003228798091545e-06,0.10052717052541456
8538,266.0,0.0,14.124484012372045,3.7003281162466906e-06,0.1005272653647285
8539,266.0,0.0,14.12449067425194,3.700333352081095e-06,0.10052736019307415
8540,266.0,0.0,14.124497335358322,3.7003385873125017e-06,0.10052745501045399
8541,266.0,0.0,14.12450399569138,3.7003438219410612e-06,0.10052754981687063
8542,266.0,0.0,14.124510655251289,3.7003490559669056e-06,0.1005276446123266
8543,266.0,0.0,14.124517314038231,3.700354289390179e-06,0.10052773939682448
8544,266.0,0.0,14.124523972052383,3.7003595222110134e-06,0.10052783417036669
8545,266.0,0.0,14.12453062929393,3.7003647544295626e-06,0.10052792893295603
8546,266.0,0.0,14.12453728576305,3.700369986045953e-06,0.1005280236845948
8547,266.0,0.0,14.124543941459924,3.7003752170603333e-06,0.10052811842528568
8548,266.0,0.0,14.124550596384728,3.700380447472838e-06,0.1005282131550312
8549,266.0,0.0,14.124557250537647,3.7003856772836123e-06,0.1005283078738339
8550,266.0,0.0,14.124563903918856,3.700390906492789e-06,0.1005284025816963
8551,266.0,0.0,14.124570556528539,3.7003961351005104e-06,0.10052849727862094
8552,266.0,0.0,14.124577208366873,3.700401363106918e-06,0.10052859196461039
8553,266.0,0.0,14.124583859434036,3.700406590512148e-06,0.10052868663966716
8554,266.0,0.0,14.124590509730217,3.7004118173163437e-06,0.10052878130379386
8555,266.0,0.0,14.124597159255584,3.70041704351964e-06,0.10052887595699293
8556,266.0,0.0,14.124603808010317,3.7004222691221802e-06,0.10052897059926698
8557,266.0,0.0,14.124610455994604,3.7004274941241015e-06,0.10052906523061854
8558,266.0,0.0,14.124617103208621,3.7004327185255434e-06,0.10052915985105008
8559,266.0,0.0,14.124623749652546,3.7004379423266468e-06,0.10052925446056427
8560,266.0,0.0,14.124630395326555,3.7004431655275486e-06,0.10052934905916355
8561,266.0,0.0,14.124637040230835,3.7004483881283873e-06,0.10052944364685043
8562,266.0,0.0,14.124643684365555,3.7004536101293017e-06,0.10052953822362747
8563,266.0,0.0,14.124650327730901,3.7004588315304343e-06,0.10052963278949724
8564,266.0,0.0,14.124656970327052,3.7004640523319217e-06,0.10052972734446224
8565,266.0,0.0,14.124663612154183,3.7004692725339017e-06,0.10052982188852501
8566,266.0,0.0,14.124670253212479,3.7004744921365195e-06,0.10052991642168813
8567,266.0,0.0,14.124676893502109,3.7004797111399038e-06,0.100530010943954
8568,266.0,0.0,14.124683533023262,3.7004849295442016e-06,0.10053010545532527
8569,266.0,0.0,14.124690171776109,3.7004901473495437e-06,0.10053019995580435
8570,266.0,0.0,14.124696809760838,3.70049536455608e-06,0.10053029444539395
8571,266.0,0.0,14.124703446977612,3.700500581163939e-06,0.10053038892409645
8572,266.0,0.0,14.124710083426624,3.7005057971732624e-06,0.10053048339191438
8573,266.0,0.0,14.124716719108047,3.700511012584193e-06,0.10053057784885035
8574,266.0,0.0,14.12472335402206,3.700516227396862e-06,0.10053067229490681
8575,266.0,0.0,14.124729988168836,3.700521441611408e-06,0.1005307667300862
8576,266.0,0.0,14.124736621548557,3.7005266552279753e-06,0.1005308611543912
8577,266.0,0.0,14.12474325416141,3.700531868246702e-06,0.10053095556782429
8578,266.0,0.0,14.124749886007557,3.7005370806677214e-06,0.10053104997038795
8579,266.0,0.0,14.124756517087185,3.7005422924911733e-06,0.10053114436208471
8580,266.0,0.0,14.124763147400474,3.700547503717199e-06,0.10053123874291711
8581,266.0,0.0,14.124769776947598,3.7005527143459333e-06,0.10053133311288764
8582,266.0,0.0,14.124776405728735,3.700557924377514e-06,0.10053142747199884
8583,266.0,0.0,14.124783033744063,3.700563133812082e-06,0.1005315218202532
8584,266.0,0.0,14.12478966099376,3.700568342649774e-06,0.10053161615765327
8585,266.0,0.0,14.124796287478004,3.7005735508907248e-06,0.10053171048420151
8586,266.0,0.0,14.124802913196973,3.7005787585350788e-06,0.10053180479990051
8587,266.0,0.0,14.12480953815084,3.7005839655829666e-06,0.10053189910475267
8588,266.0,0.0,14.12481616233979,3.700589172034533e-06,0.10053199339876061
8589,266.0,0.0,14.124822785763994,3.7005943778899072e-06,0.10053208768192672
8590,266.0,0.0,14.124829408423631,3.7005995831492333e-06,0.1005321819542536
8591,266.0,0.0,14.124836030318887,3.700604787812653e-06,0.10053227621574383
8592,266.0,0.0,14.124842651449926,3.7006099918802935e-06,0.10053237046639978
8593,266.0,0.0,14.12484927181693,3.7006151953522987e-06,0.100532464706224
8594,266.0,0.0,14.124855891420077,3.7006203982288055e-06,0.10053255893521902
8595,266.0,0.0,14.124862510259545,3.700625600509949e-06,0.10053265315338729
8596,266.0,0.0,14.124869128335508,3.7006308021958682e-06,0.10053274736073138
8597,266.0,0.0,14.124875745648142,3.7006360032866995e-06,0.10053284155725373
8598,266.0,0.0,14.124882362197628,3.7006412037825816e-06,0.10053293574295684
8599,266.0,0.0,14.124888977984142,3.7006464036836505e-06,0.10053302991784328
8600,266.0,0.0,14.124895593007858,3.700651602990044e-06,0.10053312408191546
8601,266.0,0.0,14.124902207268958,3.7006568017019014e-06,0.10053321823517605
8602,266.0,0.0,14.12490882076761,3.7006619998193548e-06,0.10053331237762732
8603,266.0,0.0,14.124915433503997,3.7006671973425455e-06,0.10053340650927192
8604,266.0,0.0,14.1249220454783,3.700672394271611e-06,0.10053350063011232
8605,266.0,0.0,14.124928656690681,3.7006775906066846e-06,0.10053359474015099
8606,266.0,0.0,14.12493526714133,3.7006827863479086e-06,0.10053368883939048
8607,266.0,0.0,14.124941876830412,3.7006879814954104e-06,0.10053378292783313
8608,266.0,0.0,14.124948485758111,3.7006931760493335e-06,0.10053387700548161
8609,266.0,0.0,14.124955093924607,3.7006983700098203e-06,0.10053397107233839
8610,266.0,0.0,14.124961701330067,3.700703563376995e-06,0.10053406512840583
8611,266.0,0.0,14.12496830797467,3.7007087561510035e-06,0.10053415917368656
8612,266.0,0.0,14.12497491385859,3.700713948331977e-06,0.10053425320818299
8613,266.0,0.0,14.124981518982011,3.700719139920058e-06,0.10053434723189765
8614,266.0,0.0,14.124988123345098,3.7007243309153766e-06,0.100534441244833
8615,266.0,0.0,14.124994726948033,3.700729521318073e-06,0.10053453524699156
8616,266.0,0.0,14.125001329790994,3.700734711128281e-06,0.10053462923837575
8617,266.0,0.0,14.12500793187415,3.7007399003461424e-06,0.10053472321898815
8618,266.0,0.0,14.12501453319768,3.7007450889717883e-06,0.10053481718883117
8619,266.0,0.0,14.125021133761763,3.7007502770053598e-06,0.10053491114790741
8620,266.0,0.0,14.125027733566567,3.700755464446985e-06,0.10053500509621917
8621,266.0,0.0,14.125034332612273,3.700760651296809e-06,0.10053509903376905
8622,266.0,0.0,14.125040930899058,3.7007658375549665e-06,0.10053519296055956
8623,266.0,0.0,14.125047528427089,3.700771023221584e-06,0.10053528687659302
8624,266.0,0.0,14.125054125196547,3.700776208296808e-06,0.10053538078187207
8625,266.0,0.0,14.125060721207607,3.700781392780773e-06,0.10053547467639916
8626,266.0,0.0,14.125067316460441,3.700786576673611e-06,0.10053556856017665
8627,266.0,0.0,14.125073910955233,3.700791759975462e-06,0.10053566243320725
8628,266.0,0.0,14.125080504692143,3.700796942686457e-06,0.10053575629549313
8629,266.0,0.0,14.125087097671361,3.7008021248067395e-06,0.10053585014703706
8630,266.0,0.0,14.125093689893058,3.70080730633644e-06,0.10053594398784137
8631,266.0,0.0,14.125100281357401,3.7008124872756947e-06,0.10053603781790853
8632,266.0,0.0,14.125106872064572,3.700817667624638e-06,0.10053613163724102
8633,266.0,0.0,14.125113462014745,3.7008228473834092e-06,0.10053622544584133
8634,266.0,0.0,14.125120051208093,3.7008280265521423e-06,0.10053631924371197
8635,266.0,0.0,14.125126639644789,3.700833205130972e-06,0.10053641303085531
8636,266.0,0.0,14.125133227325012,3.700838383120036e-06,0.10053650680727394
8637,266.0,0.0,14.12513981424893,3.7008435605194627e-06,0.10053660057297013
8638,266.0,0.0,14.125146400416721,3.700848737329394e-06,0.10053669432794654
8639,266.0,0.0,14.125152985828565,3.700853913549967e-06,0.10053678807220563
8640,266.0,0.0,14.125159570484627,3.7008590891813135e-06,0.1005368818057498
8641,266.0,0.0,14.125166154385084,3.7008642642235667e-06,0.10053697552858139
8642,266.0,0.0,14.125172737530114,3.700869438676866e-06,0.10053706924070313
8643,266.0,0.0,14.125179319919885,3.7008746125413475e-06,0.10053716294211733
8644,266.0,0.0,14.125185901554579,3.7008797858171406e-06,0.10053725663282648
8645,266.0,0.0,14.125192482434363,3.7008849585043847e-06,0.100537350312833
8646,266.0,0.0,14.125199062559414,3.7008901306032158e-06,0.10053744398213942
8647,266.0,0.0,14.125205641929906,3.7008953021137647e-06,0.10053753764074819
8648,266.0,0.0,14.12521222054601,3.7009004730361708e-06,0.1005376312886617
8649,266.0,0.0,14.125218798407902,3.700905643370563e-06,0.10053772492588245
8650,266.0,0.0,14.125225375515756,3.7009108131170843e-06,0.10053781855241294
8651,266.0,0.0,14.125231951869742,3.7009159822758606e-06,0.10053791216825554
8652,266.0,0.0,14.125238527470042,3.7009211508470353e-06,0.10053800577341278
8653,266.0,0.0,14.125245102316821,3.700926318830739e-06,0.10053809936788713
8654,266.0,0.0,14.125251676410251,3.7009314862271023e-06,0.10053819295168093
8655,266.0,0.0,14.125258249750516,3.700936653036269e-06,0.10053828652479677
8656,266.0,0.0,14.12526482233778,3.700941819258366e-06,0.10053838008723699
8657,266.0,0.0,14.125271394172222,3.700946984893529e-06,0.10053847363900412
8658,266.0,0.0,14.125277965254007,3.700952149941895e-06,0.10053856718010049
8659,266.0,0.0,14.125284535583319,3.7009573144035982e-06,0.10053866071052876
8660,266.0,0.0,14.125291105160322,3.700962478278772e-06,0.10053875423029121
8661,266.0,0.0,14.125297673985195,3.700967641567549e-06,0.1005388477393903
8662,266.0,0.0,14.125304242058112,3.700972804270069e-06,0.10053894123782856
8663,266.0,0.0,14.125310809379236,3.7009779663864585e-06,0.10053903472560835
8664,266.0,0.0,14.125317375948745,3.700983127916856e-06,0.1005391282027321
8665,266.0,0.0,14.12532394176682,3.700988288861401e-06,0.10053922166920247
8666,266.0,0.0,14.125330506833624,3.7009934492202155e-06,0.10053931512502161
8667,266.0,0.0,14.125337071149332,3.7009986089934437e-06,0.10053940857019213
8668,266.0,0.0,14.125343634714119,3.701003768181216e-06,0.10053950200471644
8669,266.0,0.0,14.125350197528155,3.701008926783664e-06,0.10053959542859696
8670,266.0,0.0,14.125356759591611,3.7010140848009286e-06,0.10053968884183621
8671,266.0,0.0,14.12536332090466,3.7010192422331314e-06,0.10053978224443645
8672,266.0,0.0,14.12536988146748,3.7010243990804193e-06,0.1005398756364003
8673,266.0,0.0,14.125376441280238,3.701029555342922e-06,0.10053996901773019
8674,266.0,0.0,14.125383000343106,3.7010347110207697e-06,0.10054006238842841
8675,266.0,0.0,14.125389558656257,3.7010398661140985e-06,0.1005401557484975
8676,266.0,0.0,14.125396116219866,3.701045020623044e-06,0.10054024909793993
8677,266.0,0.0,14.1254026730341,3.7010501745477355e-06,0.10054034243675808
8678,266.0,0.0,14.12540922909914,3.7010553278883113e-06,0.10054043576495439
8679,266.0,0.0,14.125415784415145,3.701060480644897e-06,0.10054052908253122
8680,266.0,0.0,14.125422338982299,3.7010656328176382e-06,0.10054062238949119
8681,266.0,0.0,14.125428892800759,3.7010707844066545e-06,0.1005407156858365
8682,266.0,0.0,14.125435445870712,3.701075935412091e-06,0.10054080897156974
8683,266.0,0.0,14.125441998192324,3.7010810858340733e-06,0.10054090224669325
8684,266.0,0.0,14.125448549765768,3.7010862356727434e-06,0.10054099551120962
8685,266.0,0.0,14.125455100591214,3.7010913849282254e-06,0.1005410887651211
8686,266.0,0.0,14.125461650668832,3.701096533600658e-06,0.10054118200843022
8687,266.0,0.0,14.125468199998792,3.701101681690169e-06,0.10054127524113926
8688,266.0,0.0,14.125474748581276,3.701106829196899e-06,0.10054136846325085
8689,266.0,0.0,14.125481296416439,3.7011119761209722e-06,0.10054146167476721
8690,266.0,0.0,14.125487843504464,3.7011171224625267e-06,0.10054155487569091
8691,266.0,0.0,14.125494389845523,3.7011222682217006e-06,0.10054164806602445
8692,266.0,0.0,14.12550093543978,3.7011274133986152e-06,0.10054174124576995
8693,266.0,0.0,14.125507480287407,3.701132557993412e-06,0.1005418344149301
8694,266.0,0.0,14.125514024388586,3.7011377020062225e-06,0.10054192757350726
8695,266.0,0.0,14.125520567743472,3.7011428454371748e-06,0.10054202072150377
8696,266.0,0.0,14.125527110352246,3.701147988286407e-06,0.1005421138589221
8697,266.0,0.0,14.125533652215077,3.701153130554052e-06,0.1005422069857647
8698,266.0,0.0,14.125540193332133,3.7011582722402406e-06,0.10054230010203401
8699,266.0,0.0,14.12554673370359,3.7011634133451015e-06,0.10054239320773233
8700,266.0,0.0,14.125553273329617,3.701168553868774e-06,0.10054248630286211
8701,266.0,0.0,14.125559812210382,3.701173693811388e-06,0.10054257938742582
8702,266.0,0.0,14.125566350346054,3.70117883317307e-06,0.10054267246142581
8703,266.0,0.0,14.12557288773681,3.701183971953964e-06,0.1005427655248646
8704,266.0,0.0,14.125579424382813,3.7011891101541934e-06,0.10054285857774449
8705,266.0,0.0,14.12558596028424,3.7011942477738953e-06,0.10054295162006795
8706,266.0,0.0,14.125592495441255,3.701199384813195e-06,0.10054304465183729
8707,266.0,0.0,14.125599029854039,3.701204521272238e-06,0.10054313767305514
8708,266.0,0.0,14.125605563522749,3.70120965715114e-06,0.10054323068372364
8709,266.0,0.0,14.125612096447563,3.701214792450045e-06,0.10054332368384539
8710,266.0,0.0,14.125618628628649,3.7012199271690832e-06,0.10054341667342274
8711,266.0,0.0,14.125625160066177,3.7012250613083835e-06,0.10054350965245809
8712,266.0,0.0,14.12563169076032,3.7012301948680786e-06,0.10054360262095378
8713,266.0,0.0,14.125638220711249,3.7012353278483045e-06,0.1005436955789124
8714,266.0,0.0,14.12564474991912,3.7012404602491857e-06,0.10054378852633615
8715,266.0,0.0,14.125651278384119,3.7012455920708594e-06,0.10054388146322749
8716,266.0,0.0,14.125657806106412,3.7012507233134578e-06,0.10054397438958891
8717,266.0,0.0,14.125664333086165,3.7012558539771112e-06,0.10054406730542276
8718,266.0,0.0,14.125670859323547,3.7012609840619477e-06,0.10054416021073137
8719,266.0,0.0,14.125677384818735,3.70126611356811e-06,0.10054425310551729
8720,266.0,0.0,14.125683909571887,3.7012712424957147e-06,0.10054434598978271
8721,266.0,0.0,14.12569043358318,3.7012763708449053e-06,0.1005444388635302
8722,266.0,0.0,14.125696956852783,3.7012814986158074e-06,0.10054453172676216
8723,266.0,0.0,14.125703479380867,3.7012866258085566e-06,0.10054462457948087
8724,266.0,0.0,14.125710001167597,3.7012917524232786e-06,0.10054471742168877
8725,266.0,0.0,14.125716522213144,3.7012968784601116e-06,0.10054481025338832
8726,266.0,0.0,14.125723042517679,3.7013020039191805e-06,0.10054490307458185
8727,266.0,0.0,14.125729562081368,3.7013071288006203e-06,0.1005449958852717
8728,266.0,0.0,14.125736080904382,3.7013122531045644e-06,0.10054508868546044
8729,266.0,0.0,14.125742598986891,3.7013173768311388e-06,0.10054518147515029
8730,266.0,0.0,14.12574911632906,3.701322499980477e-06,0.10054527425434368
8731,266.0,0.0,14.12575563293106,3.701327622552712e-06,0.10054536702304304
8732,266.0,0.0,14.12576214879306,3.7013327445479704e-06,0.10054545978125075
8733,266.0,0.0,14.125768663915233,3.701337865966391e-06,0.10054555252896918
8734,266.0,0.0,14.125775178297738,3.7013429868080935e-06,0.10054564526620066
8735,266.0,0.0,14.125781691940754,3.7013481070732215e-06,0.10054573799294776
8736,266.0,0.0,14.125788204844444,3.701353226761897e-06,0.10054583070921269
8737,266.0,0.0,14.125794717008981,3.7013583458742594e-06,0.10054592341499799
8738,266.0,0.0,14.12580122843452,3.7013634644104254e-06,0.10054601611030578
8739,266.0,0.0,14.125807739121246,3.7013685823705375e-06,0.10054610879513869
8740,266.0,0.0,14.125814249069322,3.701373699754725e-06,0.10054620146949902
8741,266.0,0.0,14.12582075827891,3.701378816563113e-06,0.10054629413338914
8742,266.0,0.0,14.125827266750187,3.7013839327958383e-06,0.10054638678681146
8743,266.0,0.0,14.12583377448332,3.7013890484530287e-06,0.1005464794297683
8744,266.0,0.0,14.125840281478473,3.701394163534817e-06,0.10054657206226214
8745,266.0,0.0,14.125846787735812,3.701399278041329e-06,0.10054666468429525
8746,266.0,0.0,14.125853293255513,3.7014043919727006e-06,0.1005467572958701
8747,266.0,0.0,14.125859798037736,3.7014095053290586e-06,0.10054684989698898
8748,266.0,0.0,14.125866302082658,3.701414618110536e-06,0.10054694248765436
8749,266.0,0.0,14.125872805390433,3.7014197303172588e-06,0.10054703506786852
8750,266.0,0.0,14.125879307961243,3.7014248419493626e-06,0.10054712763763395
8751,266.0,0.0,14.125885809795253,3.701429953006975e-06,0.10054722019695289
8752,266.0,0.0,14.125892310892626,3.7014350634902267e-06,0.10054731274582784
8753,266.0,0.0,14.125898811253526,3.7014401733992445e-06,0.10054740528426097
8754,266.0,0.0,14.125905310878133,3.7014452827341675e-06,0.10054749781225496
8755,266.0,0.0,14.125911809766603,3.701450391495114e-06,0.10054759032981185
8756,266.0,0.0,14.125918307919106,3.701455499682223e-06,0.10054768283693427
8757,266.0,0.0,14.125924805335817,3.7014606072956213e-06,0.10054777533362447
8758,266.0,0.0,14.125931302016896,3.7014657143354403e-06,0.10054786781988484
8759,266.0,0.0,14.125937797962509,3.701470820801805e-06,0.10054796029571766
8760,266.0,0.0,14.125944293172832,3.7014759266948565e-06,0.10054805276112555
