,Zone0_t_eft,Zone0:ExFT [C],GHX0_t_eft,GHX0_t_mean,GHX0_t_bw,GHX0_q_ghe,GHX0_t_exit
1,19.903841,15.979126,17.283085,18.593463,19.998627,1.835000,19.903841
2,19.881710,15.958473,17.265234,18.573472,19.978636,1.835000,19.881710
3,19.868496,15.946142,17.253005,18.560751,19.965914,1.835000,19.868496
4,19.859176,15.937444,17.244273,18.551725,19.956889,1.835000,19.859176
5,19.840377,15.919900,17.225889,18.533133,19.938297,1.835000,19.840377
6,19.821913,15.902669,17.208262,18.515087,19.920251,1.835000,19.821913
7,19.806245,15.888047,17.193415,18.499830,19.904994,1.835000,19.806245
8,19.792679,15.875387,17.180547,18.486613,19.891777,1.835000,19.792679
9,19.780719,15.864226,17.169191,18.474955,19.880119,1.835000,19.780719
10,19.770025,15.854245,17.159029,18.464527,19.869691,1.835000,19.770025
11,19.760353,15.845220,17.149834,18.455093,19.860257,1.835000,19.760353
12,19.751526,15.836982,17.141437,18.446481,19.851645,1.835000,19.751526
13,19.743407,15.829405,17.133711,18.438559,19.843723,1.835000,19.743407
14,19.735891,15.822391,17.126557,18.431224,19.836388,1.835000,19.735891
15,19.728895,15.815862,17.119895,18.424395,19.829559,1.835000,19.728895
16,19.722351,15.809756,17.113663,18.418007,19.823171,1.835000,19.722351
17,19.716345,15.804150,17.107948,18.412146,19.817310,1.835000,19.716345
18,19.711081,15.799238,17.102951,18.407016,19.812180,1.835000,19.711081
19,19.706111,15.794600,17.098216,18.402163,19.807327,1.835000,19.706111
20,19.701397,15.790201,17.093723,18.397560,19.802724,1.835000,19.701397
21,19.696913,15.786016,17.089449,18.393181,19.798345,1.835000,19.696913
22,19.692638,15.782027,17.085373,18.389005,19.794169,1.835000,19.692638
23,19.688553,15.778215,17.081479,18.385016,19.790180,1.835000,19.688553
24,19.684642,15.774565,17.077750,18.381196,19.786360,1.835000,19.684642
25,19.680891,15.771065,17.074173,18.377532,19.782696,1.835000,19.680891
26,19.677287,15.767702,17.070737,18.374012,19.779176,1.835000,19.677287
27,19.673820,15.764466,17.067429,18.370625,19.775789,1.835000,19.673820
28,19.670479,15.761348,17.064243,18.367361,19.772524,1.835000,19.670479
29,19.667255,15.758339,17.061167,18.364211,19.769375,1.835000,19.667255
30,19.664140,15.755433,17.058197,18.361168,19.766332,1.835000,19.664140
31,19.661128,15.752622,17.055323,18.358225,19.763389,1.835000,19.661128
32,19.658211,15.749900,17.052540,18.355376,19.760540,1.835000,19.658211
33,19.655385,15.747262,17.049844,18.352614,19.757778,1.835000,19.655385
34,19.652642,15.744703,17.047227,18.349935,19.755099,1.835000,19.652642
35,19.649980,15.742218,17.044687,18.347333,19.752497,1.835000,19.649980
36,19.647392,15.739803,17.042217,18.344805,19.749968,1.835000,19.647392
37,19.644875,15.737454,17.039816,18.342346,19.747509,1.835000,19.644875
38,19.642426,15.735169,17.037478,18.339952,19.745116,1.835000,19.642426
39,19.640040,15.732942,17.035202,18.337621,19.742784,1.835000,19.640040
40,19.637714,15.730772,17.032982,18.335348,19.740512,1.835000,19.637714
41,19.635446,15.728655,17.030818,18.333132,19.738296,1.835000,19.635446
42,19.633233,15.726590,17.028706,18.330969,19.736133,1.835000,19.633233
43,19.631072,15.724573,17.026643,18.328857,19.734021,1.835000,19.631072
44,19.628960,15.722603,17.024628,18.326794,19.731958,1.835000,19.628960
45,19.626896,15.720677,17.022658,18.324777,19.729941,1.835000,19.626896
46,19.624878,15.718793,17.020731,18.322804,19.727968,1.835000,19.624878
47,19.622902,15.716950,17.018846,18.320874,19.726038,1.835000,19.622902
48,19.620969,15.715145,17.017000,18.318985,19.724148,1.835000,19.620969
49,19.619075,15.713378,17.015193,18.317134,19.722298,1.835000,19.619075
50,19.617220,15.711647,17.013422,18.315321,19.720485,1.835000,19.617220
51,19.615401,15.709949,17.011686,18.313543,19.718707,1.835000,19.615401
52,19.613618,15.708285,17.009983,18.311801,19.716964,1.835000,19.613618
53,19.611868,15.706653,17.008313,18.310091,19.715255,1.835000,19.611868
54,19.610152,15.705051,17.006675,18.308413,19.713577,1.835000,19.610152
55,19.608467,15.703478,17.005066,18.306766,19.711930,1.835000,19.608467
56,19.606812,15.701934,17.003486,18.305149,19.710313,1.835000,19.606812
57,19.605187,15.700417,17.001935,18.303561,19.708724,1.835000,19.605187
58,19.603589,15.698927,17.000410,18.302000,19.707164,1.835000,19.603589
59,19.602020,15.697462,16.998911,18.300465,19.705629,1.835000,19.602020
60,19.600476,15.696022,16.997438,18.298957,19.704121,1.835000,19.600476
61,19.598958,15.694605,16.995989,18.297473,19.702637,1.835000,19.598958
62,19.597465,15.693212,16.994563,18.296014,19.701178,1.835000,19.597465
63,19.595996,15.691840,16.993160,18.294578,19.699742,1.835000,19.595996
64,19.594550,15.690491,16.991779,18.293165,19.698328,1.835000,19.594550
65,19.593126,15.689162,16.990420,18.291773,19.696937,1.835000,19.593126
66,19.591724,15.687854,16.989081,18.290403,19.695566,1.835000,19.591724
67,19.579873,15.676795,16.977293,18.278583,19.683747,1.835000,19.579873
68,19.554373,15.652999,16.952321,18.253347,19.658511,1.835000,19.554373
69,19.528938,15.629263,16.928022,18.228480,19.633644,1.835000,19.528938
70,19.503862,15.605863,16.904079,18.203971,19.609135,1.835000,19.503862
71,19.479142,15.582795,16.880476,18.179809,19.584973,1.835000,19.479142
72,19.454768,15.560049,16.857203,18.155985,19.561149,1.835000,19.454768
73,19.430730,15.537618,16.834251,18.132490,19.537654,1.835000,19.430730
74,19.416095,15.523961,16.820687,18.118391,19.523555,1.835000,19.416095
75,19.414534,15.522505,16.819778,18.117156,19.522320,1.835000,19.414534
76,19.413281,15.521335,16.818595,18.115938,19.521102,1.835000,19.413281
77,19.412051,15.520187,16.817420,18.114736,19.519899,1.835000,19.412051
78,19.410837,15.519054,16.816261,18.113549,19.518713,1.835000,19.410837
79,19.409638,15.517935,16.815116,18.112377,19.517541,1.835000,19.409638
80,19.408454,15.516831,16.813986,18.111220,19.516384,1.835000,19.408454
81,19.407285,15.515740,16.812870,18.110077,19.515241,1.835000,19.407285
82,19.406131,15.514663,16.811767,18.108949,19.514113,1.835000,19.406131
83,19.404990,15.513598,16.810678,18.107834,19.512998,1.835000,19.404990
84,19.403863,15.512546,16.809602,18.106732,19.511896,1.835000,19.403863
85,19.402749,15.511507,16.808538,18.105644,19.510808,1.835000,19.402749
86,19.401649,15.510480,16.807487,18.104568,19.509732,1.835000,19.401649
87,19.400561,15.509465,16.806449,18.103505,19.508669,1.835000,19.400561
88,19.399485,15.508461,16.805422,18.102453,19.507617,1.835000,19.399485
89,19.398422,15.507469,16.804406,18.101414,19.506578,1.835000,19.398422
90,19.397371,15.506488,16.803402,18.100386,19.505550,1.835000,19.397371
91,19.396331,15.505518,16.802409,18.099370,19.504534,1.835000,19.396331
92,19.395303,15.504558,16.801427,18.098365,19.503529,1.835000,19.395303
93,19.394285,15.503609,16.800456,18.097370,19.502534,1.835000,19.394285
94,19.393279,15.502670,16.799495,18.096387,19.501551,1.835000,19.393279
95,19.392283,15.501741,16.798544,18.095413,19.500577,1.835000,19.392283
96,19.391298,15.500821,16.797603,18.094450,19.499614,1.835000,19.391298
97,19.390323,15.499911,16.796671,18.093497,19.498661,1.835000,19.390323
98,19.389357,15.499010,16.795750,18.092554,19.497717,1.835000,19.389357
99,19.388402,15.498119,16.794838,18.091620,19.496784,1.835000,19.388402
100,19.387456,15.497237,16.793934,18.090695,19.495859,1.835000,19.387456
101,19.386520,15.496363,16.793040,18.089780,19.494944,1.835000,19.386520
102,19.385593,15.495498,16.792155,18.088874,19.494038,1.835000,19.385593
103,19.384675,15.494641,16.791278,18.087977,19.493140,1.835000,19.384675
104,19.383766,15.493793,16.790410,18.087088,19.492252,1.835000,19.383766
105,19.382865,15.492952,16.789550,18.086208,19.491372,1.835000,19.382865
106,19.381974,15.492120,16.788698,18.085336,19.490500,1.835000,19.381974
107,19.381090,15.491296,16.787854,18.084472,19.489636,1.835000,19.381090
108,19.380215,15.490479,16.787018,18.083617,19.488780,1.835000,19.380215
109,19.379347,15.489670,16.786190,18.082769,19.487933,1.835000,19.379347
110,19.378488,15.488868,16.785370,18.081929,19.487093,1.835000,19.378488
111,19.377637,15.488073,16.784556,18.081096,19.486260,1.835000,19.377637
112,19.376793,15.487286,16.783750,18.080271,19.485435,1.835000,19.376793
113,19.375956,15.486505,16.782951,18.079454,19.484618,1.835000,19.375956
114,19.375127,15.485731,16.782160,18.078643,19.483807,1.835000,19.375127
115,19.374305,15.484965,16.781375,18.077840,19.483004,1.835000,19.374305
116,19.373491,15.484204,16.780597,18.077044,19.482208,1.835000,19.373491
117,19.372683,15.483451,16.779825,18.076254,19.481418,1.835000,19.372683
118,19.371882,15.482703,16.779061,18.075471,19.480635,1.835000,19.371882
119,19.371088,15.481962,16.778302,18.074695,19.479859,1.835000,19.371088
120,19.370301,15.481228,16.777550,18.073926,19.479089,1.835000,19.370301
121,19.369520,15.480499,16.776804,18.073162,19.478326,1.835000,19.369520
122,19.368746,15.479776,16.776065,18.072405,19.477569,1.835000,19.368746
123,19.367977,15.479059,16.775331,18.071654,19.476818,1.835000,19.367977
124,19.367216,15.478349,16.774604,18.070910,19.476073,1.835000,19.367216
125,19.366460,15.477643,16.773882,18.070171,19.475335,1.835000,19.366460
126,19.365710,15.476944,16.773166,18.069438,19.474602,1.835000,19.365710
127,19.364966,15.476250,16.772455,18.068711,19.473875,1.835000,19.364966
128,19.364228,15.475561,16.771750,18.067989,19.473153,1.835000,19.364228
129,19.363496,15.474878,16.771051,18.067273,19.472437,1.835000,19.363496
130,19.362769,15.474200,16.770357,18.066563,19.471727,1.835000,19.362769
131,19.362048,15.473527,16.769668,18.065858,19.471022,1.835000,19.362048
132,19.361333,15.472859,16.768985,18.065159,19.470323,1.835000,19.361333
133,19.360623,15.472196,16.768307,18.064465,19.469629,1.835000,19.360623
134,19.359918,15.471539,16.767634,18.063776,19.468940,1.835000,19.359918
135,19.359218,15.470886,16.766965,18.063092,19.468256,1.835000,19.359218
136,19.358524,15.470238,16.766302,18.062413,19.467577,1.835000,19.358524
137,19.357835,15.469595,16.765644,18.061739,19.466903,1.835000,19.357835
138,19.357150,15.468956,16.764990,18.061070,19.466234,1.835000,19.357150
139,19.356471,15.468322,16.764341,18.060406,19.465570,1.835000,19.356471
140,19.355796,15.467693,16.763697,18.059747,19.464911,1.835000,19.355796
141,19.355127,15.467068,16.763058,18.059092,19.464256,1.835000,19.355127
142,19.354462,15.466447,16.762422,18.058442,19.463606,1.835000,19.354462
143,19.353801,15.465831,16.761792,18.057797,19.462960,1.835000,19.353801
144,19.353146,15.465219,16.761166,18.057156,19.462319,1.835000,19.353146
145,19.352495,15.464612,16.760544,18.056519,19.461683,1.835000,19.352495
146,19.351848,15.464008,16.759926,18.055887,19.461051,1.835000,19.351848
147,19.351206,15.463409,16.759313,18.055259,19.460423,1.835000,19.351206
148,19.350568,15.462814,16.758703,18.054635,19.459799,1.835000,19.350568
149,19.349947,15.462234,16.758110,18.054029,19.459192,1.835000,19.349947
150,19.349333,15.461661,16.757524,18.053428,19.458592,1.835000,19.349333
151,19.348723,15.461092,16.756942,18.052832,19.457996,1.835000,19.348723
152,19.348117,15.460527,16.756363,18.052240,19.457404,1.835000,19.348117
153,19.347515,15.459965,16.755788,18.051652,19.456815,1.835000,19.347515
154,19.346917,15.459407,16.755217,18.051067,19.456231,1.835000,19.346917
155,19.346323,15.458853,16.754650,18.050486,19.455650,1.835000,19.346323
156,19.345733,15.458302,16.754086,18.049909,19.455073,1.835000,19.345733
157,19.345146,15.457755,16.753526,18.049336,19.454500,1.835000,19.345146
158,19.344564,15.457211,16.752969,18.048767,19.453930,1.835000,19.344564
159,19.343985,15.456671,16.752416,18.048200,19.453364,1.835000,19.343985
160,19.343409,15.456134,16.751867,18.047638,19.452802,1.835000,19.343409
161,19.342837,15.455600,16.751320,18.047079,19.452243,1.835000,19.342837
162,19.342269,15.455070,16.750778,18.046523,19.451687,1.835000,19.342269
163,19.341704,15.454543,16.750238,18.045971,19.451135,1.835000,19.341704
164,19.341143,15.454019,16.749702,18.045422,19.450586,1.835000,19.341143
165,19.340585,15.453498,16.749169,18.044877,19.450041,1.835000,19.340585
166,19.340031,15.452981,16.748639,18.044335,19.449499,1.835000,19.340031
167,19.339479,15.452466,16.748113,18.043796,19.448960,1.835000,19.339479
168,19.338931,15.451955,16.747589,18.043260,19.448424,1.835000,19.338931
169,19.338387,15.451447,16.747069,18.042728,19.447892,1.835000,19.338387
170,19.337845,15.450941,16.746552,18.042199,19.447362,1.835000,19.337845
171,19.337307,15.450439,16.746038,18.041672,19.446836,1.835000,19.337307
172,19.336772,15.449940,16.745527,18.041149,19.446313,1.835000,19.336772
173,19.336240,15.449443,16.745018,18.040629,19.445793,1.835000,19.336240
174,19.335711,15.448950,16.744513,18.040112,19.445276,1.835000,19.335711
175,19.335185,15.448459,16.744011,18.039598,19.444762,1.835000,19.335185
176,19.334662,15.447971,16.743511,18.039087,19.444250,1.835000,19.334662
177,19.334142,15.447486,16.743015,18.038578,19.443742,1.835000,19.334142
178,19.333625,15.447003,16.742521,18.038073,19.443237,1.835000,19.333625
179,19.333111,15.446523,16.742030,18.037570,19.442734,1.835000,19.333111
180,19.332599,15.446046,16.741541,18.037070,19.442234,1.835000,19.332599
181,19.332091,15.445572,16.741055,18.036573,19.441737,1.835000,19.332091
182,19.331585,15.445100,16.740572,18.036079,19.441243,1.835000,19.331585
183,19.331082,15.444631,16.740092,18.035587,19.440751,1.835000,19.331082
184,19.330582,15.444164,16.739614,18.035098,19.440262,1.835000,19.330582
185,19.330085,15.443700,16.739139,18.034612,19.439776,1.835000,19.330085
186,19.329590,15.443238,16.738667,18.034128,19.439292,1.835000,19.329590
187,19.329098,15.442779,16.738197,18.033647,19.438811,1.835000,19.329098
188,19.328608,15.442322,16.737729,18.033169,19.438332,1.835000,19.328608
189,19.328121,15.441868,16.737264,18.032693,19.437857,1.835000,19.328121
190,19.327637,15.441416,16.736801,18.032219,19.437383,1.835000,19.327637
191,19.327155,15.440966,16.736341,18.031748,19.436912,1.835000,19.327155
192,19.326676,15.440519,16.735883,18.031280,19.436444,1.835000,19.326676
193,19.326199,15.440074,16.735428,18.030814,19.435977,1.835000,19.326199
194,19.325725,15.439632,16.734975,18.030350,19.435514,1.835000,19.325725
195,19.325253,15.439191,16.734524,18.029889,19.435052,1.835000,19.325253
196,19.324784,15.438753,16.734076,18.029430,19.434594,1.835000,19.324784
197,19.324317,15.438317,16.733630,18.028973,19.434137,1.835000,19.324317
198,19.323852,15.437884,16.733186,18.028519,19.433683,1.835000,19.323852
199,19.323390,15.437452,16.732744,18.028067,19.433231,1.835000,19.323390
200,19.322930,15.437023,16.732305,18.027617,19.432781,1.835000,19.322930
201,19.322472,15.436596,16.731867,18.027170,19.432333,1.835000,19.322472
202,19.322016,15.436171,16.731432,18.026724,19.431888,1.835000,19.322016
203,19.321563,15.435748,16.730999,18.026281,19.431445,1.835000,19.321563
204,19.321112,15.435327,16.730569,18.025840,19.431004,1.835000,19.321112
205,19.320663,15.434908,16.730140,18.025402,19.430565,1.835000,19.320663
206,19.320217,15.434492,16.729713,18.024965,19.430129,1.835000,19.320217
207,19.319772,15.434077,16.729289,18.024531,19.429694,1.835000,19.319772
208,19.319330,15.433664,16.728866,18.024098,19.429262,1.835000,19.319330
209,19.318890,15.433253,16.728446,18.023668,19.428832,1.835000,19.318890
210,19.318452,15.432845,16.728027,18.023240,19.428403,1.835000,19.318452
211,19.318016,15.432438,16.727611,18.022813,19.427977,1.835000,19.318016
212,19.317582,15.432033,16.727196,18.022389,19.427553,1.835000,19.317582
213,19.317150,15.431630,16.726784,18.021967,19.427131,1.835000,19.317150
214,19.316720,15.431229,16.726373,18.021547,19.426711,1.835000,19.316720
215,19.316292,15.430829,16.725965,18.021128,19.426292,1.835000,19.316292
216,19.315866,15.430432,16.725558,18.020712,19.425876,1.835000,19.315866
217,19.315442,15.430036,16.725153,18.020298,19.425461,1.835000,19.315442
218,19.315021,15.429643,16.724750,18.019885,19.425049,1.835000,19.315021
219,19.314600,15.429251,16.724349,18.019475,19.424638,1.835000,19.314600
220,19.314182,15.428860,16.723949,18.019066,19.424230,1.835000,19.314182
221,19.313766,15.428472,16.723552,18.018659,19.423823,1.835000,19.313766
222,19.313352,15.428085,16.723156,18.018254,19.423418,1.835000,19.313352
223,19.312939,15.427701,16.722762,18.017851,19.423014,1.835000,19.312939
224,19.312529,15.427317,16.722370,18.017449,19.422613,1.835000,19.312529
225,19.312120,15.426936,16.721979,18.017049,19.422213,1.835000,19.312120
226,19.311713,15.426556,16.721590,18.016652,19.421815,1.835000,19.311713
227,19.311308,15.426178,16.721203,18.016255,19.421419,1.835000,19.311308
228,19.310904,15.425802,16.720818,18.015861,19.421025,1.835000,19.310904
229,19.310503,15.425427,16.720434,18.015468,19.420632,1.835000,19.310503
230,19.310103,15.425054,16.720052,18.015077,19.420241,1.835000,19.310103
231,19.309705,15.424682,16.719672,18.014688,19.419852,1.835000,19.309705
232,19.309308,15.424312,16.719293,18.014301,19.419464,1.835000,19.309308
233,19.308913,15.423944,16.718916,18.013915,19.419079,1.835000,19.308913
234,19.308520,15.423577,16.718541,18.013531,19.418694,1.835000,19.308520
235,19.308129,15.423212,16.718167,18.013148,19.418312,1.835000,19.308129
236,19.307739,15.422848,16.717795,18.012767,19.417931,1.835000,19.307739
237,19.307351,15.422486,16.717424,18.012388,19.417551,1.835000,19.307351
238,19.306965,15.422125,16.717055,18.012010,19.417174,1.835000,19.306965
239,19.306580,15.421766,16.716687,18.011634,19.416797,1.835000,19.306580
240,19.306197,15.421409,16.716321,18.011259,19.416423,1.835000,19.306197
241,19.305815,15.421053,16.715957,18.010886,19.416050,1.835000,19.305815
242,19.305435,15.420698,16.715594,18.010514,19.415678,1.835000,19.305435
243,19.305057,15.420345,16.715232,18.010144,19.415308,1.835000,19.305057
244,19.304680,15.419993,16.714872,18.009776,19.414940,1.835000,19.304680
245,19.304305,15.419643,16.714513,18.009409,19.414573,1.835000,19.304305
246,19.303931,15.419294,16.714156,18.009044,19.414207,1.835000,19.303931
247,19.303558,15.418947,16.713801,18.008680,19.413843,1.835000,19.303558
248,19.303188,15.418601,16.713446,18.008317,19.413481,1.835000,19.303188
249,19.302818,15.418256,16.713094,18.007956,19.413120,1.835000,19.302818
250,19.302450,15.417913,16.712742,18.007596,19.412760,1.835000,19.302450
251,19.302084,15.417571,16.712392,18.007238,19.412402,1.835000,19.302084
252,19.301719,15.417230,16.712044,18.006881,19.412045,1.835000,19.301719
253,19.301356,15.416891,16.711697,18.006526,19.411690,1.835000,19.301356
254,19.300994,15.416553,16.711351,18.006172,19.411336,1.835000,19.300994
255,19.300633,15.416217,16.711006,18.005820,19.410983,1.835000,19.300633
256,19.300274,15.415882,16.710663,18.005468,19.410632,1.835000,19.300274
257,19.299916,15.415548,16.710321,18.005119,19.410282,1.835000,19.299916
258,19.299560,15.415215,16.709981,18.004770,19.409934,1.835000,19.299560
259,19.299205,15.414884,16.709642,18.004423,19.409587,1.835000,19.299205
260,19.298851,15.414554,16.709304,18.004077,19.409241,1.835000,19.298851
261,19.298499,15.414225,16.708967,18.003733,19.408897,1.835000,19.298499
262,19.298148,15.413898,16.708632,18.003390,19.408554,1.835000,19.298148
263,19.297798,15.413572,16.708298,18.003048,19.408212,1.835000,19.297798
264,19.297450,15.413247,16.707965,18.002708,19.407871,1.835000,19.297450
265,19.297103,15.412923,16.707634,18.002368,19.407532,1.835000,19.297103
266,19.296757,15.412600,16.707304,18.002030,19.407194,1.835000,19.296757
267,19.296413,15.412279,16.706975,18.001694,19.406858,1.835000,19.296413
268,19.296070,15.411959,16.706647,18.001358,19.406522,1.835000,19.296070
269,19.295728,15.411640,16.706321,18.001024,19.406188,1.835000,19.295728
270,19.295387,15.411322,16.705995,18.000691,19.405855,1.835000,19.295387
271,19.295052,15.411009,16.705675,18.000364,19.405527,1.835000,19.295052
272,19.294718,15.410697,16.705356,18.000037,19.405201,1.835000,19.294718
273,19.294385,15.410387,16.705038,17.999712,19.404875,1.835000,19.294385
274,19.294054,15.410077,16.704721,17.999388,19.404551,1.835000,19.294054
275,19.293723,15.409769,16.704406,17.999065,19.404228,1.835000,19.293723
276,19.293394,15.409462,16.704091,17.998743,19.403907,1.835000,19.293394
277,19.293066,15.409156,16.703778,17.998422,19.403586,1.835000,19.293066
278,19.292739,15.408851,16.703466,17.998103,19.403266,1.835000,19.292739
279,19.292414,15.408547,16.703155,17.997784,19.402948,1.835000,19.292414
280,19.292089,15.408244,16.702845,17.997467,19.402631,1.835000,19.292089
281,19.291766,15.407943,16.702536,17.997151,19.402315,1.835000,19.291766
282,19.291444,15.407642,16.702228,17.996836,19.402000,1.835000,19.291444
283,19.291123,15.407343,16.701922,17.996522,19.401686,1.835000,19.291123
284,19.290803,15.407044,16.701616,17.996210,19.401373,1.835000,19.290803
285,19.290484,15.406747,16.701312,17.995898,19.401062,1.835000,19.290484
286,19.290167,15.406450,16.701008,17.995587,19.400751,1.835000,19.290167
287,19.289850,15.406155,16.700706,17.995278,19.400442,1.835000,19.289850
288,19.289535,15.405861,16.700405,17.994970,19.400133,1.835000,19.289535
289,19.289220,15.405567,16.700104,17.994662,19.399826,1.835000,19.289220
290,19.288907,15.405275,16.699805,17.994356,19.399520,1.835000,19.288907
291,19.288595,15.404984,16.699507,17.994051,19.399215,1.835000,19.288595
292,19.288284,15.404693,16.699210,17.993747,19.398911,1.835000,19.288284
293,19.287974,15.404404,16.698914,17.993444,19.398608,1.835000,19.287974
294,19.287665,15.404116,16.698618,17.993142,19.398306,1.835000,19.287665
295,19.287357,15.403829,16.698324,17.992841,19.398004,1.835000,19.287357
296,19.287050,15.403542,16.698031,17.992541,19.397704,1.835000,19.287050
297,19.286744,15.403257,16.697739,17.992242,19.397405,1.835000,19.286744
298,19.286440,15.402972,16.697448,17.991944,19.397107,1.835000,19.286440
299,19.286136,15.402689,16.697158,17.991647,19.396810,1.835000,19.286136
300,19.285833,15.402406,16.696868,17.991351,19.396514,1.835000,19.285833
301,19.285531,15.402125,16.696580,17.991056,19.396219,1.835000,19.285531
302,19.285230,15.401844,16.696293,17.990762,19.395925,1.835000,19.285230
303,19.284931,15.401564,16.696006,17.990469,19.395632,1.835000,19.284931
304,19.284632,15.401286,16.695721,17.990176,19.395340,1.835000,19.284632
305,19.284334,15.401008,16.695436,17.989885,19.395049,1.835000,19.284334
306,19.284037,15.400731,16.695153,17.989595,19.394759,1.835000,19.284037
307,19.283741,15.400455,16.694870,17.989306,19.394470,1.835000,19.283741
308,19.283446,15.400179,16.694589,17.989018,19.394181,1.835000,19.283446
309,19.283153,15.399905,16.694308,17.988730,19.393894,1.835000,19.283153
310,19.282860,15.399632,16.694028,17.988444,19.393608,1.835000,19.282860
311,19.282567,15.399359,16.693749,17.988158,19.393322,1.835000,19.282567
312,19.282276,15.399088,16.693471,17.987874,19.393037,1.835000,19.282276
313,19.281986,15.398817,16.693194,17.987590,19.392754,1.835000,19.281986
314,19.281697,15.398547,16.692917,17.987307,19.392471,1.835000,19.281697
315,19.281409,15.398278,16.692642,17.987025,19.392189,1.835000,19.281409
316,19.281121,15.398010,16.692367,17.986744,19.391908,1.835000,19.281121
317,19.280835,15.397742,16.692094,17.986464,19.391628,1.835000,19.280835
318,19.280549,15.397476,16.691821,17.986185,19.391349,1.835000,19.280549
319,19.280264,15.397210,16.691549,17.985907,19.391070,1.835000,19.280264
320,19.279980,15.396945,16.691278,17.985629,19.390793,1.835000,19.279980
321,19.279698,15.396681,16.691007,17.985352,19.390516,1.835000,19.279698
322,19.279416,15.396418,16.690738,17.985077,19.390240,1.835000,19.279416
323,19.279134,15.396156,16.690469,17.984802,19.389966,1.835000,19.279134
324,19.278854,15.395894,16.690201,17.984528,19.389692,1.835000,19.278854
325,19.278575,15.395633,16.689935,17.984255,19.389418,1.835000,19.278575
326,19.278296,15.395373,16.689668,17.983982,19.389146,1.835000,19.278296
327,19.278018,15.395114,16.689403,17.983711,19.388874,1.835000,19.278018
328,19.277741,15.394856,16.689139,17.983440,19.388604,1.835000,19.277741
329,19.277465,15.394598,16.688875,17.983170,19.388334,1.835000,19.277465
330,19.277190,15.394341,16.688612,17.982901,19.388065,1.835000,19.277190
331,19.276916,15.394085,16.688350,17.982633,19.387797,1.835000,19.276916
332,19.276642,15.393830,16.688089,17.982365,19.387529,1.835000,19.276642
333,19.276369,15.393576,16.687828,17.982099,19.387263,1.835000,19.276369
334,19.276098,15.393322,16.687568,17.981833,19.386997,1.835000,19.276098
335,19.275826,15.393069,16.687309,17.981568,19.386732,1.835000,19.275826
336,19.275556,15.392817,16.687051,17.981304,19.386467,1.835000,19.275556
337,19.275287,15.392565,16.686794,17.981040,19.386204,1.835000,19.275287
338,19.275018,15.392314,16.686537,17.980777,19.385941,1.835000,19.275018
339,19.274750,15.392064,16.686281,17.980516,19.385679,1.835000,19.274750
340,19.274483,15.391815,16.686026,17.980254,19.385418,1.835000,19.274483
341,19.274217,15.391567,16.685771,17.979994,19.385158,1.835000,19.274217
342,19.273951,15.391319,16.685518,17.979734,19.384898,1.835000,19.273951
343,19.273686,15.391072,16.685265,17.979476,19.384639,1.835000,19.273686
344,19.273422,15.390825,16.685013,17.979218,19.384381,1.835000,19.273422
345,19.273159,15.390580,16.684761,17.978960,19.384124,1.835000,19.273159
346,19.272897,15.390335,16.684510,17.978704,19.383867,1.835000,19.272897
347,19.272635,15.390091,16.684260,17.978448,19.383612,1.835000,19.272635
348,19.272374,15.389847,16.684011,17.978193,19.383356,1.835000,19.272374
349,19.272114,15.389604,16.683763,17.977938,19.383102,1.835000,19.272114
350,19.271854,15.389362,16.683515,17.977685,19.382848,1.835000,19.271854
351,19.271596,15.389121,16.683268,17.977432,19.382595,1.835000,19.271596
352,19.271338,15.388880,16.683021,17.977179,19.382343,1.835000,19.271338
353,19.271080,15.388640,16.682775,17.976928,19.382092,1.835000,19.271080
354,19.270824,15.388401,16.682530,17.976677,19.381841,1.835000,19.270824
355,19.270568,15.388162,16.682286,17.976427,19.381591,1.835000,19.270568
356,19.270313,15.387924,16.682042,17.976178,19.381341,1.835000,19.270313
357,19.270059,15.387687,16.681799,17.975929,19.381093,1.835000,19.270059
358,19.269805,15.387450,16.681557,17.975681,19.380845,1.835000,19.269805
359,19.269552,15.387214,16.681315,17.975434,19.380598,1.835000,19.269552
360,19.269300,15.386979,16.681074,17.975187,19.380351,1.835000,19.269300
361,19.269048,15.386744,16.680834,17.974941,19.380105,1.835000,19.269048
362,19.268797,15.386510,16.680594,17.974696,19.379860,1.835000,19.268797
363,19.268547,15.386276,16.680355,17.974451,19.379615,1.835000,19.268547
364,19.268298,15.386044,16.680117,17.974207,19.379371,1.835000,19.268298
365,19.268049,15.385811,16.679880,17.973964,19.379128,1.835000,19.268049
366,19.267801,15.385580,16.679643,17.973722,19.378886,1.835000,19.267801
367,19.267554,15.385349,16.679406,17.973480,19.378644,1.835000,19.267554
368,19.267307,15.385119,16.679170,17.973239,19.378402,1.835000,19.267307
369,19.267061,15.384889,16.678935,17.972998,19.378162,1.835000,19.267061
370,19.266815,15.384660,16.678701,17.972758,19.377922,1.835000,19.266815
371,19.266571,15.384432,16.678467,17.972519,19.377683,1.835000,19.266571
372,19.266326,15.384204,16.678234,17.972280,19.377444,1.835000,19.266326
373,19.266083,15.383977,16.678001,17.972042,19.377206,1.835000,19.266083
374,19.265840,15.383750,16.677769,17.971805,19.376969,1.835000,19.265840
375,19.265598,15.383524,16.677538,17.971568,19.376732,1.835000,19.265598
376,19.265357,15.383299,16.677307,17.971332,19.376496,1.835000,19.265357
377,19.265116,15.383074,16.677077,17.971097,19.376260,1.835000,19.265116
378,19.264876,15.382850,16.676848,17.970862,19.376025,1.835000,19.264876
379,19.264636,15.382626,16.676619,17.970627,19.375791,1.835000,19.264636
380,19.264397,15.382404,16.676391,17.970394,19.375558,1.835000,19.264397
381,19.264159,15.382181,16.676163,17.970161,19.375325,1.835000,19.264159
382,19.263921,15.381959,16.675936,17.969928,19.375092,1.835000,19.263921
383,19.263684,15.381738,16.675709,17.969697,19.374860,1.835000,19.263684
384,19.263447,15.381517,16.675484,17.969466,19.374629,1.835000,19.263447
385,19.263212,15.381297,16.675258,17.969235,19.374399,1.835000,19.263212
386,19.262976,15.381078,16.675034,17.969005,19.374169,1.835000,19.262976
387,19.262742,15.380859,16.674809,17.968776,19.373939,1.835000,19.262742
388,19.262508,15.380641,16.674586,17.968547,19.373711,1.835000,19.262508
389,19.262274,15.380423,16.674363,17.968319,19.373482,1.835000,19.262274
390,19.262042,15.380206,16.674140,17.968091,19.373255,1.835000,19.262042
391,19.261809,15.379989,16.673919,17.967864,19.373028,1.835000,19.261809
392,19.261578,15.379773,16.673697,17.967638,19.372801,1.835000,19.261578
393,19.261347,15.379557,16.673477,17.967412,19.372575,1.835000,19.261347
394,19.261116,15.379342,16.673257,17.967186,19.372350,1.835000,19.261116
395,19.260886,15.379128,16.673037,17.966962,19.372125,1.835000,19.260886
396,19.260657,15.378914,16.672818,17.966737,19.371901,1.835000,19.260657
397,19.260428,15.378700,16.672599,17.966514,19.371678,1.835000,19.260428
398,19.260200,15.378487,16.672381,17.966291,19.371455,1.835000,19.260200
399,19.259973,15.378275,16.672164,17.966068,19.371232,1.835000,19.259973
400,19.259746,15.378063,16.671947,17.965846,19.371010,1.835000,19.259746
401,19.259519,15.377852,16.671731,17.965625,19.370789,1.835000,19.259519
402,19.259293,15.377641,16.671515,17.965404,19.370568,1.835000,19.259293
403,19.259068,15.377431,16.671300,17.965184,19.370348,1.835000,19.259068
404,19.258843,15.377221,16.671085,17.964964,19.370128,1.835000,19.258843
405,19.258619,15.377012,16.670871,17.964745,19.369909,1.835000,19.258619
406,19.258396,15.376803,16.670657,17.964527,19.369690,1.835000,19.258396
407,19.258173,15.376595,16.670444,17.964308,19.369472,1.835000,19.258173
408,19.257950,15.376388,16.670232,17.964091,19.369255,1.835000,19.257950
409,19.257728,15.376180,16.670020,17.963874,19.369038,1.835000,19.257728
410,19.257507,15.375974,16.669808,17.963657,19.368821,1.835000,19.257507
411,19.257286,15.375768,16.669597,17.963441,19.368605,1.835000,19.257286
412,19.257065,15.375562,16.669387,17.963226,19.368390,1.835000,19.257065
413,19.256845,15.375357,16.669177,17.963011,19.368175,1.835000,19.256845
414,19.256626,15.375152,16.668967,17.962797,19.367960,1.835000,19.256626
415,19.256407,15.374948,16.668758,17.962583,19.367747,1.835000,19.256407
416,19.256189,15.374744,16.668550,17.962369,19.367533,1.835000,19.256189
417,19.255971,15.374541,16.668342,17.962157,19.367320,1.835000,19.255971
418,19.255754,15.374339,16.668134,17.961944,19.367108,1.835000,19.255754
419,19.255538,15.374136,16.667927,17.961732,19.366896,1.835000,19.255538
420,19.255321,15.373935,16.667721,17.961521,19.366685,1.835000,19.255321
421,19.255106,15.373733,16.667515,17.961310,19.366474,1.835000,19.255106
422,19.254891,15.373533,16.667309,17.961100,19.366264,1.835000,19.254891
423,19.254676,15.373332,16.667104,17.960890,19.366054,1.835000,19.254676
424,19.254462,15.373133,16.666900,17.960681,19.365844,1.835000,19.254462
425,19.254248,15.372933,16.666695,17.960472,19.365636,1.835000,19.254248
426,19.254035,15.372734,16.666492,17.960263,19.365427,1.835000,19.254035
427,19.253823,15.372536,16.666289,17.960056,19.365219,1.835000,19.253823
428,19.253610,15.372338,16.666086,17.959848,19.365012,1.835000,19.253610
429,19.253399,15.372141,16.665884,17.959641,19.364805,1.835000,19.253399
430,19.253188,15.371944,16.665682,17.959435,19.364599,1.835000,19.253188
431,19.252977,15.371747,16.665481,17.959229,19.364393,1.835000,19.252977
432,19.252767,15.371551,16.665280,17.959024,19.364187,1.835000,19.252767
433,19.252557,15.371355,16.665080,17.958819,19.363982,1.835000,19.252557
434,19.252348,15.371160,16.664880,17.958614,19.363778,1.835000,19.252348
435,19.252139,15.370965,16.664681,17.958410,19.363574,1.835000,19.252139
436,19.251931,15.370771,16.664482,17.958206,19.363370,1.835000,19.251931
437,19.251723,15.370577,16.664283,17.958003,19.363167,1.835000,19.251723
438,19.251516,15.370384,16.664085,17.957801,19.362965,1.835000,19.251516
439,19.251309,15.370191,16.663888,17.957599,19.362762,1.835000,19.251309
440,19.251103,15.369998,16.663691,17.957397,19.362561,1.835000,19.251103
441,19.250897,15.369806,16.663494,17.957196,19.362359,1.835000,19.250897
442,19.250692,15.369615,16.663298,17.956995,19.362159,1.835000,19.250692
443,19.250487,15.369423,16.663102,17.956794,19.361958,1.835000,19.250487
444,19.250282,15.369233,16.662907,17.956595,19.361758,1.835000,19.250282
445,19.250078,15.369042,16.662712,17.956395,19.361559,1.835000,19.250078
446,19.249875,15.368852,16.662517,17.956196,19.361360,1.835000,19.249875
447,19.249672,15.368663,16.662323,17.955998,19.361161,1.835000,19.249672
448,19.249469,15.368474,16.662130,17.955799,19.360963,1.835000,19.249469
449,19.249267,15.368285,16.661937,17.955602,19.360766,1.835000,19.249267
450,19.249065,15.368097,16.661744,17.955405,19.360568,1.835000,19.249065
451,19.248864,15.367909,16.661552,17.955208,19.360372,1.835000,19.248864
452,19.248663,15.367722,16.661360,17.955011,19.360175,1.835000,19.248663
453,19.248463,15.367535,16.661168,17.954815,19.359979,1.835000,19.248463
454,19.248263,15.367348,16.660977,17.954620,19.359784,1.835000,19.248263
455,19.248063,15.367162,16.660787,17.954425,19.359589,1.835000,19.248063
456,19.247864,15.366976,16.660596,17.954230,19.359394,1.835000,19.247864
457,19.247665,15.366791,16.660407,17.954036,19.359200,1.835000,19.247665
458,19.247467,15.366606,16.660217,17.953842,19.359006,1.835000,19.247467
459,19.247269,15.366421,16.660028,17.953649,19.358813,1.835000,19.247269
460,19.247072,15.366237,16.659840,17.953456,19.358620,1.835000,19.247072
461,19.246875,15.366053,16.659652,17.953263,19.358427,1.835000,19.246875
462,19.246679,15.365870,16.659464,17.953071,19.358235,1.835000,19.246679
463,19.246483,15.365687,16.659277,17.952880,19.358044,1.835000,19.246483
464,19.246287,15.365504,16.659090,17.952688,19.357852,1.835000,19.246287
465,19.246092,15.365322,16.658903,17.952498,19.357661,1.835000,19.246092
466,19.245897,15.365140,16.658717,17.952307,19.357471,1.835000,19.245897
467,19.245703,15.364959,16.658532,17.952117,19.357281,1.835000,19.245703
468,19.245509,15.364778,16.658346,17.951927,19.357091,1.835000,19.245509
469,19.245315,15.364597,16.658161,17.951738,19.356902,1.835000,19.245315
470,19.245122,15.364417,16.657977,17.951549,19.356713,1.835000,19.245122
471,19.244929,15.364237,16.657793,17.951361,19.356525,1.835000,19.244929
472,19.244737,15.364058,16.657609,17.951173,19.356337,1.835000,19.244737
473,19.244545,15.363879,16.657426,17.950985,19.356149,1.835000,19.244545
474,19.244353,15.363700,16.657243,17.950798,19.355962,1.835000,19.244353
475,19.244162,15.363522,16.657060,17.950611,19.355775,1.835000,19.244162
476,19.243972,15.363344,16.656878,17.950425,19.355589,1.835000,19.243972
477,19.243781,15.363166,16.656696,17.950239,19.355403,1.835000,19.243781
478,19.243591,15.362989,16.656515,17.950053,19.355217,1.835000,19.243591
479,19.243402,15.362812,16.656334,17.949868,19.355032,1.835000,19.243402
480,19.243213,15.362636,16.656153,17.949683,19.354847,1.835000,19.243213
481,19.243024,15.362460,16.655973,17.949498,19.354662,1.835000,19.243024
482,19.242836,15.362284,16.655793,17.949314,19.354478,1.835000,19.242836
483,19.242648,15.362109,16.655613,17.949131,19.354294,1.835000,19.242648
484,19.242460,15.361934,16.655434,17.948947,19.354111,1.835000,19.242460
485,19.242273,15.361759,16.655255,17.948764,19.353928,1.835000,19.242273
486,19.242086,15.361585,16.655077,17.948582,19.353745,1.835000,19.242086
487,19.241900,15.361411,16.654899,17.948399,19.353563,1.835000,19.241900
488,19.241714,15.361237,16.654721,17.948218,19.353381,1.835000,19.241714
489,19.241528,15.361064,16.654544,17.948036,19.353200,1.835000,19.241528
490,19.241343,15.360891,16.654367,17.947855,19.353019,1.835000,19.241343
491,19.241158,15.360719,16.654190,17.947674,19.352838,1.835000,19.241158
492,19.240974,15.360546,16.654014,17.947494,19.352658,1.835000,19.240974
493,19.240790,15.360375,16.653838,17.947314,19.352478,1.835000,19.240790
494,19.240606,15.360203,16.653662,17.947134,19.352298,1.835000,19.240606
495,19.240422,15.360032,16.653487,17.946955,19.352119,1.835000,19.240422
496,19.240239,15.359861,16.653312,17.946776,19.351940,1.835000,19.240239
497,19.240057,15.359691,16.653138,17.946597,19.351761,1.835000,19.240057
498,19.239875,15.359521,16.652964,17.946419,19.351583,1.835000,19.239875
499,19.239693,15.359351,16.652790,17.946241,19.351405,1.835000,19.239693
500,19.239511,15.359182,16.652617,17.946064,19.351228,1.835000,19.239511
501,19.239330,15.359012,16.652444,17.945887,19.351051,1.835000,19.239330
502,19.239149,15.358844,16.652271,17.945710,19.350874,1.835000,19.239149
503,19.238969,15.358675,16.652098,17.945534,19.350697,1.835000,19.238969
504,19.238789,15.358507,16.651926,17.945357,19.350521,1.835000,19.238789
505,19.238609,15.358340,16.651755,17.945182,19.350346,1.835000,19.238609
506,19.238429,15.358172,16.651583,17.945006,19.350170,1.835000,19.238429
507,19.238250,15.358005,16.651412,17.944831,19.349995,1.835000,19.238250
508,19.238072,15.357838,16.651242,17.944657,19.349820,1.835000,19.238072
509,19.237893,15.357672,16.651071,17.944482,19.349646,1.835000,19.237893
510,19.237715,15.357506,16.650901,17.944308,19.349472,1.835000,19.237715
511,19.237538,15.357340,16.650731,17.944135,19.349298,1.835000,19.237538
512,19.237361,15.357175,16.650562,17.943961,19.349125,1.835000,19.237361
513,19.237184,15.357010,16.650393,17.943788,19.348952,1.835000,19.237184
514,19.237007,15.356845,16.650224,17.943616,19.348779,1.835000,19.237007
515,19.236831,15.356680,16.650056,17.943443,19.348607,1.835000,19.236831
516,19.236655,15.356516,16.649888,17.943271,19.348435,1.835000,19.236655
517,19.236479,15.356352,16.649720,17.943100,19.348264,1.835000,19.236479
518,19.236304,15.356189,16.649553,17.942928,19.348092,1.835000,19.236304
519,19.236129,15.356026,16.649386,17.942757,19.347921,1.835000,19.236129
520,19.235955,15.355863,16.649219,17.942587,19.347751,1.835000,19.235955
521,19.235780,15.355700,16.649053,17.942416,19.347580,1.835000,19.235780
522,19.235607,15.355538,16.648886,17.942246,19.347410,1.835000,19.235607
523,19.235433,15.355376,16.648721,17.942077,19.347241,1.835000,19.235433
524,19.235260,15.355214,16.648555,17.941907,19.347071,1.835000,19.235260
525,19.235087,15.355053,16.648390,17.941738,19.346902,1.835000,19.235087
526,19.234914,15.354892,16.648225,17.941570,19.346734,1.835000,19.234914
527,19.234742,15.354731,16.648061,17.941401,19.346565,1.835000,19.234742
528,19.234570,15.354571,16.647896,17.941233,19.346397,1.835000,19.234570
529,19.234399,15.354411,16.647732,17.941066,19.346229,1.835000,19.234399
530,19.234227,15.354251,16.647569,17.940898,19.346062,1.835000,19.234227
531,19.234056,15.354092,16.647406,17.940731,19.345895,1.835000,19.234056
532,19.233886,15.353932,16.647243,17.940564,19.345728,1.835000,19.233886
533,19.233716,15.353773,16.647080,17.940398,19.345562,1.835000,19.233716
534,19.233546,15.353615,16.646918,17.940232,19.345395,1.835000,19.233546
535,19.233376,15.353457,16.646755,17.940066,19.345229,1.835000,19.233376
536,19.233207,15.353299,16.646594,17.939900,19.345064,1.835000,19.233207
537,19.233038,15.353141,16.646432,17.939735,19.344899,1.835000,19.233038
538,19.232869,15.352983,16.646271,17.939570,19.344734,1.835000,19.232869
539,19.232700,15.352826,16.646110,17.939405,19.344569,1.835000,19.232700
540,19.232532,15.352669,16.645950,17.939241,19.344405,1.835000,19.232532
541,19.232365,15.352513,16.645789,17.939077,19.344241,1.835000,19.232365
542,19.232197,15.352357,16.645629,17.938913,19.344077,1.835000,19.232197
543,19.232030,15.352201,16.645470,17.938750,19.343914,1.835000,19.232030
544,19.231859,15.352041,16.645306,17.938582,19.343746,1.835000,19.231859
545,19.231676,15.351870,16.645131,17.938403,19.343567,1.835000,19.231676
546,19.231494,15.351700,16.644956,17.938225,19.343389,1.835000,19.231494
547,19.231311,15.351530,16.644782,17.938047,19.343211,1.835000,19.231311
548,19.231130,15.351360,16.644609,17.937869,19.343033,1.835000,19.231130
549,19.230948,15.351191,16.644435,17.937692,19.342855,1.835000,19.230948
550,19.230767,15.351022,16.644262,17.937514,19.342678,1.835000,19.230767
551,19.230586,15.350853,16.644089,17.937338,19.342501,1.835000,19.230586
552,19.230405,15.350685,16.643917,17.937161,19.342325,1.835000,19.230405
553,19.230225,15.350517,16.643745,17.936985,19.342149,1.835000,19.230225
554,19.230045,15.350349,16.643573,17.936809,19.341973,1.835000,19.230045
555,19.229866,15.350181,16.643401,17.936634,19.341797,1.835000,19.229866
556,19.229687,15.350014,16.643230,17.936458,19.341622,1.835000,19.229687
557,19.229508,15.349847,16.643059,17.936283,19.341447,1.835000,19.229508
558,19.229329,15.349680,16.642889,17.936109,19.341273,1.835000,19.229329
559,19.229151,15.349514,16.642718,17.935935,19.341098,1.835000,19.229151
560,19.228973,15.349348,16.642548,17.935761,19.340924,1.835000,19.228973
561,19.228795,15.349182,16.642379,17.935587,19.340751,1.835000,19.228795
562,19.228618,15.349017,16.642209,17.935414,19.340577,1.835000,19.228618
563,19.228441,15.348852,16.642040,17.935241,19.340404,1.835000,19.228441
564,19.228264,15.348687,16.641871,17.935068,19.340232,1.835000,19.228264
565,19.228088,15.348522,16.641703,17.934895,19.340059,1.835000,19.228088
566,19.227912,15.348358,16.641535,17.934723,19.339887,1.835000,19.227912
567,19.227736,15.348194,16.641367,17.934551,19.339715,1.835000,19.227736
568,19.227561,15.348030,16.641199,17.934380,19.339544,1.835000,19.227561
569,19.227386,15.347867,16.641032,17.934209,19.339372,1.835000,19.227386
570,19.227211,15.347704,16.640865,17.934038,19.339202,1.835000,19.227211
571,19.227036,15.347541,16.640698,17.933867,19.339031,1.835000,19.227036
572,19.226862,15.347378,16.640532,17.933697,19.338861,1.835000,19.226862
573,19.226688,15.347216,16.640366,17.933527,19.338691,1.835000,19.226688
574,19.226514,15.347054,16.640200,17.933357,19.338521,1.835000,19.226514
575,19.226341,15.346892,16.640034,17.933188,19.338351,1.835000,19.226341
576,19.226168,15.346731,16.639869,17.933018,19.338182,1.835000,19.226168
577,19.225995,15.346570,16.639704,17.932850,19.338013,1.835000,19.225995
578,19.225823,15.346409,16.639539,17.932681,19.337845,1.835000,19.225823
579,19.225651,15.346248,16.639375,17.932513,19.337677,1.835000,19.225651
580,19.225479,15.346088,16.639211,17.932345,19.337509,1.835000,19.225479
581,19.225308,15.345928,16.639047,17.932177,19.337341,1.835000,19.225308
582,19.225136,15.345768,16.638883,17.932010,19.337174,1.835000,19.225136
583,19.224965,15.345608,16.638720,17.931843,19.337006,1.835000,19.224965
584,19.224795,15.345449,16.638557,17.931676,19.336840,1.835000,19.224795
585,19.224625,15.345290,16.638394,17.931509,19.336673,1.835000,19.224625
586,19.224454,15.345132,16.638232,17.931343,19.336507,1.835000,19.224454
587,19.224285,15.344973,16.638069,17.931177,19.336341,1.835000,19.224285
588,19.224115,15.344815,16.637908,17.931011,19.336175,1.835000,19.224115
589,19.223946,15.344657,16.637746,17.930846,19.336010,1.835000,19.223946
590,19.223777,15.344500,16.637585,17.930681,19.335845,1.835000,19.223777
591,19.223609,15.344342,16.637424,17.930516,19.335680,1.835000,19.223609
592,19.223440,15.344185,16.637263,17.930351,19.335515,1.835000,19.223440
593,19.223272,15.344028,16.637102,17.930187,19.335351,1.835000,19.223272
594,19.223104,15.343872,16.636942,17.930023,19.335187,1.835000,19.223104
595,19.222937,15.343716,16.636782,17.929859,19.335023,1.835000,19.222937
596,19.222770,15.343560,16.636622,17.929696,19.334860,1.835000,19.222770
597,19.222603,15.343404,16.636463,17.929533,19.334697,1.835000,19.222603
598,19.222436,15.343248,16.636304,17.929370,19.334534,1.835000,19.222436
599,19.222270,15.343093,16.636145,17.929207,19.334371,1.835000,19.222270
600,19.222104,15.342938,16.635986,17.929045,19.334209,1.835000,19.222104
601,19.221938,15.342783,16.635828,17.928883,19.334047,1.835000,19.221938
602,19.221773,15.342629,16.635669,17.928721,19.333885,1.835000,19.221773
603,19.221607,15.342475,16.635512,17.928559,19.333723,1.835000,19.221607
604,19.221442,15.342321,16.635354,17.928398,19.333562,1.835000,19.221442
605,19.221278,15.342167,16.635197,17.928237,19.333401,1.835000,19.221278
606,19.221113,15.342014,16.635040,17.928076,19.333240,1.835000,19.221113
607,19.220949,15.341861,16.634883,17.927916,19.333080,1.835000,19.220949
608,19.220785,15.341708,16.634726,17.927756,19.332919,1.835000,19.220785
609,19.220621,15.341555,16.634570,17.927596,19.332759,1.835000,19.220621
610,19.220458,15.341403,16.634414,17.927436,19.332600,1.835000,19.220458
611,19.220295,15.341250,16.634258,17.927277,19.332440,1.835000,19.220295
612,19.220132,15.341098,16.634102,17.927117,19.332281,1.835000,19.220132
613,19.219970,15.340947,16.633947,17.926958,19.332122,1.835000,19.219970
614,19.219807,15.340795,16.633792,17.926800,19.331964,1.835000,19.219807
615,19.219645,15.340644,16.633637,17.926641,19.331805,1.835000,19.219645
616,19.219484,15.340493,16.633483,17.926483,19.331647,1.835000,19.219484
617,19.219322,15.340342,16.633328,17.926325,19.331489,1.835000,19.219322
618,19.219161,15.340192,16.633174,17.926168,19.331331,1.835000,19.219161
619,19.219000,15.340042,16.633021,17.926010,19.331174,1.835000,19.219000
620,19.218839,15.339892,16.632867,17.925853,19.331017,1.835000,19.218839
621,19.218679,15.339742,16.632714,17.925696,19.330860,1.835000,19.218679
622,19.218519,15.339593,16.632561,17.925540,19.330703,1.835000,19.218519
623,19.218359,15.339443,16.632408,17.925383,19.330547,1.835000,19.218359
624,19.218199,15.339294,16.632255,17.925227,19.330391,1.835000,19.218199
625,19.218040,15.339146,16.632103,17.925071,19.330235,1.835000,19.218040
626,19.217880,15.338997,16.631951,17.924916,19.330080,1.835000,19.217880
627,19.217721,15.338849,16.631799,17.924760,19.329924,1.835000,19.217721
628,19.217563,15.338701,16.631648,17.924605,19.329769,1.835000,19.217563
629,19.217404,15.338553,16.631496,17.924450,19.329614,1.835000,19.217404
630,19.217246,15.338405,16.631345,17.924296,19.329460,1.835000,19.217246
631,19.217088,15.338258,16.631194,17.924141,19.329305,1.835000,19.217088
632,19.216931,15.338111,16.631044,17.923987,19.329151,1.835000,19.216931
633,19.216773,15.337964,16.630893,17.923833,19.328997,1.835000,19.216773
634,19.216616,15.337817,16.630743,17.923680,19.328843,1.835000,19.216616
635,19.216459,15.337671,16.630593,17.923526,19.328690,1.835000,19.216459
636,19.216302,15.337525,16.630444,17.923373,19.328537,1.835000,19.216302
637,19.216146,15.337379,16.630294,17.923220,19.328384,1.835000,19.216146
638,19.215990,15.337233,16.630145,17.923067,19.328231,1.835000,19.215990
639,19.215834,15.337088,16.629996,17.922915,19.328079,1.835000,19.215834
640,19.215678,15.336942,16.629847,17.922763,19.327927,1.835000,19.215678
641,19.215523,15.336797,16.629699,17.922611,19.327775,1.835000,19.215523
642,19.215368,15.336652,16.629551,17.922459,19.327623,1.835000,19.215368
643,19.215213,15.336508,16.629403,17.922308,19.327471,1.835000,19.215213
644,19.215058,15.336363,16.629255,17.922156,19.327320,1.835000,19.215058
645,19.214903,15.336219,16.629107,17.922005,19.327169,1.835000,19.214903
646,19.214749,15.336075,16.628960,17.921854,19.327018,1.835000,19.214749
647,19.214595,15.335932,16.628813,17.921704,19.326868,1.835000,19.214595
648,19.214441,15.335788,16.628666,17.921554,19.326717,1.835000,19.214441
649,19.214288,15.335645,16.628519,17.921404,19.326567,1.835000,19.214288
650,19.214135,15.335502,16.628373,17.921254,19.326417,1.835000,19.214135
651,19.213982,15.335359,16.628226,17.921104,19.326268,1.835000,19.213982
652,19.213829,15.335216,16.628080,17.920955,19.326118,1.835000,19.213829
653,19.213676,15.335074,16.627935,17.920805,19.325969,1.835000,19.213676
654,19.213524,15.334932,16.627789,17.920656,19.325820,1.835000,19.213524
655,19.213372,15.334790,16.627644,17.920508,19.325672,1.835000,19.213372
656,19.213220,15.334648,16.627499,17.920359,19.325523,1.835000,19.213220
657,19.213068,15.334507,16.627354,17.920211,19.325375,1.835000,19.213068
658,19.212917,15.334365,16.627209,17.920063,19.325227,1.835000,19.212917
659,19.212766,15.334224,16.627065,17.919915,19.325079,1.835000,19.212766
660,19.212615,15.334083,16.626920,17.919768,19.324931,1.835000,19.212615
661,19.212464,15.333943,16.626776,17.919620,19.324784,1.835000,19.212464
662,19.212313,15.333802,16.626633,17.919473,19.324637,1.835000,19.212313
663,19.212163,15.333662,16.626489,17.919326,19.324490,1.835000,19.212163
664,19.212013,15.333522,16.626346,17.919179,19.324343,1.835000,19.212013
665,19.211863,15.333382,16.626203,17.919033,19.324197,1.835000,19.211863
666,19.211714,15.333243,16.626060,17.918887,19.324050,1.835000,19.211714
667,19.211564,15.333103,16.625917,17.918741,19.323904,1.835000,19.211564
668,19.211415,15.332964,16.625774,17.918595,19.323759,1.835000,19.211415
669,19.211266,15.332825,16.625632,17.918449,19.323613,1.835000,19.211266
670,19.211117,15.332686,16.625490,17.918304,19.323468,1.835000,19.211117
671,19.210969,15.332548,16.625348,17.918159,19.323322,1.835000,19.210969
672,19.210821,15.332409,16.625207,17.918014,19.323177,1.835000,19.210821
673,19.210673,15.332271,16.625065,17.917869,19.323033,1.835000,19.210673
674,19.210525,15.332133,16.624924,17.917724,19.322888,1.835000,19.210525
675,19.210377,15.331996,16.624783,17.917580,19.322744,1.835000,19.210377
676,19.210230,15.331858,16.624642,17.917436,19.322600,1.835000,19.210230
677,19.210083,15.331721,16.624501,17.917292,19.322456,1.835000,19.210083
678,19.209936,15.331584,16.624361,17.917148,19.322312,1.835000,19.209936
679,19.209789,15.331447,16.624221,17.917005,19.322169,1.835000,19.209789
680,19.209642,15.331310,16.624081,17.916862,19.322025,1.835000,19.209642
681,19.209496,15.331173,16.623941,17.916719,19.321882,1.835000,19.209496
682,19.209350,15.331037,16.623802,17.916576,19.321740,1.835000,19.209350
683,19.209204,15.330901,16.623662,17.916433,19.321597,1.835000,19.209204
684,19.209058,15.330765,16.623523,17.916291,19.321455,1.835000,19.209058
685,19.208913,15.330629,16.623384,17.916149,19.321312,1.835000,19.208913
686,19.208768,15.330494,16.623245,17.916007,19.321170,1.835000,19.208768
687,19.208623,15.330359,16.623107,17.915865,19.321029,1.835000,19.208623
688,19.208478,15.330223,16.622968,17.915723,19.320887,1.835000,19.208478
689,19.208333,15.330088,16.622830,17.915582,19.320746,1.835000,19.208333
690,19.208189,15.329954,16.622692,17.915441,19.320604,1.835000,19.208189
691,19.208045,15.329819,16.622555,17.915300,19.320463,1.835000,19.208045
692,19.207901,15.329685,16.622417,17.915159,19.320323,1.835000,19.207901
693,19.207757,15.329551,16.622280,17.915018,19.320182,1.835000,19.207757
694,19.207613,15.329417,16.622143,17.914878,19.320042,1.835000,19.207613
695,19.207470,15.329283,16.622006,17.914738,19.319902,1.835000,19.207470
696,19.207327,15.329149,16.621869,17.914598,19.319762,1.835000,19.207327
697,19.207184,15.329016,16.621732,17.914458,19.319622,1.835000,19.207184
698,19.207041,15.328883,16.621596,17.914319,19.319482,1.835000,19.207041
699,19.206899,15.328750,16.621460,17.914179,19.319343,1.835000,19.206899
700,19.206756,15.328617,16.621324,17.914040,19.319204,1.835000,19.206756
701,19.206614,15.328484,16.621188,17.913901,19.319065,1.835000,19.206614
702,19.206472,15.328352,16.621052,17.913762,19.318926,1.835000,19.206472
703,19.206331,15.328220,16.620917,17.913624,19.318788,1.835000,19.206331
704,19.206189,15.328088,16.620782,17.913485,19.318649,1.835000,19.206189
705,19.206048,15.327956,16.620647,17.913347,19.318511,1.835000,19.206048
706,19.205907,15.327824,16.620512,17.913209,19.318373,1.835000,19.205907
707,19.205766,15.327693,16.620377,17.913071,19.318235,1.835000,19.205766
708,19.205625,15.327561,16.620243,17.912934,19.318098,1.835000,19.205625
709,19.205484,15.327430,16.620109,17.912797,19.317960,1.835000,19.205484
710,19.205344,15.327299,16.619975,17.912659,19.317823,1.835000,19.205344
711,19.205204,15.327168,16.619841,17.912522,19.317686,1.835000,19.205204
712,19.205064,15.327038,16.619707,17.912386,19.317549,1.835000,19.205064
713,19.204924,15.326907,16.619573,17.912249,19.317413,1.835000,19.204924
714,19.204785,15.326777,16.619440,17.912112,19.317276,1.835000,19.204785
715,19.204645,15.326647,16.619307,17.911976,19.317140,1.835000,19.204645
716,19.204506,15.326517,16.619174,17.911840,19.317004,1.835000,19.204506
717,19.204367,15.326388,16.619041,17.911704,19.316868,1.835000,19.204367
718,19.204229,15.326258,16.618909,17.911569,19.316732,1.835000,19.204229
719,19.204090,15.326129,16.618776,17.911433,19.316597,1.835000,19.204090
720,19.203952,15.326000,16.618644,17.911298,19.316462,1.835000,19.203952
721,19.203813,15.325871,16.618512,17.911163,19.316327,1.835000,19.203813
722,19.203675,15.325742,16.618380,17.911028,19.316192,1.835000,19.203675
723,19.203538,15.325613,16.618249,17.910893,19.316057,1.835000,19.203538
724,19.203400,15.325485,16.618117,17.910759,19.315922,1.835000,19.203400
725,19.203263,15.325357,16.617986,17.910624,19.315788,1.835000,19.203263
726,19.203125,15.325229,16.617855,17.910490,19.315654,1.835000,19.203125
727,19.202988,15.325101,16.617724,17.910356,19.315520,1.835000,19.202988
728,19.202851,15.324973,16.617593,17.910222,19.315386,1.835000,19.202851
729,19.202715,15.324846,16.617463,17.910089,19.315253,1.835000,19.202715
730,19.202578,15.324718,16.617332,17.909955,19.315119,1.835000,19.202578
731,19.202442,15.324591,16.617202,17.909822,19.314986,1.835000,19.202442
732,19.202306,15.324464,16.617072,17.909689,19.314853,1.835000,19.202306
733,19.202170,15.324337,16.616942,17.909556,19.314720,1.835000,19.202170
734,19.202034,15.324211,16.616812,17.909423,19.314587,1.835000,19.202034
735,19.201899,15.324084,16.616683,17.909291,19.314455,1.835000,19.201899
736,19.201763,15.323958,16.616554,17.909159,19.314322,1.835000,19.201763
737,19.201628,15.323832,16.616425,17.909026,19.314190,1.835000,19.201628
738,19.201493,15.323706,16.616296,17.908894,19.314058,1.835000,19.201493
739,19.201358,15.323580,16.616167,17.908763,19.313926,1.835000,19.201358
740,19.201224,15.323454,16.616038,17.908631,19.313795,1.835000,19.201224
741,19.201089,15.323329,16.615910,17.908499,19.313663,1.835000,19.201089
742,19.200955,15.323204,16.615781,17.908368,19.313532,1.835000,19.200955
743,19.200821,15.323078,16.615653,17.908237,19.313401,1.835000,19.200821
744,19.200687,15.322953,16.615525,17.908106,19.313270,1.835000,19.200687
745,19.200553,15.322829,16.615398,17.907975,19.313139,1.835000,19.200553
746,19.200420,15.322704,16.615270,17.907845,19.313009,1.835000,19.200420
747,19.200286,15.322580,16.615143,17.907714,19.312878,1.835000,19.200286
748,19.200153,15.322455,16.615015,17.907584,19.312748,1.835000,19.200153
749,19.200020,15.322331,16.614888,17.907454,19.312618,1.835000,19.200020
750,19.199887,15.322207,16.614761,17.907324,19.312488,1.835000,19.199887
751,19.199755,15.322083,16.614635,17.907195,19.312358,1.835000,19.199755
752,19.199622,15.321960,16.614508,17.907065,19.312229,1.835000,19.199622
753,19.199490,15.321836,16.614382,17.906936,19.312100,1.835000,19.199490
754,19.199358,15.321713,16.614255,17.906807,19.311970,1.835000,19.199358
755,19.199226,15.321590,16.614129,17.906678,19.311841,1.835000,19.199226
756,19.199094,15.321467,16.614003,17.906549,19.311713,1.835000,19.199094
757,19.198962,15.321344,16.613878,17.906420,19.311584,1.835000,19.198962
758,19.198831,15.321222,16.613752,17.906292,19.311455,1.835000,19.198831
759,19.198700,15.321099,16.613627,17.906163,19.311327,1.835000,19.198700
760,19.198569,15.320977,16.613502,17.906035,19.311199,1.835000,19.198569
761,19.198438,15.320855,16.613376,17.905907,19.311071,1.835000,19.198438
762,19.198307,15.320733,16.613252,17.905779,19.310943,1.835000,19.198307
763,19.198176,15.320611,16.613127,17.905652,19.310815,1.835000,19.198176
764,19.198046,15.320489,16.613002,17.905524,19.310688,1.835000,19.198046
765,19.197916,15.320368,16.612878,17.905397,19.310561,1.835000,19.197916
766,19.197786,15.320246,16.612754,17.905270,19.310433,1.835000,19.197786
767,19.197656,15.320125,16.612629,17.905143,19.310306,1.835000,19.197656
768,19.197526,15.320004,16.612506,17.905016,19.310180,1.835000,19.197526
769,19.197397,15.319883,16.612382,17.904889,19.310053,1.835000,19.197397
770,19.197267,15.319762,16.612258,17.904763,19.309926,1.835000,19.197267
771,19.197138,15.319642,16.612135,17.904636,19.309800,1.835000,19.197138
772,19.197009,15.319521,16.612011,17.904510,19.309674,1.835000,19.197009
773,19.196880,15.319401,16.611888,17.904384,19.309548,1.835000,19.196880
774,19.196751,15.319281,16.611765,17.904258,19.309422,1.835000,19.196751
775,19.196623,15.319161,16.611642,17.904133,19.309296,1.835000,19.196623
776,19.196494,15.319041,16.611520,17.904007,19.309171,1.835000,19.196494
777,19.196366,15.318922,16.611397,17.903882,19.309046,1.835000,19.196366
778,19.196238,15.318802,16.611275,17.903757,19.308920,1.835000,19.196238
779,19.196110,15.318683,16.611153,17.903632,19.308795,1.835000,19.196110
780,19.195982,15.318564,16.611031,17.903507,19.308670,1.835000,19.195982
781,19.195855,15.318444,16.610909,17.903382,19.308546,1.835000,19.195855
782,19.195728,15.318326,16.610787,17.903257,19.308421,1.835000,19.195728
783,19.195600,15.318207,16.610666,17.903133,19.308297,1.835000,19.195600
784,19.195473,15.318088,16.610544,17.903009,19.308173,1.835000,19.195473
785,19.195346,15.317970,16.610423,17.902885,19.308048,1.835000,19.195346
786,19.195220,15.317852,16.610302,17.902761,19.307925,1.835000,19.195220
787,19.195093,15.317733,16.610181,17.902637,19.307801,1.835000,19.195093
788,19.194967,15.317616,16.610060,17.902513,19.307677,1.835000,19.194967
789,19.194840,15.317498,16.609940,17.902390,19.307554,1.835000,19.194840
790,19.194714,15.317380,16.609819,17.902267,19.307430,1.835000,19.194714
791,19.194588,15.317262,16.609699,17.902144,19.307307,1.835000,19.194588
792,19.194462,15.317145,16.609579,17.902021,19.307184,1.835000,19.194462
793,19.194337,15.317028,16.609459,17.901898,19.307062,1.835000,19.194337
794,19.194211,15.316911,16.609339,17.901775,19.306939,1.835000,19.194211
795,19.194086,15.316794,16.609219,17.901653,19.306816,1.835000,19.194086
796,19.193961,15.316677,16.609099,17.901530,19.306694,1.835000,19.193961
797,19.193836,15.316560,16.608980,17.901408,19.306572,1.835000,19.193836
798,19.193711,15.316444,16.608861,17.901286,19.306450,1.835000,19.193711
799,19.193586,15.316328,16.608742,17.901164,19.306328,1.835000,19.193586
800,19.193462,15.316211,16.608623,17.901042,19.306206,1.835000,19.193462
801,19.193337,15.316095,16.608504,17.900921,19.306084,1.835000,19.193337
802,19.193213,15.315979,16.608385,17.900799,19.305963,1.835000,19.193213
803,19.193089,15.315864,16.608267,17.900678,19.305842,1.835000,19.193089
804,19.192965,15.315748,16.608148,17.900557,19.305721,1.835000,19.192965
805,19.192842,15.315633,16.608030,17.900436,19.305600,1.835000,19.192842
806,19.192718,15.315517,16.607912,17.900315,19.305479,1.835000,19.192718
807,19.192594,15.315402,16.607794,17.900194,19.305358,1.835000,19.192594
808,19.192471,15.315287,16.607676,17.900074,19.305237,1.835000,19.192471
809,19.192348,15.315172,16.607559,17.899953,19.305117,1.835000,19.192348
810,19.192225,15.315057,16.607441,17.899833,19.304997,1.835000,19.192225
811,19.192102,15.314943,16.607324,17.899713,19.304877,1.835000,19.192102
812,19.191980,15.314828,16.607206,17.899593,19.304757,1.835000,19.191980
813,19.191857,15.314714,16.607089,17.899473,19.304637,1.835000,19.191857
814,19.191735,15.314600,16.606973,17.899354,19.304517,1.835000,19.191735
815,19.191612,15.314486,16.606856,17.899234,19.304398,1.835000,19.191612
816,19.191490,15.314372,16.606739,17.899115,19.304278,1.835000,19.191490
817,19.191368,15.314258,16.606623,17.898995,19.304159,1.835000,19.191368
818,19.191247,15.314144,16.606506,17.898876,19.304040,1.835000,19.191247
819,19.191125,15.314031,16.606390,17.898757,19.303921,1.835000,19.191125
820,19.191003,15.313917,16.606274,17.898639,19.303802,1.835000,19.191003
821,19.190882,15.313804,16.606158,17.898520,19.303684,1.835000,19.190882
822,19.190761,15.313691,16.606042,17.898402,19.303565,1.835000,19.190761
823,19.190640,15.313578,16.605927,17.898283,19.303447,1.835000,19.190640
824,19.190519,15.313465,16.605811,17.898165,19.303329,1.835000,19.190519
825,19.190398,15.313353,16.605696,17.898047,19.303211,1.835000,19.190398
826,19.190278,15.313240,16.605581,17.897929,19.303093,1.835000,19.190278
827,19.190157,15.313128,16.605465,17.897811,19.302975,1.835000,19.190157
828,19.190037,15.313015,16.605350,17.897694,19.302857,1.835000,19.190037
829,19.189917,15.312903,16.605236,17.897576,19.302740,1.835000,19.189917
830,19.189797,15.312791,16.605121,17.897459,19.302623,1.835000,19.189797
831,19.189677,15.312679,16.605006,17.897342,19.302505,1.835000,19.189677
832,19.189557,15.312568,16.604892,17.897225,19.302388,1.835000,19.189557
833,19.189437,15.312456,16.604778,17.897108,19.302271,1.835000,19.189437
834,19.189318,15.312345,16.604664,17.896991,19.302155,1.835000,19.189318
835,19.189199,15.312233,16.604550,17.896874,19.302038,1.835000,19.189199
836,19.189079,15.312122,16.604436,17.896758,19.301921,1.835000,19.189079
837,19.188960,15.312011,16.604322,17.896641,19.301805,1.835000,19.188960
838,19.188842,15.311900,16.604209,17.896525,19.301689,1.835000,19.188842
839,19.188723,15.311789,16.604095,17.896409,19.301573,1.835000,19.188723
840,19.188604,15.311679,16.603982,17.896293,19.301457,1.835000,19.188604
841,19.188486,15.311568,16.603869,17.896177,19.301341,1.835000,19.188486
842,19.188367,15.311458,16.603756,17.896062,19.301225,1.835000,19.188367
843,19.188249,15.311347,16.603643,17.895946,19.301110,1.835000,19.188249
844,19.188131,15.311237,16.603530,17.895831,19.300994,1.835000,19.188131
845,19.188013,15.311127,16.603417,17.895715,19.300879,1.835000,19.188013
846,19.187896,15.311017,16.603305,17.895600,19.300764,1.835000,19.187896
847,19.187778,15.310908,16.603193,17.895485,19.300649,1.835000,19.187778
848,19.187661,15.310798,16.603080,17.895370,19.300534,1.835000,19.187661
849,19.187543,15.310689,16.602968,17.895256,19.300419,1.835000,19.187543
850,19.187426,15.310579,16.602856,17.895141,19.300305,1.835000,19.187426
851,19.187309,15.310470,16.602744,17.895027,19.300190,1.835000,19.187309
852,19.187192,15.310361,16.602633,17.894912,19.300076,1.835000,19.187192
853,19.187075,15.310252,16.602521,17.894798,19.299962,1.835000,19.187075
854,19.186959,15.310143,16.602410,17.894684,19.299848,1.835000,19.186959
855,19.186842,15.310034,16.602298,17.894570,19.299734,1.835000,19.186842
856,19.186726,15.309926,16.602187,17.894456,19.299620,1.835000,19.186726
857,19.186609,15.309817,16.602076,17.894343,19.299507,1.835000,19.186609
858,19.186493,15.309709,16.601965,17.894229,19.299393,1.835000,19.186493
859,19.186377,15.309601,16.601854,17.894116,19.299280,1.835000,19.186377
860,19.186262,15.309493,16.601744,17.894003,19.299166,1.835000,19.186262
861,19.186146,15.309385,16.601633,17.893890,19.299053,1.835000,19.186146
862,19.186030,15.309277,16.601523,17.893777,19.298940,1.835000,19.186030
863,19.185915,15.309169,16.601413,17.893664,19.298827,1.835000,19.185915
864,19.185800,15.309061,16.601302,17.893551,19.298715,1.835000,19.185800
865,19.185684,15.308954,16.601192,17.893438,19.298602,1.835000,19.185684
866,19.185569,15.308847,16.601082,17.893326,19.298490,1.835000,19.185569
867,19.185454,15.308739,16.600973,17.893214,19.298377,1.835000,19.185454
868,19.185340,15.308632,16.600863,17.893101,19.298265,1.835000,19.185340
869,19.185225,15.308525,16.600753,17.892989,19.298153,1.835000,19.185225
870,19.185111,15.308419,16.600644,17.892877,19.298041,1.835000,19.185111
871,19.184996,15.308312,16.600535,17.892765,19.297929,1.835000,19.184996
872,19.184882,15.308205,16.600426,17.892654,19.297818,1.835000,19.184882
873,19.184768,15.308099,16.600317,17.892542,19.297706,1.835000,19.184768
874,19.184654,15.307992,16.600208,17.892431,19.297595,1.835000,19.184654
875,19.184540,15.307886,16.600099,17.892319,19.297483,1.835000,19.184540
876,19.184426,15.307780,16.599990,17.892208,19.297372,1.835000,19.184426
877,19.184313,15.307674,16.599882,17.892097,19.297261,1.835000,19.184313
878,19.184199,15.307568,16.599773,17.891986,19.297150,1.835000,19.184199
879,19.184086,15.307462,16.599665,17.891876,19.297039,1.835000,19.184086
880,19.183973,15.307357,16.599557,17.891765,19.296929,1.835000,19.183973
881,19.183860,15.307251,16.599449,17.891654,19.296818,1.835000,19.183860
882,19.183747,15.307146,16.599341,17.891544,19.296708,1.835000,19.183747
883,19.183634,15.307041,16.599233,17.891434,19.296597,1.835000,19.183634
884,19.183521,15.306935,16.599126,17.891323,19.296487,1.835000,19.183521
885,19.183409,15.306830,16.599018,17.891213,19.296377,1.835000,19.183409
886,19.183296,15.306726,16.598911,17.891103,19.296267,1.835000,19.183296
887,19.183184,15.306621,16.598803,17.890994,19.296157,1.835000,19.183184
888,19.183072,15.306516,16.598696,17.890884,19.296048,1.835000,19.183072
889,19.182960,15.306411,16.598589,17.890774,19.295938,1.835000,19.182960
890,19.182848,15.306307,16.598482,17.890665,19.295829,1.835000,19.182848
891,19.182736,15.306203,16.598375,17.890556,19.295719,1.835000,19.182736
892,19.182624,15.306098,16.598269,17.890446,19.295610,1.835000,19.182624
893,19.182513,15.305994,16.598162,17.890337,19.295501,1.835000,19.182513
894,19.182401,15.305890,16.598056,17.890228,19.295392,1.835000,19.182401
895,19.182290,15.305787,16.597949,17.890120,19.295283,1.835000,19.182290
896,19.182179,15.305683,16.597843,17.890011,19.295175,1.835000,19.182179
897,19.182068,15.305579,16.597737,17.889902,19.295066,1.835000,19.182068
898,19.181957,15.305476,16.597631,17.889794,19.294958,1.835000,19.181957
899,19.181846,15.305372,16.597525,17.889686,19.294849,1.835000,19.181846
900,19.181735,15.305269,16.597419,17.889577,19.294741,1.835000,19.181735
901,19.181625,15.305166,16.597314,17.889469,19.294633,1.835000,19.181625
902,19.181514,15.305063,16.597208,17.889361,19.294525,1.835000,19.181514
903,19.181404,15.304960,16.597103,17.889253,19.294417,1.835000,19.181404
904,19.181294,15.304857,16.596998,17.889146,19.294310,1.835000,19.181294
905,19.181184,15.304754,16.596893,17.889038,19.294202,1.835000,19.181184
906,19.181074,15.304652,16.596787,17.888931,19.294094,1.835000,19.181074
907,19.180964,15.304549,16.596683,17.888823,19.293987,1.835000,19.180964
908,19.180854,15.304447,16.596578,17.888716,19.293880,1.835000,19.180854
909,19.180745,15.304345,16.596473,17.888609,19.293773,1.835000,19.180745
910,19.180635,15.304242,16.596368,17.888502,19.293666,1.835000,19.180635
911,19.180526,15.304140,16.596264,17.888395,19.293559,1.835000,19.180526
912,19.180417,15.304038,16.596160,17.888288,19.293452,1.835000,19.180417
913,19.180307,15.303937,16.596055,17.888181,19.293345,1.835000,19.180307
914,19.180198,15.303835,16.595951,17.888075,19.293239,1.835000,19.180198
915,19.180090,15.303733,16.595847,17.887968,19.293132,1.835000,19.180090
916,19.179981,15.303632,16.595743,17.887862,19.293026,1.835000,19.179981
917,19.179872,15.303531,16.595640,17.887756,19.292920,1.835000,19.179872
918,19.179764,15.303429,16.595536,17.887650,19.292814,1.835000,19.179764
919,19.179655,15.303328,16.595432,17.887544,19.292708,1.835000,19.179655
920,19.179547,15.303227,16.595329,17.887438,19.292602,1.835000,19.179547
921,19.179439,15.303126,16.595226,17.887332,19.292496,1.835000,19.179439
922,19.179331,15.303025,16.595122,17.887227,19.292390,1.835000,19.179331
923,19.179223,15.302925,16.595019,17.887121,19.292285,1.835000,19.179223
924,19.179115,15.302824,16.594916,17.887016,19.292179,1.835000,19.179115
925,19.179007,15.302724,16.594813,17.886910,19.292074,1.835000,19.179007
926,19.178900,15.302623,16.594711,17.886805,19.291969,1.835000,19.178900
927,19.178792,15.302523,16.594608,17.886700,19.291864,1.835000,19.178792
928,19.178685,15.302423,16.594505,17.886595,19.291759,1.835000,19.178685
929,19.178578,15.302323,16.594403,17.886490,19.291654,1.835000,19.178578
930,19.178471,15.302223,16.594301,17.886386,19.291549,1.835000,19.178471
931,19.178364,15.302123,16.594198,17.886281,19.291445,1.835000,19.178364
932,19.178257,15.302023,16.594096,17.886177,19.291340,1.835000,19.178257
933,19.178150,15.301924,16.593994,17.886072,19.291236,1.835000,19.178150
934,19.178043,15.301824,16.593892,17.885968,19.291132,1.835000,19.178043
935,19.177937,15.301725,16.593791,17.885864,19.291028,1.835000,19.177937
936,19.177830,15.301625,16.593689,17.885760,19.290923,1.835000,19.177830
937,19.177724,15.301526,16.593587,17.885656,19.290820,1.835000,19.177724
938,19.177618,15.301427,16.593486,17.885552,19.290716,1.835000,19.177618
939,19.177512,15.301328,16.593385,17.885448,19.290612,1.835000,19.177512
940,19.177406,15.301229,16.593283,17.885345,19.290508,1.835000,19.177406
941,19.177300,15.301130,16.593182,17.885241,19.290405,1.835000,19.177300
942,19.177194,15.301032,16.593081,17.885138,19.290301,1.835000,19.177194
943,19.177089,15.300933,16.592980,17.885034,19.290198,1.835000,19.177089
944,19.176983,15.300835,16.592879,17.884931,19.290095,1.835000,19.176983
945,19.176878,15.300736,16.592779,17.884828,19.289992,1.835000,19.176878
946,19.176772,15.300638,16.592678,17.884725,19.289889,1.835000,19.176772
947,19.176667,15.300540,16.592578,17.884622,19.289786,1.835000,19.176667
948,19.176562,15.300442,16.592477,17.884520,19.289683,1.835000,19.176562
949,19.176457,15.300344,16.592377,17.884417,19.289581,1.835000,19.176457
950,19.176352,15.300246,16.592277,17.884315,19.289478,1.835000,19.176352
951,19.176248,15.300148,16.592177,17.884212,19.289376,1.835000,19.176248
952,19.176143,15.300051,16.592077,17.884110,19.289274,1.835000,19.176143
953,19.176038,15.299953,16.591977,17.884008,19.289171,1.835000,19.176038
954,19.175934,15.299856,16.591877,17.883906,19.289069,1.835000,19.175934
955,19.175830,15.299758,16.591777,17.883804,19.288967,1.835000,19.175830
956,19.175725,15.299661,16.591678,17.883702,19.288865,1.835000,19.175725
957,19.175621,15.299564,16.591578,17.883600,19.288764,1.835000,19.175621
958,19.175517,15.299467,16.591479,17.883498,19.288662,1.835000,19.175517
959,19.175414,15.299370,16.591380,17.883397,19.288561,1.835000,19.175414
960,19.175310,15.299273,16.591281,17.883295,19.288459,1.835000,19.175310
961,19.175206,15.299176,16.591182,17.883194,19.288358,1.835000,19.175206
962,19.175103,15.299080,16.591083,17.883093,19.288256,1.835000,19.175103
963,19.174999,15.298983,16.590984,17.882992,19.288155,1.835000,19.174999
964,19.174896,15.298887,16.590885,17.882891,19.288054,1.835000,19.174896
965,19.174793,15.298791,16.590787,17.882790,19.287953,1.835000,19.174793
966,19.174689,15.298694,16.590688,17.882689,19.287853,1.835000,19.174689
967,19.174586,15.298598,16.590590,17.882588,19.287752,1.835000,19.174586
968,19.174484,15.298502,16.590491,17.882487,19.287651,1.835000,19.174484
969,19.174381,15.298406,16.590393,17.882387,19.287551,1.835000,19.174381
970,19.174278,15.298310,16.590295,17.882287,19.287450,1.835000,19.174278
971,19.174175,15.298215,16.590197,17.882186,19.287350,1.835000,19.174175
972,19.174073,15.298119,16.590099,17.882086,19.287250,1.835000,19.174073
973,19.173971,15.298024,16.590001,17.881986,19.287150,1.835000,19.173971
974,19.173868,15.297928,16.589904,17.881886,19.287050,1.835000,19.173868
975,19.173766,15.297833,16.589806,17.881786,19.286950,1.835000,19.173766
976,19.173664,15.297738,16.589709,17.881686,19.286850,1.835000,19.173664
977,19.173562,15.297642,16.589611,17.881587,19.286750,1.835000,19.173562
978,19.173460,15.297547,16.589514,17.881487,19.286651,1.835000,19.173460
979,19.173359,15.297452,16.589417,17.881388,19.286551,1.835000,19.173359
980,19.173257,15.297358,16.589320,17.881288,19.286452,1.835000,19.173257
981,19.173155,15.297263,16.589222,17.881189,19.286353,1.835000,19.173155
982,19.173054,15.297168,16.589126,17.881090,19.286254,1.835000,19.173054
983,19.172953,15.297074,16.589029,17.880991,19.286154,1.835000,19.172953
984,19.172851,15.296979,16.588932,17.880892,19.286056,1.835000,19.172851
985,19.172750,15.296885,16.588835,17.880793,19.285957,1.835000,19.172750
986,19.172649,15.296791,16.588739,17.880694,19.285858,1.835000,19.172649
987,19.172548,15.296696,16.588643,17.880595,19.285759,1.835000,19.172548
988,19.172447,15.296602,16.588546,17.880497,19.285661,1.835000,19.172447
989,19.172347,15.296508,16.588450,17.880398,19.285562,1.835000,19.172347
990,19.172246,15.296414,16.588354,17.880300,19.285464,1.835000,19.172246
991,19.172137,15.296313,16.588249,17.880193,19.285357,1.835000,19.172137
992,19.172006,15.296191,16.588123,17.880065,19.285229,1.835000,19.172006
993,19.171875,15.296068,16.587998,17.879937,19.285100,1.835000,19.171875
994,19.171744,15.295946,16.587873,17.879809,19.284972,1.835000,19.171744
995,19.171613,15.295824,16.587748,17.879681,19.284844,1.835000,19.171613
996,19.171483,15.295702,16.587623,17.879553,19.284717,1.835000,19.171483
997,19.171352,15.295580,16.587498,17.879425,19.284589,1.835000,19.171352
998,19.171221,15.295458,16.587373,17.879297,19.284461,1.835000,19.171221
999,19.171091,15.295337,16.587249,17.879170,19.284334,1.835000,19.171091
1000,19.170961,15.295215,16.587124,17.879043,19.284206,1.835000,19.170961
1001,19.170831,15.295094,16.587000,17.878915,19.284079,1.835000,19.170831
1002,19.170701,15.294972,16.586876,17.878788,19.283952,1.835000,19.170701
1003,19.170571,15.294851,16.586752,17.878661,19.283825,1.835000,19.170571
1004,19.170441,15.294730,16.586628,17.878534,19.283698,1.835000,19.170441
1005,19.170311,15.294609,16.586504,17.878408,19.283572,1.835000,19.170311
1006,19.170182,15.294488,16.586380,17.878281,19.283445,1.835000,19.170182
1007,19.170053,15.294368,16.586257,17.878155,19.283319,1.835000,19.170053
1008,19.169923,15.294247,16.586133,17.878028,19.283192,1.835000,19.169923
1009,19.169794,15.294127,16.586010,17.877902,19.283066,1.835000,19.169794
1010,19.169665,15.294006,16.585887,17.877776,19.282940,1.835000,19.169665
1011,19.169537,15.293886,16.585764,17.877650,19.282814,1.835000,19.169537
1012,19.169408,15.293766,16.585641,17.877524,19.282688,1.835000,19.169408
1013,19.169279,15.293646,16.585518,17.877399,19.282562,1.835000,19.169279
1014,19.169151,15.293526,16.585395,17.877273,19.282437,1.835000,19.169151
1015,19.169022,15.293406,16.585273,17.877148,19.282311,1.835000,19.169022
1016,19.168894,15.293287,16.585150,17.877022,19.282186,1.835000,19.168894
1017,19.168766,15.293167,16.585028,17.876897,19.282061,1.835000,19.168766
1018,19.168638,15.293048,16.584906,17.876772,19.281936,1.835000,19.168638
1019,19.168510,15.292929,16.584784,17.876647,19.281811,1.835000,19.168510
1020,19.168383,15.292809,16.584662,17.876522,19.281686,1.835000,19.168383
1021,19.168255,15.292690,16.584540,17.876397,19.281561,1.835000,19.168255
1022,19.168128,15.292571,16.584418,17.876273,19.281437,1.835000,19.168128
1023,19.168000,15.292453,16.584296,17.876148,19.281312,1.835000,19.168000
1024,19.167873,15.292334,16.584175,17.876024,19.281188,1.835000,19.167873
1025,19.167746,15.292215,16.584053,17.875900,19.281064,1.835000,19.167746
1026,19.167619,15.292097,16.583932,17.875776,19.280939,1.835000,19.167619
1027,19.167492,15.291979,16.583811,17.875652,19.280815,1.835000,19.167492
1028,19.167366,15.291860,16.583690,17.875528,19.280692,1.835000,19.167366
1029,19.167239,15.291742,16.583569,17.875404,19.280568,1.835000,19.167239
1030,19.167113,15.291624,16.583448,17.875280,19.280444,1.835000,19.167113
1031,19.166986,15.291506,16.583327,17.875157,19.280321,1.835000,19.166986
1032,19.166860,15.291389,16.583207,17.875033,19.280197,1.835000,19.166860
1033,19.166734,15.291271,16.583086,17.874910,19.280074,1.835000,19.166734
1034,19.166608,15.291153,16.582966,17.874787,19.279951,1.835000,19.166608
1035,19.166482,15.291036,16.582846,17.874664,19.279828,1.835000,19.166482
1036,19.166357,15.290919,16.582726,17.874541,19.279705,1.835000,19.166357
1037,19.166231,15.290801,16.582606,17.874418,19.279582,1.835000,19.166231
1038,19.166105,15.290684,16.582486,17.874296,19.279459,1.835000,19.166105
1039,19.165980,15.290567,16.582366,17.874173,19.279337,1.835000,19.165980
1040,19.165855,15.290451,16.582246,17.874051,19.279214,1.835000,19.165855
1041,19.165730,15.290334,16.582127,17.873928,19.279092,1.835000,19.165730
1042,19.165605,15.290217,16.582007,17.873806,19.278970,1.835000,19.165605
1043,19.165480,15.290101,16.581888,17.873684,19.278848,1.835000,19.165480
1044,19.165355,15.289984,16.581769,17.873562,19.278726,1.835000,19.165355
1045,19.165230,15.289868,16.581650,17.873440,19.278604,1.835000,19.165230
1046,19.165106,15.289752,16.581531,17.873318,19.278482,1.835000,19.165106
1047,19.164982,15.289636,16.581412,17.873197,19.278361,1.835000,19.164982
1048,19.164857,15.289520,16.581293,17.873075,19.278239,1.835000,19.164857
1049,19.164733,15.289404,16.581175,17.872954,19.278118,1.835000,19.164733
1050,19.164609,15.289288,16.581056,17.872833,19.277996,1.835000,19.164609
1051,19.164485,15.289172,16.580938,17.872711,19.277875,1.835000,19.164485
1052,19.164361,15.289057,16.580820,17.872590,19.277754,1.835000,19.164361
1053,19.164238,15.288942,16.580701,17.872470,19.277633,1.835000,19.164238
1054,19.164114,15.288826,16.580583,17.872349,19.277513,1.835000,19.164114
1055,19.163991,15.288711,16.580465,17.872228,19.277392,1.835000,19.163991
1056,19.163867,15.288596,16.580348,17.872107,19.277271,1.835000,19.163867
1057,19.163744,15.288481,16.580230,17.871987,19.277151,1.835000,19.163744
1058,19.163621,15.288366,16.580112,17.871867,19.277030,1.835000,19.163621
1059,19.163498,15.288251,16.579995,17.871746,19.276910,1.835000,19.163498
1060,19.163375,15.288137,16.579877,17.871626,19.276790,1.835000,19.163375
1061,19.163252,15.288022,16.579760,17.871506,19.276670,1.835000,19.163252
1062,19.163130,15.287908,16.579643,17.871386,19.276550,1.835000,19.163130
1063,19.163007,15.287793,16.579526,17.871267,19.276430,1.835000,19.163007
1064,19.162885,15.287679,16.579409,17.871147,19.276311,1.835000,19.162885
1065,19.162762,15.287565,16.579292,17.871027,19.276191,1.835000,19.162762
1066,19.162640,15.287451,16.579175,17.870908,19.276072,1.835000,19.162640
1067,19.162518,15.287337,16.579059,17.870788,19.275952,1.835000,19.162518
1068,19.162396,15.287223,16.578942,17.870669,19.275833,1.835000,19.162396
1069,19.162274,15.287110,16.578826,17.870550,19.275714,1.835000,19.162274
1070,19.162153,15.286996,16.578709,17.870431,19.275595,1.835000,19.162153
1071,19.162031,15.286883,16.578593,17.870312,19.275476,1.835000,19.162031
1072,19.161910,15.286769,16.578477,17.870193,19.275357,1.835000,19.161910
1073,19.161788,15.286656,16.578361,17.870075,19.275239,1.835000,19.161788
1074,19.161667,15.286543,16.578245,17.869956,19.275120,1.835000,19.161667
1075,19.161546,15.286430,16.578130,17.869838,19.275002,1.835000,19.161546
1076,19.161425,15.286317,16.578014,17.869719,19.274883,1.835000,19.161425
1077,19.161304,15.286204,16.577898,17.869601,19.274765,1.835000,19.161304
1078,19.161183,15.286091,16.577783,17.869483,19.274647,1.835000,19.161183
1079,19.161062,15.285979,16.577668,17.869365,19.274529,1.835000,19.161062
1080,19.160942,15.285866,16.577553,17.869247,19.274411,1.835000,19.160942
1081,19.160821,15.285754,16.577437,17.869129,19.274293,1.835000,19.160821
1082,19.160701,15.285641,16.577322,17.869012,19.274175,1.835000,19.160701
1083,19.160581,15.285529,16.577208,17.868894,19.274058,1.835000,19.160581
1084,19.160460,15.285417,16.577093,17.868777,19.273940,1.835000,19.160460
1085,19.160340,15.285305,16.576978,17.868659,19.273823,1.835000,19.160340
1086,19.160220,15.285193,16.576863,17.868542,19.273706,1.835000,19.160220
1087,19.160101,15.285081,16.576749,17.868425,19.273589,1.835000,19.160101
1088,19.159981,15.284969,16.576635,17.868308,19.273472,1.835000,19.159981
1089,19.159861,15.284858,16.576520,17.868191,19.273355,1.835000,19.159861
1090,19.159742,15.284746,16.576406,17.868074,19.273238,1.835000,19.159742
1091,19.159622,15.284635,16.576292,17.867957,19.273121,1.835000,19.159622
1092,19.159503,15.284524,16.576178,17.867841,19.273005,1.835000,19.159503
1093,19.159384,15.284412,16.576064,17.867724,19.272888,1.835000,19.159384
1094,19.159265,15.284301,16.575951,17.867608,19.272772,1.835000,19.159265
1095,19.159146,15.284190,16.575837,17.867492,19.272655,1.835000,19.159146
1096,19.159027,15.284080,16.575723,17.867375,19.272539,1.835000,19.159027
1097,19.158909,15.283969,16.575610,17.867259,19.272423,1.835000,19.158909
1098,19.158790,15.283858,16.575497,17.867143,19.272307,1.835000,19.158790
1099,19.158671,15.283747,16.575383,17.867027,19.272191,1.835000,19.158671
1100,19.158553,15.283637,16.575270,17.866912,19.272075,1.835000,19.158553
1101,19.158435,15.283527,16.575157,17.866796,19.271960,1.835000,19.158435
1102,19.158316,15.283416,16.575044,17.866680,19.271844,1.835000,19.158316
1103,19.158198,15.283306,16.574932,17.866565,19.271729,1.835000,19.158198
1104,19.158080,15.283196,16.574819,17.866450,19.271613,1.835000,19.158080
1105,19.157963,15.283086,16.574706,17.866334,19.271498,1.835000,19.157963
1106,19.157845,15.282976,16.574594,17.866219,19.271383,1.835000,19.157845
1107,19.157727,15.282866,16.574481,17.866104,19.271268,1.835000,19.157727
1108,19.157610,15.282757,16.574369,17.865989,19.271153,1.835000,19.157610
1109,19.157492,15.282647,16.574257,17.865875,19.271038,1.835000,19.157492
1110,19.157375,15.282538,16.574145,17.865760,19.270924,1.835000,19.157375
1111,19.157258,15.282428,16.574033,17.865645,19.270809,1.835000,19.157258
1112,19.157140,15.282319,16.573921,17.865531,19.270695,1.835000,19.157140
1113,19.157023,15.282210,16.573809,17.865416,19.270580,1.835000,19.157023
1114,19.156907,15.282101,16.573697,17.865302,19.270466,1.835000,19.156907
1115,19.156790,15.281992,16.573586,17.865188,19.270352,1.835000,19.156790
1116,19.156673,15.281883,16.573474,17.865074,19.270237,1.835000,19.156673
1117,19.156556,15.281774,16.573363,17.864960,19.270123,1.835000,19.156556
1118,19.156440,15.281665,16.573252,17.864846,19.270010,1.835000,19.156440
1119,19.156324,15.281557,16.573140,17.864732,19.269896,1.835000,19.156324
1120,19.156207,15.281448,16.573029,17.864618,19.269782,1.835000,19.156207
1121,19.156091,15.281340,16.572918,17.864505,19.269669,1.835000,19.156091
1122,19.155975,15.281231,16.572807,17.864391,19.269555,1.835000,19.155975
1123,19.155859,15.281123,16.572697,17.864278,19.269442,1.835000,19.155859
1124,19.155743,15.281015,16.572586,17.864165,19.269328,1.835000,19.155743
1125,19.155627,15.280907,16.572475,17.864051,19.269215,1.835000,19.155627
1126,19.155512,15.280799,16.572365,17.863938,19.269102,1.835000,19.155512
1127,19.155396,15.280691,16.572254,17.863825,19.268989,1.835000,19.155396
1128,19.155281,15.280584,16.572144,17.863712,19.268876,1.835000,19.155281
1129,19.155165,15.280476,16.572034,17.863600,19.268763,1.835000,19.155165
1130,19.155050,15.280368,16.571924,17.863487,19.268651,1.835000,19.155050
1131,19.154935,15.280261,16.571814,17.863374,19.268538,1.835000,19.154935
1132,19.154820,15.280154,16.571704,17.863262,19.268426,1.835000,19.154820
1133,19.154705,15.280046,16.571594,17.863149,19.268313,1.835000,19.154705
1134,19.154590,15.279939,16.571484,17.863037,19.268201,1.835000,19.154590
1135,19.154475,15.279832,16.571375,17.862925,19.268089,1.835000,19.154475
1136,19.154361,15.279725,16.571265,17.862813,19.267977,1.835000,19.154361
1137,19.154246,15.279618,16.571156,17.862701,19.267865,1.835000,19.154246
1138,19.154132,15.279511,16.571046,17.862589,19.267753,1.835000,19.154132
1139,19.154017,15.279405,16.570937,17.862477,19.267641,1.835000,19.154017
1140,19.153903,15.279298,16.570828,17.862366,19.267529,1.835000,19.153903
1141,19.153789,15.279192,16.570719,17.862254,19.267418,1.835000,19.153789
1142,19.153675,15.279085,16.570610,17.862142,19.267306,1.835000,19.153675
1143,19.153561,15.278979,16.570501,17.862031,19.267195,1.835000,19.153561
1144,19.153447,15.278873,16.570392,17.861920,19.267084,1.835000,19.153447
1145,19.153333,15.278766,16.570284,17.861809,19.266972,1.835000,19.153333
1146,19.153220,15.278660,16.570175,17.861697,19.266861,1.835000,19.153220
1147,19.153106,15.278554,16.570067,17.861586,19.266750,1.835000,19.153106
1148,19.152993,15.278449,16.569958,17.861475,19.266639,1.835000,19.152993
1149,19.152879,15.278343,16.569850,17.861365,19.266528,1.835000,19.152879
1150,19.152766,15.278237,16.569742,17.861254,19.266418,1.835000,19.152766
1151,19.152653,15.278132,16.569634,17.861143,19.266307,1.835000,19.152653
1152,19.152540,15.278026,16.569526,17.861033,19.266197,1.835000,19.152540
1153,19.152427,15.277921,16.569418,17.860922,19.266086,1.835000,19.152427
1154,19.152314,15.277815,16.569310,17.860812,19.265976,1.835000,19.152314
1155,19.152201,15.277710,16.569202,17.860702,19.265866,1.835000,19.152201
1156,19.152089,15.277605,16.569095,17.860592,19.265755,1.835000,19.152089
1157,19.151976,15.277500,16.568987,17.860482,19.265645,1.835000,19.151976
1158,19.151864,15.277395,16.568880,17.860372,19.265535,1.835000,19.151864
1159,19.151751,15.277290,16.568772,17.860262,19.265426,1.835000,19.151751
1160,19.151639,15.277185,16.568665,17.860152,19.265316,1.835000,19.151639
1161,19.151527,15.277081,16.568558,17.860042,19.265206,1.835000,19.151527
1162,19.151415,15.276976,16.568451,17.859933,19.265096,1.835000,19.151415
1163,19.151303,15.276872,16.568344,17.859823,19.264987,1.835000,19.151303
1164,19.151191,15.276767,16.568237,17.859714,19.264878,1.835000,19.151191
1165,19.151079,15.276663,16.568130,17.859605,19.264768,1.835000,19.151079
1166,19.150967,15.276559,16.568023,17.859495,19.264659,1.835000,19.150967
1167,19.150856,15.276455,16.567917,17.859386,19.264550,1.835000,19.150856
1168,19.150744,15.276350,16.567810,17.859277,19.264441,1.835000,19.150744
1169,19.150633,15.276247,16.567704,17.859168,19.264332,1.835000,19.150633
1170,19.150522,15.276143,16.567597,17.859059,19.264223,1.835000,19.150522
1171,19.150410,15.276039,16.567491,17.858951,19.264114,1.835000,19.150410
1172,19.150299,15.275935,16.567385,17.858842,19.264006,1.835000,19.150299
1173,19.150188,15.275832,16.567279,17.858733,19.263897,1.835000,19.150188
1174,19.150077,15.275728,16.567173,17.858625,19.263789,1.835000,19.150077
1175,19.149966,15.275625,16.567067,17.858517,19.263680,1.835000,19.149966
1176,19.149856,15.275521,16.566961,17.858408,19.263572,1.835000,19.149856
1177,19.149745,15.275418,16.566855,17.858300,19.263464,1.835000,19.149745
1178,19.149634,15.275315,16.566750,17.858192,19.263356,1.835000,19.149634
1179,19.149524,15.275212,16.566644,17.858084,19.263248,1.835000,19.149524
1180,19.149414,15.275109,16.566539,17.857976,19.263140,1.835000,19.149414
1181,19.149303,15.275006,16.566433,17.857868,19.263032,1.835000,19.149303
1182,19.149193,15.274903,16.566328,17.857761,19.262924,1.835000,19.149193
1183,19.149083,15.274800,16.566223,17.857653,19.262817,1.835000,19.149083
1184,19.148973,15.274698,16.566118,17.857545,19.262709,1.835000,19.148973
1185,19.148863,15.274595,16.566013,17.857438,19.262602,1.835000,19.148863
1186,19.148753,15.274493,16.565908,17.857331,19.262494,1.835000,19.148753
1187,19.148644,15.274390,16.565803,17.857223,19.262387,1.835000,19.148644
1188,19.148534,15.274288,16.565698,17.857116,19.262280,1.835000,19.148534
1189,19.148424,15.274186,16.565594,17.857009,19.262173,1.835000,19.148424
1190,19.148315,15.274084,16.565489,17.856902,19.262066,1.835000,19.148315
1191,19.148206,15.273982,16.565385,17.856795,19.261959,1.835000,19.148206
1192,19.148096,15.273880,16.565280,17.856688,19.261852,1.835000,19.148096
1193,19.147987,15.273778,16.565176,17.856582,19.261745,1.835000,19.147987
1194,19.147878,15.273676,16.565072,17.856475,19.261639,1.835000,19.147878
1195,19.147769,15.273574,16.564968,17.856368,19.261532,1.835000,19.147769
1196,19.147660,15.273473,16.564864,17.856262,19.261426,1.835000,19.147660
1197,19.147551,15.273371,16.564760,17.856156,19.261319,1.835000,19.147551
1198,19.147443,15.273270,16.564656,17.856049,19.261213,1.835000,19.147443
1199,19.147334,15.273168,16.564552,17.855943,19.261107,1.835000,19.147334
1200,19.147226,15.273067,16.564448,17.855837,19.261001,1.835000,19.147226
1201,19.147117,15.272966,16.564345,17.855731,19.260895,1.835000,19.147117
1202,19.147009,15.272865,16.564241,17.855625,19.260789,1.835000,19.147009
1203,19.146901,15.272764,16.564138,17.855519,19.260683,1.835000,19.146901
1204,19.146792,15.272663,16.564035,17.855413,19.260577,1.835000,19.146792
1205,19.146684,15.272562,16.563931,17.855308,19.260472,1.835000,19.146684
1206,19.146576,15.272461,16.563828,17.855202,19.260366,1.835000,19.146576
1207,19.146468,15.272361,16.563725,17.855097,19.260261,1.835000,19.146468
1208,19.146361,15.272260,16.563622,17.854991,19.260155,1.835000,19.146361
1209,19.146253,15.272159,16.563519,17.854886,19.260050,1.835000,19.146253
1210,19.146145,15.272059,16.563416,17.854781,19.259945,1.835000,19.146145
1211,19.146038,15.271959,16.563314,17.854676,19.259839,1.835000,19.146038
1212,19.145930,15.271858,16.563211,17.854571,19.259734,1.835000,19.145930
1213,19.145823,15.271758,16.563108,17.854466,19.259629,1.835000,19.145823
1214,19.145716,15.271658,16.563006,17.854361,19.259525,1.835000,19.145716
1215,19.145608,15.271558,16.562903,17.854256,19.259420,1.835000,19.145608
1216,19.145501,15.271458,16.562801,17.854151,19.259315,1.835000,19.145501
1217,19.145394,15.271358,16.562699,17.854047,19.259210,1.835000,19.145394
1218,19.145287,15.271259,16.562597,17.853942,19.259106,1.835000,19.145287
1219,19.145181,15.271159,16.562495,17.853838,19.259001,1.835000,19.145181
1220,19.145074,15.271059,16.562393,17.853733,19.258897,1.835000,19.145074
1221,19.144967,15.270960,16.562291,17.853629,19.258793,1.835000,19.144967
1222,19.144861,15.270860,16.562189,17.853525,19.258689,1.835000,19.144861
1223,19.144754,15.270761,16.562087,17.853421,19.258584,1.835000,19.144754
1224,19.144648,15.270662,16.561986,17.853317,19.258480,1.835000,19.144648
1225,19.144541,15.270562,16.561884,17.853213,19.258376,1.835000,19.144541
1226,19.144435,15.270463,16.561782,17.853109,19.258273,1.835000,19.144435
1227,19.144329,15.270364,16.561681,17.853005,19.258169,1.835000,19.144329
1228,19.144223,15.270265,16.561580,17.852901,19.258065,1.835000,19.144223
1229,19.144117,15.270166,16.561478,17.852798,19.257962,1.835000,19.144117
1230,19.144011,15.270068,16.561377,17.852694,19.257858,1.835000,19.144011
1231,19.143905,15.269969,16.561276,17.852591,19.257755,1.835000,19.143905
1232,19.143800,15.269870,16.561175,17.852487,19.257651,1.835000,19.143800
1233,19.143694,15.269772,16.561074,17.852384,19.257548,1.835000,19.143694
1234,19.143588,15.269673,16.560974,17.852281,19.257445,1.835000,19.143588
1235,19.143483,15.269575,16.560873,17.852178,19.257342,1.835000,19.143483
1236,19.143378,15.269476,16.560772,17.852075,19.257239,1.835000,19.143378
1237,19.143272,15.269378,16.560672,17.851972,19.257136,1.835000,19.143272
1238,19.143167,15.269280,16.560571,17.851869,19.257033,1.835000,19.143167
1239,19.143062,15.269182,16.560471,17.851766,19.256930,1.835000,19.143062
1240,19.142957,15.269084,16.560370,17.851664,19.256827,1.835000,19.142957
1241,19.142852,15.268986,16.560270,17.851561,19.256725,1.835000,19.142852
1242,19.142747,15.268888,16.560170,17.851458,19.256622,1.835000,19.142747
1243,19.142642,15.268790,16.560070,17.851356,19.256520,1.835000,19.142642
1244,19.142538,15.268693,16.559970,17.851254,19.256417,1.835000,19.142538
1245,19.142433,15.268595,16.559870,17.851151,19.256315,1.835000,19.142433
1246,19.142329,15.268498,16.559770,17.851049,19.256213,1.835000,19.142329
1247,19.142224,15.268400,16.559670,17.850947,19.256111,1.835000,19.142224
1248,19.142120,15.268303,16.559570,17.850845,19.256009,1.835000,19.142120
1249,19.142015,15.268205,16.559471,17.850743,19.255907,1.835000,19.142015
1250,19.141911,15.268108,16.559371,17.850641,19.255805,1.835000,19.141911
1251,19.141807,15.268011,16.559272,17.850539,19.255703,1.835000,19.141807
1252,19.141703,15.267914,16.559172,17.850438,19.255602,1.835000,19.141703
1253,19.141599,15.267817,16.559073,17.850336,19.255500,1.835000,19.141599
1254,19.141495,15.267720,16.558974,17.850235,19.255398,1.835000,19.141495
1255,19.141392,15.267623,16.558875,17.850133,19.255297,1.835000,19.141392
1256,19.141288,15.267527,16.558776,17.850032,19.255196,1.835000,19.141288
1257,19.141184,15.267430,16.558677,17.849931,19.255094,1.835000,19.141184
1258,19.141081,15.267333,16.558578,17.849829,19.254993,1.835000,19.141081
1259,19.140977,15.267237,16.558479,17.849728,19.254892,1.835000,19.140977
1260,19.140874,15.267140,16.558380,17.849627,19.254791,1.835000,19.140874
1261,19.140771,15.267044,16.558282,17.849526,19.254690,1.835000,19.140771
1262,19.140667,15.266948,16.558183,17.849425,19.254589,1.835000,19.140667
1263,19.140564,15.266851,16.558084,17.849324,19.254488,1.835000,19.140564
1264,19.140461,15.266755,16.557986,17.849224,19.254387,1.835000,19.140461
1265,19.140358,15.266659,16.557888,17.849123,19.254287,1.835000,19.140358
1266,19.140256,15.266563,16.557789,17.849022,19.254186,1.835000,19.140256
1267,19.140153,15.266467,16.557691,17.848922,19.254086,1.835000,19.140153
1268,19.140050,15.266371,16.557593,17.848822,19.253985,1.835000,19.140050
1269,19.139947,15.266276,16.557495,17.848721,19.253885,1.835000,19.139947
1270,19.139845,15.266180,16.557397,17.848621,19.253785,1.835000,19.139845
1271,19.139742,15.266084,16.557299,17.848521,19.253685,1.835000,19.139742
1272,19.139640,15.265989,16.557201,17.848421,19.253584,1.835000,19.139640
1273,19.139538,15.265893,16.557104,17.848321,19.253484,1.835000,19.139538
1274,19.139435,15.265798,16.557006,17.848221,19.253384,1.835000,19.139435
1275,19.139333,15.265703,16.556908,17.848121,19.253285,1.835000,19.139333
1276,19.139231,15.265607,16.556811,17.848021,19.253185,1.835000,19.139231
1277,19.139129,15.265512,16.556713,17.847921,19.253085,1.835000,19.139129
1278,19.139027,15.265417,16.556616,17.847822,19.252986,1.835000,19.139027
1279,19.138926,15.265322,16.556519,17.847722,19.252886,1.835000,19.138926
1280,19.138824,15.265227,16.556422,17.847623,19.252786,1.835000,19.138824
1281,19.138722,15.265132,16.556324,17.847523,19.252687,1.835000,19.138722
1282,19.138621,15.265038,16.556227,17.847424,19.252588,1.835000,19.138621
1283,19.138519,15.264943,16.556130,17.847325,19.252489,1.835000,19.138519
1284,19.138418,15.264848,16.556033,17.847226,19.252389,1.835000,19.138418
1285,19.138316,15.264754,16.555937,17.847126,19.252290,1.835000,19.138316
1286,19.138215,15.264659,16.555840,17.847027,19.252191,1.835000,19.138215
1287,19.138114,15.264565,16.555743,17.846929,19.252092,1.835000,19.138114
1288,19.138013,15.264470,16.555647,17.846830,19.251993,1.835000,19.138013
1289,19.137912,15.264376,16.555550,17.846731,19.251895,1.835000,19.137912
1290,19.137811,15.264282,16.555454,17.846632,19.251796,1.835000,19.137811
1291,19.137710,15.264188,16.555357,17.846534,19.251697,1.835000,19.137710
1292,19.137609,15.264094,16.555261,17.846435,19.251599,1.835000,19.137609
1293,19.137508,15.264000,16.555165,17.846337,19.251500,1.835000,19.137508
1294,19.137408,15.263906,16.555069,17.846238,19.251402,1.835000,19.137408
1295,19.137307,15.263812,16.554973,17.846140,19.251304,1.835000,19.137307
1296,19.137207,15.263718,16.554877,17.846042,19.251205,1.835000,19.137207
1297,19.137106,15.263624,16.554781,17.845943,19.251107,1.835000,19.137106
1298,19.137006,15.263531,16.554685,17.845845,19.251009,1.835000,19.137006
1299,19.136906,15.263437,16.554589,17.845747,19.250911,1.835000,19.136906
1300,19.136805,15.263344,16.554493,17.845649,19.250813,1.835000,19.136805
1301,19.136705,15.263250,16.554398,17.845551,19.250715,1.835000,19.136705
1302,19.136605,15.263157,16.554302,17.845454,19.250617,1.835000,19.136605
1303,19.136505,15.263064,16.554207,17.845356,19.250520,1.835000,19.136505
1304,19.136405,15.262971,16.554111,17.845258,19.250422,1.835000,19.136405
1305,19.136306,15.262878,16.554016,17.845161,19.250325,1.835000,19.136306
1306,19.136206,15.262784,16.553921,17.845063,19.250227,1.835000,19.136206
1307,19.136106,15.262691,16.553825,17.844966,19.250130,1.835000,19.136106
1308,19.136007,15.262599,16.553730,17.844868,19.250032,1.835000,19.136007
1309,19.135907,15.262506,16.553635,17.844771,19.249935,1.835000,19.135907
1310,19.135808,15.262413,16.553540,17.844674,19.249838,1.835000,19.135808
1311,19.135709,15.262320,16.553445,17.844577,19.249741,1.835000,19.135709
1312,19.135609,15.262228,16.553350,17.844480,19.249644,1.835000,19.135609
1313,19.135510,15.262135,16.553256,17.844383,19.249547,1.835000,19.135510
1314,19.135411,15.262043,16.553161,17.844286,19.249450,1.835000,19.135411
1315,19.135312,15.261950,16.553066,17.844189,19.249353,1.835000,19.135312
1316,19.135213,15.261858,16.552972,17.844092,19.249256,1.835000,19.135213
1317,19.135114,15.261766,16.552877,17.843996,19.249160,1.835000,19.135114
1318,19.135015,15.261673,16.552783,17.843899,19.249063,1.835000,19.135015
1319,19.134917,15.261581,16.552689,17.843803,19.248966,1.835000,19.134917
1320,19.134818,15.261489,16.552594,17.843706,19.248870,1.835000,19.134818
1321,19.134719,15.261397,16.552500,17.843610,19.248774,1.835000,19.134719
1322,19.134621,15.261305,16.552406,17.843513,19.248677,1.835000,19.134621
1323,19.134522,15.261213,16.552312,17.843417,19.248581,1.835000,19.134522
1324,19.134424,15.261122,16.552218,17.843321,19.248485,1.835000,19.134424
1325,19.134326,15.261030,16.552124,17.843225,19.248389,1.835000,19.134326
1326,19.134227,15.260938,16.552030,17.843129,19.248293,1.835000,19.134227
1327,19.134129,15.260847,16.551937,17.843033,19.248197,1.835000,19.134129
1328,19.134031,15.260755,16.551843,17.842937,19.248101,1.835000,19.134031
1329,19.133933,15.260664,16.551749,17.842841,19.248005,1.835000,19.133933
1330,19.133835,15.260572,16.551656,17.842746,19.247909,1.835000,19.133835
1331,19.133738,15.260481,16.551562,17.842650,19.247814,1.835000,19.133738
1332,19.133640,15.260390,16.551469,17.842554,19.247718,1.835000,19.133640
1333,19.133542,15.260299,16.551375,17.842459,19.247623,1.835000,19.133542
1334,19.133444,15.260208,16.551282,17.842363,19.247527,1.835000,19.133444
1335,19.133347,15.260117,16.551189,17.842268,19.247432,1.835000,19.133347
1336,19.133249,15.260026,16.551096,17.842173,19.247336,1.835000,19.133249
1337,19.133152,15.259935,16.551003,17.842077,19.247241,1.835000,19.133152
1338,19.133055,15.259844,16.550910,17.841982,19.247146,1.835000,19.133055
1339,19.132957,15.259753,16.550817,17.841887,19.247051,1.835000,19.132957
1340,19.132860,15.259662,16.550724,17.841792,19.246956,1.835000,19.132860
1341,19.132763,15.259572,16.550631,17.841697,19.246861,1.835000,19.132763
1342,19.132666,15.259481,16.550539,17.841602,19.246766,1.835000,19.132666
1343,19.132569,15.259391,16.550446,17.841507,19.246671,1.835000,19.132569
1344,19.132472,15.259300,16.550353,17.841413,19.246577,1.835000,19.132472
1345,19.132375,15.259210,16.550261,17.841318,19.246482,1.835000,19.132375
1346,19.132279,15.259120,16.550168,17.841223,19.246387,1.835000,19.132279
1347,19.132182,15.259030,16.550076,17.841129,19.246293,1.835000,19.132182
1348,19.132085,15.258939,16.549984,17.841035,19.246198,1.835000,19.132085
1349,19.131989,15.258849,16.549891,17.840940,19.246104,1.835000,19.131989
1350,19.131892,15.258759,16.549799,17.840846,19.246010,1.835000,19.131892
1351,19.131796,15.258669,16.549707,17.840752,19.245915,1.835000,19.131796
1352,19.131700,15.258579,16.549615,17.840657,19.245821,1.835000,19.131700
1353,19.131603,15.258490,16.549523,17.840563,19.245727,1.835000,19.131603
1354,19.131507,15.258400,16.549431,17.840469,19.245633,1.835000,19.131507
1355,19.131411,15.258310,16.549340,17.840375,19.245539,1.835000,19.131411
1356,19.131315,15.258221,16.549248,17.840281,19.245445,1.835000,19.131315
1357,19.131219,15.258131,16.549156,17.840188,19.245351,1.835000,19.131219
1358,19.131123,15.258042,16.549064,17.840094,19.245258,1.835000,19.131123
1359,19.131027,15.257952,16.548973,17.840000,19.245164,1.835000,19.131027
1360,19.130932,15.257863,16.548881,17.839906,19.245070,1.835000,19.130932
1361,19.130836,15.257774,16.548790,17.839813,19.244977,1.835000,19.130836
1362,19.130740,15.257684,16.548699,17.839719,19.244883,1.835000,19.130740
1363,19.130645,15.257595,16.548607,17.839626,19.244790,1.835000,19.130645
1364,19.130549,15.257506,16.548516,17.839533,19.244696,1.835000,19.130549
1365,19.130454,15.257417,16.548425,17.839439,19.244603,1.835000,19.130454
1366,19.130358,15.257328,16.548334,17.839346,19.244510,1.835000,19.130358
1367,19.130263,15.257239,16.548243,17.839253,19.244417,1.835000,19.130263
1368,19.130168,15.257150,16.548152,17.839160,19.244324,1.835000,19.130168
1369,19.130073,15.257062,16.548061,17.839067,19.244231,1.835000,19.130073
1370,19.129978,15.256973,16.547970,17.838974,19.244138,1.835000,19.129978
1371,19.129883,15.256884,16.547880,17.838881,19.244045,1.835000,19.129883
1372,19.129788,15.256796,16.547789,17.838788,19.243952,1.835000,19.129788
1373,19.129693,15.256707,16.547698,17.838696,19.243859,1.835000,19.129693
1374,19.129598,15.256619,16.547608,17.838603,19.243767,1.835000,19.129598
1375,19.129504,15.256530,16.547517,17.838510,19.243674,1.835000,19.129504
1376,19.129409,15.256442,16.547427,17.838418,19.243582,1.835000,19.129409
1377,19.129314,15.256354,16.547336,17.838325,19.243489,1.835000,19.129314
1378,19.129220,15.256266,16.547246,17.838233,19.243397,1.835000,19.129220
1379,19.129125,15.256177,16.547156,17.838141,19.243304,1.835000,19.129125
1380,19.129031,15.256089,16.547066,17.838048,19.243212,1.835000,19.129031
1381,19.128937,15.256001,16.546976,17.837956,19.243120,1.835000,19.128937
1382,19.128842,15.255913,16.546886,17.837864,19.243028,1.835000,19.128842
1383,19.128748,15.255826,16.546796,17.837772,19.242936,1.835000,19.128748
1384,19.128654,15.255738,16.546706,17.837680,19.242844,1.835000,19.128654
1385,19.128560,15.255650,16.546616,17.837588,19.242752,1.835000,19.128560
1386,19.128466,15.255562,16.546526,17.837496,19.242660,1.835000,19.128466
1387,19.128372,15.255475,16.546436,17.837404,19.242568,1.835000,19.128372
1388,19.128279,15.255387,16.546347,17.837313,19.242476,1.835000,19.128279
1389,19.128185,15.255300,16.546257,17.837221,19.242385,1.835000,19.128185
1390,19.128091,15.255212,16.546168,17.837129,19.242293,1.835000,19.128091
1391,19.127997,15.255125,16.546078,17.837038,19.242202,1.835000,19.127997
1392,19.127904,15.255038,16.545989,17.836946,19.242110,1.835000,19.127904
1393,19.127810,15.254950,16.545900,17.836855,19.242019,1.835000,19.127810
1394,19.127717,15.254863,16.545810,17.836764,19.241927,1.835000,19.127717
1395,19.127624,15.254776,16.545721,17.836672,19.241836,1.835000,19.127624
1396,19.127530,15.254689,16.545632,17.836581,19.241745,1.835000,19.127530
1397,19.127437,15.254602,16.545543,17.836490,19.241654,1.835000,19.127437
1398,19.127344,15.254515,16.545454,17.836399,19.241563,1.835000,19.127344
1399,19.127251,15.254428,16.545365,17.836308,19.241472,1.835000,19.127251
1400,19.127158,15.254342,16.545276,17.836217,19.241381,1.835000,19.127158
1401,19.127065,15.254255,16.545187,17.836126,19.241290,1.835000,19.127065
1402,19.126972,15.254168,16.545099,17.836035,19.241199,1.835000,19.126972
1403,19.126879,15.254081,16.545010,17.835945,19.241108,1.835000,19.126879
1404,19.126786,15.253995,16.544921,17.835854,19.241018,1.835000,19.126786
1405,19.126694,15.253908,16.544833,17.835763,19.240927,1.835000,19.126694
1406,19.126601,15.253822,16.544744,17.835673,19.240836,1.835000,19.126601
1407,19.126509,15.253736,16.544656,17.835582,19.240746,1.835000,19.126509
1408,19.126416,15.253649,16.544567,17.835492,19.240656,1.835000,19.126416
1409,19.126324,15.253563,16.544479,17.835401,19.240565,1.835000,19.126324
1410,19.126231,15.253477,16.544391,17.835311,19.240475,1.835000,19.126231
1411,19.126139,15.253391,16.544303,17.835221,19.240385,1.835000,19.126139
1412,19.126047,15.253305,16.544215,17.835131,19.240294,1.835000,19.126047
1413,19.125955,15.253219,16.544127,17.835041,19.240204,1.835000,19.125955
1414,19.125862,15.253133,16.544039,17.834951,19.240114,1.835000,19.125862
1415,19.125770,15.253047,16.543951,17.834861,19.240024,1.835000,19.125770
1416,19.125678,15.252961,16.543863,17.834771,19.239934,1.835000,19.125678
1417,19.125587,15.252875,16.543775,17.834681,19.239845,1.835000,19.125587
1418,19.125495,15.252790,16.543687,17.834591,19.239755,1.835000,19.125495
1419,19.125403,15.252704,16.543600,17.834501,19.239665,1.835000,19.125403
1420,19.125311,15.252618,16.543512,17.834412,19.239575,1.835000,19.125311
1421,19.125220,15.252533,16.543424,17.834322,19.239486,1.835000,19.125220
1422,19.125128,15.252447,16.543337,17.834232,19.239396,1.835000,19.125128
1423,19.125037,15.252362,16.543249,17.834143,19.239307,1.835000,19.125037
1424,19.124945,15.252277,16.543162,17.834054,19.239217,1.835000,19.124945
1425,19.124854,15.252191,16.543075,17.833964,19.239128,1.835000,19.124854
1426,19.124762,15.252106,16.542988,17.833875,19.239039,1.835000,19.124762
1427,19.124671,15.252021,16.542900,17.833786,19.238950,1.835000,19.124671
1428,19.124580,15.251936,16.542813,17.833697,19.238860,1.835000,19.124580
1429,19.124489,15.251851,16.542726,17.833607,19.238771,1.835000,19.124489
1430,19.124398,15.251766,16.542639,17.833518,19.238682,1.835000,19.124398
1431,19.124307,15.251681,16.542552,17.833429,19.238593,1.835000,19.124307
1432,19.124216,15.251596,16.542465,17.833341,19.238504,1.835000,19.124216
1433,19.124125,15.251511,16.542378,17.833252,19.238415,1.835000,19.124125
1434,19.124034,15.251427,16.542292,17.833163,19.238327,1.835000,19.124034
1435,19.123943,15.251342,16.542205,17.833074,19.238238,1.835000,19.123943
1436,19.123853,15.251257,16.542118,17.832986,19.238149,1.835000,19.123853
1437,19.123762,15.251173,16.542032,17.832897,19.238061,1.835000,19.123762
1438,19.123671,15.251088,16.541945,17.832808,19.237972,1.835000,19.123671
1439,19.123581,15.251004,16.541859,17.832720,19.237884,1.835000,19.123581
1440,19.123491,15.250919,16.541772,17.832631,19.237795,1.835000,19.123491
1441,19.123400,15.250835,16.541686,17.832543,19.237707,1.835000,19.123400
1442,19.123310,15.250751,16.541600,17.832455,19.237619,1.835000,19.123310
1443,19.123220,15.250667,16.541514,17.832367,19.237530,1.835000,19.123220
1444,19.123129,15.250582,16.541427,17.832278,19.237442,1.835000,19.123129
1445,19.123039,15.250498,16.541341,17.832190,19.237354,1.835000,19.123039
1446,19.122949,15.250414,16.541255,17.832102,19.237266,1.835000,19.122949
1447,19.122859,15.250330,16.541169,17.832014,19.237178,1.835000,19.122859
1448,19.122769,15.250246,16.541083,17.831926,19.237090,1.835000,19.122769
1449,19.122679,15.250163,16.540998,17.831838,19.237002,1.835000,19.122679
1450,19.122590,15.250079,16.540912,17.831751,19.236914,1.835000,19.122590
1451,19.122500,15.249995,16.540826,17.831663,19.236827,1.835000,19.122500
1452,19.122410,15.249911,16.540740,17.831575,19.236739,1.835000,19.122410
1453,19.122321,15.249828,16.540655,17.831488,19.236651,1.835000,19.122321
1454,19.122231,15.249744,16.540569,17.831400,19.236564,1.835000,19.122231
1455,19.122141,15.249661,16.540484,17.831313,19.236476,1.835000,19.122141
1456,19.122052,15.249577,16.540398,17.831225,19.236389,1.835000,19.122052
1457,19.121963,15.249494,16.540313,17.831138,19.236301,1.835000,19.121963
1458,19.121873,15.249410,16.540227,17.831050,19.236214,1.835000,19.121873
1459,19.121784,15.249327,16.540142,17.830963,19.236127,1.835000,19.121784
1460,19.121695,15.249244,16.540057,17.830876,19.236040,1.835000,19.121695
1461,19.121606,15.249161,16.539972,17.830789,19.235953,1.835000,19.121606
1462,19.121517,15.249078,16.539887,17.830702,19.235865,1.835000,19.121517
1463,19.121428,15.248995,16.539802,17.830615,19.235778,1.835000,19.121428
1464,19.121339,15.248912,16.539717,17.830528,19.235691,1.835000,19.121339
1465,19.121250,15.248829,16.539632,17.830441,19.235605,1.835000,19.121250
1466,19.121161,15.248746,16.539547,17.830354,19.235518,1.835000,19.121161
1467,19.121072,15.248663,16.539462,17.830267,19.235431,1.835000,19.121072
1468,19.120983,15.248580,16.539377,17.830180,19.235344,1.835000,19.120983
1469,19.120895,15.248497,16.539293,17.830094,19.235257,1.835000,19.120895
1470,19.120806,15.248415,16.539208,17.830007,19.235171,1.835000,19.120806
1471,19.120718,15.248332,16.539123,17.829921,19.235084,1.835000,19.120718
1472,19.120629,15.248250,16.539039,17.829834,19.234998,1.835000,19.120629
1473,19.120541,15.248167,16.538954,17.829748,19.234911,1.835000,19.120541
1474,19.120452,15.248085,16.538870,17.829661,19.234825,1.835000,19.120452
1475,19.120364,15.248002,16.538786,17.829575,19.234739,1.835000,19.120364
1476,19.120276,15.247920,16.538701,17.829489,19.234652,1.835000,19.120276
1477,19.120188,15.247838,16.538617,17.829402,19.234566,1.835000,19.120188
1478,19.120100,15.247755,16.538533,17.829316,19.234480,1.835000,19.120100
1479,19.120012,15.247673,16.538449,17.829230,19.234394,1.835000,19.120012
1480,19.119924,15.247591,16.538365,17.829144,19.234308,1.835000,19.119924
1481,19.119836,15.247509,16.538281,17.829058,19.234222,1.835000,19.119836
1482,19.119748,15.247427,16.538197,17.828972,19.234136,1.835000,19.119748
1483,19.119660,15.247345,16.538113,17.828886,19.234050,1.835000,19.119660
1484,19.119572,15.247263,16.538029,17.828801,19.233964,1.835000,19.119572
1485,19.119485,15.247181,16.537945,17.828715,19.233879,1.835000,19.119485
1486,19.119397,15.247100,16.537862,17.828629,19.233793,1.835000,19.119397
1487,19.119309,15.247018,16.537778,17.828544,19.233707,1.835000,19.119309
1488,19.119222,15.246936,16.537694,17.828458,19.233622,1.835000,19.119222
1489,19.119134,15.246855,16.537611,17.828373,19.233536,1.835000,19.119134
1490,19.119047,15.246773,16.537527,17.828287,19.233451,1.835000,19.119047
1491,19.118960,15.246692,16.537444,17.828202,19.233365,1.835000,19.118960
1492,19.118872,15.246610,16.537360,17.828116,19.233280,1.835000,19.118872
1493,19.118785,15.246529,16.537277,17.828031,19.233195,1.835000,19.118785
1494,19.118698,15.246447,16.537194,17.827946,19.233110,1.835000,19.118698
1495,19.118611,15.246366,16.537110,17.827861,19.233024,1.835000,19.118611
1496,19.118524,15.246285,16.537027,17.827776,19.232939,1.835000,19.118524
1497,19.118437,15.246204,16.536944,17.827691,19.232854,1.835000,19.118437
1498,19.118350,15.246123,16.536861,17.827606,19.232769,1.835000,19.118350
1499,19.118263,15.246042,16.536778,17.827521,19.232684,1.835000,19.118263
1500,19.118176,15.245961,16.536695,17.827436,19.232600,1.835000,19.118176
1501,19.118089,15.245880,16.536612,17.827351,19.232515,1.835000,19.118089
1502,19.118003,15.245799,16.536530,17.827266,19.232430,1.835000,19.118003
1503,19.117916,15.245718,16.536447,17.827181,19.232345,1.835000,19.117916
1504,19.117830,15.245637,16.536364,17.827097,19.232261,1.835000,19.117830
1505,19.117743,15.245556,16.536281,17.827012,19.232176,1.835000,19.117743
1506,19.117657,15.245476,16.536199,17.826928,19.232091,1.835000,19.117657
1507,19.117570,15.245395,16.536116,17.826843,19.232007,1.835000,19.117570
1508,19.117484,15.245314,16.536034,17.826759,19.231923,1.835000,19.117484
1509,19.117397,15.245234,16.535951,17.826674,19.231838,1.835000,19.117397
1510,19.117311,15.245153,16.535869,17.826590,19.231754,1.835000,19.117311
1511,19.117225,15.245073,16.535786,17.826506,19.231670,1.835000,19.117225
1512,19.117139,15.244993,16.535704,17.826422,19.231585,1.835000,19.117139
1513,19.117053,15.244912,16.535622,17.826337,19.231501,1.835000,19.117053
1514,19.116967,15.244832,16.535540,17.826253,19.231417,1.835000,19.116967
1515,19.116881,15.244752,16.535458,17.826169,19.231333,1.835000,19.116881
1516,19.116795,15.244672,16.535376,17.826085,19.231249,1.835000,19.116795
1517,19.116709,15.244592,16.535294,17.826001,19.231165,1.835000,19.116709
1518,19.116623,15.244512,16.535212,17.825917,19.231081,1.835000,19.116623
1519,19.116538,15.244432,16.535130,17.825834,19.230997,1.835000,19.116538
1520,19.116452,15.244352,16.535048,17.825750,19.230914,1.835000,19.116452
1521,19.116366,15.244272,16.534966,17.825666,19.230830,1.835000,19.116366
1522,19.116281,15.244192,16.534884,17.825583,19.230746,1.835000,19.116281
1523,19.116195,15.244112,16.534803,17.825499,19.230663,1.835000,19.116195
1524,19.116110,15.244032,16.534721,17.825415,19.230579,1.835000,19.116110
1525,19.116024,15.243953,16.534639,17.825332,19.230496,1.835000,19.116024
1526,19.115939,15.243873,16.534558,17.825248,19.230412,1.835000,19.115939
1527,19.115854,15.243793,16.534476,17.825165,19.230329,1.835000,19.115854
1528,19.115769,15.243714,16.534395,17.825082,19.230246,1.835000,19.115769
1529,19.115683,15.243634,16.534314,17.824998,19.230162,1.835000,19.115683
1530,19.115598,15.243555,16.534232,17.824915,19.230079,1.835000,19.115598
1531,19.115513,15.243476,16.534151,17.824832,19.229996,1.835000,19.115513
1532,19.115428,15.243396,16.534070,17.824749,19.229913,1.835000,19.115428
1533,19.115343,15.243317,16.533989,17.824666,19.229830,1.835000,19.115343
1534,19.115258,15.243238,16.533908,17.824583,19.229747,1.835000,19.115258
1535,19.115174,15.243159,16.533827,17.824500,19.229664,1.835000,19.115174
1536,19.115089,15.243080,16.533746,17.824417,19.229581,1.835000,19.115089
1537,19.115004,15.243001,16.533665,17.824334,19.229498,1.835000,19.115004
1538,19.114919,15.242921,16.533584,17.824251,19.229415,1.835000,19.114919
1539,19.114835,15.242843,16.533503,17.824169,19.229333,1.835000,19.114835
1540,19.114750,15.242764,16.533422,17.824086,19.229250,1.835000,19.114750
1541,19.114666,15.242685,16.533341,17.824003,19.229167,1.835000,19.114666
1542,19.114581,15.242606,16.533261,17.823921,19.229085,1.835000,19.114581
1543,19.114497,15.242527,16.533180,17.823838,19.229002,1.835000,19.114497
1544,19.114412,15.242449,16.533099,17.823756,19.228920,1.835000,19.114412
1545,19.114328,15.242370,16.533019,17.823674,19.228837,1.835000,19.114328
1546,19.114244,15.242291,16.532938,17.823591,19.228755,1.835000,19.114244
1547,19.114160,15.242213,16.532858,17.823509,19.228673,1.835000,19.114160
1548,19.114076,15.242134,16.532778,17.823427,19.228590,1.835000,19.114076
1549,19.113992,15.242056,16.532697,17.823344,19.228508,1.835000,19.113992
1550,19.113908,15.241977,16.532617,17.823262,19.228426,1.835000,19.113908
1551,19.113824,15.241899,16.532537,17.823180,19.228344,1.835000,19.113824
1552,19.113740,15.241821,16.532457,17.823098,19.228262,1.835000,19.113740
1553,19.113656,15.241742,16.532377,17.823016,19.228180,1.835000,19.113656
1554,19.113572,15.241664,16.532296,17.822934,19.228098,1.835000,19.113572
1555,19.113488,15.241586,16.532216,17.822852,19.228016,1.835000,19.113488
1556,19.113405,15.241508,16.532137,17.822771,19.227934,1.835000,19.113405
1557,19.113321,15.241430,16.532057,17.822689,19.227853,1.835000,19.113321
1558,19.113237,15.241352,16.531977,17.822607,19.227771,1.835000,19.113237
1559,19.113154,15.241274,16.531897,17.822525,19.227689,1.835000,19.113154
1560,19.113070,15.241196,16.531817,17.822444,19.227608,1.835000,19.113070
1561,19.112987,15.241118,16.531737,17.822362,19.227526,1.835000,19.112987
1562,19.112904,15.241041,16.531658,17.822281,19.227445,1.835000,19.112904
1563,19.112820,15.240963,16.531578,17.822199,19.227363,1.835000,19.112820
1564,19.112737,15.240885,16.531499,17.822118,19.227282,1.835000,19.112737
1565,19.112654,15.240807,16.531419,17.822036,19.227200,1.835000,19.112654
1566,19.112571,15.240730,16.531340,17.821955,19.227119,1.835000,19.112571
1567,19.112488,15.240652,16.531260,17.821874,19.227038,1.835000,19.112488
1568,19.112404,15.240575,16.531181,17.821793,19.226957,1.835000,19.112404
1569,19.112321,15.240497,16.531102,17.821712,19.226875,1.835000,19.112321
1570,19.112239,15.240420,16.531022,17.821630,19.226794,1.835000,19.112239
1571,19.112156,15.240343,16.530943,17.821549,19.226713,1.835000,19.112156
1572,19.112073,15.240265,16.530864,17.821468,19.226632,1.835000,19.112073
1573,19.111990,15.240188,16.530785,17.821388,19.226551,1.835000,19.111990
1574,19.111907,15.240111,16.530706,17.821307,19.226470,1.835000,19.111907
1575,19.111825,15.240034,16.530627,17.821226,19.226390,1.835000,19.111825
1576,19.111742,15.239957,16.530548,17.821145,19.226309,1.835000,19.111742
1577,19.111659,15.239880,16.530469,17.821064,19.226228,1.835000,19.111659
1578,19.111577,15.239803,16.530390,17.820984,19.226147,1.835000,19.111577
1579,19.111494,15.239726,16.530312,17.820903,19.226067,1.835000,19.111494
1580,19.111412,15.239649,16.530233,17.820822,19.225986,1.835000,19.111412
1581,19.111330,15.239572,16.530154,17.820742,19.225906,1.835000,19.111330
1582,19.111247,15.239495,16.530075,17.820661,19.225825,1.835000,19.111247
1583,19.111165,15.239418,16.529997,17.820581,19.225745,1.835000,19.111165
1584,19.111083,15.239342,16.529918,17.820501,19.225664,1.835000,19.111083
1585,19.111001,15.239265,16.529840,17.820420,19.225584,1.835000,19.111001
1586,19.110919,15.239188,16.529761,17.820340,19.225504,1.835000,19.110919
1587,19.110836,15.239112,16.529683,17.820260,19.225424,1.835000,19.110836
1588,19.110754,15.239035,16.529605,17.820180,19.225343,1.835000,19.110754
1589,19.110673,15.238959,16.529526,17.820099,19.225263,1.835000,19.110673
1590,19.110591,15.238882,16.529448,17.820019,19.225183,1.835000,19.110591
1591,19.110509,15.238806,16.529370,17.819939,19.225103,1.835000,19.110509
1592,19.110427,15.238730,16.529292,17.819859,19.225023,1.835000,19.110427
1593,19.110345,15.238653,16.529214,17.819779,19.224943,1.835000,19.110345
1594,19.110264,15.238577,16.529136,17.819700,19.224863,1.835000,19.110264
1595,19.110182,15.238501,16.529058,17.819620,19.224784,1.835000,19.110182
1596,19.110100,15.238425,16.528980,17.819540,19.224704,1.835000,19.110100
1597,19.110019,15.238349,16.528902,17.819460,19.224624,1.835000,19.110019
1598,19.109937,15.238273,16.528824,17.819381,19.224544,1.835000,19.109937
1599,19.109856,15.238197,16.528746,17.819301,19.224465,1.835000,19.109856
1600,19.109774,15.238121,16.528668,17.819221,19.224385,1.835000,19.109774
1601,19.109693,15.238045,16.528591,17.819142,19.224306,1.835000,19.109693
1602,19.109612,15.237969,16.528513,17.819062,19.224226,1.835000,19.109612
1603,19.109531,15.237893,16.528435,17.818983,19.224147,1.835000,19.109531
1604,19.109449,15.237817,16.528358,17.818904,19.224067,1.835000,19.109449
1605,19.109368,15.237742,16.528280,17.818824,19.223988,1.835000,19.109368
1606,19.109287,15.237666,16.528203,17.818745,19.223909,1.835000,19.109287
1607,19.109206,15.237590,16.528125,17.818666,19.223830,1.835000,19.109206
1608,19.109125,15.237515,16.528048,17.818587,19.223750,1.835000,19.109125
1609,19.109044,15.237439,16.527971,17.818507,19.223671,1.835000,19.109044
1610,19.108963,15.237364,16.527893,17.818428,19.223592,1.835000,19.108963
1611,19.108882,15.237288,16.527816,17.818349,19.223513,1.835000,19.108882
1612,19.108802,15.237213,16.527739,17.818270,19.223434,1.835000,19.108802
1613,19.108721,15.237138,16.527662,17.818191,19.223355,1.835000,19.108721
1614,19.108640,15.237062,16.527585,17.818113,19.223276,1.835000,19.108640
1615,19.108560,15.236987,16.527508,17.818034,19.223197,1.835000,19.108560
1616,19.108479,15.236912,16.527431,17.817955,19.223119,1.835000,19.108479
1617,19.108399,15.236837,16.527354,17.817876,19.223040,1.835000,19.108399
1618,19.108318,15.236762,16.527277,17.817797,19.222961,1.835000,19.108318
1619,19.108238,15.236687,16.527200,17.817719,19.222883,1.835000,19.108238
1620,19.108157,15.236612,16.527123,17.817640,19.222804,1.835000,19.108157
1621,19.108077,15.236537,16.527047,17.817562,19.222726,1.835000,19.108077
1622,19.107997,15.236462,16.526970,17.817483,19.222647,1.835000,19.107997
1623,19.107916,15.236387,16.526893,17.817405,19.222569,1.835000,19.107916
1624,19.107836,15.236312,16.526817,17.817326,19.222490,1.835000,19.107836
1625,19.107756,15.236237,16.526740,17.817248,19.222412,1.835000,19.107756
1626,19.107676,15.236163,16.526663,17.817170,19.222334,1.835000,19.107676
1627,19.107596,15.236088,16.526587,17.817091,19.222255,1.835000,19.107596
1628,19.107516,15.236013,16.526511,17.817013,19.222177,1.835000,19.107516
1629,19.107436,15.235939,16.526434,17.816935,19.222099,1.835000,19.107436
1630,19.107356,15.235864,16.526358,17.816857,19.222021,1.835000,19.107356
1631,19.107276,15.235790,16.526282,17.816779,19.221943,1.835000,19.107276
1632,19.107196,15.235715,16.526205,17.816701,19.221865,1.835000,19.107196
1633,19.107117,15.235641,16.526129,17.816623,19.221787,1.835000,19.107117
1634,19.107037,15.235566,16.526053,17.816545,19.221709,1.835000,19.107037
1635,19.106957,15.235492,16.525977,17.816467,19.221631,1.835000,19.106957
1636,19.106878,15.235418,16.525901,17.816389,19.221553,1.835000,19.106878
1637,19.106798,15.235344,16.525825,17.816312,19.221475,1.835000,19.106798
1638,19.106719,15.235269,16.525749,17.816234,19.221398,1.835000,19.106719
1639,19.106639,15.235195,16.525673,17.816156,19.221320,1.835000,19.106639
1640,19.106560,15.235121,16.525597,17.816079,19.221242,1.835000,19.106560
1641,19.106481,15.235047,16.525521,17.816001,19.221165,1.835000,19.106481
1642,19.106401,15.234973,16.525446,17.815923,19.221087,1.835000,19.106401
1643,19.106322,15.234899,16.525370,17.815846,19.221010,1.835000,19.106322
1644,19.106243,15.234825,16.525294,17.815768,19.220932,1.835000,19.106243
1645,19.106164,15.234751,16.525219,17.815691,19.220855,1.835000,19.106164
1646,19.106084,15.234678,16.525143,17.815614,19.220778,1.835000,19.106084
1647,19.106005,15.234604,16.525067,17.815536,19.220700,1.835000,19.106005
1648,19.105926,15.234530,16.524992,17.815459,19.220623,1.835000,19.105926
1649,19.105847,15.234456,16.524917,17.815382,19.220546,1.835000,19.105847
1650,19.105768,15.234383,16.524841,17.815305,19.220469,1.835000,19.105768
1651,19.105690,15.234309,16.524766,17.815228,19.220391,1.835000,19.105690
1652,19.105611,15.234236,16.524690,17.815151,19.220314,1.835000,19.105611
1653,19.105532,15.234162,16.524615,17.815074,19.220237,1.835000,19.105532
1654,19.105453,15.234089,16.524540,17.814997,19.220160,1.835000,19.105453
1655,19.105375,15.234015,16.524465,17.814920,19.220083,1.835000,19.105375
1656,19.105296,15.233942,16.524390,17.814843,19.220007,1.835000,19.105296
1657,19.105217,15.233868,16.524315,17.814766,19.219930,1.835000,19.105217
1658,19.105139,15.233795,16.524240,17.814689,19.219853,1.835000,19.105139
1659,19.105060,15.233722,16.524165,17.814612,19.219776,1.835000,19.105060
1660,19.104982,15.233649,16.524090,17.814536,19.219700,1.835000,19.104982
1661,19.104903,15.233576,16.524015,17.814459,19.219623,1.835000,19.104903
1662,19.104825,15.233502,16.523940,17.814382,19.219546,1.835000,19.104825
1663,19.104747,15.233429,16.523865,17.814306,19.219470,1.835000,19.104747
1664,19.104669,15.233356,16.523790,17.814229,19.219393,1.835000,19.104669
1665,19.104590,15.233283,16.523716,17.814153,19.219317,1.835000,19.104590
1666,19.104512,15.233210,16.523641,17.814077,19.219240,1.835000,19.104512
1667,19.104434,15.233138,16.523566,17.814000,19.219164,1.835000,19.104434
1668,19.104356,15.233065,16.523492,17.813924,19.219088,1.835000,19.104356
1669,19.104278,15.232992,16.523417,17.813848,19.219011,1.835000,19.104278
1670,19.104200,15.232919,16.523343,17.813771,19.218935,1.835000,19.104200
1671,19.104122,15.232846,16.523268,17.813695,19.218859,1.835000,19.104122
1672,19.104044,15.232774,16.523194,17.813619,19.218783,1.835000,19.104044
1673,19.103966,15.232701,16.523119,17.813543,19.218707,1.835000,19.103966
1674,19.103889,15.232629,16.523045,17.813467,19.218631,1.835000,19.103889
1675,19.103811,15.232556,16.522971,17.813391,19.218555,1.835000,19.103811
1676,19.103733,15.232483,16.522897,17.813315,19.218479,1.835000,19.103733
1677,19.103655,15.232411,16.522822,17.813239,19.218403,1.835000,19.103655
1678,19.103578,15.232339,16.522748,17.813163,19.218327,1.835000,19.103578
1679,19.103500,15.232266,16.522674,17.813087,19.218251,1.835000,19.103500
1680,19.103423,15.232194,16.522600,17.813011,19.218175,1.835000,19.103423
1681,19.103345,15.232122,16.522526,17.812936,19.218100,1.835000,19.103345
1682,19.103268,15.232049,16.522452,17.812860,19.218024,1.835000,19.103268
1683,19.103191,15.231977,16.522378,17.812784,19.217948,1.835000,19.103191
1684,19.103113,15.231905,16.522304,17.812709,19.217873,1.835000,19.103113
1685,19.103036,15.231833,16.522230,17.812633,19.217797,1.835000,19.103036
1686,19.102959,15.231761,16.522157,17.812558,19.217721,1.835000,19.102959
1687,19.102882,15.231689,16.522083,17.812482,19.217646,1.835000,19.102882
1688,19.102804,15.231617,16.522009,17.812407,19.217571,1.835000,19.102804
1689,19.102727,15.231545,16.521936,17.812331,19.217495,1.835000,19.102727
1690,19.102650,15.231473,16.521862,17.812256,19.217420,1.835000,19.102650
1691,19.102573,15.231401,16.521788,17.812181,19.217345,1.835000,19.102573
1692,19.102496,15.231329,16.521715,17.812106,19.217269,1.835000,19.102496
1693,19.102419,15.231258,16.521641,17.812030,19.217194,1.835000,19.102419
1694,19.102342,15.231186,16.521568,17.811955,19.217119,1.835000,19.102342
1695,19.102266,15.231114,16.521495,17.811880,19.217044,1.835000,19.102266
1696,19.102189,15.231042,16.521421,17.811805,19.216969,1.835000,19.102189
1697,19.102112,15.230971,16.521348,17.811730,19.216894,1.835000,19.102112
1698,19.102035,15.230899,16.521275,17.811655,19.216819,1.835000,19.102035
1699,19.101959,15.230828,16.521201,17.811580,19.216744,1.835000,19.101959
1700,19.101882,15.230756,16.521128,17.811505,19.216669,1.835000,19.101882
1701,19.101806,15.230685,16.521055,17.811430,19.216594,1.835000,19.101806
1702,19.101729,15.230613,16.520982,17.811356,19.216519,1.835000,19.101729
1703,19.101653,15.230542,16.520909,17.811281,19.216445,1.835000,19.101653
1704,19.101576,15.230471,16.520836,17.811206,19.216370,1.835000,19.101576
1705,19.101500,15.230400,16.520763,17.811131,19.216295,1.835000,19.101500
1706,19.101424,15.230328,16.520690,17.811057,19.216221,1.835000,19.101424
1707,19.101347,15.230257,16.520617,17.810982,19.216146,1.835000,19.101347
1708,19.101271,15.230186,16.520544,17.810908,19.216071,1.835000,19.101271
1709,19.101195,15.230115,16.520471,17.810833,19.215997,1.835000,19.101195
1710,19.101119,15.230044,16.520399,17.810759,19.215922,1.835000,19.101119
1711,19.101043,15.229973,16.520326,17.810684,19.215848,1.835000,19.101043
1712,19.100966,15.229902,16.520253,17.810610,19.215774,1.835000,19.100966
1713,19.100890,15.229831,16.520181,17.810536,19.215699,1.835000,19.100890
1714,19.100814,15.229760,16.520108,17.810461,19.215625,1.835000,19.100814
1715,19.100739,15.229689,16.520036,17.810387,19.215551,1.835000,19.100739
1716,19.100663,15.229618,16.519963,17.810313,19.215477,1.835000,19.100663
1717,19.100587,15.229548,16.519891,17.810239,19.215403,1.835000,19.100587
1718,19.100511,15.229477,16.519818,17.810165,19.215328,1.835000,19.100511
1719,19.100435,15.229406,16.519746,17.810091,19.215254,1.835000,19.100435
1720,19.100360,15.229336,16.519673,17.810017,19.215180,1.835000,19.100360
1721,19.100284,15.229265,16.519601,17.809943,19.215106,1.835000,19.100284
1722,19.100208,15.229194,16.519529,17.809869,19.215032,1.835000,19.100208
1723,19.100133,15.229124,16.519457,17.809795,19.214959,1.835000,19.100133
1724,19.100057,15.229053,16.519385,17.809721,19.214885,1.835000,19.100057
1725,19.099982,15.228983,16.519312,17.809647,19.214811,1.835000,19.099982
1726,19.099906,15.228913,16.519240,17.809573,19.214737,1.835000,19.099906
1727,19.099831,15.228842,16.519168,17.809500,19.214663,1.835000,19.099831
1728,19.099755,15.228772,16.519096,17.809426,19.214590,1.835000,19.099755
1729,19.099680,15.228702,16.519024,17.809352,19.214516,1.835000,19.099680
1730,19.099605,15.228631,16.518952,17.809279,19.214442,1.835000,19.099605
1731,19.099530,15.228561,16.518881,17.809205,19.214369,1.835000,19.099530
1732,19.099454,15.228491,16.518809,17.809132,19.214295,1.835000,19.099454
1733,19.099379,15.228421,16.518737,17.809058,19.214222,1.835000,19.099379
1734,19.099304,15.228351,16.518665,17.808985,19.214149,1.835000,19.099304
1735,19.099229,15.228281,16.518594,17.808911,19.214075,1.835000,19.099229
1736,19.099154,15.228211,16.518522,17.808838,19.214002,1.835000,19.099154
1737,19.099079,15.228141,16.518450,17.808765,19.213929,1.835000,19.099079
1738,19.099004,15.228071,16.518379,17.808691,19.213855,1.835000,19.099004
1739,19.098929,15.228001,16.518307,17.808618,19.213782,1.835000,19.098929
1740,19.098855,15.227931,16.518236,17.808545,19.213709,1.835000,19.098855
1741,19.098780,15.227861,16.518164,17.808472,19.213636,1.835000,19.098780
1742,19.098705,15.227792,16.518093,17.808399,19.213563,1.835000,19.098705
1743,19.098630,15.227722,16.518021,17.808326,19.213490,1.835000,19.098630
1744,19.098556,15.227652,16.517950,17.808253,19.213417,1.835000,19.098556
1745,19.098481,15.227583,16.517879,17.808180,19.213344,1.835000,19.098481
1746,19.098406,15.227513,16.517807,17.808107,19.213271,1.835000,19.098406
1747,19.098332,15.227443,16.517736,17.808034,19.213198,1.835000,19.098332
1748,19.098257,15.227374,16.517665,17.807961,19.213125,1.835000,19.098257
1749,19.098183,15.227304,16.517594,17.807888,19.213052,1.835000,19.098183
1750,19.098109,15.227235,16.517523,17.807816,19.212979,1.835000,19.098109
1751,19.098034,15.227166,16.517452,17.807743,19.212907,1.835000,19.098034
1752,19.097960,15.227096,16.517381,17.807670,19.212834,1.835000,19.097960
1753,19.097886,15.227027,16.517310,17.807598,19.212761,1.835000,19.097886
1754,19.097811,15.226958,16.517239,17.807525,19.212689,1.835000,19.097811
1755,19.097737,15.226888,16.517168,17.807453,19.212616,1.835000,19.097737
1756,19.097663,15.226819,16.517097,17.807380,19.212544,1.835000,19.097663
1757,19.097589,15.226750,16.517026,17.807308,19.212471,1.835000,19.097589
1758,19.097515,15.226681,16.516956,17.807235,19.212399,1.835000,19.097515
1759,19.097441,15.226612,16.516885,17.807163,19.212327,1.835000,19.097441
1760,19.097367,15.226543,16.516814,17.807090,19.212254,1.835000,19.097367
1761,19.097293,15.226474,16.516744,17.807018,19.212182,1.835000,19.097293
1762,19.097219,15.226405,16.516673,17.806946,19.212110,1.835000,19.097219
1763,19.097145,15.226336,16.516602,17.806874,19.212037,1.835000,19.097145
1764,19.097071,15.226267,16.516532,17.806802,19.211965,1.835000,19.097071
1765,19.096997,15.226198,16.516461,17.806729,19.211893,1.835000,19.096997
1766,19.096924,15.226129,16.516391,17.806657,19.211821,1.835000,19.096924
1767,19.096850,15.226061,16.516321,17.806585,19.211749,1.835000,19.096850
1768,19.096776,15.225992,16.516250,17.806513,19.211677,1.835000,19.096776
1769,19.096703,15.225923,16.516180,17.806441,19.211605,1.835000,19.096703
1770,19.096629,15.225855,16.516110,17.806369,19.211533,1.835000,19.096629
1771,19.096556,15.225786,16.516039,17.806297,19.211461,1.835000,19.096556
1772,19.096482,15.225717,16.515969,17.806226,19.211389,1.835000,19.096482
1773,19.096409,15.225649,16.515899,17.806154,19.211318,1.835000,19.096409
1774,19.096335,15.225580,16.515829,17.806082,19.211246,1.835000,19.096335
1775,19.096262,15.225512,16.515759,17.806010,19.211174,1.835000,19.096262
1776,19.096189,15.225444,16.515689,17.805939,19.211102,1.835000,19.096189
1777,19.096115,15.225375,16.515619,17.805867,19.211031,1.835000,19.096115
1778,19.096042,15.225307,16.515549,17.805795,19.210959,1.835000,19.096042
1779,19.095969,15.225239,16.515479,17.805724,19.210888,1.835000,19.095969
1780,19.095896,15.225170,16.515409,17.805652,19.210816,1.835000,19.095896
1781,19.095823,15.225102,16.515339,17.805581,19.210745,1.835000,19.095823
1782,19.095750,15.225034,16.515269,17.805509,19.210673,1.835000,19.095750
1783,19.095676,15.224966,16.515199,17.805438,19.210602,1.835000,19.095676
1784,19.095604,15.224898,16.515130,17.805367,19.210530,1.835000,19.095604
1785,19.095531,15.224830,16.515060,17.805295,19.210459,1.835000,19.095531
1786,19.095458,15.224761,16.514990,17.805224,19.210388,1.835000,19.095458
1787,19.095385,15.224693,16.514921,17.805153,19.210317,1.835000,19.095385
1788,19.095312,15.224626,16.514851,17.805082,19.210245,1.835000,19.095312
1789,19.095239,15.224558,16.514782,17.805010,19.210174,1.835000,19.095239
1790,19.095166,15.224490,16.514712,17.804939,19.210103,1.835000,19.095166
1791,19.095094,15.224422,16.514643,17.804868,19.210032,1.835000,19.095094
1792,19.095021,15.224354,16.514573,17.804797,19.209961,1.835000,19.095021
1793,19.094948,15.224286,16.514504,17.804726,19.209890,1.835000,19.094948
1794,19.094876,15.224219,16.514434,17.804655,19.209819,1.835000,19.094876
1795,19.094803,15.224151,16.514365,17.804584,19.209748,1.835000,19.094803
1796,19.094731,15.224083,16.514296,17.804513,19.209677,1.835000,19.094731
1797,19.094658,15.224016,16.514227,17.804442,19.209606,1.835000,19.094658
1798,19.094586,15.223948,16.514157,17.804372,19.209535,1.835000,19.094586
1799,19.094513,15.223880,16.514088,17.804301,19.209465,1.835000,19.094513
1800,19.094441,15.223813,16.514019,17.804230,19.209394,1.835000,19.094441
1801,19.094369,15.223746,16.513950,17.804159,19.209323,1.835000,19.094369
1802,19.094297,15.223678,16.513881,17.804089,19.209253,1.835000,19.094297
1803,19.094224,15.223611,16.513812,17.804018,19.209182,1.835000,19.094224
1804,19.094152,15.223543,16.513743,17.803948,19.209111,1.835000,19.094152
1805,19.094080,15.223476,16.513674,17.803877,19.209041,1.835000,19.094080
1806,19.094008,15.223409,16.513605,17.803807,19.208970,1.835000,19.094008
1807,19.093936,15.223341,16.513536,17.803736,19.208900,1.835000,19.093936
1808,19.093864,15.223274,16.513468,17.803666,19.208830,1.835000,19.093864
1809,19.093792,15.223207,16.513399,17.803595,19.208759,1.835000,19.093792
1810,19.093720,15.223140,16.513330,17.803525,19.208689,1.835000,19.093720
1811,19.093648,15.223073,16.513261,17.803455,19.208619,1.835000,19.093648
1812,19.093576,15.223006,16.513193,17.803384,19.208548,1.835000,19.093576
1813,19.093504,15.222939,16.513124,17.803314,19.208478,1.835000,19.093504
1814,19.093433,15.222872,16.513056,17.803244,19.208408,1.835000,19.093433
1815,19.093361,15.222805,16.512987,17.803174,19.208338,1.835000,19.093361
1816,19.093289,15.222738,16.512918,17.803104,19.208268,1.835000,19.093289
1817,19.093217,15.222671,16.512850,17.803034,19.208198,1.835000,19.093217
1818,19.093146,15.222604,16.512782,17.802964,19.208127,1.835000,19.093146
1819,19.093074,15.222537,16.512713,17.802894,19.208058,1.835000,19.093074
1820,19.093003,15.222471,16.512645,17.802824,19.207988,1.835000,19.093003
1821,19.092931,15.222404,16.512577,17.802754,19.207918,1.835000,19.092931
1822,19.092860,15.222337,16.512508,17.802684,19.207848,1.835000,19.092860
1823,19.092788,15.222271,16.512440,17.802614,19.207778,1.835000,19.092788
1824,19.092717,15.222204,16.512372,17.802544,19.207708,1.835000,19.092717
1825,19.092646,15.222137,16.512304,17.802475,19.207638,1.835000,19.092646
1826,19.092574,15.222071,16.512235,17.802405,19.207569,1.835000,19.092574
1827,19.092503,15.222004,16.512167,17.802335,19.207499,1.835000,19.092503
1828,19.092432,15.221938,16.512099,17.802266,19.207429,1.835000,19.092432
1829,19.092360,15.221871,16.512031,17.802196,19.207360,1.835000,19.092360
1830,19.092289,15.221805,16.511963,17.802126,19.207290,1.835000,19.092289
1831,19.092218,15.221739,16.511895,17.802057,19.207221,1.835000,19.092218
1832,19.092147,15.221672,16.511827,17.801987,19.207151,1.835000,19.092147
1833,19.092076,15.221606,16.511760,17.801918,19.207082,1.835000,19.092076
1834,19.092005,15.221540,16.511692,17.801848,19.207012,1.835000,19.092005
1835,19.091934,15.221474,16.511624,17.801779,19.206943,1.835000,19.091934
1836,19.091863,15.221407,16.511556,17.801710,19.206874,1.835000,19.091863
1837,19.091792,15.221341,16.511488,17.801640,19.206804,1.835000,19.091792
1838,19.091721,15.221275,16.511421,17.801571,19.206735,1.835000,19.091721
1839,19.091651,15.221209,16.511353,17.801502,19.206666,1.835000,19.091651
1840,19.091580,15.221143,16.511286,17.801433,19.206597,1.835000,19.091580
1841,19.091509,15.221077,16.511218,17.801364,19.206527,1.835000,19.091509
1842,19.091438,15.221011,16.511150,17.801294,19.206458,1.835000,19.091438
1843,19.091368,15.220945,16.511083,17.801225,19.206389,1.835000,19.091368
1844,19.091297,15.220879,16.511015,17.801156,19.206320,1.835000,19.091297
1845,19.091227,15.220813,16.510948,17.801087,19.206251,1.835000,19.091227
1846,19.091156,15.220748,16.510881,17.801018,19.206182,1.835000,19.091156
1847,19.091086,15.220682,16.510813,17.800949,19.206113,1.835000,19.091086
1848,19.091015,15.220616,16.510746,17.800881,19.206044,1.835000,19.091015
1849,19.090945,15.220550,16.510679,17.800812,19.205975,1.835000,19.090945
1850,19.090874,15.220485,16.510611,17.800743,19.205907,1.835000,19.090874
1851,19.090804,15.220419,16.510544,17.800674,19.205838,1.835000,19.090804
1852,19.090734,15.220353,16.510477,17.800605,19.205769,1.835000,19.090734
1853,19.090663,15.220288,16.510410,17.800537,19.205700,1.835000,19.090663
1854,19.090593,15.220222,16.510343,17.800468,19.205632,1.835000,19.090593
1855,19.090523,15.220157,16.510276,17.800399,19.205563,1.835000,19.090523
1856,19.090453,15.220091,16.510209,17.800331,19.205495,1.835000,19.090453
1857,19.090383,15.220026,16.510142,17.800262,19.205426,1.835000,19.090383
1858,19.090313,15.219961,16.510075,17.800194,19.205357,1.835000,19.090313
1859,19.090243,15.219895,16.510008,17.800125,19.205289,1.835000,19.090243
1860,19.090173,15.219830,16.509941,17.800057,19.205221,1.835000,19.090173
1861,19.090103,15.219765,16.509874,17.799988,19.205152,1.835000,19.090103
1862,19.090033,15.219699,16.509807,17.799920,19.205084,1.835000,19.090033
1863,19.089963,15.219634,16.509740,17.799852,19.205015,1.835000,19.089963
1864,19.089893,15.219569,16.509674,17.799783,19.204947,1.835000,19.089893
1865,19.089823,15.219504,16.509607,17.799715,19.204879,1.835000,19.089823
1866,19.089753,15.219439,16.509540,17.799647,19.204811,1.835000,19.089753
1867,19.089683,15.219374,16.509474,17.799579,19.204742,1.835000,19.089683
1868,19.089614,15.219308,16.509407,17.799510,19.204674,1.835000,19.089614
1869,19.089544,15.219243,16.509341,17.799442,19.204606,1.835000,19.089544
1870,19.089474,15.219179,16.509274,17.799374,19.204538,1.835000,19.089474
1871,19.089405,15.219114,16.509208,17.799306,19.204470,1.835000,19.089405
1872,19.089335,15.219049,16.509141,17.799238,19.204402,1.835000,19.089335
1873,19.089266,15.218984,16.509075,17.799170,19.204334,1.835000,19.089266
1874,19.089196,15.218919,16.509008,17.799102,19.204266,1.835000,19.089196
1875,19.089127,15.218854,16.508942,17.799034,19.204198,1.835000,19.089127
1876,19.089057,15.218789,16.508876,17.798967,19.204130,1.835000,19.089057
1877,19.088988,15.218725,16.508809,17.798899,19.204063,1.835000,19.088988
1878,19.088919,15.218660,16.508743,17.798831,19.203995,1.835000,19.088919
1879,19.088849,15.218595,16.508677,17.798763,19.203927,1.835000,19.088849
1880,19.088780,15.218531,16.508611,17.798695,19.203859,1.835000,19.088780
1881,19.088711,15.218466,16.508545,17.798628,19.203792,1.835000,19.088711
1882,19.088642,15.218401,16.508478,17.798560,19.203724,1.835000,19.088642
1883,19.088573,15.218337,16.508412,17.798493,19.203656,1.835000,19.088573
1884,19.088503,15.218272,16.508346,17.798425,19.203589,1.835000,19.088503
1885,19.088434,15.218208,16.508280,17.798357,19.203521,1.835000,19.088434
1886,19.088365,15.218144,16.508214,17.798290,19.203454,1.835000,19.088365
1887,19.088296,15.218079,16.508148,17.798222,19.203386,1.835000,19.088296
1888,19.088227,15.218015,16.508083,17.798155,19.203319,1.835000,19.088227
1889,19.088158,15.217950,16.508017,17.798088,19.203251,1.835000,19.088158
1890,19.088090,15.217886,16.507951,17.798020,19.203184,1.835000,19.088090
1891,19.088021,15.217822,16.507885,17.797953,19.203117,1.835000,19.088021
1892,19.087952,15.217758,16.507819,17.797886,19.203049,1.835000,19.087952
1893,19.087883,15.217694,16.507754,17.797818,19.202982,1.835000,19.087883
1894,19.087814,15.217629,16.507688,17.797751,19.202915,1.835000,19.087814
1895,19.087746,15.217565,16.507622,17.797684,19.202848,1.835000,19.087746
1896,19.087677,15.217501,16.507557,17.797617,19.202781,1.835000,19.087677
1897,19.087608,15.217437,16.507491,17.797550,19.202714,1.835000,19.087608
1898,19.087540,15.217373,16.507426,17.797483,19.202646,1.835000,19.087540
1899,19.087471,15.217309,16.507360,17.797416,19.202579,1.835000,19.087471
1900,19.087403,15.217245,16.507295,17.797349,19.202512,1.835000,19.087403
1901,19.087334,15.217181,16.507229,17.797282,19.202445,1.835000,19.087334
1902,19.087266,15.217117,16.507164,17.797215,19.202378,1.835000,19.087266
1903,19.087197,15.217054,16.507098,17.797148,19.202312,1.835000,19.087197
1904,19.087129,15.216990,16.507033,17.797081,19.202245,1.835000,19.087129
1905,19.087060,15.216926,16.506968,17.797014,19.202178,1.835000,19.087060
1906,19.086992,15.216862,16.506902,17.796947,19.202111,1.835000,19.086992
1907,19.086924,15.216798,16.506837,17.796881,19.202044,1.835000,19.086924
1908,19.086856,15.216735,16.506772,17.796814,19.201978,1.835000,19.086856
1909,19.086787,15.216671,16.506707,17.796747,19.201911,1.835000,19.086787
1910,19.086719,15.216608,16.506642,17.796680,19.201844,1.835000,19.086719
1911,19.086651,15.216544,16.506577,17.796614,19.201778,1.835000,19.086651
1912,19.086583,15.216480,16.506512,17.796547,19.201711,1.835000,19.086583
1913,19.086515,15.216417,16.506446,17.796481,19.201644,1.835000,19.086515
1914,19.086447,15.216353,16.506382,17.796414,19.201578,1.835000,19.086447
1915,19.086379,15.216290,16.506317,17.796348,19.201511,1.835000,19.086379
1916,19.086311,15.216227,16.506252,17.796281,19.201445,1.835000,19.086311
1917,19.086243,15.216163,16.506187,17.796215,19.201379,1.835000,19.086243
1918,19.086175,15.216100,16.506122,17.796148,19.201312,1.835000,19.086175
1919,19.086107,15.216036,16.506057,17.796082,19.201246,1.835000,19.086107
1920,19.086039,15.215973,16.505992,17.796016,19.201180,1.835000,19.086039
1921,19.085972,15.215910,16.505927,17.795950,19.201113,1.835000,19.085972
1922,19.085904,15.215847,16.505863,17.795883,19.201047,1.835000,19.085904
1923,19.085836,15.215784,16.505798,17.795817,19.200981,1.835000,19.085836
1924,19.085768,15.215720,16.505733,17.795751,19.200915,1.835000,19.085768
1925,19.085701,15.215657,16.505669,17.795685,19.200849,1.835000,19.085701
1926,19.085633,15.215594,16.505604,17.795619,19.200782,1.835000,19.085633
1927,19.085566,15.215531,16.505540,17.795553,19.200716,1.835000,19.085566
1928,19.085498,15.215468,16.505475,17.795487,19.200650,1.835000,19.085498
1929,19.085431,15.215405,16.505411,17.795421,19.200584,1.835000,19.085431
1930,19.085363,15.215342,16.505346,17.795355,19.200518,1.835000,19.085363
1931,19.085296,15.215279,16.505282,17.795289,19.200452,1.835000,19.085296
1932,19.085228,15.215216,16.505217,17.795223,19.200387,1.835000,19.085228
1933,19.085161,15.215153,16.505153,17.795157,19.200321,1.835000,19.085161
1934,19.085094,15.215091,16.505089,17.795091,19.200255,1.835000,19.085094
1935,19.085026,15.215028,16.505024,17.795025,19.200189,1.835000,19.085026
1936,19.084959,15.214965,16.504960,17.794960,19.200123,1.835000,19.084959
1937,19.084892,15.214902,16.504896,17.794894,19.200058,1.835000,19.084892
1938,19.084825,15.214840,16.504832,17.794828,19.199992,1.835000,19.084825
1939,19.084757,15.214777,16.504767,17.794762,19.199926,1.835000,19.084757
1940,19.084690,15.214714,16.504703,17.794697,19.199861,1.835000,19.084690
1941,19.084623,15.214652,16.504639,17.794631,19.199795,1.835000,19.084623
1942,19.084556,15.214589,16.504575,17.794566,19.199730,1.835000,19.084556
1943,19.084489,15.214527,16.504511,17.794500,19.199664,1.835000,19.084489
1944,19.084422,15.214464,16.504447,17.794435,19.199598,1.835000,19.084422
1945,19.084355,15.214402,16.504383,17.794369,19.199533,1.835000,19.084355
1946,19.084288,15.214339,16.504319,17.794304,19.199468,1.835000,19.084288
1947,19.084221,15.214277,16.504255,17.794238,19.199402,1.835000,19.084221
1948,19.084155,15.214214,16.504192,17.794173,19.199337,1.835000,19.084155
1949,19.084088,15.214152,16.504128,17.794108,19.199272,1.835000,19.084088
1950,19.084021,15.214090,16.504064,17.794042,19.199206,1.835000,19.084021
1951,19.083954,15.214028,16.504000,17.793977,19.199141,1.835000,19.083954
1952,19.083888,15.213965,16.503936,17.793912,19.199076,1.835000,19.083888
1953,19.083821,15.213903,16.503873,17.793847,19.199011,1.835000,19.083821
1954,19.083754,15.213841,16.503809,17.793782,19.198945,1.835000,19.083754
1955,19.083688,15.213779,16.503745,17.793717,19.198880,1.835000,19.083688
1956,19.083621,15.213717,16.503682,17.793651,19.198815,1.835000,19.083621
1957,19.083555,15.213655,16.503618,17.793586,19.198750,1.835000,19.083555
1958,19.083488,15.213592,16.503555,17.793521,19.198685,1.835000,19.083488
1959,19.083422,15.213530,16.503491,17.793456,19.198620,1.835000,19.083422
1960,19.083355,15.213468,16.503428,17.793391,19.198555,1.835000,19.083355
1961,19.083289,15.213406,16.503364,17.793326,19.198490,1.835000,19.083289
1962,19.083222,15.213345,16.503301,17.793262,19.198425,1.835000,19.083222
1963,19.083156,15.213283,16.503237,17.793197,19.198361,1.835000,19.083156
1964,19.083090,15.213221,16.503174,17.793132,19.198296,1.835000,19.083090
1965,19.083023,15.213159,16.503111,17.793067,19.198231,1.835000,19.083023
1966,19.082957,15.213097,16.503048,17.793002,19.198166,1.835000,19.082957
1967,19.082891,15.213035,16.502984,17.792938,19.198101,1.835000,19.082891
1968,19.082825,15.212974,16.502921,17.792873,19.198037,1.835000,19.082825
1969,19.082759,15.212912,16.502858,17.792808,19.197972,1.835000,19.082759
1970,19.082693,15.212850,16.502795,17.792744,19.197907,1.835000,19.082693
1971,19.082627,15.212789,16.502732,17.792679,19.197843,1.835000,19.082627
1972,19.082561,15.212727,16.502669,17.792615,19.197778,1.835000,19.082561
1973,19.082495,15.212665,16.502606,17.792550,19.197714,1.835000,19.082495
1974,19.082429,15.212604,16.502542,17.792486,19.197649,1.835000,19.082429
1975,19.082363,15.212542,16.502479,17.792421,19.197585,1.835000,19.082363
1976,19.082297,15.212481,16.502417,17.792357,19.197520,1.835000,19.082297
1977,19.082231,15.212419,16.502354,17.792292,19.197456,1.835000,19.082231
1978,19.082165,15.212358,16.502291,17.792228,19.197392,1.835000,19.082165
1979,19.082099,15.212297,16.502228,17.792164,19.197327,1.835000,19.082099
1980,19.082033,15.212235,16.502165,17.792099,19.197263,1.835000,19.082033
1981,19.081968,15.212174,16.502102,17.792035,19.197199,1.835000,19.081968
1982,19.081902,15.212113,16.502039,17.791971,19.197135,1.835000,19.081902
1983,19.081836,15.212051,16.501977,17.791907,19.197070,1.835000,19.081836
1984,19.081771,15.211990,16.501914,17.791842,19.197006,1.835000,19.081771
1985,19.081705,15.211929,16.501851,17.791778,19.196942,1.835000,19.081705
1986,19.081640,15.211868,16.501789,17.791714,19.196878,1.835000,19.081640
1987,19.081574,15.211807,16.501726,17.791650,19.196814,1.835000,19.081574
1988,19.081509,15.211745,16.501664,17.791586,19.196750,1.835000,19.081509
1989,19.081443,15.211684,16.501601,17.791522,19.196686,1.835000,19.081443
1990,19.081378,15.211623,16.501538,17.791458,19.196622,1.835000,19.081378
1991,19.081312,15.211562,16.501476,17.791394,19.196558,1.835000,19.081312
1992,19.081247,15.211501,16.501414,17.791330,19.196494,1.835000,19.081247
1993,19.081182,15.211440,16.501351,17.791266,19.196430,1.835000,19.081182
1994,19.081116,15.211379,16.501289,17.791202,19.196366,1.835000,19.081116
1995,19.081051,15.211318,16.501226,17.791139,19.196302,1.835000,19.081051
1996,19.080964,15.211237,16.501142,17.791053,19.196217,1.835000,19.080964
1997,19.080874,15.211154,16.501056,17.790965,19.196129,1.835000,19.080874
1998,19.080785,15.211070,16.500971,17.790878,19.196042,1.835000,19.080785
1999,19.080696,15.210987,16.500886,17.790791,19.195954,1.835000,19.080696
2000,19.080606,15.210903,16.500800,17.790703,19.195867,1.835000,19.080606
2001,19.080517,15.210820,16.500715,17.790616,19.195780,1.835000,19.080517
2002,19.080428,15.210737,16.500630,17.790529,19.195693,1.835000,19.080428
2003,19.080339,15.210654,16.500545,17.790442,19.195606,1.835000,19.080339
2004,19.080250,15.210571,16.500460,17.790355,19.195518,1.835000,19.080250
2005,19.080160,15.210488,16.500375,17.790268,19.195431,1.835000,19.080160
2006,19.080071,15.210404,16.500289,17.790180,19.195344,1.835000,19.080071
2007,19.079983,15.210321,16.500204,17.790093,19.195257,1.835000,19.079983
2008,19.079894,15.210238,16.500120,17.790007,19.195170,1.835000,19.079894
2009,19.079805,15.210156,16.500035,17.789920,19.195083,1.835000,19.079805
2010,19.079716,15.210073,16.499950,17.789833,19.194997,1.835000,19.079716
2011,19.079627,15.209990,16.499865,17.789746,19.194910,1.835000,19.079627
2012,19.079538,15.209907,16.499780,17.789659,19.194823,1.835000,19.079538
2013,19.079450,15.209824,16.499695,17.789572,19.194736,1.835000,19.079450
2014,19.079361,15.209741,16.499611,17.789486,19.194650,1.835000,19.079361
2015,19.079272,15.209659,16.499526,17.789399,19.194563,1.835000,19.079272
2016,19.079184,15.209576,16.499441,17.789313,19.194476,1.835000,19.079184
2017,19.079095,15.209493,16.499357,17.789226,19.194390,1.835000,19.079095
2018,19.079007,15.209411,16.499272,17.789139,19.194303,1.835000,19.079007
2019,19.078918,15.209328,16.499188,17.789053,19.194217,1.835000,19.078918
2020,19.078830,15.209246,16.499103,17.788967,19.194130,1.835000,19.078830
2021,19.078742,15.209163,16.499019,17.788880,19.194044,1.835000,19.078742
2022,19.078653,15.209081,16.498934,17.788794,19.193958,1.835000,19.078653
2023,19.078565,15.208999,16.498850,17.788708,19.193871,1.835000,19.078565
2024,19.078477,15.208916,16.498766,17.788621,19.193785,1.835000,19.078477
2025,19.078389,15.208834,16.498682,17.788535,19.193699,1.835000,19.078389
2026,19.078300,15.208752,16.498597,17.788449,19.193613,1.835000,19.078300
2027,19.078212,15.208670,16.498513,17.788363,19.193527,1.835000,19.078212
2028,19.078124,15.208587,16.498429,17.788277,19.193440,1.835000,19.078124
2029,19.078036,15.208505,16.498345,17.788191,19.193354,1.835000,19.078036
2030,19.077948,15.208423,16.498261,17.788105,19.193268,1.835000,19.077948
2031,19.077860,15.208341,16.498177,17.788019,19.193182,1.835000,19.077860
2032,19.077772,15.208259,16.498093,17.787933,19.193097,1.835000,19.077772
2033,19.077685,15.208177,16.498009,17.787847,19.193011,1.835000,19.077685
2034,19.077597,15.208095,16.497925,17.787761,19.192925,1.835000,19.077597
2035,19.077509,15.208013,16.497841,17.787675,19.192839,1.835000,19.077509
2036,19.077421,15.207932,16.497758,17.787590,19.192753,1.835000,19.077421
2037,19.077334,15.207850,16.497674,17.787504,19.192668,1.835000,19.077334
2038,19.077246,15.207768,16.497590,17.787418,19.192582,1.835000,19.077246
2039,19.077159,15.207686,16.497507,17.787333,19.192496,1.835000,19.077159
2040,19.077071,15.207605,16.497423,17.787247,19.192411,1.835000,19.077071
2041,19.076984,15.207523,16.497339,17.787161,19.192325,1.835000,19.076984
2042,19.076896,15.207441,16.497256,17.787076,19.192240,1.835000,19.076896
2043,19.076809,15.207360,16.497172,17.786990,19.192154,1.835000,19.076809
2044,19.076721,15.207278,16.497089,17.786905,19.192069,1.835000,19.076721
2045,19.076634,15.207197,16.497005,17.786820,19.191983,1.835000,19.076634
2046,19.076547,15.207115,16.496922,17.786734,19.191898,1.835000,19.076547
2047,19.076459,15.207034,16.496839,17.786649,19.191813,1.835000,19.076459
2048,19.076372,15.206953,16.496755,17.786564,19.191728,1.835000,19.076372
2049,19.076285,15.206871,16.496672,17.786479,19.191642,1.835000,19.076285
2050,19.076198,15.206790,16.496589,17.786393,19.191557,1.835000,19.076198
2051,19.076111,15.206709,16.496506,17.786308,19.191472,1.835000,19.076111
2052,19.076024,15.206628,16.496423,17.786223,19.191387,1.835000,19.076024
2053,19.075937,15.206546,16.496339,17.786138,19.191302,1.835000,19.075937
2054,19.075850,15.206465,16.496256,17.786053,19.191217,1.835000,19.075850
2055,19.075763,15.206384,16.496173,17.785968,19.191132,1.835000,19.075763
2056,19.075676,15.206303,16.496090,17.785883,19.191047,1.835000,19.075676
2057,19.075589,15.206222,16.496007,17.785798,19.190962,1.835000,19.075589
2058,19.075503,15.206141,16.495925,17.785714,19.190877,1.835000,19.075503
2059,19.075416,15.206060,16.495842,17.785629,19.190793,1.835000,19.075416
2060,19.075329,15.205979,16.495759,17.785544,19.190708,1.835000,19.075329
2061,19.075243,15.205899,16.495676,17.785459,19.190623,1.835000,19.075243
2062,19.075156,15.205818,16.495593,17.785375,19.190539,1.835000,19.075156
2063,19.075070,15.205737,16.495511,17.785290,19.190454,1.835000,19.075070
2064,19.074983,15.205656,16.495428,17.785205,19.190369,1.835000,19.074983
2065,19.074897,15.205576,16.495345,17.785121,19.190285,1.835000,19.074897
2066,19.074810,15.205495,16.495263,17.785036,19.190200,1.835000,19.074810
2067,19.074724,15.205414,16.495180,17.784952,19.190116,1.835000,19.074724
2068,19.074637,15.205334,16.495098,17.784868,19.190031,1.835000,19.074637
2069,19.074551,15.205253,16.495015,17.784783,19.189947,1.835000,19.074551
2070,19.074465,15.205173,16.494933,17.784699,19.189863,1.835000,19.074465
2071,19.074379,15.205092,16.494851,17.784615,19.189778,1.835000,19.074379
2072,19.074292,15.205012,16.494768,17.784530,19.189694,1.835000,19.074292
2073,19.074206,15.204932,16.494686,17.784446,19.189610,1.835000,19.074206
2074,19.074120,15.204851,16.494604,17.784362,19.189526,1.835000,19.074120
2075,19.074034,15.204771,16.494521,17.784278,19.189442,1.835000,19.074034
2076,19.073948,15.204691,16.494439,17.784194,19.189357,1.835000,19.073948
2077,19.073862,15.204610,16.494357,17.784110,19.189273,1.835000,19.073862
2078,19.073776,15.204530,16.494275,17.784026,19.189189,1.835000,19.073776
2079,19.073690,15.204450,16.494193,17.783942,19.189105,1.835000,19.073690
2080,19.073604,15.204370,16.494111,17.783858,19.189021,1.835000,19.073604
2081,19.073519,15.204290,16.494029,17.783774,19.188938,1.835000,19.073519
2082,19.073433,15.204210,16.493947,17.783690,19.188854,1.835000,19.073433
2083,19.073347,15.204130,16.493865,17.783606,19.188770,1.835000,19.073347
2084,19.073261,15.204050,16.493783,17.783522,19.188686,1.835000,19.073261
2085,19.073176,15.203970,16.493701,17.783439,19.188602,1.835000,19.073176
2086,19.073090,15.203890,16.493620,17.783355,19.188519,1.835000,19.073090
2087,19.073005,15.203810,16.493538,17.783271,19.188435,1.835000,19.073005
2088,19.072919,15.203730,16.493456,17.783188,19.188351,1.835000,19.072919
2089,19.072834,15.203651,16.493375,17.783104,19.188268,1.835000,19.072834
2090,19.072748,15.203571,16.493293,17.783021,19.188184,1.835000,19.072748
2091,19.072663,15.203491,16.493211,17.782937,19.188101,1.835000,19.072663
2092,19.072577,15.203412,16.493130,17.782854,19.188017,1.835000,19.072577
2093,19.072492,15.203332,16.493048,17.782770,19.187934,1.835000,19.072492
2094,19.072407,15.203252,16.492967,17.782687,19.187851,1.835000,19.072407
2095,19.072322,15.203173,16.492885,17.782603,19.187767,1.835000,19.072322
2096,19.072236,15.203093,16.492804,17.782520,19.187684,1.835000,19.072236
2097,19.072151,15.203014,16.492723,17.782437,19.187601,1.835000,19.072151
2098,19.072066,15.202935,16.492641,17.782354,19.187518,1.835000,19.072066
2099,19.071981,15.202855,16.492560,17.782271,19.187434,1.835000,19.071981
2100,19.071896,15.202776,16.492479,17.782187,19.187351,1.835000,19.071896
2101,19.071811,15.202697,16.492398,17.782104,19.187268,1.835000,19.071811
2102,19.071726,15.202617,16.492316,17.782021,19.187185,1.835000,19.071726
2103,19.071641,15.202538,16.492235,17.781938,19.187102,1.835000,19.071641
2104,19.071556,15.202459,16.492154,17.781855,19.187019,1.835000,19.071556
2105,19.071471,15.202380,16.492073,17.781772,19.186936,1.835000,19.071471
2106,19.071387,15.202301,16.491992,17.781689,19.186853,1.835000,19.071387
2107,19.071302,15.202221,16.491911,17.781607,19.186770,1.835000,19.071302
2108,19.071217,15.202142,16.491830,17.781524,19.186688,1.835000,19.071217
2109,19.071133,15.202063,16.491749,17.781441,19.186605,1.835000,19.071133
2110,19.071048,15.201984,16.491669,17.781358,19.186522,1.835000,19.071048
2111,19.070963,15.201906,16.491588,17.781276,19.186439,1.835000,19.070963
2112,19.070879,15.201827,16.491507,17.781193,19.186357,1.835000,19.070879
2113,19.070794,15.201748,16.491426,17.781110,19.186274,1.835000,19.070794
2114,19.070710,15.201669,16.491345,17.781028,19.186191,1.835000,19.070710
2115,19.070625,15.201590,16.491265,17.780945,19.186109,1.835000,19.070625
2116,19.070541,15.201511,16.491184,17.780863,19.186026,1.835000,19.070541
2117,19.070457,15.201433,16.491104,17.780780,19.185944,1.835000,19.070457
2118,19.070372,15.201354,16.491023,17.780698,19.185862,1.835000,19.070372
2119,19.070288,15.201275,16.490943,17.780615,19.185779,1.835000,19.070288
2120,19.070204,15.201197,16.490862,17.780533,19.185697,1.835000,19.070204
2121,19.070120,15.201118,16.490782,17.780451,19.185614,1.835000,19.070120
2122,19.070036,15.201040,16.490701,17.780368,19.185532,1.835000,19.070036
2123,19.069951,15.200961,16.490621,17.780286,19.185450,1.835000,19.069951
2124,19.069867,15.200883,16.490541,17.780204,19.185368,1.835000,19.069867
2125,19.069783,15.200804,16.490460,17.780122,19.185286,1.835000,19.069783
2126,19.069699,15.200726,16.490380,17.780040,19.185203,1.835000,19.069699
2127,19.069615,15.200648,16.490300,17.779958,19.185121,1.835000,19.069615
2128,19.069531,15.200569,16.490220,17.779876,19.185039,1.835000,19.069531
2129,19.069448,15.200491,16.490140,17.779794,19.184957,1.835000,19.069448
2130,19.069364,15.200413,16.490059,17.779712,19.184875,1.835000,19.069364
2131,19.069280,15.200335,16.489979,17.779630,19.184793,1.835000,19.069280
2132,19.069196,15.200257,16.489899,17.779548,19.184712,1.835000,19.069196
2133,19.069112,15.200178,16.489819,17.779466,19.184630,1.835000,19.069112
2134,19.069029,15.200100,16.489739,17.779384,19.184548,1.835000,19.069029
2135,19.068945,15.200022,16.489660,17.779302,19.184466,1.835000,19.068945
2136,19.068862,15.199944,16.489580,17.779221,19.184384,1.835000,19.068862
2137,19.068778,15.199866,16.489500,17.779139,19.184303,1.835000,19.068778
2138,19.068694,15.199788,16.489420,17.779057,19.184221,1.835000,19.068694
2139,19.068611,15.199711,16.489340,17.778976,19.184139,1.835000,19.068611
2140,19.068528,15.199633,16.489261,17.778894,19.184058,1.835000,19.068528
2141,19.068444,15.199555,16.489181,17.778813,19.183976,1.835000,19.068444
2142,19.068361,15.199477,16.489101,17.778731,19.183895,1.835000,19.068361
2143,19.068277,15.199399,16.489022,17.778650,19.183813,1.835000,19.068277
2144,19.068194,15.199322,16.488942,17.778568,19.183732,1.835000,19.068194
2145,19.068111,15.199244,16.488863,17.778487,19.183651,1.835000,19.068111
2146,19.068028,15.199166,16.488783,17.778405,19.183569,1.835000,19.068028
2147,19.067945,15.199089,16.488704,17.778324,19.183488,1.835000,19.067945
2148,19.067861,15.199011,16.488624,17.778243,19.183407,1.835000,19.067861
2149,19.067778,15.198934,16.488545,17.778162,19.183325,1.835000,19.067778
2150,19.067695,15.198856,16.488465,17.778080,19.183244,1.835000,19.067695
2151,19.067612,15.198779,16.488386,17.777999,19.183163,1.835000,19.067612
2152,19.067529,15.198701,16.488307,17.777918,19.183082,1.835000,19.067529
2153,19.067446,15.198624,16.488228,17.777837,19.183001,1.835000,19.067446
2154,19.067363,15.198546,16.488148,17.777756,19.182920,1.835000,19.067363
2155,19.067281,15.198469,16.488069,17.777675,19.182839,1.835000,19.067281
2156,19.067198,15.198392,16.487990,17.777594,19.182758,1.835000,19.067198
2157,19.067115,15.198315,16.487911,17.777513,19.182677,1.835000,19.067115
2158,19.067032,15.198237,16.487832,17.777432,19.182596,1.835000,19.067032
2159,19.066950,15.198160,16.487753,17.777351,19.182515,1.835000,19.066950
2160,19.066867,15.198083,16.487674,17.777270,19.182434,1.835000,19.066867
2161,19.066784,15.198006,16.487595,17.777190,19.182353,1.835000,19.066784
2162,19.066702,15.197929,16.487516,17.777109,19.182273,1.835000,19.066702
2163,19.066619,15.197852,16.487437,17.777028,19.182192,1.835000,19.066619
2164,19.066537,15.197775,16.487358,17.776948,19.182111,1.835000,19.066537
2165,19.066454,15.197698,16.487280,17.776867,19.182031,1.835000,19.066454
2166,19.066372,15.197621,16.487201,17.776786,19.181950,1.835000,19.066372
2167,19.066289,15.197544,16.487122,17.776706,19.181870,1.835000,19.066289
2168,19.066207,15.197467,16.487043,17.776625,19.181789,1.835000,19.066207
2169,19.066125,15.197390,16.486965,17.776545,19.181708,1.835000,19.066125
2170,19.066042,15.197314,16.486886,17.776464,19.181628,1.835000,19.066042
2171,19.065960,15.197237,16.486808,17.776384,19.181548,1.835000,19.065960
2172,19.065878,15.197160,16.486729,17.776303,19.181467,1.835000,19.065878
2173,19.065796,15.197083,16.486651,17.776223,19.181387,1.835000,19.065796
2174,19.065714,15.197007,16.486572,17.776143,19.181307,1.835000,19.065714
2175,19.065631,15.196930,16.486494,17.776063,19.181226,1.835000,19.065631
2176,19.065549,15.196854,16.486415,17.775982,19.181146,1.835000,19.065549
2177,19.065467,15.196777,16.486337,17.775902,19.181066,1.835000,19.065467
2178,19.065385,15.196701,16.486259,17.775822,19.180986,1.835000,19.065385
2179,19.065303,15.196624,16.486180,17.775742,19.180906,1.835000,19.065303
2180,19.065221,15.196548,16.486102,17.775662,19.180826,1.835000,19.065221
2181,19.065140,15.196471,16.486024,17.775582,19.180745,1.835000,19.065140
2182,19.065058,15.196395,16.485946,17.775502,19.180665,1.835000,19.065058
2183,19.064976,15.196319,16.485867,17.775422,19.180586,1.835000,19.064976
2184,19.064894,15.196242,16.485789,17.775342,19.180506,1.835000,19.064894
2185,19.064812,15.196166,16.485711,17.775262,19.180426,1.835000,19.064812
2186,19.064731,15.196090,16.485633,17.775182,19.180346,1.835000,19.064731
2187,19.064649,15.196014,16.485555,17.775102,19.180266,1.835000,19.064649
2188,19.064568,15.195938,16.485477,17.775022,19.180186,1.835000,19.064568
2189,19.064486,15.195861,16.485399,17.774943,19.180106,1.835000,19.064486
2190,19.064404,15.195785,16.485321,17.774863,19.180027,1.835000,19.064404
2191,19.064323,15.195709,16.485244,17.774783,19.179947,1.835000,19.064323
2192,19.064241,15.195633,16.485166,17.774704,19.179867,1.835000,19.064241
2193,19.064160,15.195557,16.485088,17.774624,19.179788,1.835000,19.064160
2194,19.064079,15.195481,16.485010,17.774544,19.179708,1.835000,19.064079
2195,19.063997,15.195405,16.484932,17.774465,19.179629,1.835000,19.063997
2196,19.063916,15.195330,16.484855,17.774385,19.179549,1.835000,19.063916
2197,19.063835,15.195254,16.484777,17.774306,19.179470,1.835000,19.063835
2198,19.063753,15.195178,16.484699,17.774226,19.179390,1.835000,19.063753
2199,19.063672,15.195102,16.484622,17.774147,19.179311,1.835000,19.063672
2200,19.063591,15.195026,16.484544,17.774068,19.179232,1.835000,19.063591
2201,19.063510,15.194951,16.484467,17.773988,19.179152,1.835000,19.063510
2202,19.063429,15.194875,16.484389,17.773909,19.179073,1.835000,19.063429
2203,19.063348,15.194799,16.484312,17.773830,19.178994,1.835000,19.063348
2204,19.063267,15.194724,16.484235,17.773751,19.178914,1.835000,19.063267
2205,19.063186,15.194648,16.484157,17.773672,19.178835,1.835000,19.063186
2206,19.063105,15.194573,16.484080,17.773592,19.178756,1.835000,19.063105
2207,19.063024,15.194497,16.484003,17.773513,19.178677,1.835000,19.063024
2208,19.062943,15.194422,16.483925,17.773434,19.178598,1.835000,19.062943
2209,19.062862,15.194346,16.483848,17.773355,19.178519,1.835000,19.062862
2210,19.062781,15.194271,16.483771,17.773276,19.178440,1.835000,19.062781
2211,19.062701,15.194196,16.483694,17.773197,19.178361,1.835000,19.062701
2212,19.062620,15.194120,16.483617,17.773118,19.178282,1.835000,19.062620
2213,19.062539,15.194045,16.483539,17.773039,19.178203,1.835000,19.062539
2214,19.062459,15.193970,16.483462,17.772961,19.178124,1.835000,19.062459
2215,19.062378,15.193894,16.483385,17.772882,19.178046,1.835000,19.062378
2216,19.062297,15.193819,16.483308,17.772803,19.177967,1.835000,19.062297
2217,19.062217,15.193744,16.483231,17.772724,19.177888,1.835000,19.062217
2218,19.062136,15.193669,16.483155,17.772645,19.177809,1.835000,19.062136
2219,19.062056,15.193594,16.483078,17.772567,19.177731,1.835000,19.062056
2220,19.061976,15.193519,16.483001,17.772488,19.177652,1.835000,19.061976
2221,19.061895,15.193444,16.482924,17.772410,19.177573,1.835000,19.061895
2222,19.061815,15.193369,16.482847,17.772331,19.177495,1.835000,19.061815
2223,19.061734,15.193294,16.482771,17.772252,19.177416,1.835000,19.061734
2224,19.061654,15.193219,16.482694,17.772174,19.177338,1.835000,19.061654
2225,19.061574,15.193144,16.482617,17.772096,19.177259,1.835000,19.061574
2226,19.061494,15.193069,16.482540,17.772017,19.177181,1.835000,19.061494
2227,19.061413,15.192994,16.482464,17.771939,19.177102,1.835000,19.061413
2228,19.061333,15.192920,16.482387,17.771860,19.177024,1.835000,19.061333
2229,19.061253,15.192845,16.482311,17.771782,19.176946,1.835000,19.061253
2230,19.061173,15.192770,16.482234,17.771704,19.176868,1.835000,19.061173
2231,19.061093,15.192696,16.482158,17.771625,19.176789,1.835000,19.061093
2232,19.061013,15.192621,16.482081,17.771547,19.176711,1.835000,19.061013
2233,19.060933,15.192546,16.482005,17.771469,19.176633,1.835000,19.060933
2234,19.060853,15.192472,16.481929,17.771391,19.176555,1.835000,19.060853
2235,19.060773,15.192397,16.481852,17.771313,19.176477,1.835000,19.060773
2236,19.060693,15.192323,16.481776,17.771235,19.176399,1.835000,19.060693
2237,19.060614,15.192248,16.481700,17.771157,19.176320,1.835000,19.060614
2238,19.060534,15.192174,16.481624,17.771079,19.176242,1.835000,19.060534
2239,19.060454,15.192099,16.481547,17.771001,19.176165,1.835000,19.060454
2240,19.060374,15.192025,16.481471,17.770923,19.176087,1.835000,19.060374
2241,19.060295,15.191951,16.481395,17.770845,19.176009,1.835000,19.060295
2242,19.060215,15.191876,16.481319,17.770767,19.175931,1.835000,19.060215
2243,19.060135,15.191802,16.481243,17.770689,19.175853,1.835000,19.060135
2244,19.060056,15.191728,16.481167,17.770611,19.175775,1.835000,19.060056
2245,19.059976,15.191653,16.481091,17.770534,19.175697,1.835000,19.059976
2246,19.059897,15.191579,16.481015,17.770456,19.175620,1.835000,19.059897
2247,19.059817,15.191505,16.480939,17.770378,19.175542,1.835000,19.059817
2248,19.059738,15.191431,16.480863,17.770301,19.175464,1.835000,19.059738
2249,19.059659,15.191357,16.480787,17.770223,19.175387,1.835000,19.059659
2250,19.059579,15.191283,16.480711,17.770145,19.175309,1.835000,19.059579
2251,19.059500,15.191209,16.480636,17.770068,19.175232,1.835000,19.059500
2252,19.059421,15.191135,16.480560,17.769990,19.175154,1.835000,19.059421
2253,19.059341,15.191061,16.480484,17.769913,19.175077,1.835000,19.059341
2254,19.059262,15.190987,16.480408,17.769835,19.174999,1.835000,19.059262
2255,19.059183,15.190913,16.480333,17.769758,19.174922,1.835000,19.059183
2256,19.059104,15.190839,16.480257,17.769680,19.174844,1.835000,19.059104
2257,19.059025,15.190765,16.480182,17.769603,19.174767,1.835000,19.059025
2258,19.058946,15.190692,16.480106,17.769526,19.174690,1.835000,19.058946
2259,19.058867,15.190618,16.480031,17.769449,19.174612,1.835000,19.058867
2260,19.058787,15.190544,16.479955,17.769371,19.174535,1.835000,19.058787
2261,19.058709,15.190470,16.479880,17.769294,19.174458,1.835000,19.058709
2262,19.058630,15.190397,16.479804,17.769217,19.174381,1.835000,19.058630
2263,19.058551,15.190323,16.479729,17.769140,19.174304,1.835000,19.058551
2264,19.058472,15.190250,16.479653,17.769063,19.174226,1.835000,19.058472
2265,19.058393,15.190176,16.479578,17.768986,19.174149,1.835000,19.058393
2266,19.058314,15.190102,16.479503,17.768909,19.174072,1.835000,19.058314
2267,19.058235,15.190029,16.479428,17.768831,19.173995,1.835000,19.058235
2268,19.058157,15.189955,16.479352,17.768755,19.173918,1.835000,19.058157
2269,19.058078,15.189882,16.479277,17.768678,19.173841,1.835000,19.058078
2270,19.057999,15.189809,16.479202,17.768601,19.173764,1.835000,19.057999
2271,19.057921,15.189735,16.479127,17.768524,19.173688,1.835000,19.057921
2272,19.057842,15.189662,16.479052,17.768447,19.173611,1.835000,19.057842
2273,19.057764,15.189589,16.478977,17.768370,19.173534,1.835000,19.057764
2274,19.057685,15.189515,16.478902,17.768293,19.173457,1.835000,19.057685
2275,19.057607,15.189442,16.478827,17.768217,19.173380,1.835000,19.057607
2276,19.057528,15.189369,16.478752,17.768140,19.173304,1.835000,19.057528
2277,19.057450,15.189296,16.478677,17.768063,19.173227,1.835000,19.057450
2278,19.057371,15.189223,16.478602,17.767987,19.173150,1.835000,19.057371
2279,19.057293,15.189150,16.478527,17.767910,19.173074,1.835000,19.057293
2280,19.057215,15.189076,16.478452,17.767833,19.172997,1.835000,19.057215
2281,19.057136,15.189003,16.478378,17.767757,19.172921,1.835000,19.057136
2282,19.057058,15.188930,16.478303,17.767680,19.172844,1.835000,19.057058
2283,19.056980,15.188857,16.478228,17.767604,19.172768,1.835000,19.056980
2284,19.056902,15.188784,16.478153,17.767528,19.172691,1.835000,19.056902
2285,19.056824,15.188712,16.478079,17.767451,19.172615,1.835000,19.056824
2286,19.056745,15.188639,16.478004,17.767375,19.172539,1.835000,19.056745
2287,19.056667,15.188566,16.477929,17.767298,19.172462,1.835000,19.056667
2288,19.056589,15.188493,16.477855,17.767222,19.172386,1.835000,19.056589
2289,19.056511,15.188420,16.477780,17.767146,19.172310,1.835000,19.056511
2290,19.056433,15.188347,16.477706,17.767070,19.172233,1.835000,19.056433
2291,19.056355,15.188275,16.477631,17.766993,19.172157,1.835000,19.056355
2292,19.056277,15.188202,16.477557,17.766917,19.172081,1.835000,19.056277
2293,19.056200,15.188129,16.477483,17.766841,19.172005,1.835000,19.056200
2294,19.056122,15.188057,16.477408,17.766765,19.171929,1.835000,19.056122
2295,19.056044,15.187984,16.477334,17.766689,19.171853,1.835000,19.056044
2296,19.055966,15.187912,16.477260,17.766613,19.171777,1.835000,19.055966
2297,19.055888,15.187839,16.477185,17.766537,19.171701,1.835000,19.055888
2298,19.055811,15.187766,16.477111,17.766461,19.171625,1.835000,19.055811
2299,19.055733,15.187694,16.477037,17.766385,19.171549,1.835000,19.055733
2300,19.055655,15.187622,16.476963,17.766309,19.171473,1.835000,19.055655
2301,19.055578,15.187549,16.476889,17.766233,19.171397,1.835000,19.055578
2302,19.055500,15.187477,16.476814,17.766157,19.171321,1.835000,19.055500
2303,19.055423,15.187404,16.476740,17.766082,19.171245,1.835000,19.055423
2304,19.055345,15.187332,16.476666,17.766006,19.171170,1.835000,19.055345
2305,19.055268,15.187260,16.476592,17.765930,19.171094,1.835000,19.055268
2306,19.055190,15.187188,16.476518,17.765854,19.171018,1.835000,19.055190
2307,19.055113,15.187115,16.476444,17.765779,19.170942,1.835000,19.055113
2308,19.055036,15.187043,16.476370,17.765703,19.170867,1.835000,19.055036
2309,19.054958,15.186971,16.476297,17.765627,19.170791,1.835000,19.054958
2310,19.054881,15.186899,16.476223,17.765552,19.170716,1.835000,19.054881
2311,19.054804,15.186827,16.476149,17.765476,19.170640,1.835000,19.054804
2312,19.054726,15.186755,16.476075,17.765401,19.170565,1.835000,19.054726
2313,19.054649,15.186683,16.476001,17.765325,19.170489,1.835000,19.054649
2314,19.054572,15.186611,16.475928,17.765250,19.170414,1.835000,19.054572
2315,19.054495,15.186539,16.475854,17.765174,19.170338,1.835000,19.054495
2316,19.054418,15.186467,16.475780,17.765099,19.170263,1.835000,19.054418
2317,19.054341,15.186395,16.475707,17.765024,19.170188,1.835000,19.054341
2318,19.054264,15.186323,16.475633,17.764948,19.170112,1.835000,19.054264
2319,19.054187,15.186251,16.475560,17.764873,19.170037,1.835000,19.054187
2320,19.054110,15.186179,16.475486,17.764798,19.169962,1.835000,19.054110
2321,19.054033,15.186107,16.475413,17.764723,19.169886,1.835000,19.054033
2322,19.053956,15.186036,16.475339,17.764647,19.169811,1.835000,19.053956
2323,19.053879,15.185964,16.475266,17.764572,19.169736,1.835000,19.053879
2324,19.053802,15.185892,16.475192,17.764497,19.169661,1.835000,19.053802
2325,19.053725,15.185821,16.475119,17.764422,19.169586,1.835000,19.053725
2326,19.053649,15.185749,16.475045,17.764347,19.169511,1.835000,19.053649
2327,19.053572,15.185677,16.474972,17.764272,19.169436,1.835000,19.053572
2328,19.053495,15.185606,16.474899,17.764197,19.169361,1.835000,19.053495
2329,19.053419,15.185534,16.474826,17.764122,19.169286,1.835000,19.053419
2330,19.053342,15.185463,16.474752,17.764047,19.169211,1.835000,19.053342
2331,19.053265,15.185391,16.474679,17.763972,19.169136,1.835000,19.053265
2332,19.053189,15.185320,16.474606,17.763897,19.169061,1.835000,19.053189
2333,19.053112,15.185248,16.474533,17.763823,19.168986,1.835000,19.053112
2334,19.053036,15.185177,16.474460,17.763748,19.168912,1.835000,19.053036
2335,19.052959,15.185106,16.474387,17.763673,19.168837,1.835000,19.052959
2336,19.052883,15.185034,16.474314,17.763598,19.168762,1.835000,19.052883
2337,19.052806,15.184963,16.474241,17.763524,19.168687,1.835000,19.052806
2338,19.052730,15.184892,16.474168,17.763449,19.168613,1.835000,19.052730
2339,19.052654,15.184821,16.474095,17.763374,19.168538,1.835000,19.052654
2340,19.052577,15.184749,16.474022,17.763300,19.168463,1.835000,19.052577
2341,19.052501,15.184678,16.473949,17.763225,19.168389,1.835000,19.052501
2342,19.052425,15.184607,16.473876,17.763151,19.168314,1.835000,19.052425
2343,19.052349,15.184536,16.473803,17.763076,19.168240,1.835000,19.052349
2344,19.052272,15.184465,16.473731,17.763002,19.168165,1.835000,19.052272
2345,19.052196,15.184394,16.473658,17.762927,19.168091,1.835000,19.052196
2346,19.052120,15.184323,16.473585,17.762853,19.168016,1.835000,19.052120
2347,19.052044,15.184252,16.473513,17.762778,19.167942,1.835000,19.052044
2348,19.051968,15.184181,16.473440,17.762704,19.167868,1.835000,19.051968
2349,19.051892,15.184110,16.473367,17.762630,19.167793,1.835000,19.051892
2350,19.051816,15.184039,16.473295,17.762555,19.167719,1.835000,19.051816
2351,19.051740,15.183968,16.473222,17.762481,19.167645,1.835000,19.051740
2352,19.051664,15.183897,16.473150,17.762407,19.167571,1.835000,19.051664
2353,19.051588,15.183826,16.473077,17.762333,19.167496,1.835000,19.051588
2354,19.051512,15.183756,16.473005,17.762259,19.167422,1.835000,19.051512
2355,19.051437,15.183685,16.472932,17.762184,19.167348,1.835000,19.051437
2356,19.051361,15.183614,16.472860,17.762110,19.167274,1.835000,19.051361
2357,19.051285,15.183544,16.472787,17.762036,19.167200,1.835000,19.051285
2358,19.051209,15.183473,16.472715,17.761962,19.167126,1.835000,19.051209
2359,19.051134,15.183402,16.472643,17.761888,19.167052,1.835000,19.051134
2360,19.051058,15.183332,16.472570,17.761814,19.166978,1.835000,19.051058
2361,19.050982,15.183261,16.472498,17.761740,19.166904,1.835000,19.050982
2362,19.050907,15.183191,16.472426,17.761666,19.166830,1.835000,19.050907
2363,19.050831,15.183120,16.472354,17.761592,19.166756,1.835000,19.050831
2364,19.050756,15.183050,16.472282,17.761519,19.166682,1.835000,19.050756
2365,19.050680,15.182979,16.472209,17.761445,19.166609,1.835000,19.050680
2366,19.050605,15.182909,16.472137,17.761371,19.166535,1.835000,19.050605
2367,19.050529,15.182838,16.472065,17.761297,19.166461,1.835000,19.050529
2368,19.050454,15.182768,16.471993,17.761224,19.166387,1.835000,19.050454
2369,19.050378,15.182698,16.471921,17.761150,19.166314,1.835000,19.050378
2370,19.050303,15.182627,16.471849,17.761076,19.166240,1.835000,19.050303
2371,19.050228,15.182557,16.471777,17.761003,19.166166,1.835000,19.050228
2372,19.050153,15.182487,16.471705,17.760929,19.166093,1.835000,19.050153
2373,19.050077,15.182417,16.471633,17.760855,19.166019,1.835000,19.050077
2374,19.050002,15.182346,16.471562,17.760782,19.165946,1.835000,19.050002
2375,19.049927,15.182276,16.471490,17.760708,19.165872,1.835000,19.049927
2376,19.049852,15.182206,16.471418,17.760635,19.165799,1.835000,19.049852
2377,19.049777,15.182136,16.471346,17.760561,19.165725,1.835000,19.049777
2378,19.049702,15.182066,16.471274,17.760488,19.165652,1.835000,19.049702
2379,19.049626,15.181996,16.471203,17.760415,19.165578,1.835000,19.049626
2380,19.049551,15.181926,16.471131,17.760341,19.165505,1.835000,19.049551
2381,19.049476,15.181856,16.471059,17.760268,19.165432,1.835000,19.049476
2382,19.049401,15.181786,16.470988,17.760195,19.165358,1.835000,19.049401
2383,19.049327,15.181716,16.470916,17.760121,19.165285,1.835000,19.049327
2384,19.049252,15.181646,16.470845,17.760048,19.165212,1.835000,19.049252
2385,19.049177,15.181576,16.470773,17.759975,19.165139,1.835000,19.049177
2386,19.049102,15.181506,16.470702,17.759902,19.165066,1.835000,19.049102
2387,19.049027,15.181437,16.470630,17.759829,19.164992,1.835000,19.049027
2388,19.048952,15.181367,16.470559,17.759756,19.164919,1.835000,19.048952
2389,19.048878,15.181297,16.470487,17.759682,19.164846,1.835000,19.048878
2390,19.048803,15.181227,16.470416,17.759609,19.164773,1.835000,19.048803
2391,19.048728,15.181158,16.470345,17.759536,19.164700,1.835000,19.048728
2392,19.048654,15.181088,16.470273,17.759463,19.164627,1.835000,19.048654
2393,19.048579,15.181018,16.470202,17.759390,19.164554,1.835000,19.048579
2394,19.048504,15.180949,16.470131,17.759318,19.164481,1.835000,19.048504
2395,19.048430,15.180879,16.470059,17.759245,19.164408,1.835000,19.048430
2396,19.048355,15.180810,16.469988,17.759172,19.164336,1.835000,19.048355
2397,19.048281,15.180740,16.469917,17.759099,19.164263,1.835000,19.048281
2398,19.048206,15.180671,16.469846,17.759026,19.164190,1.835000,19.048206
2399,19.048132,15.180601,16.469775,17.758953,19.164117,1.835000,19.048132
2400,19.048058,15.180532,16.469704,17.758881,19.164044,1.835000,19.048058
2401,19.047983,15.180463,16.469633,17.758808,19.163972,1.835000,19.047983
2402,19.047909,15.180393,16.469562,17.758735,19.163899,1.835000,19.047909
2403,19.047835,15.180324,16.469491,17.758663,19.163826,1.835000,19.047835
2404,19.047760,15.180254,16.469420,17.758590,19.163754,1.835000,19.047760
2405,19.047686,15.180185,16.469349,17.758517,19.163681,1.835000,19.047686
2406,19.047612,15.180116,16.469278,17.758445,19.163609,1.835000,19.047612
2407,19.047538,15.180047,16.469207,17.758372,19.163536,1.835000,19.047538
2408,19.047463,15.179978,16.469136,17.758300,19.163464,1.835000,19.047463
2409,19.047389,15.179908,16.469065,17.758227,19.163391,1.835000,19.047389
2410,19.047315,15.179839,16.468995,17.758155,19.163319,1.835000,19.047315
2411,19.047241,15.179770,16.468924,17.758082,19.163246,1.835000,19.047241
2412,19.047167,15.179701,16.468853,17.758010,19.163174,1.835000,19.047167
2413,19.047093,15.179632,16.468782,17.757938,19.163102,1.835000,19.047093
2414,19.047019,15.179563,16.468712,17.757865,19.163029,1.835000,19.047019
2415,19.046945,15.179494,16.468641,17.757793,19.162957,1.835000,19.046945
2416,19.046871,15.179425,16.468570,17.757721,19.162885,1.835000,19.046871
2417,19.046797,15.179356,16.468500,17.757649,19.162812,1.835000,19.046797
2418,19.046724,15.179287,16.468429,17.757576,19.162740,1.835000,19.046724
2419,19.046650,15.179218,16.468359,17.757504,19.162668,1.835000,19.046650
2420,19.046576,15.179149,16.468288,17.757432,19.162596,1.835000,19.046576
2421,19.046502,15.179081,16.468218,17.757360,19.162524,1.835000,19.046502
2422,19.046429,15.179012,16.468147,17.757288,19.162452,1.835000,19.046429
2423,19.046355,15.178943,16.468077,17.757216,19.162380,1.835000,19.046355
2424,19.046281,15.178874,16.468007,17.757144,19.162308,1.835000,19.046281
2425,19.046208,15.178806,16.467936,17.757072,19.162236,1.835000,19.046208
2426,19.046134,15.178737,16.467866,17.757000,19.162164,1.835000,19.046134
2427,19.046060,15.178668,16.467796,17.756928,19.162092,1.835000,19.046060
2428,19.045987,15.178600,16.467725,17.756856,19.162020,1.835000,19.045987
2429,19.045913,15.178531,16.467655,17.756784,19.161948,1.835000,19.045913
2430,19.045840,15.178463,16.467585,17.756712,19.161876,1.835000,19.045840
2431,19.045766,15.178394,16.467515,17.756641,19.161804,1.835000,19.045766
2432,19.045693,15.178325,16.467445,17.756569,19.161733,1.835000,19.045693
2433,19.045620,15.178257,16.467375,17.756497,19.161661,1.835000,19.045620
2434,19.045546,15.178189,16.467304,17.756425,19.161589,1.835000,19.045546
2435,19.045473,15.178120,16.467234,17.756354,19.161517,1.835000,19.045473
2436,19.045400,15.178052,16.467164,17.756282,19.161446,1.835000,19.045400
2437,19.045326,15.177983,16.467094,17.756210,19.161374,1.835000,19.045326
2438,19.045253,15.177915,16.467024,17.756139,19.161303,1.835000,19.045253
2439,19.045180,15.177847,16.466954,17.756067,19.161231,1.835000,19.045180
2440,19.045107,15.177778,16.466885,17.755996,19.161159,1.835000,19.045107
2441,19.045033,15.177710,16.466815,17.755924,19.161088,1.835000,19.045033
2442,19.044960,15.177642,16.466745,17.755853,19.161016,1.835000,19.044960
2443,19.044887,15.177574,16.466675,17.755781,19.160945,1.835000,19.044887
2444,19.044814,15.177506,16.466605,17.755710,19.160874,1.835000,19.044814
2445,19.044741,15.177437,16.466535,17.755638,19.160802,1.835000,19.044741
2446,19.044668,15.177369,16.466466,17.755567,19.160731,1.835000,19.044668
2447,19.044595,15.177301,16.466396,17.755496,19.160659,1.835000,19.044595
2448,19.044522,15.177233,16.466326,17.755424,19.160588,1.835000,19.044522
2449,19.044449,15.177165,16.466257,17.755353,19.160517,1.835000,19.044449
2450,19.044376,15.177097,16.466187,17.755282,19.160446,1.835000,19.044376
2451,19.044304,15.177029,16.466117,17.755211,19.160374,1.835000,19.044304
2452,19.044231,15.176961,16.466048,17.755139,19.160303,1.835000,19.044231
2453,19.044158,15.176893,16.465978,17.755068,19.160232,1.835000,19.044158
2454,19.044085,15.176825,16.465909,17.754997,19.160161,1.835000,19.044085
2455,19.044013,15.176757,16.465839,17.754926,19.160090,1.835000,19.044013
2456,19.043940,15.176690,16.465770,17.754855,19.160019,1.835000,19.043940
2457,19.043867,15.176622,16.465700,17.754784,19.159948,1.835000,19.043867
2458,19.043795,15.176554,16.465631,17.754713,19.159877,1.835000,19.043795
2459,19.043722,15.176486,16.465562,17.754642,19.159806,1.835000,19.043722
2460,19.043649,15.176419,16.465492,17.754571,19.159735,1.835000,19.043649
2461,19.043577,15.176351,16.465423,17.754500,19.159664,1.835000,19.043577
2462,19.043504,15.176283,16.465354,17.754429,19.159593,1.835000,19.043504
2463,19.043432,15.176216,16.465284,17.754358,19.159522,1.835000,19.043432
2464,19.043359,15.176148,16.465215,17.754287,19.159451,1.835000,19.043359
2465,19.043287,15.176080,16.465146,17.754216,19.159380,1.835000,19.043287
2466,19.043214,15.176013,16.465077,17.754146,19.159309,1.835000,19.043214
2467,19.043142,15.175945,16.465008,17.754075,19.159239,1.835000,19.043142
2468,19.043070,15.175878,16.464938,17.754004,19.159168,1.835000,19.043070
2469,19.042997,15.175810,16.464869,17.753933,19.159097,1.835000,19.042997
2470,19.042925,15.175743,16.464800,17.753863,19.159026,1.835000,19.042925
2471,19.042853,15.175675,16.464731,17.753792,19.158956,1.835000,19.042853
2472,19.042781,15.175608,16.464662,17.753721,19.158885,1.835000,19.042781
2473,19.042708,15.175541,16.464593,17.753651,19.158815,1.835000,19.042708
2474,19.042636,15.175473,16.464524,17.753580,19.158744,1.835000,19.042636
2475,19.042564,15.175406,16.464455,17.753510,19.158674,1.835000,19.042564
2476,19.042492,15.175339,16.464386,17.753439,19.158603,1.835000,19.042492
2477,19.042420,15.175271,16.464318,17.753369,19.158533,1.835000,19.042420
2478,19.042348,15.175204,16.464249,17.753298,19.158462,1.835000,19.042348
2479,19.042276,15.175137,16.464180,17.753228,19.158392,1.835000,19.042276
2480,19.042204,15.175070,16.464111,17.753157,19.158321,1.835000,19.042204
2481,19.042132,15.175003,16.464042,17.753087,19.158251,1.835000,19.042132
2482,19.042060,15.174935,16.463974,17.753017,19.158181,1.835000,19.042060
2483,19.041988,15.174868,16.463905,17.752946,19.158110,1.835000,19.041988
2484,19.041916,15.174801,16.463836,17.752876,19.158040,1.835000,19.041916
2485,19.041844,15.174734,16.463768,17.752806,19.157970,1.835000,19.041844
2486,19.041772,15.174667,16.463699,17.752736,19.157900,1.835000,19.041772
2487,19.041701,15.174600,16.463630,17.752666,19.157829,1.835000,19.041701
2488,19.041629,15.174533,16.463562,17.752595,19.157759,1.835000,19.041629
2489,19.041557,15.174466,16.463493,17.752525,19.157689,1.835000,19.041557
2490,19.041485,15.174399,16.463425,17.752455,19.157619,1.835000,19.041485
2491,19.041414,15.174332,16.463356,17.752385,19.157549,1.835000,19.041414
2492,19.041342,15.174266,16.463288,17.752315,19.157479,1.835000,19.041342
2493,19.041270,15.174199,16.463219,17.752245,19.157409,1.835000,19.041270
2494,19.041199,15.174132,16.463151,17.752175,19.157339,1.835000,19.041199
2495,19.041127,15.174065,16.463083,17.752105,19.157269,1.835000,19.041127
2496,19.041056,15.173998,16.463014,17.752035,19.157199,1.835000,19.041056
2497,19.040984,15.173932,16.462946,17.751965,19.157129,1.835000,19.040984
2498,19.040913,15.173865,16.462878,17.751895,19.157059,1.835000,19.040913
2499,19.040841,15.173798,16.462809,17.751825,19.156989,1.835000,19.040841
2500,19.040770,15.173732,16.462741,17.751756,19.156919,1.835000,19.040770
2501,19.040698,15.173665,16.462673,17.751686,19.156850,1.835000,19.040698
2502,19.040627,15.173598,16.462605,17.751616,19.156780,1.835000,19.040627
2503,19.040556,15.173532,16.462537,17.751546,19.156710,1.835000,19.040556
2504,19.040484,15.173465,16.462469,17.751476,19.156640,1.835000,19.040484
2505,19.040413,15.173399,16.462400,17.751407,19.156571,1.835000,19.040413
2506,19.040342,15.173332,16.462332,17.751337,19.156501,1.835000,19.040342
2507,19.040271,15.173266,16.462264,17.751267,19.156431,1.835000,19.040271
2508,19.040199,15.173199,16.462196,17.751198,19.156362,1.835000,19.040199
2509,19.040128,15.173133,16.462128,17.751128,19.156292,1.835000,19.040128
2510,19.040057,15.173067,16.462060,17.751059,19.156223,1.835000,19.040057
2511,19.039986,15.173000,16.461992,17.750989,19.156153,1.835000,19.039986
2512,19.039915,15.172934,16.461924,17.750920,19.156084,1.835000,19.039915
2513,19.039844,15.172868,16.461857,17.750850,19.156014,1.835000,19.039844
2514,19.039773,15.172801,16.461789,17.750781,19.155945,1.835000,19.039773
2515,19.039702,15.172735,16.461721,17.750711,19.155875,1.835000,19.039702
2516,19.039631,15.172669,16.461653,17.750642,19.155806,1.835000,19.039631
2517,19.039560,15.172603,16.461585,17.750573,19.155736,1.835000,19.039560
2518,19.039489,15.172537,16.461518,17.750503,19.155667,1.835000,19.039489
2519,19.039418,15.172470,16.461450,17.750434,19.155598,1.835000,19.039418
2520,19.039347,15.172404,16.461382,17.750365,19.155529,1.835000,19.039347
2521,19.039276,15.172338,16.461315,17.750295,19.155459,1.835000,19.039276
2522,19.039206,15.172272,16.461247,17.750226,19.155390,1.835000,19.039206
2523,19.039135,15.172206,16.461179,17.750157,19.155321,1.835000,19.039135
2524,19.039064,15.172140,16.461112,17.750088,19.155252,1.835000,19.039064
2525,19.038993,15.172074,16.461044,17.750019,19.155183,1.835000,19.038993
2526,19.038923,15.172008,16.460977,17.749950,19.155113,1.835000,19.038923
2527,19.038852,15.171942,16.460909,17.749881,19.155044,1.835000,19.038852
2528,19.038781,15.171876,16.460842,17.749812,19.154975,1.835000,19.038781
2529,19.038711,15.171810,16.460774,17.749742,19.154906,1.835000,19.038711
2530,19.038640,15.171745,16.460707,17.749673,19.154837,1.835000,19.038640
2531,19.038570,15.171679,16.460639,17.749605,19.154768,1.835000,19.038570
2532,19.038499,15.171613,16.460572,17.749536,19.154699,1.835000,19.038499
2533,19.038429,15.171547,16.460505,17.749467,19.154630,1.835000,19.038429
2534,19.038358,15.171481,16.460437,17.749398,19.154562,1.835000,19.038358
2535,19.038288,15.171416,16.460370,17.749329,19.154493,1.835000,19.038288
2536,19.038217,15.171350,16.460303,17.749260,19.154424,1.835000,19.038217
2537,19.038147,15.171284,16.460235,17.749191,19.154355,1.835000,19.038147
2538,19.038077,15.171219,16.460168,17.749122,19.154286,1.835000,19.038077
2539,19.038006,15.171153,16.460101,17.749054,19.154217,1.835000,19.038006
2540,19.037936,15.171087,16.460034,17.748985,19.154149,1.835000,19.037936
2541,19.037866,15.171022,16.459967,17.748916,19.154080,1.835000,19.037866
2542,19.037796,15.170956,16.459900,17.748848,19.154011,1.835000,19.037796
2543,19.037725,15.170891,16.459833,17.748779,19.153943,1.835000,19.037725
2544,19.037655,15.170825,16.459765,17.748710,19.153874,1.835000,19.037655
2545,19.037585,15.170760,16.459698,17.748642,19.153806,1.835000,19.037585
2546,19.037515,15.170694,16.459631,17.748573,19.153737,1.835000,19.037515
2547,19.037445,15.170629,16.459564,17.748505,19.153668,1.835000,19.037445
2548,19.037375,15.170564,16.459498,17.748436,19.153600,1.835000,19.037375
2549,19.037305,15.170498,16.459431,17.748368,19.153531,1.835000,19.037305
2550,19.037235,15.170433,16.459364,17.748299,19.153463,1.835000,19.037235
2551,19.037165,15.170368,16.459297,17.748231,19.153395,1.835000,19.037165
2552,19.037095,15.170302,16.459230,17.748162,19.153326,1.835000,19.037095
2553,19.037025,15.170237,16.459163,17.748094,19.153258,1.835000,19.037025
2554,19.036955,15.170172,16.459096,17.748026,19.153189,1.835000,19.036955
2555,19.036885,15.170107,16.459030,17.747957,19.153121,1.835000,19.036885
2556,19.036815,15.170041,16.458963,17.747889,19.153053,1.835000,19.036815
2557,19.036745,15.169976,16.458896,17.747821,19.152984,1.835000,19.036745
2558,19.036675,15.169911,16.458829,17.747752,19.152916,1.835000,19.036675
2559,19.036606,15.169846,16.458763,17.747684,19.152848,1.835000,19.036606
2560,19.036536,15.169781,16.458696,17.747616,19.152780,1.835000,19.036536
2561,19.036466,15.169716,16.458630,17.747548,19.152712,1.835000,19.036466
2562,19.036396,15.169651,16.458563,17.747480,19.152644,1.835000,19.036396
2563,19.036327,15.169586,16.458496,17.747412,19.152575,1.835000,19.036327
2564,19.036257,15.169521,16.458430,17.747343,19.152507,1.835000,19.036257
2565,19.036188,15.169456,16.458363,17.747275,19.152439,1.835000,19.036188
2566,19.036118,15.169391,16.458297,17.747207,19.152371,1.835000,19.036118
2567,19.036048,15.169326,16.458230,17.747139,19.152303,1.835000,19.036048
2568,19.035979,15.169261,16.458164,17.747071,19.152235,1.835000,19.035979
2569,19.035909,15.169196,16.458098,17.747003,19.152167,1.835000,19.035909
2570,19.035840,15.169132,16.458031,17.746936,19.152099,1.835000,19.035840
2571,19.035770,15.169067,16.457965,17.746868,19.152031,1.835000,19.035770
2572,19.035701,15.169002,16.457899,17.746800,19.151964,1.835000,19.035701
2573,19.035632,15.168937,16.457832,17.746732,19.151896,1.835000,19.035632
2574,19.035562,15.168872,16.457766,17.746664,19.151828,1.835000,19.035562
2575,19.035493,15.168808,16.457700,17.746596,19.151760,1.835000,19.035493
2576,19.035424,15.168743,16.457633,17.746529,19.151692,1.835000,19.035424
2577,19.035354,15.168678,16.457567,17.746461,19.151625,1.835000,19.035354
2578,19.035285,15.168614,16.457501,17.746393,19.151557,1.835000,19.035285
2579,19.035216,15.168549,16.457435,17.746325,19.151489,1.835000,19.035216
2580,19.035147,15.168485,16.457369,17.746258,19.151422,1.835000,19.035147
2581,19.035077,15.168420,16.457303,17.746190,19.151354,1.835000,19.035077
2582,19.035008,15.168356,16.457237,17.746122,19.151286,1.835000,19.035008
2583,19.034939,15.168291,16.457171,17.746055,19.151219,1.835000,19.034939
2584,19.034870,15.168227,16.457105,17.745987,19.151151,1.835000,19.034870
2585,19.034801,15.168162,16.457039,17.745920,19.151084,1.835000,19.034801
2586,19.034732,15.168098,16.456973,17.745852,19.151016,1.835000,19.034732
2587,19.034663,15.168033,16.456907,17.745785,19.150949,1.835000,19.034663
2588,19.034594,15.167969,16.456841,17.745717,19.150881,1.835000,19.034594
2589,19.034525,15.167905,16.456775,17.745650,19.150814,1.835000,19.034525
2590,19.034456,15.167840,16.456709,17.745582,19.150746,1.835000,19.034456
2591,19.034387,15.167776,16.456643,17.745515,19.150679,1.835000,19.034387
2592,19.034318,15.167712,16.456577,17.745448,19.150612,1.835000,19.034318
2593,19.034249,15.167647,16.456512,17.745380,19.150544,1.835000,19.034249
2594,19.034180,15.167583,16.456446,17.745313,19.150477,1.835000,19.034180
2595,19.034112,15.167519,16.456380,17.745246,19.150410,1.835000,19.034112
2596,19.034043,15.167455,16.456314,17.745179,19.150342,1.835000,19.034043
2597,19.033974,15.167391,16.456249,17.745111,19.150275,1.835000,19.033974
2598,19.033905,15.167326,16.456183,17.745044,19.150208,1.835000,19.033905
2599,19.033837,15.167262,16.456117,17.744977,19.150141,1.835000,19.033837
2600,19.033768,15.167198,16.456052,17.744910,19.150074,1.835000,19.033768
2601,19.033699,15.167134,16.455986,17.744843,19.150007,1.835000,19.033699
2602,19.033631,15.167070,16.455921,17.744776,19.149939,1.835000,19.033631
2603,19.033562,15.167006,16.455855,17.744709,19.149872,1.835000,19.033562
2604,19.033494,15.166942,16.455790,17.744642,19.149805,1.835000,19.033494
2605,19.033425,15.166878,16.455724,17.744575,19.149738,1.835000,19.033425
2606,19.033356,15.166814,16.455659,17.744508,19.149671,1.835000,19.033356
2607,19.033288,15.166750,16.455593,17.744441,19.149604,1.835000,19.033288
2608,19.033220,15.166686,16.455528,17.744374,19.149537,1.835000,19.033220
2609,19.033151,15.166623,16.455462,17.744307,19.149471,1.835000,19.033151
2610,19.033083,15.166559,16.455397,17.744240,19.149404,1.835000,19.033083
2611,19.033014,15.166495,16.455332,17.744173,19.149337,1.835000,19.033014
2612,19.032946,15.166431,16.455266,17.744106,19.149270,1.835000,19.032946
2613,19.032878,15.166367,16.455201,17.744039,19.149203,1.835000,19.032878
2614,19.032809,15.166304,16.455136,17.743973,19.149136,1.835000,19.032809
2615,19.032741,15.166240,16.455071,17.743906,19.149070,1.835000,19.032741
2616,19.032673,15.166176,16.455005,17.743839,19.149003,1.835000,19.032673
2617,19.032605,15.166113,16.454940,17.743772,19.148936,1.835000,19.032605
2618,19.032536,15.166049,16.454875,17.743706,19.148869,1.835000,19.032536
2619,19.032468,15.165985,16.454810,17.743639,19.148803,1.835000,19.032468
2620,19.032400,15.165922,16.454745,17.743572,19.148736,1.835000,19.032400
2621,19.032332,15.165858,16.454680,17.743506,19.148670,1.835000,19.032332
2622,19.032264,15.165795,16.454615,17.743439,19.148603,1.835000,19.032264
2623,19.032196,15.165731,16.454550,17.743373,19.148536,1.835000,19.032196
2624,19.032128,15.165668,16.454485,17.743306,19.148470,1.835000,19.032128
2625,19.032060,15.165604,16.454420,17.743240,19.148403,1.835000,19.032060
2626,19.031992,15.165541,16.454355,17.743173,19.148337,1.835000,19.031992
2627,19.031924,15.165477,16.454290,17.743107,19.148270,1.835000,19.031924
2628,19.031856,15.165414,16.454225,17.743040,19.148204,1.835000,19.031856
2629,19.031788,15.165351,16.454160,17.742974,19.148138,1.835000,19.031788
2630,19.031720,15.165287,16.454095,17.742907,19.148071,1.835000,19.031720
2631,19.031652,15.165224,16.454030,17.742841,19.148005,1.835000,19.031652
2632,19.031584,15.165161,16.453965,17.742775,19.147939,1.835000,19.031584
2633,19.031516,15.165097,16.453901,17.742708,19.147872,1.835000,19.031516
2634,19.031449,15.165034,16.453836,17.742642,19.147806,1.835000,19.031449
2635,19.031381,15.164971,16.453771,17.742576,19.147740,1.835000,19.031381
2636,19.031313,15.164908,16.453706,17.742510,19.147674,1.835000,19.031313
2637,19.031245,15.164844,16.453642,17.742444,19.147607,1.835000,19.031245
2638,19.031178,15.164781,16.453577,17.742377,19.147541,1.835000,19.031178
2639,19.031110,15.164718,16.453512,17.742311,19.147475,1.835000,19.031110
2640,19.031042,15.164655,16.453448,17.742245,19.147409,1.835000,19.031042
2641,19.030975,15.164592,16.453383,17.742179,19.147343,1.835000,19.030975
2642,19.030907,15.164529,16.453319,17.742113,19.147277,1.835000,19.030907
2643,19.030840,15.164466,16.453254,17.742047,19.147211,1.835000,19.030840
2644,19.030772,15.164403,16.453190,17.741981,19.147145,1.835000,19.030772
2645,19.030705,15.164340,16.453125,17.741915,19.147079,1.835000,19.030705
2646,19.030637,15.164277,16.453061,17.741849,19.147013,1.835000,19.030637
2647,19.030570,15.164214,16.452996,17.741783,19.146947,1.835000,19.030570
2648,19.030502,15.164151,16.452932,17.741717,19.146881,1.835000,19.030502
2649,19.030435,15.164088,16.452867,17.741651,19.146815,1.835000,19.030435
2650,19.030367,15.164025,16.452803,17.741585,19.146749,1.835000,19.030367
2651,19.030300,15.163962,16.452739,17.741519,19.146683,1.835000,19.030300
2652,19.030233,15.163899,16.452674,17.741454,19.146617,1.835000,19.030233
2653,19.030165,15.163837,16.452610,17.741388,19.146552,1.835000,19.030165
2654,19.030098,15.163774,16.452546,17.741322,19.146486,1.835000,19.030098
2655,19.030031,15.163711,16.452481,17.741256,19.146420,1.835000,19.030031
2656,19.029964,15.163648,16.452417,17.741190,19.146354,1.835000,19.029964
2657,19.029896,15.163586,16.452353,17.741125,19.146289,1.835000,19.029896
2658,19.029829,15.163523,16.452289,17.741059,19.146223,1.835000,19.029829
2659,19.029762,15.163460,16.452225,17.740993,19.146157,1.835000,19.029762
2660,19.029695,15.163398,16.452161,17.740928,19.146092,1.835000,19.029695
2661,19.029628,15.163335,16.452096,17.740862,19.146026,1.835000,19.029628
2662,19.029561,15.163273,16.452032,17.740797,19.145960,1.835000,19.029561
2663,19.029494,15.163210,16.451968,17.740731,19.145895,1.835000,19.029494
2664,19.029427,15.163147,16.451904,17.740666,19.145829,1.835000,19.029427
2665,19.029360,15.163085,16.451840,17.740600,19.145764,1.835000,19.029360
2666,19.029293,15.163022,16.451776,17.740535,19.145698,1.835000,19.029293
2667,19.029226,15.162960,16.451712,17.740469,19.145633,1.835000,19.029226
2668,19.029159,15.162898,16.451648,17.740404,19.145567,1.835000,19.029159
2669,19.029092,15.162835,16.451584,17.740338,19.145502,1.835000,19.029092
2670,19.029025,15.162773,16.451521,17.740273,19.145437,1.835000,19.029025
2671,19.028958,15.162710,16.451457,17.740207,19.145371,1.835000,19.028958
2672,19.028891,15.162648,16.451393,17.740142,19.145306,1.835000,19.028891
2673,19.028825,15.162586,16.451329,17.740077,19.145241,1.835000,19.028825
2674,19.028758,15.162523,16.451265,17.740012,19.145175,1.835000,19.028758
2675,19.028691,15.162461,16.451201,17.739946,19.145110,1.835000,19.028691
2676,19.028624,15.162399,16.451138,17.739881,19.145045,1.835000,19.028624
2677,19.028558,15.162337,16.451074,17.739816,19.144980,1.835000,19.028558
2678,19.028491,15.162274,16.451010,17.739751,19.144914,1.835000,19.028491
2679,19.028424,15.162212,16.450947,17.739685,19.144849,1.835000,19.028424
2680,19.028358,15.162150,16.450883,17.739620,19.144784,1.835000,19.028358
2681,19.028291,15.162088,16.450819,17.739555,19.144719,1.835000,19.028291
2682,19.028225,15.162026,16.450756,17.739490,19.144654,1.835000,19.028225
2683,19.028158,15.161964,16.450692,17.739425,19.144589,1.835000,19.028158
2684,19.028092,15.161901,16.450629,17.739360,19.144524,1.835000,19.028092
2685,19.028025,15.161839,16.450565,17.739295,19.144459,1.835000,19.028025
2686,19.027959,15.161777,16.450501,17.739230,19.144394,1.835000,19.027959
2687,19.027892,15.161715,16.450438,17.739165,19.144329,1.835000,19.027892
2688,19.027826,15.161653,16.450375,17.739100,19.144264,1.835000,19.027826
2689,19.027759,15.161591,16.450311,17.739035,19.144199,1.835000,19.027759
2690,19.027693,15.161530,16.450248,17.738970,19.144134,1.835000,19.027693
2691,19.027627,15.161468,16.450184,17.738905,19.144069,1.835000,19.027627
2692,19.027560,15.161406,16.450121,17.738841,19.144004,1.835000,19.027560
2693,19.027494,15.161344,16.450058,17.738776,19.143940,1.835000,19.027494
2694,19.027428,15.161282,16.449994,17.738711,19.143875,1.835000,19.027428
2695,19.027361,15.161220,16.449931,17.738646,19.143810,1.835000,19.027361
2696,19.027295,15.161158,16.449868,17.738581,19.143745,1.835000,19.027295
2697,19.027229,15.161097,16.449804,17.738517,19.143680,1.835000,19.027229
2698,19.027163,15.161035,16.449741,17.738452,19.143616,1.835000,19.027163
2699,19.027097,15.160973,16.449678,17.738387,19.143551,1.835000,19.027097
2700,19.027030,15.160911,16.449615,17.738323,19.143486,1.835000,19.027030
2701,19.026964,15.160850,16.449552,17.738258,19.143422,1.835000,19.026964
2702,19.026898,15.160788,16.449489,17.738193,19.143357,1.835000,19.026898
2703,19.026832,15.160726,16.449425,17.738129,19.143293,1.835000,19.026832
2704,19.026766,15.160665,16.449362,17.738064,19.143228,1.835000,19.026766
2705,19.026700,15.160603,16.449299,17.738000,19.143164,1.835000,19.026700
2706,19.026634,15.160542,16.449236,17.737935,19.143099,1.835000,19.026634
2707,19.026568,15.160480,16.449173,17.737871,19.143035,1.835000,19.026568
2708,19.026502,15.160419,16.449110,17.737806,19.142970,1.835000,19.026502
2709,19.026436,15.160357,16.449047,17.737742,19.142906,1.835000,19.026436
2710,19.026370,15.160296,16.448984,17.737677,19.142841,1.835000,19.026370
2711,19.026305,15.160234,16.448921,17.737613,19.142777,1.835000,19.026305
2712,19.026239,15.160173,16.448858,17.737549,19.142712,1.835000,19.026239
2713,19.026173,15.160111,16.448796,17.737484,19.142648,1.835000,19.026173
2714,19.026107,15.160050,16.448733,17.737420,19.142584,1.835000,19.026107
2715,19.026041,15.159989,16.448670,17.737356,19.142519,1.835000,19.026041
2716,19.025976,15.159927,16.448607,17.737291,19.142455,1.835000,19.025976
2717,19.025910,15.159866,16.448544,17.737227,19.142391,1.835000,19.025910
2718,19.025844,15.159805,16.448482,17.737163,19.142327,1.835000,19.025844
2719,19.025779,15.159743,16.448419,17.737099,19.142262,1.835000,19.025779
2720,19.025713,15.159682,16.448356,17.737034,19.142198,1.835000,19.025713
2721,19.025647,15.159621,16.448293,17.736970,19.142134,1.835000,19.025647
2722,19.025582,15.159560,16.448231,17.736906,19.142070,1.835000,19.025582
2723,19.025516,15.159498,16.448168,17.736842,19.142006,1.835000,19.025516
2724,19.025451,15.159437,16.448105,17.736778,19.141942,1.835000,19.025451
2725,19.025385,15.159376,16.448043,17.736714,19.141878,1.835000,19.025385
2726,19.025320,15.159315,16.447980,17.736650,19.141814,1.835000,19.025320
2727,19.025254,15.159254,16.447918,17.736586,19.141750,1.835000,19.025254
2728,19.025189,15.159193,16.447855,17.736522,19.141686,1.835000,19.025189
2729,19.025123,15.159132,16.447793,17.736458,19.141622,1.835000,19.025123
2730,19.025058,15.159071,16.447730,17.736394,19.141558,1.835000,19.025058
2731,19.024992,15.159010,16.447668,17.736330,19.141494,1.835000,19.024992
2732,19.024927,15.158949,16.447605,17.736266,19.141430,1.835000,19.024927
2733,19.024862,15.158888,16.447543,17.736202,19.141366,1.835000,19.024862
2734,19.024796,15.158827,16.447480,17.736138,19.141302,1.835000,19.024796
2735,19.024731,15.158766,16.447418,17.736075,19.141238,1.835000,19.024731
2736,19.024666,15.158705,16.447356,17.736011,19.141175,1.835000,19.024666
2737,19.024601,15.158644,16.447293,17.735947,19.141111,1.835000,19.024601
2738,19.024535,15.158583,16.447231,17.735883,19.141047,1.835000,19.024535
2739,19.024470,15.158522,16.447169,17.735820,19.140983,1.835000,19.024470
2740,19.024405,15.158462,16.447107,17.735756,19.140920,1.835000,19.024405
2741,19.024340,15.158401,16.447044,17.735692,19.140856,1.835000,19.024340
2742,19.024275,15.158340,16.446982,17.735628,19.140792,1.835000,19.024275
2743,19.024210,15.158279,16.446920,17.735565,19.140729,1.835000,19.024210
2744,19.024145,15.158219,16.446858,17.735501,19.140665,1.835000,19.024145
2745,19.024080,15.158158,16.446796,17.735438,19.140601,1.835000,19.024080
2746,19.024015,15.158097,16.446733,17.735374,19.140538,1.835000,19.024015
2747,19.023950,15.158037,16.446671,17.735310,19.140474,1.835000,19.023950
2748,19.023885,15.157976,16.446609,17.735247,19.140411,1.835000,19.023885
2749,19.023820,15.157915,16.446547,17.735183,19.140347,1.835000,19.023820
2750,19.023755,15.157855,16.446485,17.735120,19.140284,1.835000,19.023755
2751,19.023690,15.157794,16.446423,17.735056,19.140220,1.835000,19.023690
2752,19.023625,15.157734,16.446361,17.734993,19.140157,1.835000,19.023625
2753,19.023560,15.157673,16.446299,17.734930,19.140093,1.835000,19.023560
2754,19.023495,15.157613,16.446237,17.734866,19.140030,1.835000,19.023495
2755,19.023430,15.157552,16.446175,17.734803,19.139967,1.835000,19.023430
2756,19.023366,15.157492,16.446113,17.734740,19.139903,1.835000,19.023366
2757,19.023301,15.157431,16.446052,17.734676,19.139840,1.835000,19.023301
2758,19.023236,15.157371,16.445990,17.734613,19.139777,1.835000,19.023236
2759,19.023171,15.157311,16.445928,17.734550,19.139713,1.835000,19.023171
2760,19.023107,15.157250,16.445866,17.734486,19.139650,1.835000,19.023107
2761,19.023042,15.157190,16.445804,17.734423,19.139587,1.835000,19.023042
2762,19.022977,15.157129,16.445743,17.734360,19.139524,1.835000,19.022977
2763,19.022913,15.157069,16.445681,17.734297,19.139461,1.835000,19.022913
2764,19.022848,15.157009,16.445619,17.734234,19.139397,1.835000,19.022848
2765,19.022784,15.156949,16.445557,17.734170,19.139334,1.835000,19.022784
2766,19.022719,15.156888,16.445496,17.734107,19.139271,1.835000,19.022719
2767,19.022654,15.156828,16.445434,17.734044,19.139208,1.835000,19.022654
2768,19.022590,15.156768,16.445372,17.733981,19.139145,1.835000,19.022590
2769,19.022525,15.156708,16.445311,17.733918,19.139082,1.835000,19.022525
2770,19.022461,15.156648,16.445249,17.733855,19.139019,1.835000,19.022461
2771,19.022397,15.156588,16.445188,17.733792,19.138956,1.835000,19.022397
2772,19.022332,15.156527,16.445126,17.733729,19.138893,1.835000,19.022332
2773,19.022268,15.156467,16.445065,17.733666,19.138830,1.835000,19.022268
2774,19.022203,15.156407,16.445003,17.733603,19.138767,1.835000,19.022203
2775,19.022139,15.156347,16.444942,17.733540,19.138704,1.835000,19.022139
2776,19.022075,15.156287,16.444880,17.733477,19.138641,1.835000,19.022075
2777,19.022010,15.156227,16.444819,17.733415,19.138578,1.835000,19.022010
2778,19.021946,15.156167,16.444757,17.733352,19.138516,1.835000,19.021946
2779,19.021882,15.156107,16.444696,17.733289,19.138453,1.835000,19.021882
2780,19.021818,15.156047,16.444635,17.733226,19.138390,1.835000,19.021818
2781,19.021754,15.155987,16.444573,17.733163,19.138327,1.835000,19.021754
2782,19.021689,15.155928,16.444512,17.733101,19.138264,1.835000,19.021689
2783,19.021625,15.155868,16.444451,17.733038,19.138202,1.835000,19.021625
2784,19.021561,15.155808,16.444389,17.732975,19.138139,1.835000,19.021561
2785,19.021497,15.155748,16.444328,17.732913,19.138076,1.835000,19.021497
2786,19.021433,15.155688,16.444267,17.732850,19.138014,1.835000,19.021433
2787,19.021369,15.155628,16.444206,17.732787,19.137951,1.835000,19.021369
2788,19.021305,15.155569,16.444145,17.732725,19.137888,1.835000,19.021305
2789,19.021241,15.155509,16.444083,17.732662,19.137826,1.835000,19.021241
2790,19.021177,15.155449,16.444022,17.732599,19.137763,1.835000,19.021177
2791,19.021113,15.155390,16.443961,17.732537,19.137701,1.835000,19.021113
2792,19.021049,15.155330,16.443900,17.732474,19.137638,1.835000,19.021049
2793,19.020985,15.155270,16.443839,17.732412,19.137576,1.835000,19.020985
2794,19.020921,15.155211,16.443778,17.732349,19.137513,1.835000,19.020921
2795,19.020857,15.155151,16.443717,17.732287,19.137451,1.835000,19.020857
2796,19.020793,15.155091,16.443656,17.732224,19.137388,1.835000,19.020793
2797,19.020729,15.155032,16.443595,17.732162,19.137326,1.835000,19.020729
2798,19.020666,15.154972,16.443534,17.732100,19.137263,1.835000,19.020666
2799,19.020602,15.154913,16.443473,17.732037,19.137201,1.835000,19.020602
2800,19.020538,15.154853,16.443412,17.731975,19.137139,1.835000,19.020538
2801,19.020474,15.154794,16.443351,17.731913,19.137076,1.835000,19.020474
2802,19.020410,15.154734,16.443290,17.731850,19.137014,1.835000,19.020410
2803,19.020347,15.154675,16.443229,17.731788,19.136952,1.835000,19.020347
2804,19.020283,15.154615,16.443168,17.731726,19.136890,1.835000,19.020283
2805,19.020219,15.154556,16.443108,17.731664,19.136827,1.835000,19.020219
2806,19.020156,15.154497,16.443047,17.731601,19.136765,1.835000,19.020156
2807,19.020092,15.154437,16.442986,17.731539,19.136703,1.835000,19.020092
2808,19.020029,15.154378,16.442925,17.731477,19.136641,1.835000,19.020029
2809,19.019965,15.154319,16.442865,17.731415,19.136579,1.835000,19.019965
2810,19.019902,15.154259,16.442804,17.731353,19.136517,1.835000,19.019902
2811,19.019838,15.154200,16.442743,17.731291,19.136454,1.835000,19.019838
2812,19.019774,15.154141,16.442683,17.731229,19.136392,1.835000,19.019774
2813,19.019711,15.154082,16.442622,17.731166,19.136330,1.835000,19.019711
2814,19.019648,15.154022,16.442561,17.731104,19.136268,1.835000,19.019648
2815,19.019584,15.153963,16.442501,17.731042,19.136206,1.835000,19.019584
2816,19.019521,15.153904,16.442440,17.730980,19.136144,1.835000,19.019521
2817,19.019457,15.153845,16.442380,17.730918,19.136082,1.835000,19.019457
2818,19.019394,15.153786,16.442319,17.730857,19.136020,1.835000,19.019394
2819,19.019331,15.153727,16.442259,17.730795,19.135958,1.835000,19.019331
2820,19.019267,15.153668,16.442198,17.730733,19.135896,1.835000,19.019267
2821,19.019204,15.153609,16.442138,17.730671,19.135835,1.835000,19.019204
2822,19.019141,15.153550,16.442077,17.730609,19.135773,1.835000,19.019141
2823,19.019078,15.153490,16.442017,17.730547,19.135711,1.835000,19.019078
2824,19.019014,15.153431,16.441956,17.730485,19.135649,1.835000,19.019014
2825,19.018951,15.153373,16.441896,17.730423,19.135587,1.835000,19.018951
2826,19.018888,15.153314,16.441836,17.730362,19.135526,1.835000,19.018888
2827,19.018825,15.153255,16.441775,17.730300,19.135464,1.835000,19.018825
2828,19.018762,15.153196,16.441715,17.730238,19.135402,1.835000,19.018762
2829,19.018698,15.153137,16.441655,17.730177,19.135340,1.835000,19.018698
2830,19.018635,15.153078,16.441594,17.730115,19.135279,1.835000,19.018635
2831,19.018572,15.153019,16.441534,17.730053,19.135217,1.835000,19.018572
2832,19.018509,15.152960,16.441474,17.729992,19.135155,1.835000,19.018509
2833,19.018446,15.152901,16.441414,17.729930,19.135094,1.835000,19.018446
2834,19.018383,15.152843,16.441353,17.729868,19.135032,1.835000,19.018383
2835,19.018320,15.152784,16.441293,17.729807,19.134971,1.835000,19.018320
2836,19.018257,15.152725,16.441233,17.729745,19.134909,1.835000,19.018257
2837,19.018194,15.152666,16.441173,17.729684,19.134847,1.835000,19.018194
2838,19.018131,15.152608,16.441113,17.729622,19.134786,1.835000,19.018131
2839,19.018069,15.152549,16.441053,17.729561,19.134724,1.835000,19.018069
2840,19.018006,15.152490,16.440993,17.729499,19.134663,1.835000,19.018006
2841,19.017943,15.152432,16.440933,17.729438,19.134602,1.835000,19.017943
2842,19.017880,15.152373,16.440873,17.729376,19.134540,1.835000,19.017880
2843,19.017817,15.152314,16.440813,17.729315,19.134479,1.835000,19.017817
2844,19.017754,15.152256,16.440753,17.729254,19.134417,1.835000,19.017754
2845,19.017692,15.152197,16.440693,17.729192,19.134356,1.835000,19.017692
2846,19.017629,15.152139,16.440633,17.729131,19.134295,1.835000,19.017629
2847,19.017566,15.152080,16.440573,17.729069,19.134233,1.835000,19.017566
2848,19.017503,15.152022,16.440513,17.729008,19.134172,1.835000,19.017503
2849,19.017441,15.151963,16.440453,17.728947,19.134111,1.835000,19.017441
2850,19.017378,15.151905,16.440393,17.728886,19.134049,1.835000,19.017378
2851,19.017316,15.151846,16.440333,17.728824,19.133988,1.835000,19.017316
2852,19.017253,15.151788,16.440274,17.728763,19.133927,1.835000,19.017253
2853,19.017190,15.151730,16.440214,17.728702,19.133866,1.835000,19.017190
2854,19.017128,15.151671,16.440154,17.728641,19.133805,1.835000,19.017128
2855,19.017065,15.151613,16.440094,17.728580,19.133744,1.835000,19.017065
2856,19.017003,15.151555,16.440034,17.728519,19.133682,1.835000,19.017003
2857,19.016940,15.151496,16.439975,17.728457,19.133621,1.835000,19.016940
2858,19.016878,15.151438,16.439915,17.728396,19.133560,1.835000,19.016878
2859,19.016815,15.151380,16.439855,17.728335,19.133499,1.835000,19.016815
2860,19.016753,15.151321,16.439796,17.728274,19.133438,1.835000,19.016753
2861,19.016690,15.151263,16.439736,17.728213,19.133377,1.835000,19.016690
2862,19.016628,15.151205,16.439677,17.728152,19.133316,1.835000,19.016628
2863,19.016566,15.151147,16.439617,17.728091,19.133255,1.835000,19.016566
2864,19.016503,15.151089,16.439557,17.728030,19.133194,1.835000,19.016503
2865,19.016441,15.151030,16.439498,17.727969,19.133133,1.835000,19.016441
2866,19.016379,15.150972,16.439438,17.727909,19.133072,1.835000,19.016379
2867,19.016316,15.150914,16.439379,17.727848,19.133011,1.835000,19.016316
2868,19.016254,15.150856,16.439319,17.727787,19.132951,1.835000,19.016254
2869,19.016192,15.150798,16.439260,17.727726,19.132890,1.835000,19.016192
2870,19.016130,15.150740,16.439200,17.727665,19.132829,1.835000,19.016130
2871,19.016068,15.150682,16.439141,17.727604,19.132768,1.835000,19.016068
2872,19.016005,15.150624,16.439082,17.727543,19.132707,1.835000,19.016005
2873,19.015943,15.150566,16.439022,17.727483,19.132647,1.835000,19.015943
2874,19.015881,15.150508,16.438963,17.727422,19.132586,1.835000,19.015881
2875,19.015819,15.150450,16.438904,17.727361,19.132525,1.835000,19.015819
2876,19.015757,15.150392,16.438844,17.727301,19.132464,1.835000,19.015757
2877,19.015695,15.150334,16.438785,17.727240,19.132404,1.835000,19.015695
2878,19.015633,15.150276,16.438726,17.727179,19.132343,1.835000,19.015633
2879,19.015571,15.150218,16.438666,17.727119,19.132282,1.835000,19.015571
2880,19.015509,15.150161,16.438607,17.727058,19.132222,1.835000,19.015509
2881,19.015447,15.150103,16.438548,17.726997,19.132161,1.835000,19.015447
2882,19.015385,15.150045,16.438489,17.726937,19.132101,1.835000,19.015385
2883,19.015323,15.149987,16.438430,17.726876,19.132040,1.835000,19.015323
2884,19.015261,15.149929,16.438370,17.726816,19.131980,1.835000,19.015261
2885,19.015199,15.149872,16.438311,17.726755,19.131919,1.835000,19.015199
2886,19.015137,15.149814,16.438252,17.726695,19.131859,1.835000,19.015137
2887,19.015075,15.149756,16.438193,17.726634,19.131798,1.835000,19.015075
2888,19.015014,15.149698,16.438134,17.726574,19.131738,1.835000,19.015014
2889,19.014952,15.149641,16.438075,17.726513,19.131677,1.835000,19.014952
2890,19.014890,15.149583,16.438016,17.726453,19.131617,1.835000,19.014890
2891,19.014828,15.149525,16.437957,17.726393,19.131556,1.835000,19.014828
2892,19.014766,15.149468,16.437898,17.726332,19.131496,1.835000,19.014766
2893,19.014705,15.149410,16.437839,17.726272,19.131436,1.835000,19.014705
2894,19.014643,15.149353,16.437780,17.726212,19.131375,1.835000,19.014643
2895,19.014581,15.149295,16.437721,17.726151,19.131315,1.835000,19.014581
2896,19.014520,15.149238,16.437662,17.726091,19.131255,1.835000,19.014520
2897,19.014458,15.149180,16.437603,17.726031,19.131195,1.835000,19.014458
2898,19.014396,15.149123,16.437544,17.725970,19.131134,1.835000,19.014396
2899,19.014335,15.149065,16.437486,17.725910,19.131074,1.835000,19.014335
2900,19.014273,15.149008,16.437427,17.725850,19.131014,1.835000,19.014273
2901,19.014212,15.148950,16.437368,17.725790,19.130954,1.835000,19.014212
2902,19.014150,15.148893,16.437309,17.725730,19.130894,1.835000,19.014150
2903,19.014089,15.148835,16.437250,17.725670,19.130833,1.835000,19.014089
2904,19.014027,15.148778,16.437192,17.725609,19.130773,1.835000,19.014027
2905,19.013966,15.148721,16.437133,17.725549,19.130713,1.835000,19.013966
2906,19.013904,15.148663,16.437074,17.725489,19.130653,1.835000,19.013904
2907,19.013843,15.148606,16.437016,17.725429,19.130593,1.835000,19.013843
2908,19.013782,15.148549,16.436957,17.725369,19.130533,1.835000,19.013782
2909,19.013720,15.148492,16.436898,17.725309,19.130473,1.835000,19.013720
2910,19.013659,15.148434,16.436840,17.725249,19.130413,1.835000,19.013659
2911,19.013597,15.148377,16.436781,17.725189,19.130353,1.835000,19.013597
2912,19.013536,15.148320,16.436723,17.725129,19.130293,1.835000,19.013536
2913,19.013475,15.148263,16.436664,17.725069,19.130233,1.835000,19.013475
2914,19.013414,15.148205,16.436605,17.725009,19.130173,1.835000,19.013414
2915,19.013352,15.148148,16.436547,17.724950,19.130113,1.835000,19.013352
2916,19.013291,15.148091,16.436488,17.724890,19.130054,1.835000,19.013291
2917,19.013230,15.148034,16.436430,17.724830,19.129994,1.835000,19.013230
2918,19.013169,15.147977,16.436371,17.724770,19.129934,1.835000,19.013169
2919,19.013108,15.147920,16.436313,17.724710,19.129874,1.835000,19.013108
2920,19.013046,15.147863,16.436255,17.724650,19.129814,1.835000,19.013046
2921,19.012985,15.147806,16.436196,17.724591,19.129755,1.835000,19.012985
2922,19.012924,15.147749,16.436138,17.724531,19.129695,1.835000,19.012924
2923,19.012863,15.147692,16.436079,17.724471,19.129635,1.835000,19.012863
2924,19.012802,15.147635,16.436021,17.724412,19.129575,1.835000,19.012802
2925,19.012741,15.147578,16.435963,17.724352,19.129516,1.835000,19.012741
2926,19.012680,15.147521,16.435904,17.724292,19.129456,1.835000,19.012680
2927,19.012619,15.147464,16.435846,17.724233,19.129396,1.835000,19.012619
2928,19.012558,15.147407,16.435788,17.724173,19.129337,1.835000,19.012558
2929,19.012497,15.147350,16.435730,17.724113,19.129277,1.835000,19.012497
2930,19.012436,15.147293,16.435671,17.724054,19.129218,1.835000,19.012436
2931,19.012375,15.147236,16.435613,17.723994,19.129158,1.835000,19.012375
2932,19.012314,15.147180,16.435555,17.723935,19.129098,1.835000,19.012314
2933,19.012253,15.147123,16.435497,17.723875,19.129039,1.835000,19.012253
2934,19.012192,15.147066,16.435439,17.723816,19.128979,1.835000,19.012192
2935,19.012132,15.147009,16.435381,17.723756,19.128920,1.835000,19.012132
2936,19.012071,15.146953,16.435323,17.723697,19.128860,1.835000,19.012071
2937,19.012010,15.146896,16.435264,17.723637,19.128801,1.835000,19.012010
2938,19.011949,15.146839,16.435206,17.723578,19.128742,1.835000,19.011949
2939,19.011888,15.146782,16.435148,17.723518,19.128682,1.835000,19.011888
2940,19.011828,15.146726,16.435090,17.723459,19.128623,1.835000,19.011828
2941,19.011767,15.146669,16.435032,17.723400,19.128564,1.835000,19.011767
2942,19.011706,15.146612,16.434974,17.723340,19.128504,1.835000,19.011706
2943,19.011646,15.146556,16.434916,17.723281,19.128445,1.835000,19.011646
2944,19.011585,15.146499,16.434858,17.723222,19.128386,1.835000,19.011585
2945,19.011524,15.146443,16.434801,17.723162,19.128326,1.835000,19.011524
2946,19.011464,15.146386,16.434743,17.723103,19.128267,1.835000,19.011464
2947,19.011403,15.146330,16.434685,17.723044,19.128208,1.835000,19.011403
2948,19.011343,15.146273,16.434627,17.722985,19.128149,1.835000,19.011343
2949,19.011282,15.146217,16.434569,17.722926,19.128089,1.835000,19.011282
2950,19.011222,15.146160,16.434511,17.722866,19.128030,1.835000,19.011222
2951,19.011161,15.146104,16.434453,17.722807,19.127971,1.835000,19.011161
2952,19.011101,15.146047,16.434396,17.722748,19.127912,1.835000,19.011101
2953,19.011040,15.145991,16.434338,17.722689,19.127853,1.835000,19.011040
2954,19.010980,15.145934,16.434280,17.722630,19.127794,1.835000,19.010980
2955,19.010919,15.145878,16.434222,17.722571,19.127735,1.835000,19.010919
2956,19.010859,15.145822,16.434165,17.722512,19.127676,1.835000,19.010859
2957,19.010798,15.145765,16.434107,17.722453,19.127617,1.835000,19.010798
2958,19.010738,15.145709,16.434049,17.722394,19.127558,1.835000,19.010738
2959,19.010678,15.145653,16.433992,17.722335,19.127499,1.835000,19.010678
2960,19.010617,15.145596,16.433934,17.722276,19.127440,1.835000,19.010617
2961,19.010557,15.145540,16.433876,17.722217,19.127381,1.835000,19.010557
2962,19.010497,15.145484,16.433819,17.722158,19.127322,1.835000,19.010497
2963,19.010437,15.145428,16.433761,17.722099,19.127263,1.835000,19.010437
2964,19.010376,15.145371,16.433704,17.722040,19.127204,1.835000,19.010376
2965,19.010316,15.145315,16.433646,17.721981,19.127145,1.835000,19.010316
2966,19.010256,15.145259,16.433589,17.721922,19.127086,1.835000,19.010256
2967,19.010196,15.145203,16.433531,17.721863,19.127027,1.835000,19.010196
2968,19.010136,15.145147,16.433474,17.721805,19.126968,1.835000,19.010136
2969,19.010075,15.145091,16.433416,17.721746,19.126910,1.835000,19.010075
2970,19.010015,15.145035,16.433359,17.721687,19.126851,1.835000,19.010015
2971,19.009955,15.144978,16.433301,17.721628,19.126792,1.835000,19.009955
2972,19.009895,15.144922,16.433244,17.721570,19.126733,1.835000,19.009895
2973,19.009835,15.144866,16.433187,17.721511,19.126675,1.835000,19.009835
2974,19.009775,15.144810,16.433129,17.721452,19.126616,1.835000,19.009775
2975,19.009715,15.144754,16.433072,17.721393,19.126557,1.835000,19.009715
2976,19.009655,15.144698,16.433015,17.721335,19.126499,1.835000,19.009655
2977,19.009595,15.144642,16.432957,17.721276,19.126440,1.835000,19.009595
2978,19.009535,15.144586,16.432900,17.721218,19.126381,1.835000,19.009535
2979,19.009475,15.144531,16.432843,17.721159,19.126323,1.835000,19.009475
2980,19.009415,15.144475,16.432785,17.721100,19.126264,1.835000,19.009415
2981,19.009355,15.144419,16.432728,17.721042,19.126206,1.835000,19.009355
2982,19.009295,15.144363,16.432671,17.720983,19.126147,1.835000,19.009295
2983,19.009236,15.144307,16.432614,17.720925,19.126089,1.835000,19.009236
2984,19.009176,15.144251,16.432557,17.720866,19.126030,1.835000,19.009176
2985,19.009116,15.144195,16.432500,17.720808,19.125972,1.835000,19.009116
2986,19.009056,15.144140,16.432442,17.720749,19.125913,1.835000,19.009056
2987,19.008996,15.144084,16.432385,17.720691,19.125855,1.835000,19.008996
2988,19.008937,15.144028,16.432328,17.720632,19.125796,1.835000,19.008937
2989,19.008877,15.143972,16.432271,17.720574,19.125738,1.835000,19.008877
2990,19.008817,15.143917,16.432214,17.720516,19.125679,1.835000,19.008817
2991,19.008757,15.143861,16.432157,17.720457,19.125621,1.835000,19.008757
2992,19.008698,15.143805,16.432100,17.720399,19.125563,1.835000,19.008698
2993,19.008638,15.143749,16.432043,17.720341,19.125504,1.835000,19.008638
2994,19.008579,15.143694,16.431986,17.720282,19.125446,1.835000,19.008579
2995,19.008519,15.143638,16.431929,17.720224,19.125388,1.835000,19.008519
2996,19.008459,15.143583,16.431872,17.720166,19.125330,1.835000,19.008459
2997,19.008400,15.143527,16.431815,17.720107,19.125271,1.835000,19.008400
2998,19.008340,15.143471,16.431758,17.720049,19.125213,1.835000,19.008340
2999,19.008281,15.143416,16.431701,17.719991,19.125155,1.835000,19.008281
3000,19.008221,15.143360,16.431645,17.719933,19.125097,1.835000,19.008221
3001,19.008162,15.143305,16.431588,17.719875,19.125038,1.835000,19.008162
3002,19.008102,15.143249,16.431531,17.719817,19.124980,1.835000,19.008102
3003,19.008043,15.143194,16.431474,17.719758,19.124922,1.835000,19.008043
3004,19.007983,15.143138,16.431417,17.719700,19.124864,1.835000,19.007983
3005,19.007924,15.143083,16.431361,17.719642,19.124806,1.835000,19.007924
3006,19.007864,15.143028,16.431304,17.719584,19.124748,1.835000,19.007864
3007,19.007805,15.142972,16.431247,17.719526,19.124690,1.835000,19.007805
3008,19.007746,15.142917,16.431190,17.719468,19.124632,1.835000,19.007746
3009,19.007686,15.142861,16.431134,17.719410,19.124574,1.835000,19.007686
3010,19.007627,15.142806,16.431077,17.719352,19.124516,1.835000,19.007627
3011,19.007568,15.142751,16.431020,17.719294,19.124458,1.835000,19.007568
3012,19.007508,15.142695,16.430964,17.719236,19.124400,1.835000,19.007508
3013,19.007449,15.142640,16.430907,17.719178,19.124342,1.835000,19.007449
3014,19.007390,15.142585,16.430851,17.719120,19.124284,1.835000,19.007390
3015,19.007331,15.142530,16.430794,17.719062,19.124226,1.835000,19.007331
3016,19.007271,15.142474,16.430737,17.719004,19.124168,1.835000,19.007271
3017,19.007212,15.142419,16.430681,17.718947,19.124110,1.835000,19.007212
3018,19.007153,15.142364,16.430624,17.718889,19.124053,1.835000,19.007153
3019,19.007094,15.142309,16.430568,17.718831,19.123995,1.835000,19.007094
3020,19.007035,15.142253,16.430511,17.718773,19.123937,1.835000,19.007035
3021,19.006976,15.142198,16.430455,17.718715,19.123879,1.835000,19.006976
3022,19.006917,15.142143,16.430398,17.718658,19.123821,1.835000,19.006917
3023,19.006858,15.142088,16.430342,17.718600,19.123764,1.835000,19.006858
3024,19.006799,15.142033,16.430286,17.718542,19.123706,1.835000,19.006799
3025,19.006740,15.141978,16.430229,17.718484,19.123648,1.835000,19.006740
3026,19.006681,15.141923,16.430173,17.718427,19.123590,1.835000,19.006681
3027,19.006622,15.141868,16.430116,17.718369,19.123533,1.835000,19.006622
3028,19.006563,15.141813,16.430060,17.718311,19.123475,1.835000,19.006563
3029,19.006504,15.141758,16.430004,17.718254,19.123418,1.835000,19.006504
3030,19.006445,15.141703,16.429947,17.718196,19.123360,1.835000,19.006445
3031,19.006386,15.141648,16.429891,17.718139,19.123302,1.835000,19.006386
3032,19.006327,15.141593,16.429835,17.718081,19.123245,1.835000,19.006327
3033,19.006268,15.141538,16.429779,17.718023,19.123187,1.835000,19.006268
3034,19.006209,15.141483,16.429722,17.717966,19.123130,1.835000,19.006209
3035,19.006150,15.141428,16.429666,17.717908,19.123072,1.835000,19.006150
3036,19.006092,15.141373,16.429610,17.717851,19.123015,1.835000,19.006092
3037,19.006033,15.141318,16.429554,17.717793,19.122957,1.835000,19.006033
3038,19.005974,15.141264,16.429498,17.717736,19.122900,1.835000,19.005974
3039,19.005915,15.141209,16.429442,17.717678,19.122842,1.835000,19.005915
3040,19.005857,15.141154,16.429386,17.717621,19.122785,1.835000,19.005857
3041,19.005798,15.141099,16.429329,17.717564,19.122727,1.835000,19.005798
3042,19.005739,15.141044,16.429273,17.717506,19.122670,1.835000,19.005739
3043,19.005680,15.140990,16.429217,17.717449,19.122613,1.835000,19.005680
3044,19.005622,15.140935,16.429161,17.717392,19.122555,1.835000,19.005622
3045,19.005563,15.140880,16.429105,17.717334,19.122498,1.835000,19.005563
3046,19.005505,15.140825,16.429049,17.717277,19.122441,1.835000,19.005505
3047,19.005446,15.140771,16.428993,17.717220,19.122383,1.835000,19.005446
3048,19.005387,15.140716,16.428937,17.717162,19.122326,1.835000,19.005387
3049,19.005329,15.140662,16.428881,17.717105,19.122269,1.835000,19.005329
3050,19.005270,15.140607,16.428825,17.717048,19.122212,1.835000,19.005270
3051,19.005212,15.140552,16.428769,17.716991,19.122154,1.835000,19.005212
3052,19.005153,15.140498,16.428714,17.716933,19.122097,1.835000,19.005153
3053,19.005095,15.140443,16.428658,17.716876,19.122040,1.835000,19.005095
3054,19.005036,15.140389,16.428602,17.716819,19.121983,1.835000,19.005036
3055,19.004978,15.140334,16.428546,17.716762,19.121926,1.835000,19.004978
3056,19.004919,15.140280,16.428490,17.716705,19.121869,1.835000,19.004919
3057,19.004861,15.140225,16.428434,17.716648,19.121811,1.835000,19.004861
3058,19.004803,15.140171,16.428379,17.716591,19.121754,1.835000,19.004803
3059,19.004744,15.140116,16.428323,17.716534,19.121697,1.835000,19.004744
3060,19.004686,15.140062,16.428267,17.716476,19.121640,1.835000,19.004686
3061,19.004628,15.140007,16.428211,17.716419,19.121583,1.835000,19.004628
3062,19.004569,15.139953,16.428156,17.716362,19.121526,1.835000,19.004569
3063,19.004511,15.139898,16.428100,17.716305,19.121469,1.835000,19.004511
3064,19.004453,15.139844,16.428044,17.716248,19.121412,1.835000,19.004453
3065,19.004394,15.139790,16.427989,17.716192,19.121355,1.835000,19.004394
3066,19.004336,15.139735,16.427933,17.716135,19.121298,1.835000,19.004336
3067,19.004278,15.139681,16.427877,17.716078,19.121241,1.835000,19.004278
3068,19.004220,15.139627,16.427822,17.716021,19.121185,1.835000,19.004220
3069,19.004162,15.139572,16.427766,17.715964,19.121128,1.835000,19.004162
3070,19.004103,15.139518,16.427711,17.715907,19.121071,1.835000,19.004103
3071,19.004045,15.139464,16.427655,17.715850,19.121014,1.835000,19.004045
3072,19.003987,15.139410,16.427600,17.715793,19.120957,1.835000,19.003987
3073,19.003929,15.139355,16.427544,17.715737,19.120900,1.835000,19.003929
3074,19.003871,15.139301,16.427489,17.715680,19.120844,1.835000,19.003871
3075,19.003813,15.139247,16.427433,17.715623,19.120787,1.835000,19.003813
3076,19.003755,15.139193,16.427378,17.715566,19.120730,1.835000,19.003755
3077,19.003697,15.139139,16.427322,17.715509,19.120673,1.835000,19.003697
3078,19.003639,15.139085,16.427267,17.715453,19.120617,1.835000,19.003639
3079,19.003581,15.139030,16.427211,17.715396,19.120560,1.835000,19.003581
3080,19.003523,15.138976,16.427156,17.715339,19.120503,1.835000,19.003523
3081,19.003465,15.138922,16.427101,17.715283,19.120447,1.835000,19.003465
3082,19.003407,15.138868,16.427045,17.715226,19.120390,1.835000,19.003407
3083,19.003349,15.138814,16.426990,17.715169,19.120333,1.835000,19.003349
3084,19.003291,15.138760,16.426935,17.715113,19.120277,1.835000,19.003291
3085,19.003233,15.138706,16.426879,17.715056,19.120220,1.835000,19.003233
3086,19.003175,15.138652,16.426824,17.715000,19.120164,1.835000,19.003175
3087,19.003118,15.138598,16.426769,17.714943,19.120107,1.835000,19.003118
3088,19.003060,15.138544,16.426714,17.714887,19.120050,1.835000,19.003060
3089,19.003002,15.138490,16.426658,17.714830,19.119994,1.835000,19.003002
3090,19.002944,15.138436,16.426603,17.714774,19.119937,1.835000,19.002944
3091,19.002886,15.138383,16.426548,17.714717,19.119881,1.835000,19.002886
3092,19.002829,15.138329,16.426493,17.714661,19.119824,1.835000,19.002829
3093,19.002771,15.138275,16.426438,17.714604,19.119768,1.835000,19.002771
3094,19.002713,15.138221,16.426382,17.714548,19.119712,1.835000,19.002713
3095,19.002656,15.138167,16.426327,17.714491,19.119655,1.835000,19.002656
3096,19.002598,15.138113,16.426272,17.714435,19.119599,1.835000,19.002598
3097,19.002540,15.138059,16.426217,17.714379,19.119542,1.835000,19.002540
3098,19.002483,15.138006,16.426162,17.714322,19.119486,1.835000,19.002483
3099,19.002425,15.137952,16.426107,17.714266,19.119430,1.835000,19.002425
3100,19.002367,15.137898,16.426052,17.714210,19.119373,1.835000,19.002367
3101,19.002310,15.137844,16.425997,17.714153,19.119317,1.835000,19.002310
3102,19.002252,15.137791,16.425942,17.714097,19.119261,1.835000,19.002252
3103,19.002195,15.137737,16.425887,17.714041,19.119205,1.835000,19.002195
3104,19.002137,15.137683,16.425832,17.713985,19.119148,1.835000,19.002137
3105,19.002080,15.137630,16.425777,17.713928,19.119092,1.835000,19.002080
3106,19.002022,15.137576,16.425722,17.713872,19.119036,1.835000,19.002022
3107,19.001965,15.137522,16.425667,17.713816,19.118980,1.835000,19.001965
3108,19.001907,15.137469,16.425612,17.713760,19.118924,1.835000,19.001907
3109,19.001850,15.137415,16.425558,17.713704,19.118867,1.835000,19.001850
3110,19.001792,15.137362,16.425503,17.713648,19.118811,1.835000,19.001792
3111,19.001735,15.137308,16.425448,17.713591,19.118755,1.835000,19.001735
3112,19.001678,15.137255,16.425393,17.713535,19.118699,1.835000,19.001678
3113,19.001620,15.137201,16.425338,17.713479,19.118643,1.835000,19.001620
3114,19.001563,15.137148,16.425283,17.713423,19.118587,1.835000,19.001563
3115,19.001506,15.137094,16.425229,17.713367,19.118531,1.835000,19.001506
3116,19.001448,15.137041,16.425174,17.713311,19.118475,1.835000,19.001448
3117,19.001391,15.136987,16.425119,17.713255,19.118419,1.835000,19.001391
3118,19.001334,15.136934,16.425065,17.713199,19.118363,1.835000,19.001334
3119,19.001276,15.136880,16.425010,17.713143,19.118307,1.835000,19.001276
3120,19.001219,15.136827,16.424955,17.713087,19.118251,1.835000,19.001219
3121,19.001162,15.136774,16.424901,17.713031,19.118195,1.835000,19.001162
3122,19.001105,15.136720,16.424846,17.712975,19.118139,1.835000,19.001105
3123,19.001048,15.136667,16.424791,17.712919,19.118083,1.835000,19.001048
3124,19.000991,15.136614,16.424737,17.712864,19.118027,1.835000,19.000991
3125,19.000933,15.136560,16.424682,17.712808,19.117972,1.835000,19.000933
3126,19.000876,15.136507,16.424627,17.712752,19.117916,1.835000,19.000876
3127,19.000819,15.136454,16.424573,17.712696,19.117860,1.835000,19.000819
3128,19.000762,15.136400,16.424518,17.712640,19.117804,1.835000,19.000762
3129,19.000705,15.136347,16.424464,17.712584,19.117748,1.835000,19.000705
3130,19.000648,15.136294,16.424409,17.712529,19.117692,1.835000,19.000648
3131,19.000591,15.136241,16.424355,17.712473,19.117637,1.835000,19.000591
3132,19.000534,15.136187,16.424300,17.712417,19.117581,1.835000,19.000534
3133,19.000477,15.136134,16.424246,17.712361,19.117525,1.835000,19.000477
3134,19.000420,15.136081,16.424192,17.712306,19.117470,1.835000,19.000420
3135,19.000363,15.136028,16.424137,17.712250,19.117414,1.835000,19.000363
3136,19.000306,15.135975,16.424083,17.712194,19.117358,1.835000,19.000306
3137,19.000249,15.135922,16.424028,17.712139,19.117303,1.835000,19.000249
3138,19.000192,15.135869,16.423974,17.712083,19.117247,1.835000,19.000192
3139,19.000135,15.135816,16.423920,17.712028,19.117191,1.835000,19.000135
3140,19.000079,15.135763,16.423865,17.711972,19.117136,1.835000,19.000079
3141,19.000022,15.135709,16.423811,17.711916,19.117080,1.835000,19.000022
3142,18.999965,15.135656,16.423757,17.711861,19.117025,1.835000,18.999965
3143,18.999908,15.135603,16.423702,17.711805,19.116969,1.835000,18.999908
3144,18.999851,15.135550,16.423648,17.711750,19.116914,1.835000,18.999851
3145,18.999794,15.135497,16.423594,17.711694,19.116858,1.835000,18.999794
3146,18.999738,15.135445,16.423540,17.711639,19.116803,1.835000,18.999738
3147,18.999681,15.135392,16.423486,17.711583,19.116747,1.835000,18.999681
3148,18.999624,15.135339,16.423431,17.711528,19.116692,1.835000,18.999624
3149,18.999568,15.135286,16.423377,17.711472,19.116636,1.835000,18.999568
3150,18.999511,15.135233,16.423323,17.711417,19.116581,1.835000,18.999511
3151,18.999454,15.135180,16.423269,17.711362,19.116525,1.835000,18.999454
3152,18.999398,15.135127,16.423215,17.711306,19.116470,1.835000,18.999398
3153,18.999341,15.135074,16.423161,17.711251,19.116415,1.835000,18.999341
3154,18.999284,15.135021,16.423107,17.711195,19.116359,1.835000,18.999284
3155,18.999228,15.134969,16.423052,17.711140,19.116304,1.835000,18.999228
3156,18.999171,15.134916,16.422998,17.711085,19.116249,1.835000,18.999171
3157,18.999115,15.134863,16.422944,17.711030,19.116193,1.835000,18.999115
3158,18.999058,15.134810,16.422890,17.710974,19.116138,1.835000,18.999058
3159,18.999002,15.134758,16.422836,17.710919,19.116083,1.835000,18.999002
3160,18.998945,15.134705,16.422782,17.710864,19.116028,1.835000,18.998945
3161,18.998889,15.134652,16.422728,17.710808,19.115972,1.835000,18.998889
3162,18.998832,15.134599,16.422674,17.710753,19.115917,1.835000,18.998832
3163,18.998776,15.134547,16.422621,17.710698,19.115862,1.835000,18.998776
3164,18.998719,15.134494,16.422567,17.710643,19.115807,1.835000,18.998719
3165,18.998663,15.134441,16.422513,17.710588,19.115752,1.835000,18.998663
3166,18.998606,15.134389,16.422459,17.710533,19.115696,1.835000,18.998606
3167,18.998550,15.134336,16.422405,17.710478,19.115641,1.835000,18.998550
3168,18.998494,15.134284,16.422351,17.710422,19.115586,1.835000,18.998494
3169,18.998437,15.134231,16.422297,17.710367,19.115531,1.835000,18.998437
3170,18.998381,15.134179,16.422244,17.710312,19.115476,1.835000,18.998381
3171,18.998325,15.134126,16.422190,17.710257,19.115421,1.835000,18.998325
3172,18.998268,15.134073,16.422136,17.710202,19.115366,1.835000,18.998268
3173,18.998212,15.134021,16.422082,17.710147,19.115311,1.835000,18.998212
3174,18.998156,15.133968,16.422028,17.710092,19.115256,1.835000,18.998156
3175,18.998100,15.133916,16.421975,17.710037,19.115201,1.835000,18.998100
3176,18.998043,15.133864,16.421921,17.709982,19.115146,1.835000,18.998043
3177,18.997987,15.133811,16.421867,17.709927,19.115091,1.835000,18.997987
3178,18.997931,15.133759,16.421814,17.709872,19.115036,1.835000,18.997931
3179,18.997875,15.133706,16.421760,17.709817,19.114981,1.835000,18.997875
3180,18.997819,15.133654,16.421706,17.709763,19.114926,1.835000,18.997819
3181,18.997763,15.133602,16.421653,17.709708,19.114871,1.835000,18.997763
3182,18.997706,15.133549,16.421599,17.709653,19.114817,1.835000,18.997706
3183,18.997650,15.133497,16.421545,17.709598,19.114762,1.835000,18.997650
3184,18.997594,15.133444,16.421492,17.709543,19.114707,1.835000,18.997594
3185,18.997538,15.133392,16.421438,17.709488,19.114652,1.835000,18.997538
3186,18.997482,15.133340,16.421385,17.709433,19.114597,1.835000,18.997482
3187,18.997426,15.133288,16.421331,17.709379,19.114543,1.835000,18.997426
3188,18.997370,15.133235,16.421278,17.709324,19.114488,1.835000,18.997370
3189,18.997314,15.133183,16.421224,17.709269,19.114433,1.835000,18.997314
3190,18.997258,15.133131,16.421171,17.709215,19.114378,1.835000,18.997258
3191,18.997202,15.133079,16.421117,17.709160,19.114324,1.835000,18.997202
3192,18.997146,15.133026,16.421064,17.709105,19.114269,1.835000,18.997146
3193,18.997090,15.132974,16.421010,17.709050,19.114214,1.835000,18.997090
3194,18.997034,15.132922,16.420957,17.708996,19.114160,1.835000,18.997034
3195,18.996979,15.132870,16.420904,17.708941,19.114105,1.835000,18.996979
3196,18.996923,15.132818,16.420850,17.708887,19.114050,1.835000,18.996923
3197,18.996867,15.132766,16.420797,17.708832,19.113996,1.835000,18.996867
3198,18.996811,15.132714,16.420744,17.708777,19.113941,1.835000,18.996811
3199,18.996755,15.132662,16.420690,17.708723,19.113887,1.835000,18.996755
3200,18.996699,15.132609,16.420637,17.708668,19.113832,1.835000,18.996699
3201,18.996644,15.132557,16.420584,17.708614,19.113777,1.835000,18.996644
3202,18.996588,15.132505,16.420530,17.708559,19.113723,1.835000,18.996588
3203,18.996532,15.132453,16.420477,17.708505,19.113668,1.835000,18.996532
3204,18.996476,15.132401,16.420424,17.708450,19.113614,1.835000,18.996476
3205,18.996421,15.132349,16.420371,17.708396,19.113560,1.835000,18.996421
3206,18.996365,15.132297,16.420317,17.708341,19.113505,1.835000,18.996365
3207,18.996309,15.132245,16.420264,17.708287,19.113451,1.835000,18.996309
3208,18.996254,15.132194,16.420211,17.708232,19.113396,1.835000,18.996254
3209,18.996198,15.132142,16.420158,17.708178,19.113342,1.835000,18.996198
3210,18.996142,15.132090,16.420105,17.708124,19.113287,1.835000,18.996142
3211,18.996087,15.132038,16.420052,17.708069,19.113233,1.835000,18.996087
3212,18.996031,15.131986,16.419999,17.708015,19.113179,1.835000,18.996031
3213,18.995976,15.131934,16.419945,17.707961,19.113124,1.835000,18.995976
3214,18.995920,15.131882,16.419892,17.707906,19.113070,1.835000,18.995920
3215,18.995865,15.131830,16.419839,17.707852,19.113016,1.835000,18.995865
3216,18.995809,15.131779,16.419786,17.707798,19.112961,1.835000,18.995809
3217,18.995754,15.131727,16.419733,17.707743,19.112907,1.835000,18.995754
3218,18.995698,15.131675,16.419680,17.707689,19.112853,1.835000,18.995698
3219,18.995643,15.131623,16.419627,17.707635,19.112799,1.835000,18.995643
3220,18.995587,15.131572,16.419574,17.707581,19.112745,1.835000,18.995587
3221,18.995532,15.131520,16.419521,17.707527,19.112690,1.835000,18.995532
3222,18.995476,15.131468,16.419468,17.707472,19.112636,1.835000,18.995476
3223,18.995421,15.131416,16.419415,17.707418,19.112582,1.835000,18.995421
3224,18.995366,15.131365,16.419363,17.707364,19.112528,1.835000,18.995366
3225,18.995310,15.131313,16.419310,17.707310,19.112474,1.835000,18.995310
3226,18.995255,15.131261,16.419257,17.707256,19.112420,1.835000,18.995255
3227,18.995199,15.131210,16.419204,17.707202,19.112365,1.835000,18.995199
3228,18.995144,15.131158,16.419151,17.707148,19.112311,1.835000,18.995144
3229,18.995089,15.131107,16.419098,17.707094,19.112257,1.835000,18.995089
3230,18.995034,15.131055,16.419045,17.707040,19.112203,1.835000,18.995034
3231,18.994978,15.131003,16.418993,17.706985,19.112149,1.835000,18.994978
3232,18.994923,15.130952,16.418940,17.706931,19.112095,1.835000,18.994923
3233,18.994868,15.130900,16.418887,17.706877,19.112041,1.835000,18.994868
3234,18.994813,15.130849,16.418834,17.706823,19.111987,1.835000,18.994813
3235,18.994757,15.130797,16.418782,17.706770,19.111933,1.835000,18.994757
3236,18.994702,15.130746,16.418729,17.706716,19.111879,1.835000,18.994702
3237,18.994647,15.130694,16.418676,17.706662,19.111825,1.835000,18.994647
3238,18.994592,15.130643,16.418624,17.706608,19.111772,1.835000,18.994592
3239,18.994537,15.130592,16.418571,17.706554,19.111718,1.835000,18.994537
3240,18.994482,15.130540,16.418518,17.706500,19.111664,1.835000,18.994482
3241,18.994427,15.130489,16.418466,17.706446,19.111610,1.835000,18.994427
3242,18.994372,15.130437,16.418413,17.706392,19.111556,1.835000,18.994372
3243,18.994316,15.130386,16.418360,17.706338,19.111502,1.835000,18.994316
3244,18.994261,15.130335,16.418308,17.706285,19.111448,1.835000,18.994261
3245,18.994206,15.130283,16.418255,17.706231,19.111395,1.835000,18.994206
3246,18.994151,15.130232,16.418203,17.706177,19.111341,1.835000,18.994151
3247,18.994096,15.130181,16.418150,17.706123,19.111287,1.835000,18.994096
3248,18.994041,15.130129,16.418098,17.706070,19.111233,1.835000,18.994041
3249,18.993987,15.130078,16.418045,17.706016,19.111180,1.835000,18.993987
3250,18.993932,15.130027,16.417993,17.705962,19.111126,1.835000,18.993932
3251,18.993877,15.129976,16.417940,17.705908,19.111072,1.835000,18.993877
3252,18.993822,15.129924,16.417888,17.705855,19.111019,1.835000,18.993822
3253,18.993767,15.129873,16.417835,17.705801,19.110965,1.835000,18.993767
3254,18.993712,15.129822,16.417783,17.705747,19.110911,1.835000,18.993712
3255,18.993657,15.129771,16.417730,17.705694,19.110858,1.835000,18.993657
3256,18.993602,15.129720,16.417678,17.705640,19.110804,1.835000,18.993602
3257,18.993547,15.129668,16.417626,17.705587,19.110750,1.835000,18.993547
3258,18.993493,15.129617,16.417573,17.705533,19.110697,1.835000,18.993493
3259,18.993438,15.129566,16.417521,17.705479,19.110643,1.835000,18.993438
3260,18.993383,15.129515,16.417469,17.705426,19.110590,1.835000,18.993383
3261,18.993328,15.129464,16.417416,17.705372,19.110536,1.835000,18.993328
3262,18.993274,15.129413,16.417364,17.705319,19.110483,1.835000,18.993274
3263,18.993219,15.129362,16.417312,17.705265,19.110429,1.835000,18.993219
3264,18.993164,15.129311,16.417259,17.705212,19.110376,1.835000,18.993164
3265,18.993110,15.129260,16.417207,17.705158,19.110322,1.835000,18.993110
3266,18.993055,15.129209,16.417155,17.705105,19.110269,1.835000,18.993055
3267,18.993000,15.129158,16.417103,17.705051,19.110215,1.835000,18.993000
3268,18.992946,15.129107,16.417051,17.704998,19.110162,1.835000,18.992946
3269,18.992891,15.129056,16.416998,17.704945,19.110108,1.835000,18.992891
3270,18.992836,15.129005,16.416946,17.704891,19.110055,1.835000,18.992836
3271,18.992782,15.128954,16.416894,17.704838,19.110002,1.835000,18.992782
3272,18.992727,15.128903,16.416842,17.704785,19.109948,1.835000,18.992727
3273,18.992673,15.128852,16.416790,17.704731,19.109895,1.835000,18.992673
3274,18.992618,15.128801,16.416738,17.704678,19.109842,1.835000,18.992618
3275,18.992564,15.128750,16.416686,17.704625,19.109788,1.835000,18.992564
3276,18.992509,15.128699,16.416634,17.704571,19.109735,1.835000,18.992509
3277,18.992455,15.128649,16.416581,17.704518,19.109682,1.835000,18.992455
3278,18.992400,15.128598,16.416529,17.704465,19.109629,1.835000,18.992400
3279,18.992346,15.128547,16.416477,17.704412,19.109575,1.835000,18.992346
3280,18.992291,15.128496,16.416425,17.704358,19.109522,1.835000,18.992291
3281,18.992237,15.128445,16.416373,17.704305,19.109469,1.835000,18.992237
3282,18.992182,15.128395,16.416321,17.704252,19.109416,1.835000,18.992182
3283,18.992128,15.128344,16.416269,17.704199,19.109363,1.835000,18.992128
3284,18.992074,15.128293,16.416218,17.704146,19.109309,1.835000,18.992074
3285,18.992019,15.128242,16.416166,17.704092,19.109256,1.835000,18.992019
3286,18.991965,15.128192,16.416114,17.704039,19.109203,1.835000,18.991965
3287,18.991911,15.128141,16.416062,17.703986,19.109150,1.835000,18.991911
3288,18.991856,15.128090,16.416010,17.703933,19.109097,1.835000,18.991856
3289,18.991802,15.128040,16.415958,17.703880,19.109044,1.835000,18.991802
3290,18.991748,15.127989,16.415906,17.703827,19.108991,1.835000,18.991748
3291,18.991694,15.127938,16.415854,17.703774,19.108938,1.835000,18.991694
3292,18.991639,15.127888,16.415803,17.703721,19.108885,1.835000,18.991639
3293,18.991585,15.127837,16.415751,17.703668,19.108832,1.835000,18.991585
3294,18.991531,15.127787,16.415699,17.703615,19.108779,1.835000,18.991531
3295,18.991477,15.127736,16.415647,17.703562,19.108726,1.835000,18.991477
3296,18.991422,15.127686,16.415595,17.703509,19.108673,1.835000,18.991422
3297,18.991368,15.127635,16.415544,17.703456,19.108620,1.835000,18.991368
3298,18.991314,15.127585,16.415492,17.703403,19.108567,1.835000,18.991314
3299,18.991260,15.127534,16.415440,17.703350,19.108514,1.835000,18.991260
3300,18.991206,15.127484,16.415389,17.703297,19.108461,1.835000,18.991206
3301,18.991152,15.127433,16.415337,17.703244,19.108408,1.835000,18.991152
3302,18.991098,15.127383,16.415285,17.703192,19.108355,1.835000,18.991098
3303,18.991044,15.127332,16.415234,17.703139,19.108302,1.835000,18.991044
3304,18.990990,15.127282,16.415182,17.703086,19.108250,1.835000,18.990990
3305,18.990936,15.127231,16.415130,17.703033,19.108197,1.835000,18.990936
3306,18.990882,15.127181,16.415079,17.702980,19.108144,1.835000,18.990882
3307,18.990828,15.127131,16.415027,17.702927,19.108091,1.835000,18.990828
3308,18.990774,15.127080,16.414976,17.702875,19.108038,1.835000,18.990774
3309,18.990720,15.127030,16.414924,17.702822,19.107986,1.835000,18.990720
3310,18.990666,15.126980,16.414873,17.702769,19.107933,1.835000,18.990666
3311,18.990612,15.126929,16.414821,17.702716,19.107880,1.835000,18.990612
3312,18.990558,15.126879,16.414770,17.702664,19.107828,1.835000,18.990558
3313,18.990504,15.126829,16.414718,17.702611,19.107775,1.835000,18.990504
3314,18.990450,15.126778,16.414667,17.702558,19.107722,1.835000,18.990450
3315,18.990396,15.126728,16.414615,17.702506,19.107670,1.835000,18.990396
3316,18.990342,15.126678,16.414564,17.702453,19.107617,1.835000,18.990342
3317,18.990289,15.126628,16.414512,17.702400,19.107564,1.835000,18.990289
3318,18.990235,15.126577,16.414461,17.702348,19.107512,1.835000,18.990235
3319,18.990181,15.126527,16.414409,17.702295,19.107459,1.835000,18.990181
3320,18.990127,15.126477,16.414358,17.702243,19.107406,1.835000,18.990127
3321,18.990073,15.126427,16.414307,17.702190,19.107354,1.835000,18.990073
3322,18.990020,15.126377,16.414255,17.702138,19.107301,1.835000,18.990020
3323,18.989966,15.126327,16.414204,17.702085,19.107249,1.835000,18.989966
3324,18.989912,15.126276,16.414153,17.702032,19.107196,1.835000,18.989912
3325,18.989859,15.126226,16.414101,17.701980,19.107144,1.835000,18.989859
3326,18.989805,15.126176,16.414050,17.701927,19.107091,1.835000,18.989805
3327,18.989751,15.126126,16.413999,17.701875,19.107039,1.835000,18.989751
3328,18.989698,15.126076,16.413948,17.701823,19.106986,1.835000,18.989698
3329,18.989644,15.126026,16.413896,17.701770,19.106934,1.835000,18.989644
3330,18.989590,15.125976,16.413845,17.701718,19.106882,1.835000,18.989590
3331,18.989537,15.125926,16.413794,17.701665,19.106829,1.835000,18.989537
3332,18.989483,15.125876,16.413743,17.701613,19.106777,1.835000,18.989483
3333,18.989430,15.125826,16.413691,17.701561,19.106724,1.835000,18.989430
3334,18.989376,15.125776,16.413640,17.701508,19.106672,1.835000,18.989376
3335,18.989322,15.125726,16.413589,17.701456,19.106620,1.835000,18.989322
3336,18.989269,15.125676,16.413538,17.701403,19.106567,1.835000,18.989269
3337,18.989215,15.125626,16.413487,17.701351,19.106515,1.835000,18.989215
3338,18.989162,15.125576,16.413436,17.701299,19.106463,1.835000,18.989162
3339,18.989109,15.125526,16.413385,17.701247,19.106410,1.835000,18.989109
3340,18.989055,15.125477,16.413334,17.701194,19.106358,1.835000,18.989055
3341,18.989002,15.125427,16.413283,17.701142,19.106306,1.835000,18.989002
3342,18.988948,15.125377,16.413232,17.701090,19.106254,1.835000,18.988948
3343,18.988895,15.125327,16.413181,17.701038,19.106201,1.835000,18.988895
3344,18.988841,15.125277,16.413129,17.700985,19.106149,1.835000,18.988841
3345,18.988788,15.125227,16.413079,17.700933,19.106097,1.835000,18.988788
3346,18.988735,15.125178,16.413028,17.700881,19.106045,1.835000,18.988735
3347,18.988681,15.125128,16.412977,17.700829,19.105993,1.835000,18.988681
3348,18.988628,15.125078,16.412926,17.700777,19.105941,1.835000,18.988628
3349,18.988575,15.125028,16.412875,17.700725,19.105888,1.835000,18.988575
3350,18.988521,15.124979,16.412824,17.700673,19.105836,1.835000,18.988521
3351,18.988468,15.124929,16.412773,17.700620,19.105784,1.835000,18.988468
3352,18.988415,15.124879,16.412722,17.700568,19.105732,1.835000,18.988415
3353,18.988362,15.124829,16.412671,17.700516,19.105680,1.835000,18.988362
3354,18.988308,15.124780,16.412620,17.700464,19.105628,1.835000,18.988308
3355,18.988255,15.124730,16.412569,17.700412,19.105576,1.835000,18.988255
3356,18.988202,15.124680,16.412519,17.700360,19.105524,1.835000,18.988202
3357,18.988149,15.124631,16.412468,17.700308,19.105472,1.835000,18.988149
3358,18.988096,15.124581,16.412417,17.700256,19.105420,1.835000,18.988096
3359,18.988042,15.124532,16.412366,17.700204,19.105368,1.835000,18.988042
3360,18.987989,15.124482,16.412315,17.700152,19.105316,1.835000,18.987989
3361,18.987936,15.124432,16.412265,17.700100,19.105264,1.835000,18.987936
3362,18.987883,15.124383,16.412214,17.700048,19.105212,1.835000,18.987883
3363,18.987830,15.124333,16.412163,17.699997,19.105160,1.835000,18.987830
3364,18.987777,15.124284,16.412112,17.699945,19.105108,1.835000,18.987777
3365,18.987724,15.124234,16.412062,17.699893,19.105057,1.835000,18.987724
3366,18.987671,15.124185,16.412011,17.699841,19.105005,1.835000,18.987671
3367,18.987618,15.124135,16.411960,17.699789,19.104953,1.835000,18.987618
3368,18.987565,15.124086,16.411910,17.699737,19.104901,1.835000,18.987565
3369,18.987512,15.124036,16.411859,17.699685,19.104849,1.835000,18.987512
3370,18.987459,15.123987,16.411809,17.699634,19.104797,1.835000,18.987459
3371,18.987406,15.123938,16.411758,17.699582,19.104746,1.835000,18.987406
3372,18.987353,15.123888,16.411707,17.699530,19.104694,1.835000,18.987353
3373,18.987300,15.123839,16.411657,17.699478,19.104642,1.835000,18.987300
3374,18.987247,15.123789,16.411606,17.699427,19.104590,1.835000,18.987247
3375,18.987194,15.123740,16.411556,17.699375,19.104539,1.835000,18.987194
3376,18.987141,15.123691,16.411505,17.699323,19.104487,1.835000,18.987141
3377,18.987088,15.123641,16.411455,17.699271,19.104435,1.835000,18.987088
3378,18.987035,15.123592,16.411404,17.699220,19.104384,1.835000,18.987035
3379,18.986983,15.123543,16.411354,17.699168,19.104332,1.835000,18.986983
3380,18.986930,15.123493,16.411303,17.699116,19.104280,1.835000,18.986930
3381,18.986877,15.123444,16.411253,17.699065,19.104229,1.835000,18.986877
3382,18.986824,15.123395,16.411202,17.699013,19.104177,1.835000,18.986824
3383,18.986771,15.123346,16.411152,17.698962,19.104125,1.835000,18.986771
3384,18.986719,15.123296,16.411101,17.698910,19.104074,1.835000,18.986719
3385,18.986666,15.123247,16.411051,17.698858,19.104022,1.835000,18.986666
3386,18.986613,15.123198,16.411001,17.698807,19.103971,1.835000,18.986613
3387,18.986560,15.123149,16.410950,17.698755,19.103919,1.835000,18.986560
3388,18.986508,15.123100,16.410900,17.698704,19.103868,1.835000,18.986508
3389,18.986455,15.123050,16.410850,17.698652,19.103816,1.835000,18.986455
3390,18.986402,15.123001,16.410799,17.698601,19.103765,1.835000,18.986402
3391,18.986350,15.122952,16.410749,17.698549,19.103713,1.835000,18.986350
3392,18.986297,15.122903,16.410699,17.698498,19.103662,1.835000,18.986297
3393,18.986244,15.122854,16.410648,17.698446,19.103610,1.835000,18.986244
3394,18.986192,15.122805,16.410598,17.698395,19.103559,1.835000,18.986192
3395,18.986139,15.122756,16.410548,17.698344,19.103507,1.835000,18.986139
3396,18.986087,15.122707,16.410498,17.698292,19.103456,1.835000,18.986087
3397,18.986034,15.122658,16.410447,17.698241,19.103405,1.835000,18.986034
3398,18.985982,15.122609,16.410397,17.698189,19.103353,1.835000,18.985982
3399,18.985929,15.122560,16.410347,17.698138,19.103302,1.835000,18.985929
3400,18.985876,15.122511,16.410297,17.698087,19.103250,1.835000,18.985876
3401,18.985824,15.122462,16.410247,17.698035,19.103199,1.835000,18.985824
3402,18.985772,15.122413,16.410197,17.697984,19.103148,1.835000,18.985772
3403,18.985719,15.122364,16.410146,17.697933,19.103097,1.835000,18.985719
3404,18.985667,15.122315,16.410096,17.697881,19.103045,1.835000,18.985667
3405,18.985614,15.122266,16.410046,17.697830,19.102994,1.835000,18.985614
3406,18.985562,15.122217,16.409996,17.697779,19.102943,1.835000,18.985562
3407,18.985509,15.122168,16.409946,17.697728,19.102892,1.835000,18.985509
3408,18.985457,15.122119,16.409896,17.697676,19.102840,1.835000,18.985457
3409,18.985405,15.122070,16.409846,17.697625,19.102789,1.835000,18.985405
3410,18.985352,15.122021,16.409796,17.697574,19.102738,1.835000,18.985352
3411,18.985300,15.121973,16.409746,17.697523,19.102687,1.835000,18.985300
3412,18.985248,15.121924,16.409696,17.697472,19.102636,1.835000,18.985248
3413,18.985195,15.121875,16.409646,17.697421,19.102584,1.835000,18.985195
3414,18.985143,15.121826,16.409596,17.697369,19.102533,1.835000,18.985143
3415,18.985091,15.121777,16.409546,17.697318,19.102482,1.835000,18.985091
3416,18.985038,15.121729,16.409496,17.697267,19.102431,1.835000,18.985038
3417,18.984986,15.121680,16.409446,17.697216,19.102380,1.835000,18.984986
3418,18.984934,15.121631,16.409396,17.697165,19.102329,1.835000,18.984934
3419,18.984882,15.121582,16.409346,17.697114,19.102278,1.835000,18.984882
3420,18.984829,15.121534,16.409297,17.697063,19.102227,1.835000,18.984829
3421,18.984777,15.121485,16.409247,17.697012,19.102176,1.835000,18.984777
3422,18.984725,15.121436,16.409197,17.696961,19.102125,1.835000,18.984725
3423,18.984673,15.121388,16.409147,17.696910,19.102074,1.835000,18.984673
3424,18.984621,15.121339,16.409097,17.696859,19.102023,1.835000,18.984621
3425,18.984569,15.121290,16.409047,17.696808,19.101972,1.835000,18.984569
3426,18.984517,15.121242,16.408998,17.696757,19.101921,1.835000,18.984517
3427,18.984464,15.121193,16.408948,17.696706,19.101870,1.835000,18.984464
3428,18.984412,15.121144,16.408898,17.696655,19.101819,1.835000,18.984412
3429,18.984360,15.121096,16.408848,17.696604,19.101768,1.835000,18.984360
3430,18.984308,15.121047,16.408799,17.696553,19.101717,1.835000,18.984308
3431,18.984256,15.120999,16.408749,17.696502,19.101666,1.835000,18.984256
3432,18.984204,15.120950,16.408699,17.696452,19.101615,1.835000,18.984204
3433,18.984152,15.120902,16.408649,17.696401,19.101565,1.835000,18.984152
3434,18.984100,15.120853,16.408600,17.696350,19.101514,1.835000,18.984100
3435,18.984048,15.120805,16.408550,17.696299,19.101463,1.835000,18.984048
3436,18.983996,15.120756,16.408500,17.696248,19.101412,1.835000,18.983996
3437,18.983944,15.120708,16.408451,17.696198,19.101361,1.835000,18.983944
3438,18.983892,15.120659,16.408401,17.696147,19.101311,1.835000,18.983892
3439,18.983840,15.120611,16.408352,17.696096,19.101260,1.835000,18.983840
3440,18.983788,15.120562,16.408302,17.696045,19.101209,1.835000,18.983788
3441,18.983737,15.120514,16.408252,17.695995,19.101158,1.835000,18.983737
3442,18.983685,15.120465,16.408203,17.695944,19.101108,1.835000,18.983685
3443,18.983633,15.120417,16.408153,17.695893,19.101057,1.835000,18.983633
3444,18.983581,15.120369,16.408104,17.695842,19.101006,1.835000,18.983581
3445,18.983529,15.120320,16.408054,17.695792,19.100956,1.835000,18.983529
3446,18.983477,15.120272,16.408005,17.695741,19.100905,1.835000,18.983477
3447,18.983426,15.120224,16.407955,17.695690,19.100854,1.835000,18.983426
3448,18.983374,15.120175,16.407906,17.695640,19.100804,1.835000,18.983374
3449,18.983322,15.120127,16.407856,17.695589,19.100753,1.835000,18.983322
3450,18.983270,15.120079,16.407807,17.695539,19.100702,1.835000,18.983270
3451,18.983219,15.120030,16.407758,17.695488,19.100652,1.835000,18.983219
3452,18.983167,15.119982,16.407708,17.695437,19.100601,1.835000,18.983167
3453,18.983115,15.119934,16.407659,17.695387,19.100551,1.835000,18.983115
3454,18.983063,15.119886,16.407609,17.695336,19.100500,1.835000,18.983063
3455,18.983012,15.119837,16.407560,17.695286,19.100450,1.835000,18.983012
3456,18.982960,15.119789,16.407511,17.695235,19.100399,1.835000,18.982960
3457,18.982908,15.119741,16.407461,17.695185,19.100349,1.835000,18.982908
3458,18.982857,15.119693,16.407412,17.695134,19.100298,1.835000,18.982857
3459,18.982805,15.119645,16.407363,17.695084,19.100248,1.835000,18.982805
3460,18.982754,15.119597,16.407313,17.695033,19.100197,1.835000,18.982754
3461,18.982702,15.119548,16.407264,17.694983,19.100147,1.835000,18.982702
3462,18.982650,15.119500,16.407215,17.694933,19.100096,1.835000,18.982650
3463,18.982599,15.119452,16.407165,17.694882,19.100046,1.835000,18.982599
3464,18.982547,15.119404,16.407116,17.694832,19.099996,1.835000,18.982547
3465,18.982496,15.119356,16.407067,17.694781,19.099945,1.835000,18.982496
3466,18.982444,15.119308,16.407018,17.694731,19.099895,1.835000,18.982444
3467,18.982393,15.119260,16.406969,17.694681,19.099844,1.835000,18.982393
3468,18.982341,15.119212,16.406919,17.694630,19.099794,1.835000,18.982341
3469,18.982290,15.119164,16.406870,17.694580,19.099744,1.835000,18.982290
3470,18.982238,15.119116,16.406821,17.694530,19.099693,1.835000,18.982238
3471,18.982187,15.119068,16.406772,17.694479,19.099643,1.835000,18.982187
3472,18.982135,15.119020,16.406723,17.694429,19.099593,1.835000,18.982135
3473,18.982084,15.118972,16.406674,17.694379,19.099543,1.835000,18.982084
3474,18.982033,15.118924,16.406625,17.694329,19.099492,1.835000,18.982033
3475,18.981981,15.118876,16.406575,17.694278,19.099442,1.835000,18.981981
3476,18.981930,15.118828,16.406526,17.694228,19.099392,1.835000,18.981930
3477,18.981879,15.118780,16.406477,17.694178,19.099342,1.835000,18.981879
3478,18.981827,15.118732,16.406428,17.694128,19.099292,1.835000,18.981827
3479,18.981776,15.118684,16.406379,17.694078,19.099241,1.835000,18.981776
3480,18.981725,15.118636,16.406330,17.694027,19.099191,1.835000,18.981725
3481,18.981673,15.118589,16.406281,17.693977,19.099141,1.835000,18.981673
3482,18.981622,15.118541,16.406232,17.693927,19.099091,1.835000,18.981622
3483,18.981571,15.118493,16.406183,17.693877,19.099041,1.835000,18.981571
3484,18.981520,15.118445,16.406134,17.693827,19.098991,1.835000,18.981520
3485,18.981468,15.118397,16.406085,17.693777,19.098941,1.835000,18.981468
3486,18.981417,15.118350,16.406036,17.693727,19.098891,1.835000,18.981417
3487,18.981366,15.118302,16.405987,17.693677,19.098840,1.835000,18.981366
3488,18.981315,15.118254,16.405939,17.693627,19.098790,1.835000,18.981315
3489,18.981263,15.118206,16.405890,17.693577,19.098740,1.835000,18.981263
3490,18.981212,15.118158,16.405841,17.693527,19.098690,1.835000,18.981212
3491,18.981161,15.118111,16.405792,17.693477,19.098640,1.835000,18.981161
3492,18.981110,15.118063,16.405743,17.693427,19.098590,1.835000,18.981110
3493,18.981059,15.118015,16.405694,17.693377,19.098540,1.835000,18.981059
3494,18.981008,15.117968,16.405645,17.693327,19.098490,1.835000,18.981008
3495,18.980957,15.117920,16.405597,17.693277,19.098440,1.835000,18.980957
3496,18.980906,15.117872,16.405548,17.693227,19.098391,1.835000,18.980906
3497,18.980855,15.117825,16.405499,17.693177,19.098341,1.835000,18.980855
3498,18.980804,15.117777,16.405450,17.693127,19.098291,1.835000,18.980804
3499,18.980753,15.117729,16.405402,17.693077,19.098241,1.835000,18.980753
3500,18.980702,15.117682,16.405353,17.693027,19.098191,1.835000,18.980702
3501,18.980651,15.117634,16.405304,17.692977,19.098141,1.835000,18.980651
3502,18.980600,15.117587,16.405255,17.692927,19.098091,1.835000,18.980600
3503,18.980549,15.117539,16.405207,17.692878,19.098041,1.835000,18.980549
3504,18.980498,15.117492,16.405158,17.692828,19.097992,1.835000,18.980498
3505,18.980447,15.117444,16.405109,17.692778,19.097942,1.835000,18.980447
3506,18.980396,15.117397,16.405061,17.692728,19.097892,1.835000,18.980396
3507,18.980345,15.117349,16.405012,17.692678,19.097842,1.835000,18.980345
3508,18.980294,15.117302,16.404963,17.692629,19.097792,1.835000,18.980294
3509,18.980243,15.117254,16.404915,17.692579,19.097743,1.835000,18.980243
3510,18.980192,15.117207,16.404866,17.692529,19.097693,1.835000,18.980192
3511,18.980141,15.117159,16.404818,17.692479,19.097643,1.835000,18.980141
3512,18.980090,15.117112,16.404769,17.692430,19.097594,1.835000,18.980090
3513,18.980040,15.117064,16.404720,17.692380,19.097544,1.835000,18.980040
3514,18.979989,15.117017,16.404672,17.692330,19.097494,1.835000,18.979989
3515,18.979938,15.116969,16.404623,17.692281,19.097445,1.835000,18.979938
3516,18.979887,15.116922,16.404575,17.692231,19.097395,1.835000,18.979887
3517,18.979837,15.116875,16.404526,17.692181,19.097345,1.835000,18.979837
3518,18.979786,15.116827,16.404478,17.692132,19.097296,1.835000,18.979786
3519,18.979735,15.116780,16.404429,17.692082,19.097246,1.835000,18.979735
3520,18.979684,15.116733,16.404381,17.692033,19.097196,1.835000,18.979684
3521,18.979634,15.116685,16.404333,17.691983,19.097147,1.835000,18.979634
3522,18.979583,15.116638,16.404284,17.691933,19.097097,1.835000,18.979583
3523,18.979532,15.116591,16.404236,17.691884,19.097048,1.835000,18.979532
3524,18.979482,15.116543,16.404187,17.691834,19.096998,1.835000,18.979482
3525,18.979431,15.116496,16.404139,17.691785,19.096949,1.835000,18.979431
3526,18.979380,15.116449,16.404090,17.691735,19.096899,1.835000,18.979380
3527,18.979330,15.116402,16.404042,17.691686,19.096850,1.835000,18.979330
3528,18.979279,15.116355,16.403994,17.691636,19.096800,1.835000,18.979279
3529,18.979228,15.116307,16.403945,17.691587,19.096751,1.835000,18.979228
3530,18.979178,15.116260,16.403897,17.691537,19.096701,1.835000,18.979178
3531,18.979127,15.116213,16.403849,17.691488,19.096652,1.835000,18.979127
3532,18.979077,15.116166,16.403800,17.691439,19.096602,1.835000,18.979077
3533,18.979026,15.116119,16.403752,17.691389,19.096553,1.835000,18.979026
3534,18.978976,15.116071,16.403704,17.691340,19.096504,1.835000,18.978976
3535,18.978925,15.116024,16.403656,17.691290,19.096454,1.835000,18.978925
3536,18.978875,15.115977,16.403607,17.691241,19.096405,1.835000,18.978875
3537,18.978824,15.115930,16.403559,17.691192,19.096356,1.835000,18.978824
3538,18.978774,15.115883,16.403511,17.691142,19.096306,1.835000,18.978774
3539,18.978723,15.115836,16.403463,17.691093,19.096257,1.835000,18.978723
3540,18.978673,15.115789,16.403415,17.691044,19.096208,1.835000,18.978673
3541,18.978622,15.115742,16.403366,17.690994,19.096158,1.835000,18.978622
3542,18.978572,15.115695,16.403318,17.690945,19.096109,1.835000,18.978572
3543,18.978522,15.115648,16.403270,17.690896,19.096060,1.835000,18.978522
3544,18.978471,15.115601,16.403222,17.690847,19.096010,1.835000,18.978471
3545,18.978421,15.115554,16.403174,17.690797,19.095961,1.835000,18.978421
3546,18.978371,15.115507,16.403126,17.690748,19.095912,1.835000,18.978371
3547,18.978320,15.115460,16.403078,17.690699,19.095863,1.835000,18.978320
3548,18.978270,15.115413,16.403030,17.690650,19.095814,1.835000,18.978270
3549,18.978220,15.115366,16.402982,17.690601,19.095764,1.835000,18.978220
3550,18.978169,15.115319,16.402933,17.690551,19.095715,1.835000,18.978169
3551,18.978119,15.115272,16.402885,17.690502,19.095666,1.835000,18.978119
3552,18.978069,15.115225,16.402837,17.690453,19.095617,1.835000,18.978069
3553,18.978018,15.115178,16.402789,17.690404,19.095568,1.835000,18.978018
3554,18.977968,15.115131,16.402741,17.690355,19.095519,1.835000,18.977968
3555,18.977918,15.115085,16.402693,17.690306,19.095470,1.835000,18.977918
3556,18.977868,15.115038,16.402645,17.690257,19.095420,1.835000,18.977868
3557,18.977818,15.114991,16.402598,17.690208,19.095371,1.835000,18.977818
3558,18.977767,15.114944,16.402550,17.690158,19.095322,1.835000,18.977767
3559,18.977717,15.114897,16.402502,17.690109,19.095273,1.835000,18.977717
3560,18.977667,15.114850,16.402454,17.690060,19.095224,1.835000,18.977667
3561,18.977617,15.114804,16.402406,17.690011,19.095175,1.835000,18.977617
3562,18.977567,15.114757,16.402358,17.689962,19.095126,1.835000,18.977567
3563,18.977517,15.114710,16.402310,17.689913,19.095077,1.835000,18.977517
3564,18.977467,15.114663,16.402262,17.689864,19.095028,1.835000,18.977467
3565,18.977416,15.114617,16.402214,17.689815,19.094979,1.835000,18.977416
3566,18.977366,15.114570,16.402167,17.689766,19.094930,1.835000,18.977366
3567,18.977316,15.114523,16.402119,17.689718,19.094881,1.835000,18.977316
3568,18.977266,15.114476,16.402071,17.689669,19.094832,1.835000,18.977266
3569,18.977216,15.114430,16.402023,17.689620,19.094783,1.835000,18.977216
3570,18.977166,15.114383,16.401975,17.689571,19.094735,1.835000,18.977166
3571,18.977116,15.114336,16.401928,17.689522,19.094686,1.835000,18.977116
3572,18.977066,15.114290,16.401880,17.689473,19.094637,1.835000,18.977066
3573,18.977016,15.114243,16.401832,17.689424,19.094588,1.835000,18.977016
3574,18.976966,15.114197,16.401784,17.689375,19.094539,1.835000,18.976966
3575,18.976916,15.114150,16.401737,17.689327,19.094490,1.835000,18.976916
3576,18.976866,15.114103,16.401689,17.689278,19.094441,1.835000,18.976866
3577,18.976817,15.114057,16.401641,17.689229,19.094393,1.835000,18.976817
3578,18.976767,15.114010,16.401594,17.689180,19.094344,1.835000,18.976767
3579,18.976717,15.113964,16.401546,17.689131,19.094295,1.835000,18.976717
3580,18.976667,15.113917,16.401498,17.689083,19.094246,1.835000,18.976667
3581,18.976617,15.113871,16.401451,17.689034,19.094198,1.835000,18.976617
3582,18.976567,15.113824,16.401403,17.688985,19.094149,1.835000,18.976567
3583,18.976517,15.113778,16.401355,17.688936,19.094100,1.835000,18.976517
3584,18.976468,15.113731,16.401308,17.688888,19.094051,1.835000,18.976468
3585,18.976418,15.113685,16.401260,17.688839,19.094003,1.835000,18.976418
3586,18.976368,15.113638,16.401213,17.688790,19.093954,1.835000,18.976368
3587,18.976318,15.113592,16.401165,17.688742,19.093905,1.835000,18.976318
3588,18.976268,15.113545,16.401117,17.688693,19.093857,1.835000,18.976268
3589,18.976219,15.113499,16.401070,17.688644,19.093808,1.835000,18.976219
3590,18.976169,15.113453,16.401022,17.688596,19.093759,1.835000,18.976169
3591,18.976119,15.113406,16.400975,17.688547,19.093711,1.835000,18.976119
3592,18.976070,15.113360,16.400927,17.688498,19.093662,1.835000,18.976070
3593,18.976020,15.113313,16.400880,17.688450,19.093614,1.835000,18.976020
3594,18.975970,15.113267,16.400833,17.688401,19.093565,1.835000,18.975970
3595,18.975920,15.113221,16.400785,17.688353,19.093517,1.835000,18.975920
3596,18.975871,15.113174,16.400738,17.688304,19.093468,1.835000,18.975871
3597,18.975821,15.113128,16.400690,17.688256,19.093419,1.835000,18.975821
3598,18.975772,15.113082,16.400643,17.688207,19.093371,1.835000,18.975772
3599,18.975722,15.113035,16.400595,17.688159,19.093322,1.835000,18.975722
3600,18.975672,15.112989,16.400548,17.688110,19.093274,1.835000,18.975672
3601,18.975623,15.112943,16.400501,17.688062,19.093226,1.835000,18.975623
3602,18.975573,15.112897,16.400453,17.688013,19.093177,1.835000,18.975573
3603,18.975524,15.112850,16.400406,17.687965,19.093129,1.835000,18.975524
3604,18.975474,15.112804,16.400359,17.687916,19.093080,1.835000,18.975474
3605,18.975425,15.112758,16.400311,17.687868,19.093032,1.835000,18.975425
3606,18.975375,15.112712,16.400264,17.687820,19.092983,1.835000,18.975375
3607,18.975326,15.112666,16.400217,17.687771,19.092935,1.835000,18.975326
3608,18.975276,15.112619,16.400169,17.687723,19.092887,1.835000,18.975276
3609,18.975227,15.112573,16.400122,17.687674,19.092838,1.835000,18.975227
3610,18.975177,15.112527,16.400075,17.687626,19.092790,1.835000,18.975177
3611,18.975128,15.112481,16.400028,17.687578,19.092741,1.835000,18.975128
3612,18.975078,15.112435,16.399980,17.687529,19.092693,1.835000,18.975078
3613,18.975029,15.112389,16.399933,17.687481,19.092645,1.835000,18.975029
3614,18.974979,15.112343,16.399886,17.687433,19.092597,1.835000,18.974979
3615,18.974930,15.112297,16.399839,17.687384,19.092548,1.835000,18.974930
3616,18.974881,15.112250,16.399792,17.687336,19.092500,1.835000,18.974881
3617,18.974831,15.112204,16.399744,17.687288,19.092452,1.835000,18.974831
3618,18.974782,15.112158,16.399697,17.687240,19.092403,1.835000,18.974782
3619,18.974733,15.112112,16.399650,17.687191,19.092355,1.835000,18.974733
3620,18.974683,15.112066,16.399603,17.687143,19.092307,1.835000,18.974683
3621,18.974634,15.112020,16.399556,17.687095,19.092259,1.835000,18.974634
3622,18.974585,15.111974,16.399509,17.687047,19.092211,1.835000,18.974585
3623,18.974535,15.111928,16.399462,17.686999,19.092162,1.835000,18.974535
3624,18.974486,15.111882,16.399415,17.686950,19.092114,1.835000,18.974486
3625,18.974437,15.111836,16.399368,17.686902,19.092066,1.835000,18.974437
3626,18.974388,15.111790,16.399321,17.686854,19.092018,1.835000,18.974388
3627,18.974338,15.111744,16.399274,17.686806,19.091970,1.835000,18.974338
3628,18.974289,15.111699,16.399227,17.686758,19.091922,1.835000,18.974289
3629,18.974240,15.111653,16.399180,17.686710,19.091874,1.835000,18.974240
3630,18.974191,15.111607,16.399133,17.686662,19.091826,1.835000,18.974191
3631,18.974142,15.111561,16.399086,17.686614,19.091777,1.835000,18.974142
3632,18.974092,15.111515,16.399039,17.686566,19.091729,1.835000,18.974092
3633,18.974043,15.111469,16.398992,17.686518,19.091681,1.835000,18.974043
3634,18.973994,15.111423,16.398945,17.686469,19.091633,1.835000,18.973994
3635,18.973945,15.111377,16.398898,17.686421,19.091585,1.835000,18.973945
3636,18.973896,15.111332,16.398851,17.686373,19.091537,1.835000,18.973896
3637,18.973847,15.111286,16.398804,17.686325,19.091489,1.835000,18.973847
3638,18.973798,15.111240,16.398757,17.686277,19.091441,1.835000,18.973798
3639,18.973749,15.111194,16.398710,17.686229,19.091393,1.835000,18.973749
3640,18.973700,15.111148,16.398663,17.686182,19.091345,1.835000,18.973700
3641,18.973651,15.111103,16.398617,17.686134,19.091297,1.835000,18.973651
3642,18.973602,15.111057,16.398570,17.686086,19.091249,1.835000,18.973602
3643,18.973553,15.111011,16.398523,17.686038,19.091202,1.835000,18.973553
3644,18.973504,15.110966,16.398476,17.685990,19.091154,1.835000,18.973504
3645,18.973455,15.110920,16.398429,17.685942,19.091106,1.835000,18.973455
3646,18.973406,15.110874,16.398382,17.685894,19.091058,1.835000,18.973406
3647,18.973357,15.110828,16.398336,17.685846,19.091010,1.835000,18.973357
3648,18.973308,15.110783,16.398289,17.685798,19.090962,1.835000,18.973308
3649,18.973259,15.110737,16.398242,17.685751,19.090914,1.835000,18.973259
3650,18.973210,15.110691,16.398195,17.685703,19.090866,1.835000,18.973210
3651,18.973161,15.110646,16.398149,17.685655,19.090819,1.835000,18.973161
3652,18.973112,15.110600,16.398102,17.685607,19.090771,1.835000,18.973112
3653,18.973063,15.110555,16.398055,17.685559,19.090723,1.835000,18.973063
3654,18.973014,15.110509,16.398009,17.685512,19.090675,1.835000,18.973014
3655,18.972966,15.110463,16.397962,17.685464,19.090628,1.835000,18.972966
3656,18.972917,15.110418,16.397915,17.685416,19.090580,1.835000,18.972917
3657,18.972868,15.110372,16.397869,17.685368,19.090532,1.835000,18.972868
3658,18.972819,15.110327,16.397822,17.685321,19.090484,1.835000,18.972819
3659,18.972770,15.110281,16.397775,17.685273,19.090437,1.835000,18.972770
3660,18.972721,15.110236,16.397729,17.685225,19.090389,1.835000,18.972721
3661,18.972673,15.110190,16.397682,17.685177,19.090341,1.835000,18.972673
3662,18.972624,15.110145,16.397636,17.685130,19.090294,1.835000,18.972624
3663,18.972575,15.110099,16.397589,17.685082,19.090246,1.835000,18.972575
3664,18.972526,15.110054,16.397542,17.685034,19.090198,1.835000,18.972526
3665,18.972478,15.110008,16.397496,17.684987,19.090151,1.835000,18.972478
3666,18.972429,15.109963,16.397449,17.684939,19.090103,1.835000,18.972429
3667,18.972380,15.109917,16.397403,17.684892,19.090055,1.835000,18.972380
3668,18.972332,15.109872,16.397356,17.684844,19.090008,1.835000,18.972332
3669,18.972283,15.109827,16.397310,17.684796,19.089960,1.835000,18.972283
3670,18.972234,15.109781,16.397263,17.684749,19.089913,1.835000,18.972234
3671,18.972186,15.109736,16.397217,17.684701,19.089865,1.835000,18.972186
3672,18.972137,15.109690,16.397170,17.684654,19.089818,1.835000,18.972137
3673,18.972089,15.109645,16.397124,17.684606,19.089770,1.835000,18.972089
3674,18.972040,15.109600,16.397078,17.684559,19.089723,1.835000,18.972040
3675,18.971991,15.109554,16.397031,17.684511,19.089675,1.835000,18.971991
3676,18.971943,15.109509,16.396985,17.684464,19.089628,1.835000,18.971943
3677,18.971894,15.109464,16.396938,17.684416,19.089580,1.835000,18.971894
3678,18.971846,15.109418,16.396892,17.684369,19.089533,1.835000,18.971846
3679,18.971797,15.109373,16.396846,17.684321,19.089485,1.835000,18.971797
3680,18.971749,15.109328,16.396799,17.684274,19.089438,1.835000,18.971749
3681,18.971700,15.109283,16.396753,17.684227,19.089390,1.835000,18.971700
3682,18.971652,15.109237,16.396707,17.684179,19.089343,1.835000,18.971652
3683,18.971603,15.109192,16.396660,17.684132,19.089296,1.835000,18.971603
3684,18.971555,15.109147,16.396614,17.684084,19.089248,1.835000,18.971555
3685,18.971506,15.109102,16.396568,17.684037,19.089201,1.835000,18.971506
3686,18.971458,15.109057,16.396521,17.683990,19.089153,1.835000,18.971458
3687,18.971409,15.109011,16.396475,17.683942,19.089106,1.835000,18.971409
3688,18.971361,15.108966,16.396429,17.683895,19.089059,1.835000,18.971361
3689,18.971313,15.108921,16.396383,17.683848,19.089011,1.835000,18.971313
3690,18.971264,15.108876,16.396336,17.683800,19.088964,1.835000,18.971264
3691,18.971216,15.108831,16.396290,17.683753,19.088917,1.835000,18.971216
3692,18.971167,15.108786,16.396244,17.683706,19.088870,1.835000,18.971167
3693,18.971119,15.108740,16.396198,17.683658,19.088822,1.835000,18.971119
3694,18.971071,15.108695,16.396152,17.683611,19.088775,1.835000,18.971071
3695,18.971022,15.108650,16.396106,17.683564,19.088728,1.835000,18.971022
3696,18.970974,15.108605,16.396059,17.683517,19.088681,1.835000,18.970974
3697,18.970926,15.108560,16.396013,17.683470,19.088633,1.835000,18.970926
3698,18.970878,15.108515,16.395967,17.683422,19.088586,1.835000,18.970878
3699,18.970829,15.108470,16.395921,17.683375,19.088539,1.835000,18.970829
3700,18.970781,15.108425,16.395875,17.683328,19.088492,1.835000,18.970781
3701,18.970733,15.108380,16.395829,17.683281,19.088445,1.835000,18.970733
3702,18.970685,15.108335,16.395783,17.683234,19.088397,1.835000,18.970685
3703,18.970636,15.108290,16.395737,17.683186,19.088350,1.835000,18.970636
3704,18.970588,15.108245,16.395691,17.683139,19.088303,1.835000,18.970588
3705,18.970540,15.108200,16.395645,17.683092,19.088256,1.835000,18.970540
3706,18.970492,15.108155,16.395599,17.683045,19.088209,1.835000,18.970492
3707,18.970444,15.108110,16.395552,17.682998,19.088162,1.835000,18.970444
3708,18.970395,15.108065,16.395506,17.682951,19.088115,1.835000,18.970395
3709,18.970347,15.108020,16.395460,17.682904,19.088068,1.835000,18.970347
3710,18.970299,15.107975,16.395415,17.682857,19.088021,1.835000,18.970299
3711,18.970251,15.107931,16.395369,17.682810,19.087974,1.835000,18.970251
3712,18.970203,15.107886,16.395323,17.682763,19.087927,1.835000,18.970203
3713,18.970155,15.107841,16.395277,17.682716,19.087880,1.835000,18.970155
3714,18.970107,15.107796,16.395231,17.682669,19.087833,1.835000,18.970107
3715,18.970059,15.107751,16.395185,17.682622,19.087786,1.835000,18.970059
3716,18.970011,15.107706,16.395139,17.682575,19.087739,1.835000,18.970011
3717,18.969963,15.107661,16.395093,17.682528,19.087692,1.835000,18.969963
3718,18.969915,15.107617,16.395047,17.682481,19.087645,1.835000,18.969915
3719,18.969867,15.107572,16.395001,17.682434,19.087598,1.835000,18.969867
3720,18.969819,15.107527,16.394955,17.682387,19.087551,1.835000,18.969819
3721,18.969771,15.107482,16.394910,17.682340,19.087504,1.835000,18.969771
3722,18.969723,15.107437,16.394864,17.682293,19.087457,1.835000,18.969723
3723,18.969675,15.107393,16.394818,17.682246,19.087410,1.835000,18.969675
3724,18.969627,15.107348,16.394772,17.682199,19.087363,1.835000,18.969627
3725,18.969579,15.107303,16.394726,17.682153,19.087316,1.835000,18.969579
3726,18.969531,15.107259,16.394681,17.682106,19.087270,1.835000,18.969531
3727,18.969483,15.107214,16.394635,17.682059,19.087223,1.835000,18.969483
3728,18.969435,15.107169,16.394589,17.682012,19.087176,1.835000,18.969435
3729,18.969387,15.107125,16.394543,17.681965,19.087129,1.835000,18.969387
3730,18.969339,15.107080,16.394498,17.681918,19.087082,1.835000,18.969339
3731,18.969291,15.107035,16.394452,17.681872,19.087035,1.835000,18.969291
3732,18.969244,15.106991,16.394406,17.681825,19.086989,1.835000,18.969244
3733,18.969196,15.106946,16.394360,17.681778,19.086942,1.835000,18.969196
3734,18.969148,15.106901,16.394315,17.681731,19.086895,1.835000,18.969148
3735,18.969100,15.106857,16.394269,17.681685,19.086848,1.835000,18.969100
3736,18.969052,15.106812,16.394223,17.681638,19.086802,1.835000,18.969052
3737,18.969005,15.106768,16.394178,17.681591,19.086755,1.835000,18.969005
3738,18.968957,15.106723,16.394132,17.681544,19.086708,1.835000,18.968957
3739,18.968909,15.106678,16.394086,17.681498,19.086662,1.835000,18.968909
3740,18.968861,15.106634,16.394041,17.681451,19.086615,1.835000,18.968861
3741,18.968814,15.106589,16.393995,17.681404,19.086568,1.835000,18.968814
3742,18.968766,15.106545,16.393950,17.681358,19.086522,1.835000,18.968766
3743,18.968718,15.106500,16.393904,17.681311,19.086475,1.835000,18.968718
3744,18.968671,15.106456,16.393859,17.681265,19.086428,1.835000,18.968671
3745,18.968623,15.106411,16.393813,17.681218,19.086382,1.835000,18.968623
3746,18.968575,15.106367,16.393767,17.681171,19.086335,1.835000,18.968575
3747,18.968528,15.106322,16.393722,17.681125,19.086289,1.835000,18.968528
3748,18.968480,15.106278,16.393676,17.681078,19.086242,1.835000,18.968480
3749,18.968432,15.106233,16.393631,17.681032,19.086195,1.835000,18.968432
3750,18.968385,15.106189,16.393585,17.680985,19.086149,1.835000,18.968385
3751,18.968337,15.106145,16.393540,17.680939,19.086102,1.835000,18.968337
3752,18.968289,15.106100,16.393495,17.680892,19.086056,1.835000,18.968289
3753,18.968242,15.106056,16.393449,17.680845,19.086009,1.835000,18.968242
3754,18.968194,15.106011,16.393404,17.680799,19.085963,1.835000,18.968194
3755,18.968147,15.105967,16.393358,17.680752,19.085916,1.835000,18.968147
3756,18.968099,15.105923,16.393313,17.680706,19.085870,1.835000,18.968099
3757,18.968052,15.105878,16.393267,17.680660,19.085823,1.835000,18.968052
3758,18.968004,15.105834,16.393222,17.680613,19.085777,1.835000,18.968004
3759,18.967957,15.105790,16.393177,17.680567,19.085730,1.835000,18.967957
3760,18.967909,15.105745,16.393131,17.680520,19.085684,1.835000,18.967909
3761,18.967862,15.105701,16.393086,17.680474,19.085638,1.835000,18.967862
3762,18.967814,15.105657,16.393041,17.680427,19.085591,1.835000,18.967814
3763,18.967767,15.105613,16.392995,17.680381,19.085545,1.835000,18.967767
3764,18.967719,15.105568,16.392950,17.680335,19.085498,1.835000,18.967719
3765,18.967672,15.105524,16.392905,17.680288,19.085452,1.835000,18.967672
3766,18.967625,15.105480,16.392859,17.680242,19.085406,1.835000,18.967625
3767,18.967577,15.105436,16.392814,17.680196,19.085359,1.835000,18.967577
3768,18.967530,15.105391,16.392769,17.680149,19.085313,1.835000,18.967530
3769,18.967482,15.105347,16.392723,17.680103,19.085267,1.835000,18.967482
3770,18.967435,15.105303,16.392678,17.680057,19.085220,1.835000,18.967435
3771,18.967388,15.105259,16.392633,17.680010,19.085174,1.835000,18.967388
3772,18.967340,15.105215,16.392588,17.679964,19.085128,1.835000,18.967340
3773,18.967293,15.105170,16.392543,17.679918,19.085082,1.835000,18.967293
3774,18.967246,15.105126,16.392497,17.679872,19.085035,1.835000,18.967246
3775,18.967198,15.105082,16.392452,17.679825,19.084989,1.835000,18.967198
3776,18.967151,15.105038,16.392407,17.679779,19.084943,1.835000,18.967151
3777,18.967104,15.104994,16.392362,17.679733,19.084897,1.835000,18.967104
3778,18.967057,15.104950,16.392317,17.679687,19.084850,1.835000,18.967057
3779,18.967009,15.104906,16.392272,17.679640,19.084804,1.835000,18.967009
3780,18.966962,15.104862,16.392226,17.679594,19.084758,1.835000,18.966962
3781,18.966915,15.104818,16.392181,17.679548,19.084712,1.835000,18.966915
3782,18.966868,15.104774,16.392136,17.679502,19.084666,1.835000,18.966868
3783,18.966821,15.104730,16.392091,17.679456,19.084620,1.835000,18.966821
3784,18.966773,15.104686,16.392046,17.679410,19.084573,1.835000,18.966773
3785,18.966726,15.104642,16.392001,17.679364,19.084527,1.835000,18.966726
3786,18.966679,15.104597,16.391956,17.679317,19.084481,1.835000,18.966679
3787,18.966632,15.104554,16.391911,17.679271,19.084435,1.835000,18.966632
3788,18.966585,15.104510,16.391866,17.679225,19.084389,1.835000,18.966585
3789,18.966538,15.104466,16.391821,17.679179,19.084343,1.835000,18.966538
3790,18.966490,15.104422,16.391776,17.679133,19.084297,1.835000,18.966490
3791,18.966443,15.104378,16.391731,17.679087,19.084251,1.835000,18.966443
3792,18.966396,15.104334,16.391686,17.679041,19.084205,1.835000,18.966396
3793,18.966349,15.104290,16.391641,17.678995,19.084159,1.835000,18.966349
3794,18.966302,15.104246,16.391596,17.678949,19.084113,1.835000,18.966302
3795,18.966255,15.104202,16.391551,17.678903,19.084067,1.835000,18.966255
3796,18.966208,15.104158,16.391506,17.678857,19.084021,1.835000,18.966208
3797,18.966161,15.104114,16.391461,17.678811,19.083975,1.835000,18.966161
3798,18.966114,15.104070,16.391416,17.678765,19.083929,1.835000,18.966114
3799,18.966067,15.104026,16.391371,17.678719,19.083883,1.835000,18.966067
3800,18.966020,15.103983,16.391326,17.678673,19.083837,1.835000,18.966020
3801,18.965973,15.103939,16.391281,17.678627,19.083791,1.835000,18.965973
3802,18.965926,15.103895,16.391237,17.678581,19.083745,1.835000,18.965926
3803,18.965879,15.103851,16.391192,17.678535,19.083699,1.835000,18.965879
3804,18.965832,15.103807,16.391147,17.678490,19.083653,1.835000,18.965832
3805,18.965785,15.103764,16.391102,17.678444,19.083608,1.835000,18.965785
3806,18.965738,15.103720,16.391057,17.678398,19.083562,1.835000,18.965738
3807,18.965692,15.103676,16.391012,17.678352,19.083516,1.835000,18.965692
3808,18.965645,15.103632,16.390968,17.678306,19.083470,1.835000,18.965645
3809,18.965598,15.103589,16.390923,17.678260,19.083424,1.835000,18.965598
3810,18.965551,15.103545,16.390878,17.678214,19.083378,1.835000,18.965551
3811,18.965504,15.103501,16.390833,17.678169,19.083332,1.835000,18.965504
3812,18.965457,15.103457,16.390789,17.678123,19.083287,1.835000,18.965457
3813,18.965410,15.103414,16.390744,17.678077,19.083241,1.835000,18.965410
3814,18.965364,15.103370,16.390699,17.678031,19.083195,1.835000,18.965364
3815,18.965317,15.103326,16.390654,17.677986,19.083149,1.835000,18.965317
3816,18.965270,15.103283,16.390610,17.677940,19.083104,1.835000,18.965270
3817,18.965223,15.103239,16.390565,17.677894,19.083058,1.835000,18.965223
3818,18.965176,15.103195,16.390520,17.677848,19.083012,1.835000,18.965176
3819,18.965130,15.103152,16.390476,17.677803,19.082966,1.835000,18.965130
3820,18.965083,15.103108,16.390431,17.677757,19.082921,1.835000,18.965083
3821,18.965036,15.103065,16.390386,17.677711,19.082875,1.835000,18.965036
3822,18.964989,15.103021,16.390342,17.677666,19.082829,1.835000,18.964989
3823,18.964943,15.102977,16.390297,17.677620,19.082784,1.835000,18.964943
3824,18.964896,15.102934,16.390253,17.677574,19.082738,1.835000,18.964896
3825,18.964849,15.102890,16.390208,17.677529,19.082692,1.835000,18.964849
3826,18.964803,15.102847,16.390163,17.677483,19.082647,1.835000,18.964803
3827,18.964756,15.102803,16.390119,17.677437,19.082601,1.835000,18.964756
3828,18.964709,15.102760,16.390074,17.677392,19.082556,1.835000,18.964709
3829,18.964663,15.102716,16.390030,17.677346,19.082510,1.835000,18.964663
3830,18.964616,15.102673,16.389985,17.677301,19.082464,1.835000,18.964616
3831,18.964570,15.102629,16.389941,17.677255,19.082419,1.835000,18.964570
3832,18.964523,15.102586,16.389896,17.677210,19.082373,1.835000,18.964523
3833,18.964476,15.102542,16.389852,17.677164,19.082328,1.835000,18.964476
3834,18.964430,15.102499,16.389807,17.677118,19.082282,1.835000,18.964430
3835,18.964383,15.102455,16.389763,17.677073,19.082237,1.835000,18.964383
3836,18.964337,15.102412,16.389718,17.677027,19.082191,1.835000,18.964337
3837,18.964290,15.102369,16.389674,17.676982,19.082146,1.835000,18.964290
3838,18.964244,15.102325,16.389629,17.676936,19.082100,1.835000,18.964244
3839,18.964197,15.102282,16.389585,17.676891,19.082055,1.835000,18.964197
3840,18.964151,15.102238,16.389540,17.676846,19.082009,1.835000,18.964151
3841,18.964104,15.102195,16.389496,17.676800,19.081964,1.835000,18.964104
3842,18.964058,15.102152,16.389452,17.676755,19.081918,1.835000,18.964058
3843,18.964011,15.102108,16.389407,17.676709,19.081873,1.835000,18.964011
3844,18.963965,15.102065,16.389363,17.676664,19.081828,1.835000,18.963965
3845,18.963918,15.102022,16.389318,17.676618,19.081782,1.835000,18.963918
3846,18.963872,15.101978,16.389274,17.676573,19.081737,1.835000,18.963872
3847,18.963826,15.101935,16.389230,17.676528,19.081691,1.835000,18.963826
3848,18.963779,15.101892,16.389185,17.676482,19.081646,1.835000,18.963779
3849,18.963733,15.101848,16.389141,17.676437,19.081601,1.835000,18.963733
3850,18.963686,15.101805,16.389097,17.676392,19.081555,1.835000,18.963686
3851,18.963640,15.101762,16.389053,17.676346,19.081510,1.835000,18.963640
3852,18.963594,15.101719,16.389008,17.676301,19.081465,1.835000,18.963594
3853,18.963547,15.101675,16.388964,17.676256,19.081419,1.835000,18.963547
3854,18.963501,15.101632,16.388920,17.676210,19.081374,1.835000,18.963501
3855,18.963455,15.101589,16.388875,17.676165,19.081329,1.835000,18.963455
3856,18.963408,15.101546,16.388831,17.676120,19.081284,1.835000,18.963408
3857,18.963362,15.101503,16.388787,17.676075,19.081238,1.835000,18.963362
3858,18.963316,15.101459,16.388743,17.676029,19.081193,1.835000,18.963316
3859,18.963270,15.101416,16.388699,17.675984,19.081148,1.835000,18.963270
3860,18.963223,15.101373,16.388654,17.675939,19.081103,1.835000,18.963223
3861,18.963177,15.101330,16.388610,17.675894,19.081057,1.835000,18.963177
3862,18.963131,15.101287,16.388566,17.675848,19.081012,1.835000,18.963131
3863,18.963085,15.101244,16.388522,17.675803,19.080967,1.835000,18.963085
3864,18.963038,15.101200,16.388478,17.675758,19.080922,1.835000,18.963038
3865,18.962992,15.101157,16.388434,17.675713,19.080877,1.835000,18.962992
3866,18.962946,15.101114,16.388389,17.675668,19.080832,1.835000,18.962946
3867,18.962900,15.101071,16.388345,17.675623,19.080786,1.835000,18.962900
3868,18.962854,15.101028,16.388301,17.675577,19.080741,1.835000,18.962854
3869,18.962808,15.100985,16.388257,17.675532,19.080696,1.835000,18.962808
3870,18.962761,15.100942,16.388213,17.675487,19.080651,1.835000,18.962761
3871,18.962715,15.100899,16.388169,17.675442,19.080606,1.835000,18.962715
3872,18.962669,15.100856,16.388125,17.675397,19.080561,1.835000,18.962669
3873,18.962623,15.100813,16.388081,17.675352,19.080516,1.835000,18.962623
3874,18.962577,15.100770,16.388037,17.675307,19.080471,1.835000,18.962577
3875,18.962531,15.100727,16.387993,17.675262,19.080426,1.835000,18.962531
3876,18.962485,15.100684,16.387949,17.675217,19.080381,1.835000,18.962485
3877,18.962439,15.100641,16.387905,17.675172,19.080336,1.835000,18.962439
3878,18.962393,15.100598,16.387861,17.675127,19.080291,1.835000,18.962393
3879,18.962347,15.100555,16.387817,17.675082,19.080246,1.835000,18.962347
3880,18.962301,15.100512,16.387773,17.675037,19.080201,1.835000,18.962301
3881,18.962255,15.100469,16.387729,17.674992,19.080156,1.835000,18.962255
3882,18.962209,15.100426,16.387685,17.674947,19.080111,1.835000,18.962209
3883,18.962163,15.100383,16.387641,17.674902,19.080066,1.835000,18.962163
3884,18.962117,15.100340,16.387597,17.674857,19.080021,1.835000,18.962117
3885,18.962071,15.100298,16.387553,17.674812,19.079976,1.835000,18.962071
3886,18.962025,15.100255,16.387509,17.674767,19.079931,1.835000,18.962025
3887,18.961979,15.100212,16.387465,17.674722,19.079886,1.835000,18.961979
3888,18.961933,15.100169,16.387422,17.674677,19.079841,1.835000,18.961933
3889,18.961887,15.100126,16.387378,17.674632,19.079796,1.835000,18.961887
3890,18.961841,15.100083,16.387334,17.674588,19.079751,1.835000,18.961841
3891,18.961795,15.100041,16.387290,17.674543,19.079706,1.835000,18.961795
3892,18.961749,15.099998,16.387246,17.674498,19.079662,1.835000,18.961749
3893,18.961704,15.099955,16.387202,17.674453,19.079617,1.835000,18.961704
3894,18.961658,15.099912,16.387159,17.674408,19.079572,1.835000,18.961658
3895,18.961612,15.099869,16.387115,17.674363,19.079527,1.835000,18.961612
3896,18.961566,15.099827,16.387071,17.674319,19.079482,1.835000,18.961566
3897,18.961520,15.099784,16.387027,17.674274,19.079438,1.835000,18.961520
3898,18.961474,15.099741,16.386983,17.674229,19.079393,1.835000,18.961474
3899,18.961429,15.099698,16.386940,17.674184,19.079348,1.835000,18.961429
3900,18.961383,15.099656,16.386896,17.674139,19.079303,1.835000,18.961383
3901,18.961337,15.099613,16.386852,17.674095,19.079258,1.835000,18.961337
3902,18.961291,15.099570,16.386809,17.674050,19.079214,1.835000,18.961291
3903,18.961246,15.099528,16.386765,17.674005,19.079169,1.835000,18.961246
3904,18.961200,15.099485,16.386721,17.673960,19.079124,1.835000,18.961200
3905,18.961154,15.099442,16.386677,17.673916,19.079080,1.835000,18.961154
3906,18.961108,15.099400,16.386634,17.673871,19.079035,1.835000,18.961108
3907,18.961063,15.099357,16.386590,17.673826,19.078990,1.835000,18.961063
3908,18.961017,15.099314,16.386546,17.673782,19.078946,1.835000,18.961017
3909,18.960971,15.099272,16.386503,17.673737,19.078901,1.835000,18.960971
3910,18.960926,15.099229,16.386459,17.673692,19.078856,1.835000,18.960926
3911,18.960880,15.099186,16.386416,17.673648,19.078812,1.835000,18.960880
3912,18.960834,15.099144,16.386372,17.673603,19.078767,1.835000,18.960834
3913,18.960789,15.099101,16.386328,17.673559,19.078722,1.835000,18.960789
3914,18.960743,15.099059,16.386285,17.673514,19.078678,1.835000,18.960743
3915,18.960698,15.099016,16.386241,17.673469,19.078633,1.835000,18.960698
3916,18.960652,15.098974,16.386198,17.673425,19.078589,1.835000,18.960652
3917,18.960606,15.098931,16.386154,17.673380,19.078544,1.835000,18.960606
3918,18.960561,15.098889,16.386111,17.673336,19.078499,1.835000,18.960561
3919,18.960515,15.098846,16.386067,17.673291,19.078455,1.835000,18.960515
3920,18.960470,15.098804,16.386024,17.673247,19.078410,1.835000,18.960470
3921,18.960424,15.098761,16.385980,17.673202,19.078366,1.835000,18.960424
3922,18.960379,15.098719,16.385937,17.673158,19.078321,1.835000,18.960379
3923,18.960333,15.098676,16.385893,17.673113,19.078277,1.835000,18.960333
3924,18.960288,15.098634,16.385850,17.673069,19.078232,1.835000,18.960288
3925,18.960242,15.098591,16.385806,17.673024,19.078188,1.835000,18.960242
3926,18.960197,15.098549,16.385763,17.672980,19.078143,1.835000,18.960197
3927,18.960151,15.098506,16.385719,17.672935,19.078099,1.835000,18.960151
3928,18.960106,15.098464,16.385676,17.672891,19.078055,1.835000,18.960106
3929,18.960060,15.098422,16.385632,17.672846,19.078010,1.835000,18.960060
3930,18.960015,15.098379,16.385589,17.672802,19.077966,1.835000,18.960015
3931,18.959969,15.098337,16.385546,17.672758,19.077921,1.835000,18.959969
3932,18.959924,15.098294,16.385502,17.672713,19.077877,1.835000,18.959924
3933,18.959879,15.098252,16.385459,17.672669,19.077833,1.835000,18.959879
3934,18.959833,15.098210,16.385416,17.672624,19.077788,1.835000,18.959833
3935,18.959788,15.098167,16.385372,17.672580,19.077744,1.835000,18.959788
3936,18.959742,15.098125,16.385329,17.672536,19.077699,1.835000,18.959742
3937,18.959697,15.098083,16.385286,17.672491,19.077655,1.835000,18.959697
3938,18.959652,15.098040,16.385242,17.672447,19.077611,1.835000,18.959652
3939,18.959606,15.097998,16.385199,17.672403,19.077566,1.835000,18.959606
3940,18.959561,15.097956,16.385156,17.672358,19.077522,1.835000,18.959561
3941,18.959516,15.097914,16.385112,17.672314,19.077478,1.835000,18.959516
3942,18.959471,15.097871,16.385069,17.672270,19.077434,1.835000,18.959471
3943,18.959425,15.097829,16.385026,17.672226,19.077389,1.835000,18.959425
3944,18.959380,15.097787,16.384983,17.672181,19.077345,1.835000,18.959380
3945,18.959335,15.097745,16.384939,17.672137,19.077301,1.835000,18.959335
3946,18.959289,15.097702,16.384896,17.672093,19.077257,1.835000,18.959289
3947,18.959244,15.097660,16.384853,17.672049,19.077212,1.835000,18.959244
3948,18.959199,15.097618,16.384810,17.672004,19.077168,1.835000,18.959199
3949,18.959154,15.097576,16.384766,17.671960,19.077124,1.835000,18.959154
3950,18.959109,15.097534,16.384723,17.671916,19.077080,1.835000,18.959109
3951,18.959063,15.097491,16.384680,17.671872,19.077036,1.835000,18.959063
3952,18.959018,15.097449,16.384637,17.671828,19.076991,1.835000,18.959018
3953,18.958973,15.097407,16.384594,17.671783,19.076947,1.835000,18.958973
3954,18.958928,15.097365,16.384551,17.671739,19.076903,1.835000,18.958928
3955,18.958883,15.097323,16.384507,17.671695,19.076859,1.835000,18.958883
3956,18.958838,15.097281,16.384464,17.671651,19.076815,1.835000,18.958838
3957,18.958793,15.097239,16.384421,17.671607,19.076771,1.835000,18.958793
3958,18.958747,15.097197,16.384378,17.671563,19.076727,1.835000,18.958747
3959,18.958702,15.097154,16.384335,17.671519,19.076682,1.835000,18.958702
3960,18.958657,15.097112,16.384292,17.671475,19.076638,1.835000,18.958657
3961,18.958612,15.097070,16.384249,17.671431,19.076594,1.835000,18.958612
3962,18.958567,15.097028,16.384206,17.671386,19.076550,1.835000,18.958567
3963,18.958522,15.096986,16.384163,17.671342,19.076506,1.835000,18.958522
3964,18.958477,15.096944,16.384120,17.671298,19.076462,1.835000,18.958477
3965,18.958432,15.096902,16.384077,17.671254,19.076418,1.835000,18.958432
3966,18.958387,15.096860,16.384034,17.671210,19.076374,1.835000,18.958387
3967,18.958342,15.096818,16.383991,17.671166,19.076330,1.835000,18.958342
3968,18.958297,15.096776,16.383948,17.671122,19.076286,1.835000,18.958297
3969,18.958252,15.096734,16.383905,17.671078,19.076242,1.835000,18.958252
3970,18.958207,15.096692,16.383862,17.671034,19.076198,1.835000,18.958207
3971,18.958162,15.096650,16.383819,17.670990,19.076154,1.835000,18.958162
3972,18.958117,15.096608,16.383776,17.670946,19.076110,1.835000,18.958117
3973,18.958072,15.096566,16.383733,17.670903,19.076066,1.835000,18.958072
3974,18.958027,15.096525,16.383690,17.670859,19.076022,1.835000,18.958027
3975,18.957982,15.096483,16.383647,17.670815,19.075979,1.835000,18.957982
3976,18.957937,15.096441,16.383604,17.670771,19.075935,1.835000,18.957937
3977,18.957892,15.096399,16.383561,17.670727,19.075891,1.835000,18.957892
3978,18.957848,15.096357,16.383518,17.670683,19.075847,1.835000,18.957848
3979,18.957803,15.096315,16.383476,17.670639,19.075803,1.835000,18.957803
3980,18.957758,15.096273,16.383433,17.670595,19.075759,1.835000,18.957758
3981,18.957713,15.096231,16.383390,17.670551,19.075715,1.835000,18.957713
3982,18.957668,15.096190,16.383347,17.670508,19.075671,1.835000,18.957668
3983,18.957623,15.096148,16.383304,17.670464,19.075628,1.835000,18.957623
3984,18.957579,15.096106,16.383261,17.670420,19.075584,1.835000,18.957579
3985,18.957534,15.096064,16.383219,17.670376,19.075540,1.835000,18.957534
3986,18.957489,15.096022,16.383176,17.670332,19.075496,1.835000,18.957489
3987,18.957444,15.095980,16.383133,17.670289,19.075452,1.835000,18.957444
3988,18.957399,15.095939,16.383090,17.670245,19.075409,1.835000,18.957399
3989,18.957355,15.095897,16.383048,17.670201,19.075365,1.835000,18.957355
3990,18.957310,15.095855,16.383005,17.670157,19.075321,1.835000,18.957310
3991,18.957265,15.095813,16.382962,17.670114,19.075277,1.835000,18.957265
3992,18.957220,15.095772,16.382919,17.670070,19.075234,1.835000,18.957220
3993,18.957176,15.095730,16.382877,17.670026,19.075190,1.835000,18.957176
3994,18.957131,15.095688,16.382834,17.669982,19.075146,1.835000,18.957131
3995,18.957086,15.095647,16.382791,17.669939,19.075103,1.835000,18.957086
3996,18.957042,15.095605,16.382748,17.669895,19.075059,1.835000,18.957042
3997,18.956997,15.095563,16.382706,17.669851,19.075015,1.835000,18.956997
3998,18.956952,15.095522,16.382663,17.669808,19.074972,1.835000,18.956952
3999,18.956908,15.095480,16.382620,17.669764,19.074928,1.835000,18.956908
4000,18.956863,15.095438,16.382578,17.669720,19.074884,1.835000,18.956863
4001,18.956818,15.095397,16.382535,17.669677,19.074841,1.835000,18.956818
4002,18.956774,15.095355,16.382493,17.669633,19.074797,1.835000,18.956774
4003,18.956729,15.095313,16.382450,17.669590,19.074753,1.835000,18.956729
4004,18.956685,15.095272,16.382407,17.669546,19.074710,1.835000,18.956685
4005,18.956640,15.095230,16.382365,17.669502,19.074666,1.835000,18.956640
4006,18.956595,15.095189,16.382322,17.669459,19.074623,1.835000,18.956595
4007,18.956551,15.095147,16.382280,17.669415,19.074579,1.835000,18.956551
4008,18.956506,15.095105,16.382237,17.669372,19.074535,1.835000,18.956506
4009,18.956462,15.095064,16.382194,17.669328,19.074492,1.835000,18.956462
4010,18.956417,15.095022,16.382152,17.669285,19.074448,1.835000,18.956417
4011,18.956373,15.094981,16.382109,17.669241,19.074405,1.835000,18.956373
4012,18.956328,15.094939,16.382067,17.669198,19.074361,1.835000,18.956328
4013,18.956284,15.094898,16.382024,17.669154,19.074318,1.835000,18.956284
4014,18.956239,15.094856,16.381982,17.669111,19.074274,1.835000,18.956239
4015,18.956195,15.094815,16.381939,17.669067,19.074231,1.835000,18.956195
4016,18.956150,15.094773,16.381897,17.669024,19.074187,1.835000,18.956150
4017,18.956106,15.094732,16.381854,17.668980,19.074144,1.835000,18.956106
4018,18.956058,15.094687,16.381808,17.668933,19.074097,1.835000,18.956058
4019,18.956004,15.094637,16.381757,17.668881,19.074044,1.835000,18.956004
4020,18.955951,15.094587,16.381706,17.668828,19.073992,1.835000,18.955951
4021,18.955897,15.094537,16.381655,17.668776,19.073940,1.835000,18.955897
4022,18.955844,15.094487,16.381604,17.668724,19.073888,1.835000,18.955844
4023,18.955791,15.094438,16.381553,17.668672,19.073836,1.835000,18.955791
4024,18.955737,15.094388,16.381502,17.668620,19.073783,1.835000,18.955737
4025,18.955684,15.094338,16.381451,17.668567,19.073731,1.835000,18.955684
4026,18.955631,15.094288,16.381400,17.668515,19.073679,1.835000,18.955631
4027,18.955577,15.094238,16.381349,17.668463,19.073627,1.835000,18.955577
4028,18.955524,15.094189,16.381298,17.668411,19.073575,1.835000,18.955524
4029,18.955471,15.094139,16.381247,17.668359,19.073523,1.835000,18.955471
4030,18.955417,15.094089,16.381196,17.668307,19.073470,1.835000,18.955417
4031,18.955364,15.094039,16.381145,17.668255,19.073418,1.835000,18.955364
4032,18.955311,15.093990,16.381094,17.668202,19.073366,1.835000,18.955311
4033,18.955257,15.093940,16.381043,17.668150,19.073314,1.835000,18.955257
4034,18.955204,15.093890,16.380993,17.668098,19.073262,1.835000,18.955204
4035,18.955151,15.093841,16.380942,17.668046,19.073210,1.835000,18.955151
4036,18.955098,15.093791,16.380891,17.667994,19.073158,1.835000,18.955098
4037,18.955044,15.093741,16.380840,17.667942,19.073106,1.835000,18.955044
4038,18.954991,15.093692,16.380789,17.667890,19.073054,1.835000,18.954991
4039,18.954938,15.093642,16.380738,17.667838,19.073002,1.835000,18.954938
4040,18.954885,15.093592,16.380688,17.667786,19.072950,1.835000,18.954885
4041,18.954832,15.093543,16.380637,17.667734,19.072898,1.835000,18.954832
4042,18.954779,15.093493,16.380586,17.667682,19.072846,1.835000,18.954779
4043,18.954725,15.093444,16.380535,17.667630,19.072794,1.835000,18.954725
4044,18.954672,15.093394,16.380484,17.667578,19.072742,1.835000,18.954672
4045,18.954619,15.093345,16.380434,17.667526,19.072690,1.835000,18.954619
4046,18.954566,15.093295,16.380383,17.667475,19.072638,1.835000,18.954566
4047,18.954513,15.093245,16.380332,17.667423,19.072586,1.835000,18.954513
4048,18.954460,15.093196,16.380282,17.667371,19.072535,1.835000,18.954460
4049,18.954407,15.093146,16.380231,17.667319,19.072483,1.835000,18.954407
4050,18.954354,15.093097,16.380180,17.667267,19.072431,1.835000,18.954354
4051,18.954301,15.093047,16.380130,17.667215,19.072379,1.835000,18.954301
4052,18.954248,15.092998,16.380079,17.667163,19.072327,1.835000,18.954248
4053,18.954195,15.092949,16.380028,17.667112,19.072275,1.835000,18.954195
4054,18.954142,15.092899,16.379978,17.667060,19.072224,1.835000,18.954142
4055,18.954089,15.092850,16.379927,17.667008,19.072172,1.835000,18.954089
4056,18.954036,15.092800,16.379876,17.666956,19.072120,1.835000,18.954036
4057,18.953983,15.092751,16.379826,17.666904,19.072068,1.835000,18.953983
4058,18.953930,15.092701,16.379775,17.666853,19.072016,1.835000,18.953930
4059,18.953877,15.092652,16.379725,17.666801,19.071965,1.835000,18.953877
4060,18.953824,15.092603,16.379674,17.666749,19.071913,1.835000,18.953824
4061,18.953771,15.092553,16.379624,17.666697,19.071861,1.835000,18.953771
4062,18.953718,15.092504,16.379573,17.666646,19.071810,1.835000,18.953718
4063,18.953665,15.092455,16.379523,17.666594,19.071758,1.835000,18.953665
4064,18.953613,15.092405,16.379472,17.666542,19.071706,1.835000,18.953613
4065,18.953560,15.092356,16.379422,17.666491,19.071654,1.835000,18.953560
4066,18.953507,15.092307,16.379371,17.666439,19.071603,1.835000,18.953507
4067,18.953454,15.092257,16.379321,17.666387,19.071551,1.835000,18.953454
4068,18.953401,15.092208,16.379270,17.666336,19.071500,1.835000,18.953401
4069,18.953349,15.092159,16.379220,17.666284,19.071448,1.835000,18.953349
4070,18.953296,15.092110,16.379169,17.666233,19.071396,1.835000,18.953296
4071,18.953243,15.092060,16.379119,17.666181,19.071345,1.835000,18.953243
4072,18.953190,15.092011,16.379069,17.666129,19.071293,1.835000,18.953190
4073,18.953137,15.091962,16.379018,17.666078,19.071242,1.835000,18.953137
4074,18.953085,15.091913,16.378968,17.666026,19.071190,1.835000,18.953085
4075,18.953032,15.091864,16.378917,17.665975,19.071138,1.835000,18.953032
4076,18.952979,15.091814,16.378867,17.665923,19.071087,1.835000,18.952979
4077,18.952927,15.091765,16.378817,17.665872,19.071035,1.835000,18.952927
4078,18.952874,15.091716,16.378766,17.665820,19.070984,1.835000,18.952874
4079,18.952821,15.091667,16.378716,17.665769,19.070932,1.835000,18.952821
4080,18.952769,15.091618,16.378666,17.665717,19.070881,1.835000,18.952769
4081,18.952716,15.091569,16.378615,17.665666,19.070830,1.835000,18.952716
4082,18.952663,15.091520,16.378565,17.665614,19.070778,1.835000,18.952663
4083,18.952611,15.091470,16.378515,17.665563,19.070727,1.835000,18.952611
4084,18.952558,15.091421,16.378465,17.665511,19.070675,1.835000,18.952558
4085,18.952506,15.091372,16.378414,17.665460,19.070624,1.835000,18.952506
4086,18.952453,15.091323,16.378364,17.665409,19.070572,1.835000,18.952453
4087,18.952400,15.091274,16.378314,17.665357,19.070521,1.835000,18.952400
4088,18.952348,15.091225,16.378264,17.665306,19.070470,1.835000,18.952348
4089,18.952295,15.091176,16.378214,17.665254,19.070418,1.835000,18.952295
4090,18.952243,15.091127,16.378163,17.665203,19.070367,1.835000,18.952243
4091,18.952190,15.091078,16.378113,17.665152,19.070316,1.835000,18.952190
4092,18.952138,15.091029,16.378063,17.665100,19.070264,1.835000,18.952138
4093,18.952085,15.090980,16.378013,17.665049,19.070213,1.835000,18.952085
4094,18.952033,15.090931,16.377963,17.664998,19.070162,1.835000,18.952033
4095,18.951980,15.090882,16.377913,17.664947,19.070110,1.835000,18.951980
4096,18.951928,15.090833,16.377863,17.664895,19.070059,1.835000,18.951928
4097,18.951875,15.090784,16.377812,17.664844,19.070008,1.835000,18.951875
4098,18.951823,15.090736,16.377762,17.664793,19.069957,1.835000,18.951823
4099,18.951771,15.090687,16.377712,17.664741,19.069905,1.835000,18.951771
4100,18.951718,15.090638,16.377662,17.664690,19.069854,1.835000,18.951718
4101,18.951666,15.090589,16.377612,17.664639,19.069803,1.835000,18.951666
4102,18.951614,15.090540,16.377562,17.664588,19.069752,1.835000,18.951614
4103,18.951561,15.090491,16.377512,17.664537,19.069700,1.835000,18.951561
4104,18.951509,15.090442,16.377462,17.664485,19.069649,1.835000,18.951509
4105,18.951456,15.090393,16.377412,17.664434,19.069598,1.835000,18.951456
4106,18.951404,15.090345,16.377362,17.664383,19.069547,1.835000,18.951404
4107,18.951352,15.090296,16.377312,17.664332,19.069496,1.835000,18.951352
4108,18.951300,15.090247,16.377262,17.664281,19.069445,1.835000,18.951300
4109,18.951247,15.090198,16.377212,17.664230,19.069394,1.835000,18.951247
4110,18.951195,15.090149,16.377162,17.664179,19.069342,1.835000,18.951195
4111,18.951143,15.090101,16.377112,17.664128,19.069291,1.835000,18.951143
4112,18.951091,15.090052,16.377062,17.664076,19.069240,1.835000,18.951091
4113,18.951038,15.090003,16.377013,17.664025,19.069189,1.835000,18.951038
4114,18.950986,15.089955,16.376963,17.663974,19.069138,1.835000,18.950986
4115,18.950934,15.089906,16.376913,17.663923,19.069087,1.835000,18.950934
4116,18.950882,15.089857,16.376863,17.663872,19.069036,1.835000,18.950882
4117,18.950829,15.089808,16.376813,17.663821,19.068985,1.835000,18.950829
4118,18.950777,15.089760,16.376763,17.663770,19.068934,1.835000,18.950777
4119,18.950725,15.089711,16.376713,17.663719,19.068883,1.835000,18.950725
4120,18.950673,15.089662,16.376664,17.663668,19.068832,1.835000,18.950673
4121,18.950621,15.089614,16.376614,17.663617,19.068781,1.835000,18.950621
4122,18.950569,15.089565,16.376564,17.663566,19.068730,1.835000,18.950569
4123,18.950517,15.089517,16.376514,17.663515,19.068679,1.835000,18.950517
4124,18.950465,15.089468,16.376464,17.663465,19.068628,1.835000,18.950465
4125,18.950412,15.089419,16.376415,17.663414,19.068577,1.835000,18.950412
4126,18.950360,15.089371,16.376365,17.663363,19.068527,1.835000,18.950360
4127,18.950308,15.089322,16.376315,17.663312,19.068476,1.835000,18.950308
4128,18.950256,15.089274,16.376266,17.663261,19.068425,1.835000,18.950256
4129,18.950204,15.089225,16.376216,17.663210,19.068374,1.835000,18.950204
4130,18.950152,15.089177,16.376166,17.663159,19.068323,1.835000,18.950152
4131,18.950100,15.089128,16.376116,17.663108,19.068272,1.835000,18.950100
4132,18.950048,15.089079,16.376067,17.663058,19.068221,1.835000,18.950048
4133,18.949996,15.089031,16.376017,17.663007,19.068171,1.835000,18.949996
4134,18.949944,15.088983,16.375967,17.662956,19.068120,1.835000,18.949944
4135,18.949892,15.088934,16.375918,17.662905,19.068069,1.835000,18.949892
4136,18.949840,15.088886,16.375868,17.662854,19.068018,1.835000,18.949840
4137,18.949789,15.088837,16.375819,17.662804,19.067967,1.835000,18.949789
4138,18.949737,15.088789,16.375769,17.662753,19.067917,1.835000,18.949737
4139,18.949685,15.088740,16.375719,17.662702,19.067866,1.835000,18.949685
4140,18.949633,15.088692,16.375670,17.662651,19.067815,1.835000,18.949633
4141,18.949581,15.088643,16.375620,17.662601,19.067764,1.835000,18.949581
4142,18.949529,15.088595,16.375571,17.662550,19.067714,1.835000,18.949529
4143,18.949477,15.088547,16.375521,17.662499,19.067663,1.835000,18.949477
4144,18.949425,15.088498,16.375472,17.662449,19.067612,1.835000,18.949425
4145,18.949374,15.088450,16.375422,17.662398,19.067562,1.835000,18.949374
4146,18.949322,15.088402,16.375373,17.662347,19.067511,1.835000,18.949322
4147,18.949270,15.088353,16.375323,17.662297,19.067460,1.835000,18.949270
4148,18.949218,15.088305,16.375274,17.662246,19.067410,1.835000,18.949218
4149,18.949166,15.088257,16.375224,17.662195,19.067359,1.835000,18.949166
4150,18.949115,15.088208,16.375175,17.662145,19.067308,1.835000,18.949115
4151,18.949063,15.088160,16.375125,17.662094,19.067258,1.835000,18.949063
4152,18.949011,15.088112,16.375076,17.662044,19.067207,1.835000,18.949011
4153,18.948959,15.088063,16.375026,17.661993,19.067157,1.835000,18.948959
4154,18.948908,15.088015,16.374977,17.661942,19.067106,1.835000,18.948908
4155,18.948856,15.087967,16.374928,17.661892,19.067056,1.835000,18.948856
4156,18.948804,15.087919,16.374878,17.661841,19.067005,1.835000,18.948804
4157,18.948753,15.087871,16.374829,17.661791,19.066955,1.835000,18.948753
4158,18.948701,15.087822,16.374780,17.661740,19.066904,1.835000,18.948701
4159,18.948649,15.087774,16.374730,17.661690,19.066854,1.835000,18.948649
4160,18.948598,15.087726,16.374681,17.661639,19.066803,1.835000,18.948598
4161,18.948546,15.087678,16.374632,17.661589,19.066753,1.835000,18.948546
4162,18.948494,15.087630,16.374582,17.661538,19.066702,1.835000,18.948494
4163,18.948443,15.087581,16.374533,17.661488,19.066652,1.835000,18.948443
4164,18.948391,15.087533,16.374484,17.661437,19.066601,1.835000,18.948391
4165,18.948340,15.087485,16.374434,17.661387,19.066551,1.835000,18.948340
4166,18.948288,15.087437,16.374385,17.661337,19.066500,1.835000,18.948288
4167,18.948237,15.087389,16.374336,17.661286,19.066450,1.835000,18.948237
4168,18.948185,15.087341,16.374287,17.661236,19.066400,1.835000,18.948185
4169,18.948133,15.087293,16.374237,17.661185,19.066349,1.835000,18.948133
4170,18.948082,15.087245,16.374188,17.661135,19.066299,1.835000,18.948082
4171,18.948030,15.087197,16.374139,17.661085,19.066248,1.835000,18.948030
4172,18.947979,15.087149,16.374090,17.661034,19.066198,1.835000,18.947979
4173,18.947927,15.087101,16.374041,17.660984,19.066148,1.835000,18.947927
4174,18.947876,15.087053,16.373991,17.660934,19.066097,1.835000,18.947876
4175,18.947825,15.087005,16.373942,17.660883,19.066047,1.835000,18.947825
4176,18.947773,15.086957,16.373893,17.660833,19.065997,1.835000,18.947773
4177,18.947722,15.086909,16.373844,17.660783,19.065947,1.835000,18.947722
4178,18.947670,15.086861,16.373795,17.660733,19.065896,1.835000,18.947670
4179,18.947619,15.086813,16.373746,17.660682,19.065846,1.835000,18.947619
4180,18.947567,15.086765,16.373697,17.660632,19.065796,1.835000,18.947567
4181,18.947516,15.086717,16.373648,17.660582,19.065746,1.835000,18.947516
4182,18.947465,15.086669,16.373598,17.660532,19.065695,1.835000,18.947465
4183,18.947413,15.086621,16.373549,17.660481,19.065645,1.835000,18.947413
4184,18.947362,15.086573,16.373500,17.660431,19.065595,1.835000,18.947362
4185,18.947311,15.086525,16.373451,17.660381,19.065545,1.835000,18.947311
4186,18.947259,15.086477,16.373402,17.660331,19.065495,1.835000,18.947259
4187,18.947208,15.086429,16.373353,17.660281,19.065444,1.835000,18.947208
4188,18.947157,15.086381,16.373304,17.660230,19.065394,1.835000,18.947157
4189,18.947105,15.086334,16.373255,17.660180,19.065344,1.835000,18.947105
4190,18.947054,15.086286,16.373206,17.660130,19.065294,1.835000,18.947054
4191,18.947003,15.086238,16.373157,17.660080,19.065244,1.835000,18.947003
4192,18.946952,15.086190,16.373108,17.660030,19.065194,1.835000,18.946952
4193,18.946900,15.086142,16.373059,17.659980,19.065144,1.835000,18.946900
4194,18.946849,15.086094,16.373010,17.659930,19.065094,1.835000,18.946849
4195,18.946798,15.086047,16.372962,17.659880,19.065044,1.835000,18.946798
4196,18.946747,15.085999,16.372913,17.659830,19.064994,1.835000,18.946747
4197,18.946696,15.085951,16.372864,17.659780,19.064943,1.835000,18.946696
4198,18.946644,15.085903,16.372815,17.659730,19.064893,1.835000,18.946644
4199,18.946593,15.085856,16.372766,17.659680,19.064843,1.835000,18.946593
4200,18.946542,15.085808,16.372717,17.659630,19.064793,1.835000,18.946542
4201,18.946491,15.085760,16.372668,17.659580,19.064743,1.835000,18.946491
4202,18.946440,15.085713,16.372619,17.659530,19.064693,1.835000,18.946440
4203,18.946389,15.085665,16.372571,17.659480,19.064643,1.835000,18.946389
4204,18.946338,15.085617,16.372522,17.659430,19.064594,1.835000,18.946338
4205,18.946287,15.085569,16.372473,17.659380,19.064544,1.835000,18.946287
4206,18.946236,15.085522,16.372424,17.659330,19.064494,1.835000,18.946236
4207,18.946184,15.085474,16.372375,17.659280,19.064444,1.835000,18.946184
4208,18.946133,15.085427,16.372327,17.659230,19.064394,1.835000,18.946133
4209,18.946082,15.085379,16.372278,17.659180,19.064344,1.835000,18.946082
4210,18.946031,15.085331,16.372229,17.659130,19.064294,1.835000,18.946031
4211,18.945980,15.085284,16.372180,17.659080,19.064244,1.835000,18.945980
4212,18.945929,15.085236,16.372132,17.659030,19.064194,1.835000,18.945929
4213,18.945878,15.085189,16.372083,17.658981,19.064144,1.835000,18.945878
4214,18.945827,15.085141,16.372034,17.658931,19.064095,1.835000,18.945827
4215,18.945776,15.085093,16.371985,17.658881,19.064045,1.835000,18.945776
4216,18.945725,15.085046,16.371937,17.658831,19.063995,1.835000,18.945725
4217,18.945674,15.084998,16.371888,17.658781,19.063945,1.835000,18.945674
4218,18.945624,15.084951,16.371839,17.658732,19.063895,1.835000,18.945624
4219,18.945573,15.084903,16.371791,17.658682,19.063846,1.835000,18.945573
4220,18.945522,15.084856,16.371742,17.658632,19.063796,1.835000,18.945522
4221,18.945471,15.084808,16.371694,17.658582,19.063746,1.835000,18.945471
4222,18.945420,15.084761,16.371645,17.658532,19.063696,1.835000,18.945420
4223,18.945369,15.084713,16.371596,17.658483,19.063647,1.835000,18.945369
4224,18.945318,15.084666,16.371548,17.658433,19.063597,1.835000,18.945318
4225,18.945267,15.084618,16.371499,17.658383,19.063547,1.835000,18.945267
4226,18.945217,15.084571,16.371451,17.658334,19.063497,1.835000,18.945217
4227,18.945166,15.084524,16.371402,17.658284,19.063448,1.835000,18.945166
4228,18.945115,15.084476,16.371354,17.658234,19.063398,1.835000,18.945115
4229,18.945064,15.084429,16.371305,17.658185,19.063348,1.835000,18.945064
4230,18.945013,15.084381,16.371256,17.658135,19.063299,1.835000,18.945013
4231,18.944963,15.084334,16.371208,17.658085,19.063249,1.835000,18.944963
4232,18.944912,15.084287,16.371159,17.658036,19.063199,1.835000,18.944912
4233,18.944861,15.084239,16.371111,17.657986,19.063150,1.835000,18.944861
4234,18.944810,15.084192,16.371062,17.657936,19.063100,1.835000,18.944810
4235,18.944760,15.084145,16.371014,17.657887,19.063051,1.835000,18.944760
4236,18.944709,15.084097,16.370966,17.657837,19.063001,1.835000,18.944709
4237,18.944658,15.084050,16.370917,17.657788,19.062951,1.835000,18.944658
4238,18.944607,15.084003,16.370869,17.657738,19.062902,1.835000,18.944607
4239,18.944557,15.083955,16.370820,17.657689,19.062852,1.835000,18.944557
4240,18.944506,15.083908,16.370772,17.657639,19.062803,1.835000,18.944506
4241,18.944455,15.083861,16.370724,17.657589,19.062753,1.835000,18.944455
4242,18.944405,15.083814,16.370675,17.657540,19.062704,1.835000,18.944405
4243,18.944354,15.083766,16.370627,17.657490,19.062654,1.835000,18.944354
4244,18.944304,15.083719,16.370578,17.657441,19.062605,1.835000,18.944304
4245,18.944253,15.083672,16.370530,17.657392,19.062555,1.835000,18.944253
4246,18.944202,15.083625,16.370482,17.657342,19.062506,1.835000,18.944202
4247,18.944152,15.083578,16.370433,17.657293,19.062456,1.835000,18.944152
4248,18.944101,15.083530,16.370385,17.657243,19.062407,1.835000,18.944101
4249,18.944051,15.083483,16.370337,17.657194,19.062358,1.835000,18.944051
4250,18.944000,15.083436,16.370288,17.657144,19.062308,1.835000,18.944000
4251,18.943950,15.083389,16.370240,17.657095,19.062259,1.835000,18.943950
4252,18.943899,15.083342,16.370192,17.657046,19.062209,1.835000,18.943899
4253,18.943849,15.083295,16.370144,17.656996,19.062160,1.835000,18.943849
4254,18.943798,15.083247,16.370095,17.656947,19.062111,1.835000,18.943798
4255,18.943748,15.083200,16.370047,17.656897,19.062061,1.835000,18.943748
4256,18.943697,15.083153,16.369999,17.656848,19.062012,1.835000,18.943697
4257,18.943647,15.083106,16.369951,17.656799,19.061963,1.835000,18.943647
4258,18.943596,15.083059,16.369903,17.656749,19.061913,1.835000,18.943596
4259,18.943546,15.083012,16.369854,17.656700,19.061864,1.835000,18.943546
4260,18.943495,15.082965,16.369806,17.656651,19.061815,1.835000,18.943495
4261,18.943445,15.082918,16.369758,17.656601,19.061765,1.835000,18.943445
4262,18.943395,15.082871,16.369710,17.656552,19.061716,1.835000,18.943395
4263,18.943344,15.082824,16.369662,17.656503,19.061667,1.835000,18.943344
4264,18.943294,15.082777,16.369614,17.656454,19.061617,1.835000,18.943294
4265,18.943243,15.082730,16.369565,17.656404,19.061568,1.835000,18.943243
4266,18.943193,15.082683,16.369517,17.656355,19.061519,1.835000,18.943193
4267,18.943143,15.082636,16.369469,17.656306,19.061470,1.835000,18.943143
4268,18.943092,15.082589,16.369421,17.656257,19.061421,1.835000,18.943092
4269,18.943042,15.082542,16.369373,17.656208,19.061371,1.835000,18.943042
4270,18.942992,15.082495,16.369325,17.656158,19.061322,1.835000,18.942992
4271,18.942941,15.082448,16.369277,17.656109,19.061273,1.835000,18.942941
4272,18.942891,15.082401,16.369229,17.656060,19.061224,1.835000,18.942891
4273,18.942841,15.082354,16.369181,17.656011,19.061175,1.835000,18.942841
4274,18.942791,15.082307,16.369133,17.655962,19.061126,1.835000,18.942791
4275,18.942740,15.082260,16.369085,17.655913,19.061076,1.835000,18.942740
4276,18.942690,15.082214,16.369037,17.655863,19.061027,1.835000,18.942690
4277,18.942640,15.082167,16.368989,17.655814,19.060978,1.835000,18.942640
4278,18.942590,15.082120,16.368941,17.655765,19.060929,1.835000,18.942590
4279,18.942539,15.082073,16.368893,17.655716,19.060880,1.835000,18.942539
4280,18.942489,15.082026,16.368845,17.655667,19.060831,1.835000,18.942489
4281,18.942439,15.081979,16.368797,17.655618,19.060782,1.835000,18.942439
4282,18.942389,15.081933,16.368749,17.655569,19.060733,1.835000,18.942389
4283,18.942339,15.081886,16.368701,17.655520,19.060684,1.835000,18.942339
4284,18.942289,15.081839,16.368653,17.655471,19.060635,1.835000,18.942289
4285,18.942238,15.081792,16.368605,17.655422,19.060586,1.835000,18.942238
4286,18.942188,15.081745,16.368558,17.655373,19.060537,1.835000,18.942188
4287,18.942138,15.081699,16.368510,17.655324,19.060488,1.835000,18.942138
4288,18.942088,15.081652,16.368462,17.655275,19.060439,1.835000,18.942088
4289,18.942038,15.081605,16.368414,17.655226,19.060390,1.835000,18.942038
4290,18.941988,15.081558,16.368366,17.655177,19.060341,1.835000,18.941988
4291,18.941938,15.081512,16.368318,17.655128,19.060292,1.835000,18.941938
4292,18.941888,15.081465,16.368270,17.655079,19.060243,1.835000,18.941888
4293,18.941838,15.081418,16.368223,17.655030,19.060194,1.835000,18.941838
4294,18.941788,15.081372,16.368175,17.654981,19.060145,1.835000,18.941788
4295,18.941738,15.081325,16.368127,17.654932,19.060096,1.835000,18.941738
4296,18.941688,15.081278,16.368079,17.654884,19.060047,1.835000,18.941688
4297,18.941638,15.081232,16.368031,17.654835,19.059998,1.835000,18.941638
4298,18.941588,15.081185,16.367984,17.654786,19.059950,1.835000,18.941588
4299,18.941538,15.081138,16.367936,17.654737,19.059901,1.835000,18.941538
4300,18.941488,15.081092,16.367888,17.654688,19.059852,1.835000,18.941488
4301,18.941438,15.081045,16.367841,17.654639,19.059803,1.835000,18.941438
4302,18.941388,15.080999,16.367793,17.654590,19.059754,1.835000,18.941388
4303,18.941338,15.080952,16.367745,17.654542,19.059705,1.835000,18.941338
4304,18.941288,15.080905,16.367697,17.654493,19.059657,1.835000,18.941288
4305,18.941238,15.080859,16.367650,17.654444,19.059608,1.835000,18.941238
4306,18.941188,15.080812,16.367602,17.654395,19.059559,1.835000,18.941188
4307,18.941138,15.080766,16.367554,17.654346,19.059510,1.835000,18.941138
4308,18.941089,15.080719,16.367507,17.654298,19.059462,1.835000,18.941089
4309,18.941039,15.080673,16.367459,17.654249,19.059413,1.835000,18.941039
4310,18.940989,15.080626,16.367412,17.654200,19.059364,1.835000,18.940989
4311,18.940939,15.080580,16.367364,17.654152,19.059315,1.835000,18.940939
4312,18.940889,15.080533,16.367316,17.654103,19.059267,1.835000,18.940889
4313,18.940839,15.080487,16.367269,17.654054,19.059218,1.835000,18.940839
4314,18.940790,15.080440,16.367221,17.654005,19.059169,1.835000,18.940790
4315,18.940740,15.080394,16.367174,17.653957,19.059121,1.835000,18.940740
4316,18.940690,15.080347,16.367126,17.653908,19.059072,1.835000,18.940690
4317,18.940640,15.080301,16.367079,17.653859,19.059023,1.835000,18.940640
4318,18.940591,15.080255,16.367031,17.653811,19.058975,1.835000,18.940591
4319,18.940541,15.080208,16.366984,17.653762,19.058926,1.835000,18.940541
4320,18.940491,15.080162,16.366936,17.653714,19.058877,1.835000,18.940491
4321,18.940441,15.080115,16.366889,17.653665,19.058829,1.835000,18.940441
4322,18.940392,15.080069,16.366841,17.653616,19.058780,1.835000,18.940392
4323,18.940342,15.080023,16.366794,17.653568,19.058732,1.835000,18.940342
4324,18.940292,15.079976,16.366746,17.653519,19.058683,1.835000,18.940292
4325,18.940243,15.079930,16.366699,17.653471,19.058634,1.835000,18.940243
4326,18.940193,15.079884,16.366651,17.653422,19.058586,1.835000,18.940193
4327,18.940143,15.079837,16.366604,17.653374,19.058537,1.835000,18.940143
4328,18.940094,15.079791,16.366556,17.653325,19.058489,1.835000,18.940094
4329,18.940044,15.079745,16.366509,17.653277,19.058440,1.835000,18.940044
4330,18.939994,15.079698,16.366462,17.653228,19.058392,1.835000,18.939994
4331,18.939945,15.079652,16.366414,17.653180,19.058343,1.835000,18.939945
4332,18.939895,15.079606,16.366367,17.653131,19.058295,1.835000,18.939895
4333,18.939846,15.079560,16.366319,17.653083,19.058246,1.835000,18.939846
4334,18.939796,15.079513,16.366272,17.653034,19.058198,1.835000,18.939796
4335,18.939747,15.079467,16.366225,17.652986,19.058149,1.835000,18.939747
4336,18.939697,15.079421,16.366177,17.652937,19.058101,1.835000,18.939697
4337,18.939648,15.079375,16.366130,17.652889,19.058053,1.835000,18.939648
4338,18.939598,15.079328,16.366083,17.652840,19.058004,1.835000,18.939598
4339,18.939548,15.079282,16.366035,17.652792,19.057956,1.835000,18.939548
4340,18.939499,15.079236,16.365988,17.652744,19.057907,1.835000,18.939499
4341,18.939449,15.079190,16.365941,17.652695,19.057859,1.835000,18.939449
4342,18.939400,15.079144,16.365894,17.652647,19.057811,1.835000,18.939400
4343,18.939351,15.079098,16.365846,17.652598,19.057762,1.835000,18.939351
4344,18.939301,15.079051,16.365799,17.652550,19.057714,1.835000,18.939301
4345,18.939252,15.079005,16.365752,17.652502,19.057666,1.835000,18.939252
4346,18.939202,15.078959,16.365705,17.652453,19.057617,1.835000,18.939202
4347,18.939153,15.078913,16.365657,17.652405,19.057569,1.835000,18.939153
4348,18.939103,15.078867,16.365610,17.652357,19.057521,1.835000,18.939103
4349,18.939054,15.078821,16.365563,17.652309,19.057472,1.835000,18.939054
4350,18.939005,15.078775,16.365516,17.652260,19.057424,1.835000,18.939005
4351,18.938955,15.078729,16.365469,17.652212,19.057376,1.835000,18.938955
4352,18.938906,15.078683,16.365421,17.652164,19.057327,1.835000,18.938906
4353,18.938857,15.078637,16.365374,17.652115,19.057279,1.835000,18.938857
4354,18.938807,15.078591,16.365327,17.652067,19.057231,1.835000,18.938807
4355,18.938758,15.078544,16.365280,17.652019,19.057183,1.835000,18.938758
4356,18.938709,15.078498,16.365233,17.651971,19.057135,1.835000,18.938709
4357,18.938659,15.078452,16.365186,17.651923,19.057086,1.835000,18.938659
4358,18.938610,15.078406,16.365139,17.651874,19.057038,1.835000,18.938610
4359,18.938561,15.078360,16.365092,17.651826,19.056990,1.835000,18.938561
4360,18.938511,15.078315,16.365045,17.651778,19.056942,1.835000,18.938511
4361,18.938462,15.078269,16.364998,17.651730,19.056894,1.835000,18.938462
4362,18.938413,15.078223,16.364950,17.651682,19.056846,1.835000,18.938413
4363,18.938364,15.078177,16.364903,17.651634,19.056797,1.835000,18.938364
4364,18.938314,15.078131,16.364856,17.651585,19.056749,1.835000,18.938314
4365,18.938265,15.078085,16.364809,17.651537,19.056701,1.835000,18.938265
4366,18.938216,15.078039,16.364762,17.651489,19.056653,1.835000,18.938216
4367,18.938167,15.077993,16.364715,17.651441,19.056605,1.835000,18.938167
4368,18.938118,15.077947,16.364668,17.651393,19.056557,1.835000,18.938118
4369,18.938068,15.077901,16.364621,17.651345,19.056509,1.835000,18.938068
4370,18.938019,15.077855,16.364574,17.651297,19.056461,1.835000,18.938019
4371,18.937970,15.077809,16.364528,17.651249,19.056413,1.835000,18.937970
4372,18.937921,15.077764,16.364481,17.651201,19.056365,1.835000,18.937921
4373,18.937872,15.077718,16.364434,17.651153,19.056317,1.835000,18.937872
4374,18.937823,15.077672,16.364387,17.651105,19.056269,1.835000,18.937823
4375,18.937774,15.077626,16.364340,17.651057,19.056221,1.835000,18.937774
4376,18.937725,15.077580,16.364293,17.651009,19.056173,1.835000,18.937725
4377,18.937676,15.077535,16.364246,17.650961,19.056125,1.835000,18.937676
4378,18.937626,15.077489,16.364199,17.650913,19.056077,1.835000,18.937626
4379,18.937577,15.077443,16.364152,17.650865,19.056029,1.835000,18.937577
4380,18.937528,15.077397,16.364105,17.650817,19.055981,1.835000,18.937528
4381,18.937479,15.077351,16.364059,17.650769,19.055933,1.835000,18.937479
4382,18.937430,15.077306,16.364012,17.650721,19.055885,1.835000,18.937430
4383,18.937381,15.077260,16.363965,17.650673,19.055837,1.835000,18.937381
4384,18.937332,15.077214,16.363918,17.650625,19.055789,1.835000,18.937332
4385,18.937283,15.077169,16.363871,17.650577,19.055741,1.835000,18.937283
4386,18.937234,15.077123,16.363824,17.650529,19.055693,1.835000,18.937234
4387,18.937185,15.077077,16.363778,17.650482,19.055645,1.835000,18.937185
4388,18.937136,15.077031,16.363731,17.650434,19.055597,1.835000,18.937136
4389,18.937087,15.076986,16.363684,17.650386,19.055550,1.835000,18.937087
4390,18.937038,15.076940,16.363637,17.650338,19.055502,1.835000,18.937038
4391,18.936990,15.076895,16.363591,17.650290,19.055454,1.835000,18.936990
4392,18.936941,15.076849,16.363544,17.650242,19.055406,1.835000,18.936941
4393,18.936892,15.076803,16.363497,17.650194,19.055358,1.835000,18.936892
4394,18.936843,15.076758,16.363451,17.650147,19.055311,1.835000,18.936843
4395,18.936794,15.076712,16.363404,17.650099,19.055263,1.835000,18.936794
4396,18.936745,15.076666,16.363357,17.650051,19.055215,1.835000,18.936745
4397,18.936696,15.076621,16.363310,17.650003,19.055167,1.835000,18.936696
4398,18.936647,15.076575,16.363264,17.649956,19.055119,1.835000,18.936647
4399,18.936599,15.076530,16.363217,17.649908,19.055072,1.835000,18.936599
4400,18.936550,15.076484,16.363170,17.649860,19.055024,1.835000,18.936550
4401,18.936501,15.076439,16.363124,17.649812,19.054976,1.835000,18.936501
4402,18.936452,15.076393,16.363077,17.649765,19.054928,1.835000,18.936452
4403,18.936403,15.076348,16.363031,17.649717,19.054881,1.835000,18.936403
4404,18.936355,15.076302,16.362984,17.649669,19.054833,1.835000,18.936355
4405,18.936306,15.076257,16.362937,17.649622,19.054785,1.835000,18.936306
4406,18.936257,15.076211,16.362891,17.649574,19.054738,1.835000,18.936257
4407,18.936208,15.076166,16.362844,17.649526,19.054690,1.835000,18.936208
4408,18.936160,15.076120,16.362798,17.649479,19.054642,1.835000,18.936160
4409,18.936111,15.076075,16.362751,17.649431,19.054595,1.835000,18.936111
4410,18.936062,15.076029,16.362705,17.649383,19.054547,1.835000,18.936062
4411,18.936013,15.075984,16.362658,17.649336,19.054500,1.835000,18.936013
4412,18.935965,15.075938,16.362612,17.649288,19.054452,1.835000,18.935965
4413,18.935916,15.075893,16.362565,17.649241,19.054404,1.835000,18.935916
4414,18.935867,15.075847,16.362519,17.649193,19.054357,1.835000,18.935867
4415,18.935819,15.075802,16.362472,17.649145,19.054309,1.835000,18.935819
4416,18.935770,15.075757,16.362426,17.649098,19.054262,1.835000,18.935770
4417,18.935721,15.075711,16.362379,17.649050,19.054214,1.835000,18.935721
4418,18.935673,15.075666,16.362333,17.649003,19.054167,1.835000,18.935673
4419,18.935624,15.075621,16.362286,17.648955,19.054119,1.835000,18.935624
4420,18.935576,15.075575,16.362240,17.648908,19.054072,1.835000,18.935576
4421,18.935527,15.075530,16.362193,17.648860,19.054024,1.835000,18.935527
4422,18.935478,15.075484,16.362147,17.648813,19.053977,1.835000,18.935478
4423,18.935430,15.075439,16.362101,17.648765,19.053929,1.835000,18.935430
4424,18.935381,15.075394,16.362054,17.648718,19.053882,1.835000,18.935381
4425,18.935333,15.075349,16.362008,17.648670,19.053834,1.835000,18.935333
4426,18.935284,15.075303,16.361961,17.648623,19.053787,1.835000,18.935284
4427,18.935236,15.075258,16.361915,17.648575,19.053739,1.835000,18.935236
4428,18.935187,15.075213,16.361869,17.648528,19.053692,1.835000,18.935187
4429,18.935139,15.075167,16.361822,17.648481,19.053644,1.835000,18.935139
4430,18.935090,15.075122,16.361776,17.648433,19.053597,1.835000,18.935090
4431,18.935042,15.075077,16.361730,17.648386,19.053550,1.835000,18.935042
4432,18.934993,15.075032,16.361683,17.648338,19.053502,1.835000,18.934993
4433,18.934945,15.074987,16.361637,17.648291,19.053455,1.835000,18.934945
4434,18.934896,15.074941,16.361591,17.648244,19.053407,1.835000,18.934896
4435,18.934848,15.074896,16.361545,17.648196,19.053360,1.835000,18.934848
4436,18.934799,15.074851,16.361498,17.648149,19.053313,1.835000,18.934799
4437,18.934751,15.074806,16.361452,17.648102,19.053265,1.835000,18.934751
4438,18.934703,15.074761,16.361406,17.648054,19.053218,1.835000,18.934703
4439,18.934654,15.074715,16.361360,17.648007,19.053171,1.835000,18.934654
4440,18.934606,15.074670,16.361313,17.647960,19.053123,1.835000,18.934606
4441,18.934558,15.074625,16.361267,17.647912,19.053076,1.835000,18.934558
4442,18.934509,15.074580,16.361221,17.647865,19.053029,1.835000,18.934509
4443,18.934461,15.074535,16.361175,17.647818,19.052982,1.835000,18.934461
4444,18.934412,15.074490,16.361129,17.647771,19.052934,1.835000,18.934412
4445,18.934364,15.074445,16.361082,17.647723,19.052887,1.835000,18.934364
4446,18.934316,15.074400,16.361036,17.647676,19.052840,1.835000,18.934316
4447,18.934268,15.074355,16.360990,17.647629,19.052793,1.835000,18.934268
4448,18.934219,15.074310,16.360944,17.647582,19.052745,1.835000,18.934219
4449,18.934171,15.074264,16.360898,17.647534,19.052698,1.835000,18.934171
4450,18.934123,15.074219,16.360852,17.647487,19.052651,1.835000,18.934123
4451,18.934074,15.074174,16.360806,17.647440,19.052604,1.835000,18.934074
4452,18.934026,15.074129,16.360759,17.647393,19.052557,1.835000,18.934026
4453,18.933978,15.074084,16.360713,17.647346,19.052509,1.835000,18.933978
4454,18.933930,15.074039,16.360667,17.647298,19.052462,1.835000,18.933930
4455,18.933881,15.073994,16.360621,17.647251,19.052415,1.835000,18.933881
4456,18.933833,15.073949,16.360575,17.647204,19.052368,1.835000,18.933833
4457,18.933785,15.073904,16.360529,17.647157,19.052321,1.835000,18.933785
4458,18.933737,15.073859,16.360483,17.647110,19.052274,1.835000,18.933737
4459,18.933689,15.073814,16.360437,17.647063,19.052227,1.835000,18.933689
4460,18.933640,15.073770,16.360391,17.647016,19.052180,1.835000,18.933640
4461,18.933592,15.073725,16.360345,17.646969,19.052132,1.835000,18.933592
4462,18.933544,15.073680,16.360299,17.646922,19.052085,1.835000,18.933544
4463,18.933496,15.073635,16.360253,17.646875,19.052038,1.835000,18.933496
4464,18.933448,15.073590,16.360207,17.646827,19.051991,1.835000,18.933448
4465,18.933400,15.073545,16.360161,17.646780,19.051944,1.835000,18.933400
4466,18.933352,15.073500,16.360115,17.646733,19.051897,1.835000,18.933352
4467,18.933304,15.073455,16.360069,17.646686,19.051850,1.835000,18.933304
4468,18.933256,15.073410,16.360023,17.646639,19.051803,1.835000,18.933256
4469,18.933207,15.073365,16.359977,17.646592,19.051756,1.835000,18.933207
4470,18.933159,15.073321,16.359931,17.646545,19.051709,1.835000,18.933159
4471,18.933111,15.073276,16.359886,17.646498,19.051662,1.835000,18.933111
4472,18.933063,15.073231,16.359840,17.646451,19.051615,1.835000,18.933063
4473,18.933015,15.073186,16.359794,17.646405,19.051568,1.835000,18.933015
4474,18.932967,15.073141,16.359748,17.646358,19.051521,1.835000,18.932967
4475,18.932919,15.073097,16.359702,17.646311,19.051474,1.835000,18.932919
4476,18.932871,15.073052,16.359656,17.646264,19.051428,1.835000,18.932871
4477,18.932823,15.073007,16.359610,17.646217,19.051381,1.835000,18.932823
4478,18.932775,15.072962,16.359564,17.646170,19.051334,1.835000,18.932775
4479,18.932727,15.072917,16.359519,17.646123,19.051287,1.835000,18.932727
4480,18.932679,15.072873,16.359473,17.646076,19.051240,1.835000,18.932679
4481,18.932631,15.072828,16.359427,17.646029,19.051193,1.835000,18.932631
4482,18.932584,15.072783,16.359381,17.645982,19.051146,1.835000,18.932584
4483,18.932536,15.072739,16.359335,17.645936,19.051099,1.835000,18.932536
4484,18.932488,15.072694,16.359290,17.645889,19.051053,1.835000,18.932488
4485,18.932440,15.072649,16.359244,17.645842,19.051006,1.835000,18.932440
4486,18.932392,15.072605,16.359198,17.645795,19.050959,1.835000,18.932392
4487,18.932344,15.072560,16.359152,17.645748,19.050912,1.835000,18.932344
4488,18.932296,15.072515,16.359107,17.645701,19.050865,1.835000,18.932296
4489,18.932248,15.072471,16.359061,17.645655,19.050818,1.835000,18.932248
4490,18.932201,15.072426,16.359015,17.645608,19.050772,1.835000,18.932201
4491,18.932153,15.072381,16.358970,17.645561,19.050725,1.835000,18.932153
4492,18.932105,15.072337,16.358924,17.645514,19.050678,1.835000,18.932105
4493,18.932057,15.072292,16.358878,17.645468,19.050631,1.835000,18.932057
4494,18.932009,15.072247,16.358833,17.645421,19.050585,1.835000,18.932009
4495,18.931961,15.072203,16.358787,17.645374,19.050538,1.835000,18.931961
4496,18.931914,15.072158,16.358741,17.645327,19.050491,1.835000,18.931914
4497,18.931866,15.072114,16.358696,17.645281,19.050445,1.835000,18.931866
4498,18.931818,15.072069,16.358650,17.645234,19.050398,1.835000,18.931818
4499,18.931770,15.072025,16.358604,17.645187,19.050351,1.835000,18.931770
4500,18.931723,15.071980,16.358559,17.645141,19.050304,1.835000,18.931723
4501,18.931675,15.071935,16.358513,17.645094,19.050258,1.835000,18.931675
4502,18.931627,15.071891,16.358468,17.645047,19.050211,1.835000,18.931627
4503,18.931579,15.071846,16.358422,17.645001,19.050165,1.835000,18.931579
4504,18.931532,15.071802,16.358376,17.644954,19.050118,1.835000,18.931532
4505,18.931484,15.071757,16.358331,17.644907,19.050071,1.835000,18.931484
4506,18.931436,15.071713,16.358285,17.644861,19.050025,1.835000,18.931436
4507,18.931389,15.071668,16.358240,17.644814,19.049978,1.835000,18.931389
4508,18.931341,15.071624,16.358194,17.644768,19.049931,1.835000,18.931341
4509,18.931293,15.071580,16.358149,17.644721,19.049885,1.835000,18.931293
4510,18.931246,15.071535,16.358103,17.644675,19.049838,1.835000,18.931246
4511,18.931198,15.071491,16.358058,17.644628,19.049792,1.835000,18.931198
4512,18.931151,15.071446,16.358012,17.644581,19.049745,1.835000,18.931151
4513,18.931103,15.071402,16.357967,17.644535,19.049699,1.835000,18.931103
4514,18.931055,15.071357,16.357921,17.644488,19.049652,1.835000,18.931055
4515,18.931008,15.071313,16.357876,17.644442,19.049606,1.835000,18.931008
4516,18.930960,15.071269,16.357830,17.644395,19.049559,1.835000,18.930960
4517,18.930913,15.071224,16.357785,17.644349,19.049513,1.835000,18.930913
4518,18.930865,15.071180,16.357740,17.644302,19.049466,1.835000,18.930865
4519,18.930818,15.071136,16.357694,17.644256,19.049420,1.835000,18.930818
4520,18.930770,15.071091,16.357649,17.644209,19.049373,1.835000,18.930770
4521,18.930723,15.071047,16.357603,17.644163,19.049327,1.835000,18.930723
4522,18.930675,15.071003,16.357558,17.644117,19.049280,1.835000,18.930675
4523,18.930628,15.070958,16.357513,17.644070,19.049234,1.835000,18.930628
4524,18.930580,15.070914,16.357467,17.644024,19.049187,1.835000,18.930580
4525,18.930533,15.070870,16.357422,17.643977,19.049141,1.835000,18.930533
4526,18.930485,15.070825,16.357376,17.643931,19.049095,1.835000,18.930485
4527,18.930438,15.070781,16.357331,17.643884,19.049048,1.835000,18.930438
4528,18.930390,15.070737,16.357286,17.643838,19.049002,1.835000,18.930390
4529,18.930343,15.070693,16.357240,17.643792,19.048955,1.835000,18.930343
4530,18.930295,15.070648,16.357195,17.643745,19.048909,1.835000,18.930295
4531,18.930248,15.070604,16.357150,17.643699,19.048863,1.835000,18.930248
4532,18.930201,15.070560,16.357105,17.643653,19.048816,1.835000,18.930201
4533,18.930153,15.070516,16.357059,17.643606,19.048770,1.835000,18.930153
4534,18.930106,15.070471,16.357014,17.643560,19.048724,1.835000,18.930106
4535,18.930058,15.070427,16.356969,17.643514,19.048677,1.835000,18.930058
4536,18.930011,15.070383,16.356924,17.643467,19.048631,1.835000,18.930011
4537,18.929964,15.070339,16.356878,17.643421,19.048585,1.835000,18.929964
4538,18.929916,15.070295,16.356833,17.643375,19.048539,1.835000,18.929916
4539,18.929869,15.070250,16.356788,17.643328,19.048492,1.835000,18.929869
4540,18.929822,15.070206,16.356743,17.643282,19.048446,1.835000,18.929822
4541,18.929774,15.070162,16.356697,17.643236,19.048400,1.835000,18.929774
4542,18.929727,15.070118,16.356652,17.643190,19.048354,1.835000,18.929727
4543,18.929680,15.070074,16.356607,17.643143,19.048307,1.835000,18.929680
4544,18.929633,15.070030,16.356562,17.643097,19.048261,1.835000,18.929633
4545,18.929585,15.069986,16.356517,17.643051,19.048215,1.835000,18.929585
4546,18.929538,15.069942,16.356472,17.643005,19.048169,1.835000,18.929538
4547,18.929491,15.069898,16.356427,17.642959,19.048122,1.835000,18.929491
4548,18.929444,15.069853,16.356381,17.642912,19.048076,1.835000,18.929444
4549,18.929396,15.069809,16.356336,17.642866,19.048030,1.835000,18.929396
4550,18.929349,15.069765,16.356291,17.642820,19.047984,1.835000,18.929349
4551,18.929302,15.069721,16.356246,17.642774,19.047938,1.835000,18.929302
4552,18.929255,15.069677,16.356201,17.642728,19.047892,1.835000,18.929255
4553,18.929208,15.069633,16.356156,17.642682,19.047846,1.835000,18.929208
4554,18.929160,15.069589,16.356111,17.642636,19.047799,1.835000,18.929160
4555,18.929113,15.069545,16.356066,17.642590,19.047753,1.835000,18.929113
4556,18.929066,15.069501,16.356021,17.642543,19.047707,1.835000,18.929066
4557,18.929019,15.069457,16.355976,17.642497,19.047661,1.835000,18.929019
4558,18.928972,15.069413,16.355931,17.642451,19.047615,1.835000,18.928972
4559,18.928925,15.069369,16.355886,17.642405,19.047569,1.835000,18.928925
4560,18.928878,15.069325,16.355841,17.642359,19.047523,1.835000,18.928878
4561,18.928830,15.069281,16.355796,17.642313,19.047477,1.835000,18.928830
4562,18.928783,15.069237,16.355751,17.642267,19.047431,1.835000,18.928783
4563,18.928736,15.069193,16.355706,17.642221,19.047385,1.835000,18.928736
4564,18.928689,15.069150,16.355661,17.642175,19.047339,1.835000,18.928689
4565,18.928642,15.069106,16.355616,17.642129,19.047293,1.835000,18.928642
4566,18.928595,15.069062,16.355571,17.642083,19.047247,1.835000,18.928595
4567,18.928548,15.069018,16.355526,17.642037,19.047201,1.835000,18.928548
4568,18.928501,15.068974,16.355481,17.641991,19.047155,1.835000,18.928501
4569,18.928454,15.068930,16.355436,17.641945,19.047109,1.835000,18.928454
4570,18.928407,15.068886,16.355391,17.641899,19.047063,1.835000,18.928407
4571,18.928360,15.068842,16.355346,17.641853,19.047017,1.835000,18.928360
4572,18.928313,15.068799,16.355301,17.641807,19.046971,1.835000,18.928313
4573,18.928266,15.068755,16.355256,17.641761,19.046925,1.835000,18.928266
4574,18.928219,15.068711,16.355212,17.641715,19.046879,1.835000,18.928219
4575,18.928172,15.068667,16.355167,17.641669,19.046833,1.835000,18.928172
4576,18.928125,15.068623,16.355122,17.641624,19.046787,1.835000,18.928125
4577,18.928078,15.068579,16.355077,17.641578,19.046741,1.835000,18.928078
4578,18.928031,15.068536,16.355032,17.641532,19.046696,1.835000,18.928031
4579,18.927984,15.068492,16.354987,17.641486,19.046650,1.835000,18.927984
4580,18.927938,15.068448,16.354943,17.641440,19.046604,1.835000,18.927938
4581,18.927891,15.068404,16.354898,17.641394,19.046558,1.835000,18.927891
4582,18.927844,15.068361,16.354853,17.641348,19.046512,1.835000,18.927844
4583,18.927797,15.068317,16.354808,17.641303,19.046466,1.835000,18.927797
4584,18.927750,15.068273,16.354763,17.641257,19.046421,1.835000,18.927750
4585,18.927703,15.068229,16.354719,17.641211,19.046375,1.835000,18.927703
4586,18.927656,15.068186,16.354674,17.641165,19.046329,1.835000,18.927656
4587,18.927610,15.068142,16.354629,17.641119,19.046283,1.835000,18.927610
4588,18.927563,15.068098,16.354584,17.641074,19.046237,1.835000,18.927563
4589,18.927516,15.068055,16.354540,17.641028,19.046192,1.835000,18.927516
4590,18.927469,15.068011,16.354495,17.640982,19.046146,1.835000,18.927469
4591,18.927422,15.067967,16.354450,17.640936,19.046100,1.835000,18.927422
4592,18.927376,15.067924,16.354406,17.640891,19.046054,1.835000,18.927376
4593,18.927329,15.067880,16.354361,17.640845,19.046009,1.835000,18.927329
4594,18.927282,15.067836,16.354316,17.640799,19.045963,1.835000,18.927282
4595,18.927235,15.067793,16.354272,17.640753,19.045917,1.835000,18.927235
4596,18.927188,15.067749,16.354227,17.640708,19.045871,1.835000,18.927188
4597,18.927142,15.067706,16.354182,17.640662,19.045826,1.835000,18.927142
4598,18.927095,15.067662,16.354138,17.640616,19.045780,1.835000,18.927095
4599,18.927048,15.067618,16.354093,17.640571,19.045734,1.835000,18.927048
4600,18.927002,15.067575,16.354048,17.640525,19.045689,1.835000,18.927002
4601,18.926955,15.067531,16.354004,17.640479,19.045643,1.835000,18.926955
4602,18.926908,15.067488,16.353959,17.640434,19.045598,1.835000,18.926908
4603,18.926862,15.067444,16.353915,17.640388,19.045552,1.835000,18.926862
4604,18.926815,15.067401,16.353870,17.640342,19.045506,1.835000,18.926815
4605,18.926768,15.067357,16.353825,17.640297,19.045461,1.835000,18.926768
4606,18.926722,15.067314,16.353781,17.640251,19.045415,1.835000,18.926722
4607,18.926675,15.067270,16.353736,17.640206,19.045369,1.835000,18.926675
4608,18.926628,15.067227,16.353692,17.640160,19.045324,1.835000,18.926628
4609,18.926582,15.067183,16.353647,17.640115,19.045278,1.835000,18.926582
4610,18.926535,15.067140,16.353603,17.640069,19.045233,1.835000,18.926535
4611,18.926489,15.067096,16.353558,17.640023,19.045187,1.835000,18.926489
4612,18.926442,15.067053,16.353514,17.639978,19.045142,1.835000,18.926442
4613,18.926395,15.067009,16.353469,17.639932,19.045096,1.835000,18.926395
4614,18.926349,15.066966,16.353425,17.639887,19.045051,1.835000,18.926349
4615,18.926302,15.066922,16.353380,17.639841,19.045005,1.835000,18.926302
4616,18.926256,15.066879,16.353336,17.639796,19.044960,1.835000,18.926256
4617,18.926209,15.066836,16.353291,17.639750,19.044914,1.835000,18.926209
4618,18.926163,15.066792,16.353247,17.639705,19.044869,1.835000,18.926163
4619,18.926116,15.066749,16.353202,17.639659,19.044823,1.835000,18.926116
4620,18.926070,15.066705,16.353158,17.639614,19.044778,1.835000,18.926070
4621,18.926023,15.066662,16.353114,17.639568,19.044732,1.835000,18.926023
4622,18.925977,15.066619,16.353069,17.639523,19.044687,1.835000,18.925977
4623,18.925930,15.066575,16.353025,17.639478,19.044641,1.835000,18.925930
4624,18.925884,15.066532,16.352980,17.639432,19.044596,1.835000,18.925884
4625,18.925837,15.066489,16.352936,17.639387,19.044551,1.835000,18.925837
4626,18.925791,15.066445,16.352892,17.639341,19.044505,1.835000,18.925791
4627,18.925745,15.066402,16.352847,17.639296,19.044460,1.835000,18.925745
4628,18.925698,15.066359,16.352803,17.639251,19.044414,1.835000,18.925698
4629,18.925652,15.066315,16.352759,17.639205,19.044369,1.835000,18.925652
4630,18.925605,15.066272,16.352714,17.639160,19.044324,1.835000,18.925605
4631,18.925559,15.066229,16.352670,17.639114,19.044278,1.835000,18.925559
4632,18.925513,15.066185,16.352626,17.639069,19.044233,1.835000,18.925513
4633,18.925466,15.066142,16.352581,17.639024,19.044188,1.835000,18.925466
4634,18.925420,15.066099,16.352537,17.638978,19.044142,1.835000,18.925420
4635,18.925373,15.066056,16.352493,17.638933,19.044097,1.835000,18.925373
4636,18.925327,15.066012,16.352449,17.638888,19.044052,1.835000,18.925327
4637,18.925281,15.065969,16.352404,17.638843,19.044006,1.835000,18.925281
4638,18.925234,15.065926,16.352360,17.638797,19.043961,1.835000,18.925234
4639,18.925188,15.065883,16.352316,17.638752,19.043916,1.835000,18.925188
4640,18.925142,15.065840,16.352272,17.638707,19.043871,1.835000,18.925142
4641,18.925096,15.065796,16.352227,17.638661,19.043825,1.835000,18.925096
4642,18.925049,15.065753,16.352183,17.638616,19.043780,1.835000,18.925049
4643,18.925003,15.065710,16.352139,17.638571,19.043735,1.835000,18.925003
4644,18.924957,15.065667,16.352095,17.638526,19.043690,1.835000,18.924957
4645,18.924911,15.065624,16.352051,17.638481,19.043644,1.835000,18.924911
4646,18.924864,15.065581,16.352006,17.638435,19.043599,1.835000,18.924864
4647,18.924818,15.065537,16.351962,17.638390,19.043554,1.835000,18.924818
4648,18.924772,15.065494,16.351918,17.638345,19.043509,1.835000,18.924772
4649,18.924726,15.065451,16.351874,17.638300,19.043464,1.835000,18.924726
4650,18.924679,15.065408,16.351830,17.638255,19.043418,1.835000,18.924679
4651,18.924633,15.065365,16.351786,17.638209,19.043373,1.835000,18.924633
4652,18.924587,15.065322,16.351742,17.638164,19.043328,1.835000,18.924587
4653,18.924541,15.065279,16.351697,17.638119,19.043283,1.835000,18.924541
4654,18.924495,15.065236,16.351653,17.638074,19.043238,1.835000,18.924495
4655,18.924449,15.065193,16.351609,17.638029,19.043193,1.835000,18.924449
4656,18.924402,15.065150,16.351565,17.637984,19.043148,1.835000,18.924402
4657,18.924356,15.065107,16.351521,17.637939,19.043103,1.835000,18.924356
4658,18.924310,15.065064,16.351477,17.637894,19.043057,1.835000,18.924310
4659,18.924264,15.065021,16.351433,17.637849,19.043012,1.835000,18.924264
4660,18.924218,15.064978,16.351389,17.637803,19.042967,1.835000,18.924218
4661,18.924172,15.064935,16.351345,17.637758,19.042922,1.835000,18.924172
4662,18.924126,15.064892,16.351301,17.637713,19.042877,1.835000,18.924126
4663,18.924080,15.064849,16.351257,17.637668,19.042832,1.835000,18.924080
4664,18.924034,15.064806,16.351213,17.637623,19.042787,1.835000,18.924034
4665,18.923988,15.064763,16.351169,17.637578,19.042742,1.835000,18.923988
4666,18.923942,15.064720,16.351125,17.637533,19.042697,1.835000,18.923942
4667,18.923896,15.064677,16.351081,17.637488,19.042652,1.835000,18.923896
4668,18.923850,15.064634,16.351037,17.637443,19.042607,1.835000,18.923850
4669,18.923804,15.064591,16.350993,17.637398,19.042562,1.835000,18.923804
4670,18.923758,15.064548,16.350949,17.637353,19.042517,1.835000,18.923758
4671,18.923712,15.064505,16.350905,17.637308,19.042472,1.835000,18.923712
4672,18.923666,15.064462,16.350861,17.637263,19.042427,1.835000,18.923666
4673,18.923620,15.064419,16.350817,17.637218,19.042382,1.835000,18.923620
4674,18.923574,15.064376,16.350773,17.637174,19.042337,1.835000,18.923574
4675,18.923528,15.064333,16.350729,17.637129,19.042292,1.835000,18.923528
4676,18.923482,15.064291,16.350686,17.637084,19.042247,1.835000,18.923482
4677,18.923436,15.064248,16.350642,17.637039,19.042203,1.835000,18.923436
4678,18.923390,15.064205,16.350598,17.636994,19.042158,1.835000,18.923390
4679,18.923344,15.064162,16.350554,17.636949,19.042113,1.835000,18.923344
4680,18.923298,15.064119,16.350510,17.636904,19.042068,1.835000,18.923298
4681,18.923252,15.064076,16.350466,17.636859,19.042023,1.835000,18.923252
4682,18.923206,15.064034,16.350422,17.636814,19.041978,1.835000,18.923206
4683,18.923160,15.063991,16.350379,17.636770,19.041933,1.835000,18.923160
4684,18.923115,15.063948,16.350335,17.636725,19.041888,1.835000,18.923115
4685,18.923069,15.063905,16.350291,17.636680,19.041844,1.835000,18.923069
4686,18.923023,15.063862,16.350247,17.636635,19.041799,1.835000,18.923023
4687,18.922977,15.063820,16.350203,17.636590,19.041754,1.835000,18.922977
4688,18.922931,15.063777,16.350160,17.636545,19.041709,1.835000,18.922931
4689,18.922885,15.063734,16.350116,17.636501,19.041664,1.835000,18.922885
4690,18.922840,15.063691,16.350072,17.636456,19.041620,1.835000,18.922840
4691,18.922794,15.063649,16.350028,17.636411,19.041575,1.835000,18.922794
4692,18.922748,15.063606,16.349985,17.636366,19.041530,1.835000,18.922748
4693,18.922702,15.063563,16.349941,17.636322,19.041485,1.835000,18.922702
4694,18.922657,15.063520,16.349897,17.636277,19.041441,1.835000,18.922657
4695,18.922611,15.063478,16.349853,17.636232,19.041396,1.835000,18.922611
4696,18.922565,15.063435,16.349810,17.636187,19.041351,1.835000,18.922565
4697,18.922519,15.063392,16.349766,17.636143,19.041306,1.835000,18.922519
4698,18.922474,15.063350,16.349722,17.636098,19.041262,1.835000,18.922474
4699,18.922428,15.063307,16.349679,17.636053,19.041217,1.835000,18.922428
4700,18.922382,15.063264,16.349635,17.636009,19.041172,1.835000,18.922382
4701,18.922336,15.063222,16.349591,17.635964,19.041128,1.835000,18.922336
4702,18.922291,15.063179,16.349548,17.635919,19.041083,1.835000,18.922291
4703,18.922245,15.063137,16.349504,17.635875,19.041038,1.835000,18.922245
4704,18.922199,15.063094,16.349460,17.635830,19.040994,1.835000,18.922199
4705,18.922154,15.063051,16.349417,17.635785,19.040949,1.835000,18.922154
4706,18.922108,15.063009,16.349373,17.635741,19.040904,1.835000,18.922108
4707,18.922062,15.062966,16.349330,17.635696,19.040860,1.835000,18.922062
4708,18.922017,15.062924,16.349286,17.635651,19.040815,1.835000,18.922017
4709,18.921971,15.062881,16.349242,17.635607,19.040771,1.835000,18.921971
4710,18.921926,15.062838,16.349199,17.635562,19.040726,1.835000,18.921926
4711,18.921880,15.062796,16.349155,17.635518,19.040681,1.835000,18.921880
4712,18.921834,15.062753,16.349112,17.635473,19.040637,1.835000,18.921834
4713,18.921789,15.062711,16.349068,17.635428,19.040592,1.835000,18.921789
4714,18.921743,15.062668,16.349025,17.635384,19.040548,1.835000,18.921743
4715,18.921698,15.062626,16.348981,17.635339,19.040503,1.835000,18.921698
4716,18.921652,15.062583,16.348938,17.635295,19.040459,1.835000,18.921652
4717,18.921607,15.062541,16.348894,17.635250,19.040414,1.835000,18.921607
4718,18.921561,15.062498,16.348851,17.635206,19.040370,1.835000,18.921561
4719,18.921516,15.062456,16.348807,17.635161,19.040325,1.835000,18.921516
4720,18.921470,15.062413,16.348764,17.635117,19.040281,1.835000,18.921470
4721,18.921425,15.062371,16.348720,17.635072,19.040236,1.835000,18.921425
4722,18.921379,15.062328,16.348677,17.635028,19.040192,1.835000,18.921379
4723,18.921334,15.062286,16.348633,17.634983,19.040147,1.835000,18.921334
4724,18.921288,15.062244,16.348590,17.634939,19.040103,1.835000,18.921288
4725,18.921243,15.062201,16.348546,17.634894,19.040058,1.835000,18.921243
4726,18.921197,15.062159,16.348503,17.634850,19.040014,1.835000,18.921197
4727,18.921152,15.062116,16.348459,17.634806,19.039969,1.835000,18.921152
4728,18.921106,15.062074,16.348416,17.634761,19.039925,1.835000,18.921106
4729,18.921061,15.062032,16.348373,17.634717,19.039881,1.835000,18.921061
4730,18.921015,15.061989,16.348329,17.634672,19.039836,1.835000,18.921015
4731,18.920970,15.061947,16.348286,17.634628,19.039792,1.835000,18.920970
4732,18.920925,15.061904,16.348243,17.634584,19.039747,1.835000,18.920925
4733,18.920879,15.061862,16.348199,17.634539,19.039703,1.835000,18.920879
4734,18.920834,15.061820,16.348156,17.634495,19.039659,1.835000,18.920834
4735,18.920789,15.061777,16.348112,17.634450,19.039614,1.835000,18.920789
4736,18.920743,15.061735,16.348069,17.634406,19.039570,1.835000,18.920743
4737,18.920698,15.061693,16.348026,17.634362,19.039526,1.835000,18.920698
4738,18.920652,15.061651,16.347982,17.634317,19.039481,1.835000,18.920652
4739,18.920607,15.061608,16.347939,17.634273,19.039437,1.835000,18.920607
4740,18.920562,15.061566,16.347896,17.634229,19.039393,1.835000,18.920562
4741,18.920516,15.061524,16.347853,17.634185,19.039348,1.835000,18.920516
4742,18.920471,15.061481,16.347809,17.634140,19.039304,1.835000,18.920471
4743,18.920426,15.061439,16.347766,17.634096,19.039260,1.835000,18.920426
4744,18.920381,15.061397,16.347723,17.634052,19.039215,1.835000,18.920381
4745,18.920335,15.061355,16.347680,17.634007,19.039171,1.835000,18.920335
4746,18.920290,15.061312,16.347636,17.633963,19.039127,1.835000,18.920290
4747,18.920245,15.061270,16.347593,17.633919,19.039083,1.835000,18.920245
4748,18.920200,15.061228,16.347550,17.633875,19.039038,1.835000,18.920200
4749,18.920154,15.061186,16.347507,17.633830,19.038994,1.835000,18.920154
4750,18.920109,15.061144,16.347463,17.633786,19.038950,1.835000,18.920109
4751,18.920064,15.061101,16.347420,17.633742,19.038906,1.835000,18.920064
4752,18.920019,15.061059,16.347377,17.633698,19.038862,1.835000,18.920019
4753,18.919974,15.061017,16.347334,17.633654,19.038817,1.835000,18.919974
4754,18.919928,15.060975,16.347291,17.633609,19.038773,1.835000,18.919928
4755,18.919883,15.060933,16.347247,17.633565,19.038729,1.835000,18.919883
4756,18.919838,15.060891,16.347204,17.633521,19.038685,1.835000,18.919838
4757,18.919793,15.060848,16.347161,17.633477,19.038641,1.835000,18.919793
4758,18.919748,15.060806,16.347118,17.633433,19.038597,1.835000,18.919748
4759,18.919703,15.060764,16.347075,17.633389,19.038553,1.835000,18.919703
4760,18.919657,15.060722,16.347032,17.633345,19.038508,1.835000,18.919657
4761,18.919612,15.060680,16.346989,17.633300,19.038464,1.835000,18.919612
4762,18.919567,15.060638,16.346946,17.633256,19.038420,1.835000,18.919567
4763,18.919522,15.060596,16.346903,17.633212,19.038376,1.835000,18.919522
4764,18.919477,15.060554,16.346859,17.633168,19.038332,1.835000,18.919477
4765,18.919432,15.060512,16.346816,17.633124,19.038288,1.835000,18.919432
4766,18.919387,15.060470,16.346773,17.633080,19.038244,1.835000,18.919387
4767,18.919342,15.060428,16.346730,17.633036,19.038200,1.835000,18.919342
4768,18.919297,15.060385,16.346687,17.632992,19.038156,1.835000,18.919297
4769,18.919252,15.060343,16.346644,17.632948,19.038112,1.835000,18.919252
4770,18.919207,15.060301,16.346601,17.632904,19.038068,1.835000,18.919207
4771,18.919162,15.060259,16.346558,17.632860,19.038024,1.835000,18.919162
4772,18.919117,15.060217,16.346515,17.632816,19.037980,1.835000,18.919117
4773,18.919072,15.060175,16.346472,17.632772,19.037936,1.835000,18.919072
4774,18.919027,15.060133,16.346429,17.632728,19.037892,1.835000,18.919027
4775,18.918982,15.060091,16.346386,17.632684,19.037848,1.835000,18.918982
4776,18.918937,15.060049,16.346343,17.632640,19.037804,1.835000,18.918937
4777,18.918892,15.060008,16.346300,17.632596,19.037760,1.835000,18.918892
4778,18.918847,15.059966,16.346257,17.632552,19.037716,1.835000,18.918847
4779,18.918802,15.059924,16.346214,17.632508,19.037672,1.835000,18.918802
4780,18.918757,15.059882,16.346171,17.632464,19.037628,1.835000,18.918757
4781,18.918712,15.059840,16.346128,17.632420,19.037584,1.835000,18.918712
4782,18.918667,15.059798,16.346086,17.632376,19.037540,1.835000,18.918667
4783,18.918622,15.059756,16.346043,17.632332,19.037496,1.835000,18.918622
4784,18.918577,15.059714,16.346000,17.632288,19.037452,1.835000,18.918577
4785,18.918532,15.059672,16.345957,17.632245,19.037408,1.835000,18.918532
4786,18.918487,15.059630,16.345914,17.632201,19.037364,1.835000,18.918487
4787,18.918442,15.059588,16.345871,17.632157,19.037321,1.835000,18.918442
4788,18.918398,15.059547,16.345828,17.632113,19.037277,1.835000,18.918398
4789,18.918353,15.059505,16.345785,17.632069,19.037233,1.835000,18.918353
4790,18.918308,15.059463,16.345742,17.632025,19.037189,1.835000,18.918308
4791,18.918263,15.059421,16.345700,17.631981,19.037145,1.835000,18.918263
4792,18.918218,15.059379,16.345657,17.631938,19.037101,1.835000,18.918218
4793,18.918173,15.059337,16.345614,17.631894,19.037058,1.835000,18.918173
4794,18.918129,15.059296,16.345571,17.631850,19.037014,1.835000,18.918129
4795,18.918084,15.059254,16.345528,17.631806,19.036970,1.835000,18.918084
4796,18.918039,15.059212,16.345486,17.631762,19.036926,1.835000,18.918039
4797,18.917994,15.059170,16.345443,17.631719,19.036882,1.835000,18.917994
4798,18.917949,15.059128,16.345400,17.631675,19.036839,1.835000,18.917949
4799,18.917905,15.059087,16.345357,17.631631,19.036795,1.835000,18.917905
4800,18.917860,15.059045,16.345315,17.631587,19.036751,1.835000,18.917860
4801,18.917815,15.059003,16.345272,17.631543,19.036707,1.835000,18.917815
4802,18.917770,15.058961,16.345229,17.631500,19.036664,1.835000,18.917770
4803,18.917726,15.058920,16.345186,17.631456,19.036620,1.835000,18.917726
4804,18.917681,15.058878,16.345144,17.631412,19.036576,1.835000,18.917681
4805,18.917636,15.058836,16.345101,17.631369,19.036532,1.835000,18.917636
4806,18.917592,15.058794,16.345058,17.631325,19.036489,1.835000,18.917592
4807,18.917547,15.058753,16.345015,17.631281,19.036445,1.835000,18.917547
4808,18.917502,15.058711,16.344973,17.631237,19.036401,1.835000,18.917502
4809,18.917458,15.058669,16.344930,17.631194,19.036358,1.835000,18.917458
4810,18.917413,15.058628,16.344887,17.631150,19.036314,1.835000,18.917413
4811,18.917368,15.058586,16.344845,17.631107,19.036270,1.835000,18.917368
4812,18.917324,15.058544,16.344802,17.631063,19.036227,1.835000,18.917324
4813,18.917279,15.058503,16.344759,17.631019,19.036183,1.835000,18.917279
4814,18.917234,15.058461,16.344717,17.630976,19.036139,1.835000,18.917234
4815,18.917190,15.058419,16.344674,17.630932,19.036096,1.835000,18.917190
4816,18.917145,15.058378,16.344632,17.630888,19.036052,1.835000,18.917145
4817,18.917101,15.058336,16.344589,17.630845,19.036009,1.835000,18.917101
4818,18.917056,15.058295,16.344546,17.630801,19.035965,1.835000,18.917056
4819,18.917011,15.058253,16.344504,17.630758,19.035921,1.835000,18.917011
4820,18.916967,15.058211,16.344461,17.630714,19.035878,1.835000,18.916967
4821,18.916922,15.058170,16.344419,17.630670,19.035834,1.835000,18.916922
4822,18.916878,15.058128,16.344376,17.630627,19.035791,1.835000,18.916878
4823,18.916833,15.058087,16.344334,17.630583,19.035747,1.835000,18.916833
4824,18.916789,15.058045,16.344291,17.630540,19.035704,1.835000,18.916789
4825,18.916744,15.058004,16.344248,17.630496,19.035660,1.835000,18.916744
4826,18.916700,15.057962,16.344206,17.630453,19.035617,1.835000,18.916700
4827,18.916655,15.057921,16.344163,17.630409,19.035573,1.835000,18.916655
4828,18.916611,15.057879,16.344121,17.630366,19.035530,1.835000,18.916611
4829,18.916566,15.057838,16.344078,17.630322,19.035486,1.835000,18.916566
4830,18.916522,15.057796,16.344036,17.630279,19.035443,1.835000,18.916522
4831,18.916477,15.057755,16.343993,17.630235,19.035399,1.835000,18.916477
4832,18.916433,15.057713,16.343951,17.630192,19.035356,1.835000,18.916433
4833,18.916388,15.057672,16.343909,17.630148,19.035312,1.835000,18.916388
4834,18.916344,15.057630,16.343866,17.630105,19.035269,1.835000,18.916344
4835,18.916299,15.057589,16.343824,17.630061,19.035225,1.835000,18.916299
4836,18.916255,15.057547,16.343781,17.630018,19.035182,1.835000,18.916255
4837,18.916211,15.057506,16.343739,17.629975,19.035138,1.835000,18.916211
4838,18.916166,15.057464,16.343696,17.629931,19.035095,1.835000,18.916166
4839,18.916122,15.057423,16.343654,17.629888,19.035052,1.835000,18.916122
4840,18.916077,15.057382,16.343611,17.629844,19.035008,1.835000,18.916077
4841,18.916033,15.057340,16.343569,17.629801,19.034965,1.835000,18.916033
4842,18.915989,15.057299,16.343527,17.629758,19.034921,1.835000,18.915989
4843,18.915944,15.057257,16.343484,17.629714,19.034878,1.835000,18.915944
4844,18.915900,15.057216,16.343442,17.629671,19.034835,1.835000,18.915900
4845,18.915856,15.057175,16.343400,17.629628,19.034791,1.835000,18.915856
4846,18.915811,15.057133,16.343357,17.629584,19.034748,1.835000,18.915811
4847,18.915767,15.057092,16.343315,17.629541,19.034705,1.835000,18.915767
4848,18.915723,15.057051,16.343273,17.629498,19.034661,1.835000,18.915723
4849,18.915678,15.057009,16.343230,17.629454,19.034618,1.835000,18.915678
4850,18.915634,15.056968,16.343188,17.629411,19.034575,1.835000,18.915634
4851,18.915590,15.056927,16.343146,17.629368,19.034531,1.835000,18.915590
4852,18.915545,15.056885,16.343103,17.629324,19.034488,1.835000,18.915545
4853,18.915501,15.056844,16.343061,17.629281,19.034445,1.835000,18.915501
4854,18.915457,15.056803,16.343019,17.629238,19.034402,1.835000,18.915457
4855,18.915413,15.056761,16.342976,17.629195,19.034358,1.835000,18.915413
4856,18.915368,15.056720,16.342934,17.629151,19.034315,1.835000,18.915368
4857,18.915324,15.056679,16.342892,17.629108,19.034272,1.835000,18.915324
4858,18.915280,15.056638,16.342850,17.629065,19.034229,1.835000,18.915280
4859,18.915236,15.056596,16.342807,17.629022,19.034185,1.835000,18.915236
4860,18.915192,15.056555,16.342765,17.628978,19.034142,1.835000,18.915192
4861,18.915147,15.056514,16.342723,17.628935,19.034099,1.835000,18.915147
4862,18.915103,15.056473,16.342681,17.628892,19.034056,1.835000,18.915103
4863,18.915059,15.056431,16.342639,17.628849,19.034013,1.835000,18.915059
4864,18.915015,15.056390,16.342596,17.628806,19.033969,1.835000,18.915015
4865,18.914971,15.056349,16.342554,17.628762,19.033926,1.835000,18.914971
4866,18.914927,15.056308,16.342512,17.628719,19.033883,1.835000,18.914927
4867,18.914882,15.056267,16.342470,17.628676,19.033840,1.835000,18.914882
4868,18.914838,15.056225,16.342428,17.628633,19.033797,1.835000,18.914838
4869,18.914794,15.056184,16.342386,17.628590,19.033754,1.835000,18.914794
4870,18.914750,15.056143,16.342343,17.628547,19.033711,1.835000,18.914750
4871,18.914706,15.056102,16.342301,17.628504,19.033667,1.835000,18.914706
4872,18.914662,15.056061,16.342259,17.628461,19.033624,1.835000,18.914662
4873,18.914618,15.056020,16.342217,17.628417,19.033581,1.835000,18.914618
4874,18.914574,15.055979,16.342175,17.628374,19.033538,1.835000,18.914574
4875,18.914530,15.055937,16.342133,17.628331,19.033495,1.835000,18.914530
4876,18.914486,15.055896,16.342091,17.628288,19.033452,1.835000,18.914486
4877,18.914442,15.055855,16.342049,17.628245,19.033409,1.835000,18.914442
4878,18.914397,15.055814,16.342007,17.628202,19.033366,1.835000,18.914397
4879,18.914353,15.055773,16.341965,17.628159,19.033323,1.835000,18.914353
4880,18.914309,15.055732,16.341922,17.628116,19.033280,1.835000,18.914309
4881,18.914265,15.055691,16.341880,17.628073,19.033237,1.835000,18.914265
4882,18.914221,15.055650,16.341838,17.628030,19.033194,1.835000,18.914221
4883,18.914177,15.055609,16.341796,17.627987,19.033151,1.835000,18.914177
4884,18.914133,15.055568,16.341754,17.627944,19.033108,1.835000,18.914133
4885,18.914089,15.055527,16.341712,17.627901,19.033065,1.835000,18.914089
4886,18.914046,15.055486,16.341670,17.627858,19.033022,1.835000,18.914046
4887,18.914002,15.055445,16.341628,17.627815,19.032979,1.835000,18.914002
4888,18.913958,15.055404,16.341586,17.627772,19.032936,1.835000,18.913958
4889,18.913914,15.055363,16.341544,17.627729,19.032893,1.835000,18.913914
4890,18.913870,15.055322,16.341502,17.627686,19.032850,1.835000,18.913870
4891,18.913826,15.055281,16.341460,17.627643,19.032807,1.835000,18.913826
4892,18.913782,15.055240,16.341418,17.627600,19.032764,1.835000,18.913782
4893,18.913738,15.055199,16.341377,17.627557,19.032721,1.835000,18.913738
4894,18.913694,15.055158,16.341335,17.627514,19.032678,1.835000,18.913694
4895,18.913650,15.055117,16.341293,17.627471,19.032635,1.835000,18.913650
4896,18.913606,15.055076,16.341251,17.627429,19.032592,1.835000,18.913606
4897,18.913562,15.055035,16.341209,17.627386,19.032549,1.835000,18.913562
4898,18.913519,15.054994,16.341167,17.627343,19.032507,1.835000,18.913519
4899,18.913475,15.054953,16.341125,17.627300,19.032464,1.835000,18.913475
4900,18.913431,15.054912,16.341083,17.627257,19.032421,1.835000,18.913431
4901,18.913387,15.054871,16.341041,17.627214,19.032378,1.835000,18.913387
4902,18.913343,15.054830,16.340999,17.627171,19.032335,1.835000,18.913343
4903,18.913299,15.054790,16.340958,17.627129,19.032292,1.835000,18.913299
4904,18.913256,15.054749,16.340916,17.627086,19.032249,1.835000,18.913256
4905,18.913212,15.054708,16.340874,17.627043,19.032207,1.835000,18.913212
4906,18.913168,15.054667,16.340832,17.627000,19.032164,1.835000,18.913168
4907,18.913124,15.054626,16.340790,17.626957,19.032121,1.835000,18.913124
4908,18.913081,15.054585,16.340748,17.626914,19.032078,1.835000,18.913081
4909,18.913037,15.054544,16.340707,17.626872,19.032035,1.835000,18.913037
4910,18.912993,15.054504,16.340665,17.626829,19.031993,1.835000,18.912993
4911,18.912949,15.054463,16.340623,17.626786,19.031950,1.835000,18.912949
4912,18.912906,15.054422,16.340581,17.626743,19.031907,1.835000,18.912906
4913,18.912862,15.054381,16.340539,17.626701,19.031864,1.835000,18.912862
4914,18.912818,15.054340,16.340498,17.626658,19.031822,1.835000,18.912818
4915,18.912774,15.054300,16.340456,17.626615,19.031779,1.835000,18.912774
4916,18.912731,15.054259,16.340414,17.626572,19.031736,1.835000,18.912731
4917,18.912687,15.054218,16.340372,17.626530,19.031694,1.835000,18.912687
4918,18.912643,15.054177,16.340331,17.626487,19.031651,1.835000,18.912643
4919,18.912600,15.054137,16.340289,17.626444,19.031608,1.835000,18.912600
4920,18.912556,15.054096,16.340247,17.626402,19.031565,1.835000,18.912556
4921,18.912512,15.054055,16.340206,17.626359,19.031523,1.835000,18.912512
4922,18.912469,15.054014,16.340164,17.626316,19.031480,1.835000,18.912469
4923,18.912425,15.053974,16.340122,17.626274,19.031437,1.835000,18.912425
4924,18.912381,15.053933,16.340080,17.626231,19.031395,1.835000,18.912381
4925,18.912338,15.053892,16.340039,17.626188,19.031352,1.835000,18.912338
4926,18.912294,15.053852,16.339997,17.626146,19.031309,1.835000,18.912294
4927,18.912251,15.053811,16.339955,17.626103,19.031267,1.835000,18.912251
4928,18.912207,15.053770,16.339914,17.626060,19.031224,1.835000,18.912207
4929,18.912163,15.053730,16.339872,17.626018,19.031182,1.835000,18.912163
4930,18.912120,15.053689,16.339831,17.625975,19.031139,1.835000,18.912120
4931,18.912076,15.053648,16.339789,17.625933,19.031096,1.835000,18.912076
4932,18.912033,15.053608,16.339747,17.625890,19.031054,1.835000,18.912033
4933,18.911989,15.053567,16.339706,17.625847,19.031011,1.835000,18.911989
4934,18.911946,15.053526,16.339664,17.625805,19.030969,1.835000,18.911946
4935,18.911902,15.053486,16.339623,17.625762,19.030926,1.835000,18.911902
4936,18.911859,15.053445,16.339581,17.625720,19.030884,1.835000,18.911859
4937,18.911815,15.053404,16.339539,17.625677,19.030841,1.835000,18.911815
4938,18.911772,15.053364,16.339498,17.625635,19.030799,1.835000,18.911772
4939,18.911728,15.053323,16.339456,17.625592,19.030756,1.835000,18.911728
4940,18.911685,15.053283,16.339415,17.625550,19.030713,1.835000,18.911685
4941,18.911641,15.053242,16.339373,17.625507,19.030671,1.835000,18.911641
4942,18.911598,15.053202,16.339332,17.625465,19.030628,1.835000,18.911598
4943,18.911554,15.053161,16.339290,17.625422,19.030586,1.835000,18.911554
4944,18.911511,15.053120,16.339249,17.625380,19.030543,1.835000,18.911511
4945,18.911467,15.053080,16.339207,17.625337,19.030501,1.835000,18.911467
4946,18.911424,15.053039,16.339166,17.625295,19.030459,1.835000,18.911424
4947,18.911380,15.052999,16.339124,17.625252,19.030416,1.835000,18.911380
4948,18.911337,15.052958,16.339083,17.625210,19.030374,1.835000,18.911337
4949,18.911294,15.052918,16.339041,17.625167,19.030331,1.835000,18.911294
4950,18.911250,15.052877,16.339000,17.625125,19.030289,1.835000,18.911250
4951,18.911207,15.052837,16.338958,17.625083,19.030246,1.835000,18.911207
4952,18.911163,15.052796,16.338917,17.625040,19.030204,1.835000,18.911163
4953,18.911120,15.052756,16.338875,17.624998,19.030162,1.835000,18.911120
4954,18.911077,15.052716,16.338834,17.624955,19.030119,1.835000,18.911077
4955,18.911033,15.052675,16.338793,17.624913,19.030077,1.835000,18.911033
4956,18.910990,15.052635,16.338751,17.624871,19.030034,1.835000,18.910990
4957,18.910947,15.052594,16.338710,17.624828,19.029992,1.835000,18.910947
4958,18.910903,15.052554,16.338668,17.624786,19.029950,1.835000,18.910903
4959,18.910860,15.052513,16.338627,17.624743,19.029907,1.835000,18.910860
4960,18.910817,15.052473,16.338586,17.624701,19.029865,1.835000,18.910817
4961,18.910773,15.052433,16.338544,17.624659,19.029823,1.835000,18.910773
4962,18.910730,15.052392,16.338503,17.624616,19.029780,1.835000,18.910730
4963,18.910687,15.052352,16.338462,17.624574,19.029738,1.835000,18.910687
4964,18.910644,15.052311,16.338420,17.624532,19.029696,1.835000,18.910644
4965,18.910600,15.052271,16.338379,17.624490,19.029653,1.835000,18.910600
4966,18.910557,15.052231,16.338337,17.624447,19.029611,1.835000,18.910557
4967,18.910514,15.052190,16.338296,17.624405,19.029569,1.835000,18.910514
4968,18.910471,15.052150,16.338255,17.624363,19.029527,1.835000,18.910471
4969,18.910427,15.052110,16.338214,17.624320,19.029484,1.835000,18.910427
4970,18.910384,15.052069,16.338172,17.624278,19.029442,1.835000,18.910384
4971,18.910341,15.052029,16.338131,17.624236,19.029400,1.835000,18.910341
4972,18.910298,15.051989,16.338090,17.624194,19.029357,1.835000,18.910298
4973,18.910254,15.051948,16.338048,17.624151,19.029315,1.835000,18.910254
4974,18.910211,15.051908,16.338007,17.624109,19.029273,1.835000,18.910211
4975,18.910168,15.051868,16.337966,17.624067,19.029231,1.835000,18.910168
4976,18.910125,15.051827,16.337925,17.624025,19.029189,1.835000,18.910125
4977,18.910082,15.051787,16.337883,17.623983,19.029146,1.835000,18.910082
4978,18.910039,15.051747,16.337842,17.623940,19.029104,1.835000,18.910039
4979,18.909995,15.051707,16.337801,17.623898,19.029062,1.835000,18.909995
4980,18.909952,15.051666,16.337760,17.623856,19.029020,1.835000,18.909952
4981,18.909909,15.051626,16.337719,17.623814,19.028978,1.835000,18.909909
4982,18.909866,15.051586,16.337677,17.623772,19.028936,1.835000,18.909866
4983,18.909823,15.051546,16.337636,17.623730,19.028893,1.835000,18.909823
4984,18.909780,15.051505,16.337595,17.623687,19.028851,1.835000,18.909780
4985,18.909737,15.051465,16.337554,17.623645,19.028809,1.835000,18.909737
4986,18.909694,15.051425,16.337513,17.623603,19.028767,1.835000,18.909694
4987,18.909651,15.051385,16.337472,17.623561,19.028725,1.835000,18.909651
4988,18.909608,15.051345,16.337430,17.623519,19.028683,1.835000,18.909608
4989,18.909564,15.051304,16.337389,17.623477,19.028641,1.835000,18.909564
4990,18.909521,15.051264,16.337348,17.623435,19.028599,1.835000,18.909521
4991,18.909478,15.051224,16.337307,17.623393,19.028557,1.835000,18.909478
4992,18.909435,15.051184,16.337266,17.623351,19.028514,1.835000,18.909435
4993,18.909392,15.051144,16.337225,17.623309,19.028472,1.835000,18.909392
4994,18.909349,15.051104,16.337184,17.623267,19.028430,1.835000,18.909349
4995,18.909306,15.051064,16.337143,17.623224,19.028388,1.835000,18.909306
4996,18.909263,15.051023,16.337102,17.623182,19.028346,1.835000,18.909263
4997,18.909220,15.050983,16.337060,17.623140,19.028304,1.835000,18.909220
4998,18.909177,15.050943,16.337019,17.623098,19.028262,1.835000,18.909177
4999,18.909134,15.050903,16.336978,17.623056,19.028220,1.835000,18.909134
5000,18.909091,15.050863,16.336937,17.623014,19.028178,1.835000,18.909091
5001,18.909048,15.050823,16.336896,17.622972,19.028136,1.835000,18.909048
5002,18.909006,15.050783,16.336855,17.622930,19.028094,1.835000,18.909006
5003,18.908963,15.050743,16.336814,17.622888,19.028052,1.835000,18.908963
5004,18.908920,15.050703,16.336773,17.622846,19.028010,1.835000,18.908920
5005,18.908877,15.050663,16.336732,17.622804,19.027968,1.835000,18.908877
5006,18.908834,15.050623,16.336691,17.622762,19.027926,1.835000,18.908834
5007,18.908791,15.050583,16.336650,17.622721,19.027884,1.835000,18.908791
5008,18.908748,15.050543,16.336609,17.622679,19.027842,1.835000,18.908748
5009,18.908705,15.050503,16.336568,17.622637,19.027800,1.835000,18.908705
5010,18.908662,15.050463,16.336527,17.622595,19.027759,1.835000,18.908662
5011,18.908619,15.050423,16.336486,17.622553,19.027717,1.835000,18.908619
5012,18.908577,15.050383,16.336445,17.622511,19.027675,1.835000,18.908577
5013,18.908534,15.050343,16.336404,17.622469,19.027633,1.835000,18.908534
5014,18.908491,15.050303,16.336363,17.622427,19.027591,1.835000,18.908491
5015,18.908448,15.050263,16.336323,17.622385,19.027549,1.835000,18.908448
5016,18.908405,15.050223,16.336282,17.622343,19.027507,1.835000,18.908405
5017,18.908362,15.050183,16.336241,17.622302,19.027465,1.835000,18.908362
5018,18.908320,15.050143,16.336200,17.622260,19.027423,1.835000,18.908320
5019,18.908277,15.050103,16.336159,17.622218,19.027382,1.835000,18.908277
5020,18.908234,15.050063,16.336118,17.622176,19.027340,1.835000,18.908234
5021,18.908191,15.050023,16.336077,17.622134,19.027298,1.835000,18.908191
5022,18.908148,15.049983,16.336036,17.622092,19.027256,1.835000,18.908148
5023,18.908106,15.049943,16.335995,17.622051,19.027214,1.835000,18.908106
5024,18.908063,15.049903,16.335955,17.622009,19.027173,1.835000,18.908063
5025,18.908020,15.049863,16.335914,17.621967,19.027131,1.835000,18.908020
5026,18.907977,15.049824,16.335873,17.621925,19.027089,1.835000,18.907977
5027,18.907935,15.049784,16.335832,17.621883,19.027047,1.835000,18.907935
5028,18.907892,15.049744,16.335791,17.621842,19.027005,1.835000,18.907892
5029,18.907849,15.049704,16.335750,17.621800,19.026964,1.835000,18.907849
5030,18.907806,15.049664,16.335710,17.621758,19.026922,1.835000,18.907806
5031,18.907764,15.049624,16.335669,17.621716,19.026880,1.835000,18.907764
5032,18.907721,15.049584,16.335628,17.621675,19.026838,1.835000,18.907721
5033,18.907678,15.049545,16.335587,17.621633,19.026797,1.835000,18.907678
5034,18.907636,15.049505,16.335547,17.621591,19.026755,1.835000,18.907636
5035,18.907593,15.049465,16.335506,17.621549,19.026713,1.835000,18.907593
5036,18.907550,15.049425,16.335465,17.621508,19.026672,1.835000,18.907550
5037,18.907508,15.049385,16.335424,17.621466,19.026630,1.835000,18.907508
5038,18.907465,15.049346,16.335384,17.621424,19.026588,1.835000,18.907465
5039,18.907422,15.049306,16.335343,17.621383,19.026546,1.835000,18.907422
5040,18.907380,15.049266,16.335302,17.621341,19.026505,1.835000,18.907380
5041,18.907337,15.049226,16.335261,17.621299,19.026463,1.835000,18.907337
5042,18.907295,15.049187,16.335221,17.621258,19.026421,1.835000,18.907295
5043,18.907252,15.049147,16.335180,17.621216,19.026380,1.835000,18.907252
5044,18.907209,15.049107,16.335139,17.621174,19.026338,1.835000,18.907209
5045,18.907167,15.049067,16.335099,17.621133,19.026297,1.835000,18.907167
5046,18.907124,15.049028,16.335058,17.621091,19.026255,1.835000,18.907124
5047,18.907082,15.048988,16.335017,17.621050,19.026213,1.835000,18.907082
5048,18.907039,15.048948,16.334977,17.621008,19.026172,1.835000,18.907039
5049,18.906997,15.048908,16.334936,17.620966,19.026130,1.835000,18.906997
5050,18.906954,15.048869,16.334895,17.620925,19.026089,1.835000,18.906954
5051,18.906912,15.048829,16.334855,17.620883,19.026047,1.835000,18.906912
5052,18.906869,15.048789,16.334814,17.620842,19.026005,1.835000,18.906869
5053,18.906827,15.048750,16.334773,17.620800,19.025964,1.835000,18.906827
5054,18.906784,15.048710,16.334733,17.620758,19.025922,1.835000,18.906784
5055,18.906742,15.048670,16.334692,17.620717,19.025881,1.835000,18.906742
5056,18.906699,15.048631,16.334652,17.620675,19.025839,1.835000,18.906699
5057,18.906657,15.048591,16.334611,17.620634,19.025798,1.835000,18.906657
5058,18.906614,15.048552,16.334570,17.620592,19.025756,1.835000,18.906614
5059,18.906572,15.048512,16.334530,17.620551,19.025715,1.835000,18.906572
5060,18.906529,15.048472,16.334489,17.620509,19.025673,1.835000,18.906529
5061,18.906487,15.048433,16.334449,17.620468,19.025632,1.835000,18.906487
5062,18.906444,15.048393,16.334408,17.620426,19.025590,1.835000,18.906444
5063,18.906402,15.048353,16.334368,17.620385,19.025549,1.835000,18.906402
5064,18.906359,15.048314,16.334327,17.620343,19.025507,1.835000,18.906359
5065,18.906317,15.048274,16.334287,17.620302,19.025466,1.835000,18.906317
5066,18.906275,15.048235,16.334246,17.620260,19.025424,1.835000,18.906275
5067,18.906232,15.048195,16.334206,17.620219,19.025383,1.835000,18.906232
5068,18.906190,15.048156,16.334165,17.620178,19.025341,1.835000,18.906190
5069,18.906147,15.048116,16.334125,17.620136,19.025300,1.835000,18.906147
5070,18.906105,15.048077,16.334084,17.620095,19.025258,1.835000,18.906105
5071,18.906063,15.048037,16.334044,17.620053,19.025217,1.835000,18.906063
5072,18.906020,15.047998,16.334003,17.620012,19.025176,1.835000,18.906020
5073,18.905978,15.047958,16.333963,17.619970,19.025134,1.835000,18.905978
5074,18.905936,15.047919,16.333922,17.619929,19.025093,1.835000,18.905936
5075,18.905893,15.047879,16.333882,17.619888,19.025051,1.835000,18.905893
5076,18.905851,15.047840,16.333841,17.619846,19.025010,1.835000,18.905851
5077,18.905809,15.047800,16.333801,17.619805,19.024969,1.835000,18.905809
5078,18.905766,15.047761,16.333761,17.619764,19.024927,1.835000,18.905766
5079,18.905724,15.047721,16.333720,17.619722,19.024886,1.835000,18.905724
5080,18.905682,15.047682,16.333680,17.619681,19.024845,1.835000,18.905682
5081,18.905640,15.047642,16.333639,17.619640,19.024803,1.835000,18.905640
5082,18.905597,15.047603,16.333599,17.619598,19.024762,1.835000,18.905597
5083,18.905555,15.047563,16.333559,17.619557,19.024721,1.835000,18.905555
5084,18.905513,15.047524,16.333518,17.619516,19.024679,1.835000,18.905513
5085,18.905471,15.047484,16.333478,17.619474,19.024638,1.835000,18.905471
5086,18.905428,15.047445,16.333438,17.619433,19.024597,1.835000,18.905428
5087,18.905386,15.047406,16.333397,17.619392,19.024555,1.835000,18.905386
5088,18.905344,15.047366,16.333357,17.619350,19.024514,1.835000,18.905344
5089,18.905302,15.047327,16.333317,17.619309,19.024473,1.835000,18.905302
5090,18.905259,15.047288,16.333276,17.619268,19.024432,1.835000,18.905259
5091,18.905217,15.047248,16.333236,17.619227,19.024390,1.835000,18.905217
5092,18.905175,15.047209,16.333196,17.619185,19.024349,1.835000,18.905175
5093,18.905133,15.047169,16.333155,17.619144,19.024308,1.835000,18.905133
5094,18.905091,15.047130,16.333115,17.619103,19.024267,1.835000,18.905091
5095,18.905049,15.047091,16.333075,17.619062,19.024225,1.835000,18.905049
5096,18.905006,15.047051,16.333035,17.619020,19.024184,1.835000,18.905006
5097,18.904964,15.047012,16.332994,17.618979,19.024143,1.835000,18.904964
5098,18.904922,15.046973,16.332954,17.618938,19.024102,1.835000,18.904922
5099,18.904880,15.046933,16.332914,17.618897,19.024061,1.835000,18.904880
5100,18.904838,15.046894,16.332873,17.618856,19.024019,1.835000,18.904838
5101,18.904796,15.046855,16.332833,17.618815,19.023978,1.835000,18.904796
5102,18.904754,15.046816,16.332793,17.618773,19.023937,1.835000,18.904754
5103,18.904712,15.046776,16.332753,17.618732,19.023896,1.835000,18.904712
5104,18.904669,15.046737,16.332713,17.618691,19.023855,1.835000,18.904669
5105,18.904627,15.046698,16.332672,17.618650,19.023814,1.835000,18.904627
5106,18.904585,15.046658,16.332632,17.618609,19.023773,1.835000,18.904585
5107,18.904543,15.046619,16.332592,17.618568,19.023731,1.835000,18.904543
5108,18.904501,15.046580,16.332552,17.618527,19.023690,1.835000,18.904501
5109,18.904459,15.046541,16.332512,17.618485,19.023649,1.835000,18.904459
5110,18.904417,15.046502,16.332472,17.618444,19.023608,1.835000,18.904417
5111,18.904375,15.046462,16.332431,17.618403,19.023567,1.835000,18.904375
5112,18.904333,15.046423,16.332391,17.618362,19.023526,1.835000,18.904333
5113,18.904291,15.046384,16.332351,17.618321,19.023485,1.835000,18.904291
5114,18.904249,15.046345,16.332311,17.618280,19.023444,1.835000,18.904249
5115,18.904207,15.046306,16.332271,17.618239,19.023403,1.835000,18.904207
5116,18.904165,15.046266,16.332231,17.618198,19.023362,1.835000,18.904165
5117,18.904123,15.046227,16.332191,17.618157,19.023321,1.835000,18.904123
5118,18.904081,15.046188,16.332150,17.618116,19.023280,1.835000,18.904081
5119,18.904039,15.046149,16.332110,17.618075,19.023239,1.835000,18.904039
5120,18.903997,15.046110,16.332070,17.618034,19.023198,1.835000,18.903997
5121,18.903955,15.046071,16.332030,17.617993,19.023157,1.835000,18.903955
5122,18.903913,15.046031,16.331990,17.617952,19.023116,1.835000,18.903913
5123,18.903871,15.045992,16.331950,17.617911,19.023075,1.835000,18.903871
5124,18.903829,15.045953,16.331910,17.617870,19.023034,1.835000,18.903829
5125,18.903787,15.045914,16.331870,17.617829,19.022993,1.835000,18.903787
5126,18.903746,15.045875,16.331830,17.617788,19.022952,1.835000,18.903746
5127,18.903704,15.045836,16.331790,17.617747,19.022911,1.835000,18.903704
5128,18.903662,15.045797,16.331750,17.617706,19.022870,1.835000,18.903662
5129,18.903620,15.045758,16.331710,17.617665,19.022829,1.835000,18.903620
5130,18.903578,15.045719,16.331670,17.617624,19.022788,1.835000,18.903578
5131,18.903536,15.045680,16.331630,17.617583,19.022747,1.835000,18.903536
5132,18.903494,15.045640,16.331590,17.617542,19.022706,1.835000,18.903494
5133,18.903452,15.045601,16.331550,17.617501,19.022665,1.835000,18.903452
5134,18.903411,15.045562,16.331510,17.617460,19.022624,1.835000,18.903411
5135,18.903369,15.045523,16.331470,17.617419,19.022583,1.835000,18.903369
5136,18.903327,15.045484,16.331430,17.617378,19.022542,1.835000,18.903327
5137,18.903285,15.045445,16.331390,17.617338,19.022501,1.835000,18.903285
5138,18.903243,15.045406,16.331350,17.617297,19.022461,1.835000,18.903243
5139,18.903202,15.045367,16.331310,17.617256,19.022420,1.835000,18.903202
5140,18.903160,15.045328,16.331270,17.617215,19.022379,1.835000,18.903160
5141,18.903118,15.045289,16.331230,17.617174,19.022338,1.835000,18.903118
5142,18.903076,15.045250,16.331190,17.617133,19.022297,1.835000,18.903076
5143,18.903034,15.045211,16.331151,17.617092,19.022256,1.835000,18.903034
5144,18.902993,15.045172,16.331111,17.617052,19.022215,1.835000,18.902993
5145,18.902951,15.045133,16.331071,17.617011,19.022175,1.835000,18.902951
5146,18.902909,15.045094,16.331031,17.616970,19.022134,1.835000,18.902909
5147,18.902867,15.045056,16.330991,17.616929,19.022093,1.835000,18.902867
5148,18.902826,15.045017,16.330951,17.616888,19.022052,1.835000,18.902826
5149,18.902784,15.044978,16.330911,17.616848,19.022011,1.835000,18.902784
5150,18.902742,15.044939,16.330871,17.616807,19.021971,1.835000,18.902742
5151,18.902701,15.044900,16.330832,17.616766,19.021930,1.835000,18.902701
5152,18.902659,15.044861,16.330792,17.616725,19.021889,1.835000,18.902659
5153,18.902617,15.044822,16.330752,17.616685,19.021848,1.835000,18.902617
5154,18.902575,15.044783,16.330712,17.616644,19.021808,1.835000,18.902575
5155,18.902534,15.044744,16.330672,17.616603,19.021767,1.835000,18.902534
5156,18.902492,15.044705,16.330632,17.616562,19.021726,1.835000,18.902492
5157,18.902450,15.044667,16.330593,17.616522,19.021685,1.835000,18.902450
5158,18.902409,15.044628,16.330553,17.616481,19.021645,1.835000,18.902409
5159,18.902367,15.044589,16.330513,17.616440,19.021604,1.835000,18.902367
5160,18.902326,15.044550,16.330473,17.616399,19.021563,1.835000,18.902326
5161,18.902284,15.044511,16.330434,17.616359,19.021523,1.835000,18.902284
5162,18.902242,15.044472,16.330394,17.616318,19.021482,1.835000,18.902242
5163,18.902201,15.044433,16.330354,17.616277,19.021441,1.835000,18.902201
5164,18.902159,15.044395,16.330314,17.616237,19.021401,1.835000,18.902159
5165,18.902118,15.044356,16.330275,17.616196,19.021360,1.835000,18.902118
5166,18.902076,15.044317,16.330235,17.616155,19.021319,1.835000,18.902076
5167,18.902034,15.044278,16.330195,17.616115,19.021279,1.835000,18.902034
5168,18.901993,15.044239,16.330155,17.616074,19.021238,1.835000,18.901993
5169,18.901951,15.044201,16.330116,17.616033,19.021197,1.835000,18.901951
5170,18.901910,15.044162,16.330076,17.615993,19.021157,1.835000,18.901910
5171,18.901868,15.044123,16.330036,17.615952,19.021116,1.835000,18.901868
5172,18.901827,15.044084,16.329997,17.615912,19.021075,1.835000,18.901827
5173,18.901785,15.044046,16.329957,17.615871,19.021035,1.835000,18.901785
5174,18.901744,15.044007,16.329917,17.615830,19.020994,1.835000,18.901744
5175,18.901702,15.043968,16.329878,17.615790,19.020954,1.835000,18.901702
5176,18.901661,15.043929,16.329838,17.615749,19.020913,1.835000,18.901661
5177,18.901619,15.043891,16.329798,17.615709,19.020872,1.835000,18.901619
5178,18.901578,15.043852,16.329759,17.615668,19.020832,1.835000,18.901578
5179,18.901536,15.043813,16.329719,17.615628,19.020791,1.835000,18.901536
5180,18.901495,15.043775,16.329679,17.615587,19.020751,1.835000,18.901495
5181,18.901453,15.043736,16.329640,17.615546,19.020710,1.835000,18.901453
5182,18.901412,15.043697,16.329600,17.615506,19.020670,1.835000,18.901412
5183,18.901370,15.043659,16.329561,17.615465,19.020629,1.835000,18.901370
5184,18.901329,15.043620,16.329521,17.615425,19.020589,1.835000,18.901329
5185,18.901287,15.043581,16.329481,17.615384,19.020548,1.835000,18.901287
5186,18.901246,15.043543,16.329442,17.615344,19.020508,1.835000,18.901246
5187,18.901205,15.043504,16.329402,17.615303,19.020467,1.835000,18.901205
5188,18.901163,15.043465,16.329363,17.615263,19.020427,1.835000,18.901163
5189,18.901122,15.043427,16.329323,17.615222,19.020386,1.835000,18.901122
5190,18.901080,15.043388,16.329284,17.615182,19.020346,1.835000,18.901080
5191,18.901039,15.043349,16.329244,17.615142,19.020305,1.835000,18.901039
5192,18.900998,15.043311,16.329205,17.615101,19.020265,1.835000,18.900998
5193,18.900956,15.043272,16.329165,17.615061,19.020224,1.835000,18.900956
5194,18.900915,15.043234,16.329126,17.615020,19.020184,1.835000,18.900915
5195,18.900874,15.043195,16.329086,17.614980,19.020144,1.835000,18.900874
5196,18.900832,15.043156,16.329047,17.614939,19.020103,1.835000,18.900832
5197,18.900791,15.043118,16.329007,17.614899,19.020063,1.835000,18.900791
5198,18.900750,15.043079,16.328968,17.614859,19.020022,1.835000,18.900750
5199,18.900708,15.043041,16.328928,17.614818,19.019982,1.835000,18.900708
5200,18.900667,15.043002,16.328889,17.614778,19.019942,1.835000,18.900667
5201,18.900626,15.042964,16.328849,17.614737,19.019901,1.835000,18.900626
5202,18.900584,15.042925,16.328810,17.614697,19.019861,1.835000,18.900584
5203,18.900543,15.042887,16.328770,17.614657,19.019820,1.835000,18.900543
5204,18.900502,15.042848,16.328731,17.614616,19.019780,1.835000,18.900502
5205,18.900460,15.042810,16.328691,17.614576,19.019740,1.835000,18.900460
5206,18.900419,15.042771,16.328652,17.614536,19.019699,1.835000,18.900419
5207,18.900378,15.042733,16.328613,17.614495,19.019659,1.835000,18.900378
5208,18.900337,15.042694,16.328573,17.614455,19.019619,1.835000,18.900337
5209,18.900295,15.042656,16.328534,17.614415,19.019578,1.835000,18.900295
5210,18.900254,15.042617,16.328494,17.614374,19.019538,1.835000,18.900254
5211,18.900213,15.042579,16.328455,17.614334,19.019498,1.835000,18.900213
5212,18.900172,15.042540,16.328416,17.614294,19.019457,1.835000,18.900172
5213,18.900131,15.042502,16.328376,17.614253,19.019417,1.835000,18.900131
5214,18.900089,15.042463,16.328337,17.614213,19.019377,1.835000,18.900089
5215,18.900048,15.042425,16.328298,17.614173,19.019337,1.835000,18.900048
5216,18.900007,15.042387,16.328258,17.614133,19.019296,1.835000,18.900007
5217,18.899966,15.042348,16.328219,17.614092,19.019256,1.835000,18.899966
5218,18.899925,15.042310,16.328180,17.614052,19.019216,1.835000,18.899925
5219,18.899883,15.042271,16.328140,17.614012,19.019176,1.835000,18.899883
5220,18.899842,15.042233,16.328101,17.613972,19.019135,1.835000,18.899842
5221,18.899801,15.042194,16.328062,17.613931,19.019095,1.835000,18.899801
5222,18.899760,15.042156,16.328022,17.613891,19.019055,1.835000,18.899760
5223,18.899719,15.042118,16.327983,17.613851,19.019015,1.835000,18.899719
5224,18.899678,15.042079,16.327944,17.613811,19.018975,1.835000,18.899678
5225,18.899637,15.042041,16.327904,17.613771,19.018934,1.835000,18.899637
5226,18.899596,15.042003,16.327865,17.613730,19.018894,1.835000,18.899596
5227,18.899554,15.041964,16.327826,17.613690,19.018854,1.835000,18.899554
5228,18.899513,15.041926,16.327787,17.613650,19.018814,1.835000,18.899513
5229,18.899472,15.041888,16.327747,17.613610,19.018774,1.835000,18.899472
5230,18.899431,15.041849,16.327708,17.613570,19.018733,1.835000,18.899431
5231,18.899390,15.041811,16.327669,17.613530,19.018693,1.835000,18.899390
5232,18.899349,15.041773,16.327630,17.613489,19.018653,1.835000,18.899349
5233,18.899308,15.041734,16.327590,17.613449,19.018613,1.835000,18.899308
5234,18.899267,15.041696,16.327551,17.613409,19.018573,1.835000,18.899267
5235,18.899226,15.041658,16.327512,17.613369,19.018533,1.835000,18.899226
5236,18.899185,15.041619,16.327473,17.613329,19.018493,1.835000,18.899185
5237,18.899144,15.041581,16.327434,17.613289,19.018453,1.835000,18.899144
5238,18.899103,15.041543,16.327394,17.613249,19.018412,1.835000,18.899103
5239,18.899062,15.041505,16.327355,17.613209,19.018372,1.835000,18.899062
5240,18.899021,15.041466,16.327316,17.613169,19.018332,1.835000,18.899021
5241,18.898980,15.041428,16.327277,17.613128,19.018292,1.835000,18.898980
5242,18.898939,15.041390,16.327238,17.613088,19.018252,1.835000,18.898939
5243,18.898898,15.041352,16.327199,17.613048,19.018212,1.835000,18.898898
5244,18.898857,15.041313,16.327160,17.613008,19.018172,1.835000,18.898857
5245,18.898816,15.041275,16.327120,17.612968,19.018132,1.835000,18.898816
5246,18.898775,15.041237,16.327081,17.612928,19.018092,1.835000,18.898775
5247,18.898734,15.041199,16.327042,17.612888,19.018052,1.835000,18.898734
5248,18.898693,15.041161,16.327003,17.612848,19.018012,1.835000,18.898693
5249,18.898652,15.041122,16.326964,17.612808,19.017972,1.835000,18.898652
5250,18.898611,15.041084,16.326925,17.612768,19.017932,1.835000,18.898611
5251,18.898570,15.041046,16.326886,17.612728,19.017892,1.835000,18.898570
5252,18.898530,15.041008,16.326847,17.612688,19.017852,1.835000,18.898530
5253,18.898489,15.040970,16.326808,17.612648,19.017812,1.835000,18.898489
5254,18.898448,15.040932,16.326769,17.612608,19.017772,1.835000,18.898448
5255,18.898407,15.040894,16.326729,17.612568,19.017732,1.835000,18.898407
5256,18.898366,15.040855,16.326690,17.612528,19.017692,1.835000,18.898366
5257,18.898325,15.040817,16.326651,17.612488,19.017652,1.835000,18.898325
5258,18.898284,15.040779,16.326612,17.612448,19.017612,1.835000,18.898284
5259,18.898243,15.040741,16.326573,17.612408,19.017572,1.835000,18.898243
5260,18.898203,15.040703,16.326534,17.612368,19.017532,1.835000,18.898203
5261,18.898162,15.040665,16.326495,17.612329,19.017492,1.835000,18.898162
5262,18.898121,15.040627,16.326456,17.612289,19.017452,1.835000,18.898121
5263,18.898080,15.040589,16.326417,17.612249,19.017413,1.835000,18.898080
5264,18.898039,15.040551,16.326378,17.612209,19.017373,1.835000,18.898039
5265,18.897999,15.040512,16.326339,17.612169,19.017333,1.835000,18.897999
5266,18.897958,15.040474,16.326300,17.612129,19.017293,1.835000,18.897958
5267,18.897917,15.040436,16.326261,17.612089,19.017253,1.835000,18.897917
5268,18.897876,15.040398,16.326222,17.612049,19.017213,1.835000,18.897876
5269,18.897835,15.040360,16.326184,17.612009,19.017173,1.835000,18.897835
5270,18.897795,15.040322,16.326145,17.611970,19.017133,1.835000,18.897795
5271,18.897754,15.040284,16.326106,17.611930,19.017094,1.835000,18.897754
5272,18.897713,15.040246,16.326067,17.611890,19.017054,1.835000,18.897713
5273,18.897672,15.040208,16.326028,17.611850,19.017014,1.835000,18.897672
5274,18.897632,15.040170,16.325989,17.611810,19.016974,1.835000,18.897632
5275,18.897591,15.040132,16.325950,17.611770,19.016934,1.835000,18.897591
5276,18.897550,15.040094,16.325911,17.611731,19.016894,1.835000,18.897550
5277,18.897510,15.040056,16.325872,17.611691,19.016855,1.835000,18.897510
5278,18.897469,15.040018,16.325833,17.611651,19.016815,1.835000,18.897469
5279,18.897428,15.039980,16.325794,17.611611,19.016775,1.835000,18.897428
5280,18.897387,15.039942,16.325756,17.611571,19.016735,1.835000,18.897387
5281,18.897347,15.039904,16.325717,17.611532,19.016696,1.835000,18.897347
5282,18.897306,15.039866,16.325678,17.611492,19.016656,1.835000,18.897306
5283,18.897265,15.039828,16.325639,17.611452,19.016616,1.835000,18.897265
5284,18.897225,15.039791,16.325600,17.611412,19.016576,1.835000,18.897225
5285,18.897184,15.039753,16.325561,17.611373,19.016537,1.835000,18.897184
5286,18.897144,15.039715,16.325522,17.611333,19.016497,1.835000,18.897144
5287,18.897103,15.039677,16.325484,17.611293,19.016457,1.835000,18.897103
5288,18.897062,15.039639,16.325445,17.611254,19.016417,1.835000,18.897062
5289,18.897022,15.039601,16.325406,17.611214,19.016378,1.835000,18.897022
5290,18.896981,15.039563,16.325367,17.611174,19.016338,1.835000,18.896981
5291,18.896940,15.039525,16.325328,17.611134,19.016298,1.835000,18.896940
5292,18.896900,15.039487,16.325290,17.611095,19.016259,1.835000,18.896900
5293,18.896859,15.039449,16.325251,17.611055,19.016219,1.835000,18.896859
5294,18.896819,15.039412,16.325212,17.611015,19.016179,1.835000,18.896819
5295,18.896778,15.039374,16.325173,17.610976,19.016140,1.835000,18.896778
5296,18.896738,15.039336,16.325135,17.610936,19.016100,1.835000,18.896738
5297,18.896697,15.039298,16.325096,17.610896,19.016060,1.835000,18.896697
5298,18.896656,15.039260,16.325057,17.610857,19.016021,1.835000,18.896656
5299,18.896616,15.039222,16.325018,17.610817,19.015981,1.835000,18.896616
5300,18.896575,15.039185,16.324980,17.610778,19.015941,1.835000,18.896575
5301,18.896535,15.039147,16.324941,17.610738,19.015902,1.835000,18.896535
5302,18.896494,15.039109,16.324902,17.610698,19.015862,1.835000,18.896494
5303,18.896454,15.039071,16.324864,17.610659,19.015822,1.835000,18.896454
5304,18.896413,15.039033,16.324825,17.610619,19.015783,1.835000,18.896413
5305,18.896373,15.038996,16.324786,17.610579,19.015743,1.835000,18.896373
5306,18.896332,15.038958,16.324747,17.610540,19.015704,1.835000,18.896332
5307,18.896292,15.038920,16.324709,17.610500,19.015664,1.835000,18.896292
5308,18.896251,15.038882,16.324670,17.610461,19.015625,1.835000,18.896251
5309,18.896211,15.038844,16.324631,17.610421,19.015585,1.835000,18.896211
5310,18.896170,15.038807,16.324593,17.610382,19.015545,1.835000,18.896170
5311,18.896130,15.038769,16.324554,17.610342,19.015506,1.835000,18.896130
5312,18.896090,15.038731,16.324516,17.610303,19.015466,1.835000,18.896090
5313,18.896049,15.038694,16.324477,17.610263,19.015427,1.835000,18.896049
5314,18.896009,15.038656,16.324438,17.610224,19.015387,1.835000,18.896009
5315,18.895968,15.038618,16.324400,17.610184,19.015348,1.835000,18.895968
5316,18.895928,15.038580,16.324361,17.610144,19.015308,1.835000,18.895928
5317,18.895888,15.038543,16.324322,17.610105,19.015269,1.835000,18.895888
5318,18.895847,15.038505,16.324284,17.610066,19.015229,1.835000,18.895847
5319,18.895807,15.038467,16.324245,17.610026,19.015190,1.835000,18.895807
5320,18.895766,15.038430,16.324207,17.609987,19.015150,1.835000,18.895766
5321,18.895726,15.038392,16.324168,17.609947,19.015111,1.835000,18.895726
5322,18.895686,15.038354,16.324130,17.609908,19.015071,1.835000,18.895686
5323,18.895645,15.038317,16.324091,17.609868,19.015032,1.835000,18.895645
5324,18.895605,15.038279,16.324053,17.609829,19.014993,1.835000,18.895605
5325,18.895565,15.038241,16.324014,17.609789,19.014953,1.835000,18.895565
5326,18.895524,15.038204,16.323975,17.609750,19.014914,1.835000,18.895524
5327,18.895484,15.038166,16.323937,17.609710,19.014874,1.835000,18.895484
5328,18.895444,15.038128,16.323898,17.609671,19.014835,1.835000,18.895444
5329,18.895403,15.038091,16.323860,17.609632,19.014795,1.835000,18.895403
5330,18.895363,15.038053,16.323821,17.609592,19.014756,1.835000,18.895363
5331,18.895323,15.038016,16.323783,17.609553,19.014717,1.835000,18.895323
5332,18.895282,15.037978,16.323744,17.609513,19.014677,1.835000,18.895282
5333,18.895242,15.037940,16.323706,17.609474,19.014638,1.835000,18.895242
5334,18.895202,15.037903,16.323667,17.609435,19.014598,1.835000,18.895202
5335,18.895162,15.037865,16.323629,17.609395,19.014559,1.835000,18.895162
5336,18.895121,15.037828,16.323590,17.609356,19.014520,1.835000,18.895121
5337,18.895081,15.037790,16.323552,17.609317,19.014480,1.835000,18.895081
5338,18.895041,15.037753,16.323514,17.609277,19.014441,1.835000,18.895041
5339,18.895001,15.037715,16.323475,17.609238,19.014402,1.835000,18.895001
5340,18.894960,15.037678,16.323437,17.609199,19.014362,1.835000,18.894960
5341,18.894920,15.037640,16.323398,17.609159,19.014323,1.835000,18.894920
5342,18.894880,15.037603,16.323360,17.609120,19.014284,1.835000,18.894880
5343,18.894840,15.037565,16.323321,17.609081,19.014244,1.835000,18.894840
5344,18.894800,15.037528,16.323283,17.609041,19.014205,1.835000,18.894800
5345,18.894759,15.037490,16.323245,17.609002,19.014166,1.835000,18.894759
5346,18.894719,15.037453,16.323206,17.608963,19.014126,1.835000,18.894719
5347,18.894679,15.037415,16.323168,17.608923,19.014087,1.835000,18.894679
5348,18.894639,15.037378,16.323129,17.608884,19.014048,1.835000,18.894639
5349,18.894599,15.037340,16.323091,17.608845,19.014009,1.835000,18.894599
5350,18.894558,15.037303,16.323053,17.608806,19.013969,1.835000,18.894558
5351,18.894518,15.037265,16.323014,17.608766,19.013930,1.835000,18.894518
5352,18.894478,15.037228,16.322976,17.608727,19.013891,1.835000,18.894478
5353,18.894438,15.037190,16.322938,17.608688,19.013852,1.835000,18.894438
5354,18.894398,15.037153,16.322899,17.608649,19.013812,1.835000,18.894398
5355,18.894358,15.037115,16.322861,17.608609,19.013773,1.835000,18.894358
5356,18.894318,15.037078,16.322823,17.608570,19.013734,1.835000,18.894318
5357,18.894278,15.037041,16.322784,17.608531,19.013695,1.835000,18.894278
5358,18.894238,15.037003,16.322746,17.608492,19.013656,1.835000,18.894238
5359,18.894197,15.036966,16.322708,17.608453,19.013616,1.835000,18.894197
5360,18.894157,15.036928,16.322670,17.608413,19.013577,1.835000,18.894157
5361,18.894117,15.036891,16.322631,17.608374,19.013538,1.835000,18.894117
5362,18.894077,15.036854,16.322593,17.608335,19.013499,1.835000,18.894077
5363,18.894037,15.036816,16.322555,17.608296,19.013460,1.835000,18.894037
5364,18.893997,15.036779,16.322516,17.608257,19.013421,1.835000,18.893997
5365,18.893957,15.036741,16.322478,17.608218,19.013381,1.835000,18.893957
5366,18.893917,15.036704,16.322440,17.608179,19.013342,1.835000,18.893917
5367,18.893877,15.036667,16.322402,17.608139,19.013303,1.835000,18.893877
5368,18.893837,15.036629,16.322363,17.608100,19.013264,1.835000,18.893837
5369,18.893797,15.036592,16.322325,17.608061,19.013225,1.835000,18.893797
5370,18.893757,15.036555,16.322287,17.608022,19.013186,1.835000,18.893757
5371,18.893717,15.036517,16.322249,17.607983,19.013147,1.835000,18.893717
5372,18.893677,15.036480,16.322211,17.607944,19.013108,1.835000,18.893677
5373,18.893637,15.036443,16.322172,17.607905,19.013069,1.835000,18.893637
5374,18.893597,15.036406,16.322134,17.607866,19.013029,1.835000,18.893597
5375,18.893557,15.036368,16.322096,17.607827,19.012990,1.835000,18.893557
5376,18.893517,15.036331,16.322058,17.607788,19.012951,1.835000,18.893517
5377,18.893477,15.036294,16.322020,17.607748,19.012912,1.835000,18.893477
5378,18.893437,15.036256,16.321982,17.607709,19.012873,1.835000,18.893437
5379,18.893397,15.036219,16.321943,17.607670,19.012834,1.835000,18.893397
5380,18.893357,15.036182,16.321905,17.607631,19.012795,1.835000,18.893357
5381,18.893317,15.036145,16.321867,17.607592,19.012756,1.835000,18.893317
5382,18.893278,15.036107,16.321829,17.607553,19.012717,1.835000,18.893278
5383,18.893238,15.036070,16.321791,17.607514,19.012678,1.835000,18.893238
5384,18.893198,15.036033,16.321753,17.607475,19.012639,1.835000,18.893198
5385,18.893158,15.035996,16.321715,17.607436,19.012600,1.835000,18.893158
5386,18.893118,15.035958,16.321677,17.607397,19.012561,1.835000,18.893118
5387,18.893078,15.035921,16.321638,17.607358,19.012522,1.835000,18.893078
5388,18.893038,15.035884,16.321600,17.607319,19.012483,1.835000,18.893038
5389,18.892998,15.035847,16.321562,17.607280,19.012444,1.835000,18.892998
5390,18.892958,15.035810,16.321524,17.607241,19.012405,1.835000,18.892958
5391,18.892919,15.035772,16.321486,17.607202,19.012366,1.835000,18.892919
5392,18.892879,15.035735,16.321448,17.607163,19.012327,1.835000,18.892879
5393,18.892839,15.035698,16.321410,17.607124,19.012288,1.835000,18.892839
5394,18.892799,15.035661,16.321372,17.607086,19.012249,1.835000,18.892799
5395,18.892759,15.035624,16.321334,17.607047,19.012210,1.835000,18.892759
5396,18.892720,15.035587,16.321296,17.607008,19.012171,1.835000,18.892720
5397,18.892680,15.035550,16.321258,17.606969,19.012133,1.835000,18.892680
5398,18.892640,15.035512,16.321220,17.606930,19.012094,1.835000,18.892640
5399,18.892600,15.035475,16.321182,17.606891,19.012055,1.835000,18.892600
5400,18.892560,15.035438,16.321144,17.606852,19.012016,1.835000,18.892560
5401,18.892521,15.035401,16.321106,17.606813,19.011977,1.835000,18.892521
5402,18.892481,15.035364,16.321068,17.606774,19.011938,1.835000,18.892481
5403,18.892441,15.035327,16.321030,17.606735,19.011899,1.835000,18.892441
5404,18.892401,15.035290,16.320992,17.606697,19.011860,1.835000,18.892401
5405,18.892362,15.035253,16.320954,17.606658,19.011822,1.835000,18.892362
5406,18.892322,15.035216,16.320916,17.606619,19.011783,1.835000,18.892322
5407,18.892282,15.035179,16.320878,17.606580,19.011744,1.835000,18.892282
5408,18.892242,15.035141,16.320840,17.606541,19.011705,1.835000,18.892242
5409,18.892203,15.035104,16.320802,17.606502,19.011666,1.835000,18.892203
5410,18.892163,15.035067,16.320764,17.606464,19.011627,1.835000,18.892163
5411,18.892123,15.035030,16.320726,17.606425,19.011589,1.835000,18.892123
5412,18.892084,15.034993,16.320688,17.606386,19.011550,1.835000,18.892084
5413,18.892044,15.034956,16.320650,17.606347,19.011511,1.835000,18.892044
5414,18.892004,15.034919,16.320612,17.606308,19.011472,1.835000,18.892004
5415,18.891965,15.034882,16.320575,17.606270,19.011433,1.835000,18.891965
5416,18.891925,15.034845,16.320537,17.606231,19.011395,1.835000,18.891925
5417,18.891885,15.034808,16.320499,17.606192,19.011356,1.835000,18.891885
5418,18.891846,15.034771,16.320461,17.606153,19.011317,1.835000,18.891846
5419,18.891806,15.034734,16.320423,17.606114,19.011278,1.835000,18.891806
5420,18.891766,15.034697,16.320385,17.606076,19.011240,1.835000,18.891766
5421,18.891727,15.034660,16.320347,17.606037,19.011201,1.835000,18.891727
5422,18.891687,15.034623,16.320309,17.605998,19.011162,1.835000,18.891687
5423,18.891647,15.034586,16.320272,17.605959,19.011123,1.835000,18.891647
5424,18.891608,15.034549,16.320234,17.605921,19.011085,1.835000,18.891608
5425,18.891568,15.034512,16.320196,17.605882,19.011046,1.835000,18.891568
5426,18.891529,15.034475,16.320158,17.605843,19.011007,1.835000,18.891529
5427,18.891489,15.034439,16.320120,17.605805,19.010968,1.835000,18.891489
5428,18.891449,15.034402,16.320082,17.605766,19.010930,1.835000,18.891449
5429,18.891410,15.034365,16.320045,17.605727,19.010891,1.835000,18.891410
5430,18.891370,15.034328,16.320007,17.605689,19.010852,1.835000,18.891370
5431,18.891331,15.034291,16.319969,17.605650,19.010814,1.835000,18.891331
5432,18.891291,15.034254,16.319931,17.605611,19.010775,1.835000,18.891291
5433,18.891252,15.034217,16.319894,17.605573,19.010736,1.835000,18.891252
5434,18.891212,15.034180,16.319856,17.605534,19.010698,1.835000,18.891212
5435,18.891173,15.034143,16.319818,17.605495,19.010659,1.835000,18.891173
5436,18.891133,15.034106,16.319780,17.605457,19.010620,1.835000,18.891133
5437,18.891094,15.034070,16.319742,17.605418,19.010582,1.835000,18.891094
5438,18.891054,15.034033,16.319705,17.605379,19.010543,1.835000,18.891054
5439,18.891015,15.033996,16.319667,17.605341,19.010505,1.835000,18.891015
5440,18.890975,15.033959,16.319629,17.605302,19.010466,1.835000,18.890975
5441,18.890936,15.033922,16.319592,17.605264,19.010427,1.835000,18.890936
5442,18.890896,15.033885,16.319554,17.605225,19.010389,1.835000,18.890896
5443,18.890857,15.033849,16.319516,17.605186,19.010350,1.835000,18.890857
5444,18.890817,15.033812,16.319478,17.605148,19.010312,1.835000,18.890817
5445,18.890778,15.033775,16.319441,17.605109,19.010273,1.835000,18.890778
5446,18.890738,15.033738,16.319403,17.605071,19.010235,1.835000,18.890738
5447,18.890699,15.033701,16.319365,17.605032,19.010196,1.835000,18.890699
5448,18.890659,15.033664,16.319328,17.604994,19.010157,1.835000,18.890659
5449,18.890620,15.033628,16.319290,17.604955,19.010119,1.835000,18.890620
5450,18.890581,15.033591,16.319252,17.604917,19.010080,1.835000,18.890581
5451,18.890541,15.033554,16.319215,17.604878,19.010042,1.835000,18.890541
5452,18.890502,15.033517,16.319177,17.604839,19.010003,1.835000,18.890502
5453,18.890462,15.033481,16.319139,17.604801,19.009965,1.835000,18.890462
5454,18.890423,15.033444,16.319102,17.604762,19.009926,1.835000,18.890423
5455,18.890384,15.033407,16.319064,17.604724,19.009888,1.835000,18.890384
5456,18.890344,15.033370,16.319027,17.604685,19.009849,1.835000,18.890344
5457,18.890305,15.033334,16.318989,17.604647,19.009811,1.835000,18.890305
5458,18.890266,15.033297,16.318951,17.604608,19.009772,1.835000,18.890266
5459,18.890226,15.033260,16.318914,17.604570,19.009734,1.835000,18.890226
5460,18.890187,15.033224,16.318876,17.604532,19.009695,1.835000,18.890187
5461,18.890148,15.033187,16.318839,17.604493,19.009657,1.835000,18.890148
5462,18.890108,15.033150,16.318801,17.604455,19.009618,1.835000,18.890108
5463,18.890069,15.033113,16.318763,17.604416,19.009580,1.835000,18.890069
5464,18.890030,15.033077,16.318726,17.604378,19.009542,1.835000,18.890030
5465,18.889990,15.033040,16.318688,17.604339,19.009503,1.835000,18.889990
5466,18.889951,15.033003,16.318651,17.604301,19.009465,1.835000,18.889951
5467,18.889912,15.032967,16.318613,17.604262,19.009426,1.835000,18.889912
5468,18.889872,15.032930,16.318576,17.604224,19.009388,1.835000,18.889872
5469,18.889833,15.032893,16.318538,17.604186,19.009349,1.835000,18.889833
5470,18.889794,15.032857,16.318501,17.604147,19.009311,1.835000,18.889794
5471,18.889755,15.032820,16.318463,17.604109,19.009273,1.835000,18.889755
5472,18.889715,15.032784,16.318426,17.604070,19.009234,1.835000,18.889715
5473,18.889676,15.032747,16.318388,17.604032,19.009196,1.835000,18.889676
5474,18.889637,15.032710,16.318351,17.603994,19.009158,1.835000,18.889637
5475,18.889598,15.032674,16.318313,17.603955,19.009119,1.835000,18.889598
5476,18.889558,15.032637,16.318276,17.603917,19.009081,1.835000,18.889558
5477,18.889519,15.032600,16.318238,17.603879,19.009042,1.835000,18.889519
5478,18.889480,15.032564,16.318201,17.603840,19.009004,1.835000,18.889480
5479,18.889441,15.032527,16.318163,17.603802,19.008966,1.835000,18.889441
5480,18.889401,15.032491,16.318126,17.603764,19.008927,1.835000,18.889401
5481,18.889362,15.032454,16.318088,17.603725,19.008889,1.835000,18.889362
5482,18.889323,15.032418,16.318051,17.603687,19.008851,1.835000,18.889323
5483,18.889284,15.032381,16.318014,17.603649,19.008813,1.835000,18.889284
5484,18.889245,15.032344,16.317976,17.603610,19.008774,1.835000,18.889245
5485,18.889206,15.032308,16.317939,17.603572,19.008736,1.835000,18.889206
5486,18.889166,15.032271,16.317901,17.603534,19.008698,1.835000,18.889166
5487,18.889127,15.032235,16.317864,17.603496,19.008659,1.835000,18.889127
5488,18.889088,15.032198,16.317827,17.603457,19.008621,1.835000,18.889088
5489,18.889049,15.032162,16.317789,17.603419,19.008583,1.835000,18.889049
5490,18.889010,15.032125,16.317752,17.603381,19.008545,1.835000,18.889010
5491,18.888971,15.032089,16.317714,17.603343,19.008506,1.835000,18.888971
5492,18.888932,15.032052,16.317677,17.603304,19.008468,1.835000,18.888932
5493,18.888893,15.032016,16.317640,17.603266,19.008430,1.835000,18.888893
5494,18.888853,15.031979,16.317602,17.603228,19.008392,1.835000,18.888853
5495,18.888814,15.031943,16.317565,17.603190,19.008353,1.835000,18.888814
5496,18.888775,15.031906,16.317528,17.603151,19.008315,1.835000,18.888775
5497,18.888736,15.031870,16.317490,17.603113,19.008277,1.835000,18.888736
5498,18.888697,15.031833,16.317453,17.603075,19.008239,1.835000,18.888697
5499,18.888658,15.031797,16.317416,17.603037,19.008201,1.835000,18.888658
5500,18.888619,15.031761,16.317378,17.602999,19.008162,1.835000,18.888619
5501,18.888580,15.031724,16.317341,17.602960,19.008124,1.835000,18.888580
5502,18.888541,15.031688,16.317304,17.602922,19.008086,1.835000,18.888541
5503,18.888502,15.031651,16.317266,17.602884,19.008048,1.835000,18.888502
5504,18.888463,15.031615,16.317229,17.602846,19.008010,1.835000,18.888463
5505,18.888424,15.031578,16.317192,17.602808,19.007972,1.835000,18.888424
5506,18.888385,15.031542,16.317155,17.602770,19.007933,1.835000,18.888385
5507,18.888346,15.031506,16.317117,17.602732,19.007895,1.835000,18.888346
5508,18.888307,15.031469,16.317080,17.602693,19.007857,1.835000,18.888307
5509,18.888268,15.031433,16.317043,17.602655,19.007819,1.835000,18.888268
5510,18.888229,15.031396,16.317006,17.602617,19.007781,1.835000,18.888229
5511,18.888190,15.031360,16.316968,17.602579,19.007743,1.835000,18.888190
5512,18.888151,15.031324,16.316931,17.602541,19.007705,1.835000,18.888151
5513,18.888112,15.031287,16.316894,17.602503,19.007667,1.835000,18.888112
5514,18.888073,15.031251,16.316857,17.602465,19.007629,1.835000,18.888073
5515,18.888034,15.031215,16.316819,17.602427,19.007590,1.835000,18.888034
5516,18.887995,15.031178,16.316782,17.602389,19.007552,1.835000,18.887995
5517,18.887956,15.031142,16.316745,17.602351,19.007514,1.835000,18.887956
5518,18.887917,15.031106,16.316708,17.602312,19.007476,1.835000,18.887917
5519,18.887878,15.031069,16.316671,17.602274,19.007438,1.835000,18.887878
5520,18.887839,15.031033,16.316633,17.602236,19.007400,1.835000,18.887839
5521,18.887800,15.030997,16.316596,17.602198,19.007362,1.835000,18.887800
5522,18.887762,15.030960,16.316559,17.602160,19.007324,1.835000,18.887762
5523,18.887723,15.030924,16.316522,17.602122,19.007286,1.835000,18.887723
5524,18.887684,15.030888,16.316485,17.602084,19.007248,1.835000,18.887684
5525,18.887645,15.030852,16.316448,17.602046,19.007210,1.835000,18.887645
5526,18.887606,15.030815,16.316410,17.602008,19.007172,1.835000,18.887606
5527,18.887567,15.030779,16.316373,17.601970,19.007134,1.835000,18.887567
5528,18.887528,15.030743,16.316336,17.601932,19.007096,1.835000,18.887528
5529,18.887489,15.030707,16.316299,17.601894,19.007058,1.835000,18.887489
5530,18.887451,15.030670,16.316262,17.601856,19.007020,1.835000,18.887451
5531,18.887412,15.030634,16.316225,17.601818,19.006982,1.835000,18.887412
5532,18.887373,15.030598,16.316188,17.601780,19.006944,1.835000,18.887373
5533,18.887334,15.030562,16.316151,17.601742,19.006906,1.835000,18.887334
5534,18.887295,15.030525,16.316114,17.601704,19.006868,1.835000,18.887295
5535,18.887256,15.030489,16.316077,17.601666,19.006830,1.835000,18.887256
5536,18.887218,15.030453,16.316039,17.601629,19.006792,1.835000,18.887218
5537,18.887179,15.030417,16.316002,17.601591,19.006754,1.835000,18.887179
5538,18.887140,15.030381,16.315965,17.601553,19.006716,1.835000,18.887140
5539,18.887101,15.030344,16.315928,17.601515,19.006679,1.835000,18.887101
5540,18.887062,15.030308,16.315891,17.601477,19.006641,1.835000,18.887062
5541,18.887024,15.030272,16.315854,17.601439,19.006603,1.835000,18.887024
5542,18.886985,15.030236,16.315817,17.601401,19.006565,1.835000,18.886985
5543,18.886946,15.030200,16.315780,17.601363,19.006527,1.835000,18.886946
5544,18.886907,15.030164,16.315743,17.601325,19.006489,1.835000,18.886907
5545,18.886869,15.030127,16.315706,17.601287,19.006451,1.835000,18.886869
5546,18.886830,15.030091,16.315669,17.601250,19.006413,1.835000,18.886830
5547,18.886791,15.030055,16.315632,17.601212,19.006375,1.835000,18.886791
5548,18.886753,15.030019,16.315595,17.601174,19.006338,1.835000,18.886753
5549,18.886714,15.029983,16.315558,17.601136,19.006300,1.835000,18.886714
5550,18.886675,15.029947,16.315521,17.601098,19.006262,1.835000,18.886675
5551,18.886636,15.029911,16.315484,17.601060,19.006224,1.835000,18.886636
5552,18.886598,15.029875,16.315447,17.601022,19.006186,1.835000,18.886598
5553,18.886559,15.029838,16.315410,17.600985,19.006148,1.835000,18.886559
5554,18.886520,15.029802,16.315373,17.600947,19.006111,1.835000,18.886520
5555,18.886482,15.029766,16.315336,17.600909,19.006073,1.835000,18.886482
5556,18.886443,15.029730,16.315299,17.600871,19.006035,1.835000,18.886443
5557,18.886404,15.029694,16.315262,17.600833,19.005997,1.835000,18.886404
5558,18.886366,15.029658,16.315226,17.600796,19.005959,1.835000,18.886366
5559,18.886327,15.029622,16.315189,17.600758,19.005922,1.835000,18.886327
5560,18.886288,15.029586,16.315152,17.600720,19.005884,1.835000,18.886288
5561,18.886250,15.029550,16.315115,17.600682,19.005846,1.835000,18.886250
5562,18.886211,15.029514,16.315078,17.600645,19.005808,1.835000,18.886211
5563,18.886173,15.029478,16.315041,17.600607,19.005771,1.835000,18.886173
5564,18.886134,15.029442,16.315004,17.600569,19.005733,1.835000,18.886134
5565,18.886095,15.029406,16.314967,17.600531,19.005695,1.835000,18.886095
5566,18.886057,15.029370,16.314930,17.600494,19.005657,1.835000,18.886057
5567,18.886018,15.029334,16.314894,17.600456,19.005620,1.835000,18.886018
5568,18.885980,15.029298,16.314857,17.600418,19.005582,1.835000,18.885980
5569,18.885941,15.029262,16.314820,17.600380,19.005544,1.835000,18.885941
5570,18.885902,15.029226,16.314783,17.600343,19.005506,1.835000,18.885902
5571,18.885864,15.029190,16.314746,17.600305,19.005469,1.835000,18.885864
5572,18.885825,15.029154,16.314709,17.600267,19.005431,1.835000,18.885825
5573,18.885787,15.029118,16.314672,17.600230,19.005393,1.835000,18.885787
5574,18.885748,15.029082,16.314636,17.600192,19.005356,1.835000,18.885748
5575,18.885710,15.029046,16.314599,17.600154,19.005318,1.835000,18.885710
5576,18.885671,15.029010,16.314562,17.600117,19.005280,1.835000,18.885671
5577,18.885633,15.028974,16.314525,17.600079,19.005243,1.835000,18.885633
5578,18.885594,15.028938,16.314488,17.600041,19.005205,1.835000,18.885594
5579,18.885556,15.028902,16.314452,17.600004,19.005167,1.835000,18.885556
5580,18.885517,15.028866,16.314415,17.599966,19.005130,1.835000,18.885517
5581,18.885479,15.028830,16.314378,17.599928,19.005092,1.835000,18.885479
5582,18.885440,15.028794,16.314341,17.599891,19.005055,1.835000,18.885440
5583,18.885402,15.028759,16.314305,17.599853,19.005017,1.835000,18.885402
5584,18.885363,15.028723,16.314268,17.599816,19.004979,1.835000,18.885363
5585,18.885325,15.028687,16.314231,17.599778,19.004942,1.835000,18.885325
5586,18.885286,15.028651,16.314194,17.599740,19.004904,1.835000,18.885286
5587,18.885248,15.028615,16.314158,17.599703,19.004867,1.835000,18.885248
5588,18.885209,15.028579,16.314121,17.599665,19.004829,1.835000,18.885209
5589,18.885171,15.028543,16.314084,17.599628,19.004791,1.835000,18.885171
5590,18.885133,15.028507,16.314047,17.599590,19.004754,1.835000,18.885133
5591,18.885094,15.028472,16.314011,17.599552,19.004716,1.835000,18.885094
5592,18.885056,15.028436,16.313974,17.599515,19.004679,1.835000,18.885056
5593,18.885017,15.028400,16.313937,17.599477,19.004641,1.835000,18.885017
5594,18.884979,15.028364,16.313901,17.599440,19.004604,1.835000,18.884979
5595,18.884941,15.028328,16.313864,17.599402,19.004566,1.835000,18.884941
5596,18.884902,15.028292,16.313827,17.599365,19.004528,1.835000,18.884902
5597,18.884864,15.028257,16.313791,17.599327,19.004491,1.835000,18.884864
5598,18.884825,15.028221,16.313754,17.599290,19.004453,1.835000,18.884825
5599,18.884787,15.028185,16.313717,17.599252,19.004416,1.835000,18.884787
5600,18.884749,15.028149,16.313681,17.599215,19.004378,1.835000,18.884749
5601,18.884710,15.028113,16.313644,17.599177,19.004341,1.835000,18.884710
5602,18.884672,15.028078,16.313607,17.599140,19.004303,1.835000,18.884672
5603,18.884634,15.028042,16.313571,17.599102,19.004266,1.835000,18.884634
5604,18.884595,15.028006,16.313534,17.599065,19.004228,1.835000,18.884595
5605,18.884557,15.027970,16.313497,17.599027,19.004191,1.835000,18.884557
5606,18.884519,15.027935,16.313461,17.598990,19.004154,1.835000,18.884519
5607,18.884480,15.027899,16.313424,17.598952,19.004116,1.835000,18.884480
5608,18.884442,15.027863,16.313388,17.598915,19.004079,1.835000,18.884442
5609,18.884404,15.027827,16.313351,17.598877,19.004041,1.835000,18.884404
5610,18.884365,15.027792,16.313315,17.598840,19.004004,1.835000,18.884365
5611,18.884327,15.027756,16.313278,17.598803,19.003966,1.835000,18.884327
5612,18.884289,15.027720,16.313241,17.598765,19.003929,1.835000,18.884289
5613,18.884251,15.027684,16.313205,17.598728,19.003891,1.835000,18.884251
5614,18.884212,15.027649,16.313168,17.598690,19.003854,1.835000,18.884212
5615,18.884174,15.027613,16.313132,17.598653,19.003817,1.835000,18.884174
5616,18.884136,15.027577,16.313095,17.598615,19.003779,1.835000,18.884136
5617,18.884098,15.027542,16.313059,17.598578,19.003742,1.835000,18.884098
5618,18.884059,15.027506,16.313022,17.598541,19.003705,1.835000,18.884059
5619,18.884021,15.027470,16.312986,17.598503,19.003667,1.835000,18.884021
5620,18.883983,15.027435,16.312949,17.598466,19.003630,1.835000,18.883983
5621,18.883945,15.027399,16.312913,17.598429,19.003592,1.835000,18.883945
5622,18.883906,15.027363,16.312876,17.598391,19.003555,1.835000,18.883906
5623,18.883868,15.027328,16.312840,17.598354,19.003518,1.835000,18.883868
5624,18.883830,15.027292,16.312803,17.598317,19.003480,1.835000,18.883830
5625,18.883792,15.027256,16.312767,17.598279,19.003443,1.835000,18.883792
5626,18.883754,15.027221,16.312730,17.598242,19.003406,1.835000,18.883754
5627,18.883715,15.027185,16.312694,17.598205,19.003368,1.835000,18.883715
5628,18.883677,15.027150,16.312657,17.598167,19.003331,1.835000,18.883677
5629,18.883639,15.027114,16.312621,17.598130,19.003294,1.835000,18.883639
5630,18.883601,15.027078,16.312584,17.598093,19.003256,1.835000,18.883601
5631,18.883563,15.027043,16.312548,17.598055,19.003219,1.835000,18.883563
5632,18.883525,15.027007,16.312511,17.598018,19.003182,1.835000,18.883525
5633,18.883487,15.026972,16.312475,17.597981,19.003145,1.835000,18.883487
5634,18.883448,15.026936,16.312438,17.597943,19.003107,1.835000,18.883448
5635,18.883410,15.026900,16.312402,17.597906,19.003070,1.835000,18.883410
5636,18.883372,15.026865,16.312366,17.597869,19.003033,1.835000,18.883372
5637,18.883334,15.026829,16.312329,17.597832,19.002995,1.835000,18.883334
5638,18.883296,15.026794,16.312293,17.597794,19.002958,1.835000,18.883296
5639,18.883258,15.026758,16.312256,17.597757,19.002921,1.835000,18.883258
5640,18.883220,15.026723,16.312220,17.597720,19.002884,1.835000,18.883220
5641,18.883182,15.026687,16.312184,17.597683,19.002846,1.835000,18.883182
5642,18.883144,15.026652,16.312147,17.597645,19.002809,1.835000,18.883144
5643,18.883106,15.026616,16.312111,17.597608,19.002772,1.835000,18.883106
5644,18.883068,15.026581,16.312075,17.597571,19.002735,1.835000,18.883068
5645,18.883029,15.026545,16.312038,17.597534,19.002698,1.835000,18.883029
5646,18.882991,15.026510,16.312002,17.597497,19.002660,1.835000,18.882991
5647,18.882953,15.026474,16.311965,17.597459,19.002623,1.835000,18.882953
5648,18.882915,15.026439,16.311929,17.597422,19.002586,1.835000,18.882915
5649,18.882877,15.026403,16.311893,17.597385,19.002549,1.835000,18.882877
5650,18.882839,15.026368,16.311857,17.597348,19.002512,1.835000,18.882839
5651,18.882801,15.026332,16.311820,17.597311,19.002475,1.835000,18.882801
5652,18.882763,15.026297,16.311784,17.597274,19.002437,1.835000,18.882763
5653,18.882725,15.026261,16.311748,17.597236,19.002400,1.835000,18.882725
5654,18.882687,15.026226,16.311711,17.597199,19.002363,1.835000,18.882687
5655,18.882649,15.026190,16.311675,17.597162,19.002326,1.835000,18.882649
5656,18.882611,15.026155,16.311639,17.597125,19.002289,1.835000,18.882611
5657,18.882573,15.026119,16.311602,17.597088,19.002252,1.835000,18.882573
5658,18.882535,15.026084,16.311566,17.597051,19.002215,1.835000,18.882535
5659,18.882497,15.026049,16.311530,17.597014,19.002177,1.835000,18.882497
5660,18.882459,15.026013,16.311494,17.596977,19.002140,1.835000,18.882459
5661,18.882422,15.025978,16.311457,17.596939,19.002103,1.835000,18.882422
5662,18.882384,15.025942,16.311421,17.596902,19.002066,1.835000,18.882384
5663,18.882346,15.025907,16.311385,17.596865,19.002029,1.835000,18.882346
5664,18.882308,15.025872,16.311349,17.596828,19.001992,1.835000,18.882308
5665,18.882270,15.025836,16.311312,17.596791,19.001955,1.835000,18.882270
5666,18.882232,15.025801,16.311276,17.596754,19.001918,1.835000,18.882232
5667,18.882194,15.025766,16.311240,17.596717,19.001881,1.835000,18.882194
5668,18.882156,15.025730,16.311204,17.596680,19.001844,1.835000,18.882156
5669,18.882118,15.025695,16.311168,17.596643,19.001807,1.835000,18.882118
5670,18.882080,15.025659,16.311131,17.596606,19.001770,1.835000,18.882080
5671,18.882042,15.025624,16.311095,17.596569,19.001733,1.835000,18.882042
5672,18.882005,15.025589,16.311059,17.596532,19.001696,1.835000,18.882005
5673,18.881967,15.025553,16.311023,17.596495,19.001659,1.835000,18.881967
5674,18.881929,15.025518,16.310987,17.596458,19.001622,1.835000,18.881929
5675,18.881891,15.025483,16.310950,17.596421,19.001585,1.835000,18.881891
5676,18.881853,15.025447,16.310914,17.596384,19.001548,1.835000,18.881853
5677,18.881815,15.025412,16.310878,17.596347,19.001511,1.835000,18.881815
5678,18.881777,15.025377,16.310842,17.596310,19.001474,1.835000,18.881777
5679,18.881740,15.025342,16.310806,17.596273,19.001437,1.835000,18.881740
5680,18.881702,15.025306,16.310770,17.596236,19.001400,1.835000,18.881702
5681,18.881664,15.025271,16.310734,17.596199,19.001363,1.835000,18.881664
5682,18.881626,15.025236,16.310698,17.596162,19.001326,1.835000,18.881626
5683,18.881588,15.025200,16.310661,17.596125,19.001289,1.835000,18.881588
5684,18.881551,15.025165,16.310625,17.596088,19.001252,1.835000,18.881551
5685,18.881513,15.025130,16.310589,17.596051,19.001215,1.835000,18.881513
5686,18.881475,15.025095,16.310553,17.596014,19.001178,1.835000,18.881475
5687,18.881437,15.025059,16.310517,17.595977,19.001141,1.835000,18.881437
5688,18.881399,15.025024,16.310481,17.595940,19.001104,1.835000,18.881399
5689,18.881362,15.024989,16.310445,17.595903,19.001067,1.835000,18.881362
5690,18.881324,15.024954,16.310409,17.595866,19.001030,1.835000,18.881324
5691,18.881286,15.024918,16.310373,17.595829,19.000993,1.835000,18.881286
5692,18.881248,15.024883,16.310337,17.595793,19.000956,1.835000,18.881248
5693,18.881211,15.024848,16.310301,17.595756,19.000919,1.835000,18.881211
5694,18.881173,15.024813,16.310265,17.595719,19.000883,1.835000,18.881173
5695,18.881135,15.024778,16.310229,17.595682,19.000846,1.835000,18.881135
5696,18.881098,15.024742,16.310192,17.595645,19.000809,1.835000,18.881098
5697,18.881060,15.024707,16.310156,17.595608,19.000772,1.835000,18.881060
5698,18.881022,15.024672,16.310120,17.595571,19.000735,1.835000,18.881022
5699,18.880984,15.024637,16.310084,17.595534,19.000698,1.835000,18.880984
5700,18.880947,15.024602,16.310048,17.595498,19.000661,1.835000,18.880947
5701,18.880909,15.024567,16.310012,17.595461,19.000625,1.835000,18.880909
5702,18.880871,15.024531,16.309976,17.595424,19.000588,1.835000,18.880871
5703,18.880834,15.024496,16.309940,17.595387,19.000551,1.835000,18.880834
5704,18.880796,15.024461,16.309904,17.595350,19.000514,1.835000,18.880796
5705,18.880758,15.024426,16.309869,17.595313,19.000477,1.835000,18.880758
5706,18.880721,15.024391,16.309833,17.595277,19.000440,1.835000,18.880721
5707,18.880683,15.024356,16.309797,17.595240,19.000404,1.835000,18.880683
5708,18.880646,15.024321,16.309761,17.595203,19.000367,1.835000,18.880646
5709,18.880608,15.024286,16.309725,17.595166,19.000330,1.835000,18.880608
5710,18.880570,15.024250,16.309689,17.595130,19.000293,1.835000,18.880570
5711,18.880533,15.024215,16.309653,17.595093,19.000257,1.835000,18.880533
5712,18.880495,15.024180,16.309617,17.595056,19.000220,1.835000,18.880495
5713,18.880457,15.024145,16.309581,17.595019,19.000183,1.835000,18.880457
5714,18.880420,15.024110,16.309545,17.594982,19.000146,1.835000,18.880420
5715,18.880382,15.024075,16.309509,17.594946,19.000110,1.835000,18.880382
5716,18.880345,15.024040,16.309473,17.594909,19.000073,1.835000,18.880345
5717,18.880307,15.024005,16.309437,17.594872,19.000036,1.835000,18.880307
5718,18.880270,15.023970,16.309401,17.594835,18.999999,1.835000,18.880270
5719,18.880232,15.023935,16.309366,17.594799,18.999963,1.835000,18.880232
5720,18.880194,15.023900,16.309330,17.594762,18.999926,1.835000,18.880194
5721,18.880157,15.023865,16.309294,17.594725,18.999889,1.835000,18.880157
5722,18.880119,15.023830,16.309258,17.594689,18.999852,1.835000,18.880119
5723,18.880082,15.023795,16.309222,17.594652,18.999816,1.835000,18.880082
5724,18.880044,15.023760,16.309186,17.594615,18.999779,1.835000,18.880044
5725,18.880007,15.023725,16.309150,17.594579,18.999742,1.835000,18.880007
5726,18.879969,15.023690,16.309115,17.594542,18.999706,1.835000,18.879969
5727,18.879932,15.023655,16.309079,17.594505,18.999669,1.835000,18.879932
5728,18.879894,15.023620,16.309043,17.594469,18.999632,1.835000,18.879894
5729,18.879857,15.023585,16.309007,17.594432,18.999596,1.835000,18.879857
5730,18.879819,15.023550,16.308971,17.594395,18.999559,1.835000,18.879819
5731,18.879782,15.023515,16.308935,17.594359,18.999522,1.835000,18.879782
5732,18.879744,15.023480,16.308900,17.594322,18.999486,1.835000,18.879744
5733,18.879707,15.023445,16.308864,17.594285,18.999449,1.835000,18.879707
5734,18.879669,15.023410,16.308828,17.594249,18.999412,1.835000,18.879669
5735,18.879632,15.023375,16.308792,17.594212,18.999376,1.835000,18.879632
5736,18.879594,15.023340,16.308756,17.594175,18.999339,1.835000,18.879594
5737,18.879557,15.023305,16.308721,17.594139,18.999303,1.835000,18.879557
5738,18.879520,15.023270,16.308685,17.594102,18.999266,1.835000,18.879520
5739,18.879482,15.023235,16.308649,17.594066,18.999229,1.835000,18.879482
5740,18.879445,15.023200,16.308613,17.594029,18.999193,1.835000,18.879445
5741,18.879407,15.023165,16.308578,17.593992,18.999156,1.835000,18.879407
5742,18.879370,15.023130,16.308542,17.593956,18.999120,1.835000,18.879370
5743,18.879332,15.023095,16.308506,17.593919,18.999083,1.835000,18.879332
5744,18.879295,15.023061,16.308470,17.593883,18.999047,1.835000,18.879295
5745,18.879258,15.023026,16.308435,17.593846,18.999010,1.835000,18.879258
5746,18.879220,15.022991,16.308399,17.593810,18.998973,1.835000,18.879220
5747,18.879183,15.022956,16.308363,17.593773,18.998937,1.835000,18.879183
5748,18.879146,15.022921,16.308328,17.593737,18.998900,1.835000,18.879146
5749,18.879108,15.022886,16.308292,17.593700,18.998864,1.835000,18.879108
5750,18.879071,15.022851,16.308256,17.593663,18.998827,1.835000,18.879071
5751,18.879033,15.022816,16.308220,17.593627,18.998791,1.835000,18.879033
5752,18.878996,15.022782,16.308185,17.593590,18.998754,1.835000,18.878996
5753,18.878959,15.022747,16.308149,17.593554,18.998718,1.835000,18.878959
5754,18.878921,15.022712,16.308113,17.593517,18.998681,1.835000,18.878921
5755,18.878884,15.022677,16.308078,17.593481,18.998645,1.835000,18.878884
5756,18.878847,15.022642,16.308042,17.593444,18.998608,1.835000,18.878847
5757,18.878809,15.022607,16.308006,17.593408,18.998572,1.835000,18.878809
5758,18.878772,15.022573,16.307971,17.593372,18.998535,1.835000,18.878772
5759,18.878735,15.022538,16.307935,17.593335,18.998499,1.835000,18.878735
5760,18.878698,15.022503,16.307900,17.593299,18.998462,1.835000,18.878698
5761,18.878660,15.022468,16.307864,17.593262,18.998426,1.835000,18.878660
5762,18.878623,15.022433,16.307828,17.593226,18.998389,1.835000,18.878623
5763,18.878586,15.022399,16.307793,17.593189,18.998353,1.835000,18.878586
5764,18.878548,15.022364,16.307757,17.593153,18.998317,1.835000,18.878548
5765,18.878511,15.022329,16.307722,17.593116,18.998280,1.835000,18.878511
5766,18.878474,15.022294,16.307686,17.593080,18.998244,1.835000,18.878474
5767,18.878437,15.022260,16.307650,17.593044,18.998207,1.835000,18.878437
5768,18.878399,15.022225,16.307615,17.593007,18.998171,1.835000,18.878399
5769,18.878362,15.022190,16.307579,17.592971,18.998135,1.835000,18.878362
5770,18.878325,15.022155,16.307544,17.592934,18.998098,1.835000,18.878325
5771,18.878288,15.022121,16.307508,17.592898,18.998062,1.835000,18.878288
5772,18.878251,15.022086,16.307472,17.592862,18.998025,1.835000,18.878251
5773,18.878213,15.022051,16.307437,17.592825,18.997989,1.835000,18.878213
5774,18.878176,15.022017,16.307401,17.592789,18.997953,1.835000,18.878176
5775,18.878139,15.021982,16.307366,17.592752,18.997916,1.835000,18.878139
5776,18.878102,15.021947,16.307330,17.592716,18.997880,1.835000,18.878102
5777,18.878065,15.021912,16.307295,17.592680,18.997843,1.835000,18.878065
5778,18.878027,15.021878,16.307259,17.592643,18.997807,1.835000,18.878027
5779,18.877990,15.021843,16.307224,17.592607,18.997771,1.835000,18.877990
5780,18.877953,15.021808,16.307188,17.592571,18.997734,1.835000,18.877953
5781,18.877916,15.021774,16.307153,17.592534,18.997698,1.835000,18.877916
5782,18.877879,15.021739,16.307117,17.592498,18.997662,1.835000,18.877879
5783,18.877842,15.021704,16.307082,17.592462,18.997625,1.835000,18.877842
5784,18.877804,15.021670,16.307046,17.592425,18.997589,1.835000,18.877804
5785,18.877767,15.021635,16.307011,17.592389,18.997553,1.835000,18.877767
5786,18.877730,15.021600,16.306975,17.592353,18.997517,1.835000,18.877730
5787,18.877693,15.021566,16.306940,17.592316,18.997480,1.835000,18.877693
5788,18.877656,15.021531,16.306904,17.592280,18.997444,1.835000,18.877656
5789,18.877619,15.021497,16.306869,17.592244,18.997408,1.835000,18.877619
5790,18.877582,15.021462,16.306834,17.592208,18.997371,1.835000,18.877582
5791,18.877545,15.021427,16.306798,17.592171,18.997335,1.835000,18.877545
5792,18.877508,15.021393,16.306763,17.592135,18.997299,1.835000,18.877508
5793,18.877470,15.021358,16.306727,17.592099,18.997263,1.835000,18.877470
5794,18.877433,15.021323,16.306692,17.592063,18.997226,1.835000,18.877433
5795,18.877396,15.021289,16.306656,17.592026,18.997190,1.835000,18.877396
5796,18.877359,15.021254,16.306621,17.591990,18.997154,1.835000,18.877359
5797,18.877322,15.021220,16.306586,17.591954,18.997118,1.835000,18.877322
5798,18.877285,15.021185,16.306550,17.591918,18.997081,1.835000,18.877285
5799,18.877248,15.021151,16.306515,17.591881,18.997045,1.835000,18.877248
5800,18.877211,15.021116,16.306479,17.591845,18.997009,1.835000,18.877211
5801,18.877174,15.021081,16.306444,17.591809,18.996973,1.835000,18.877174
5802,18.877137,15.021047,16.306409,17.591773,18.996937,1.835000,18.877137
5803,18.877100,15.021012,16.306373,17.591737,18.996900,1.835000,18.877100
5804,18.877063,15.020978,16.306338,17.591700,18.996864,1.835000,18.877063
5805,18.877026,15.020943,16.306303,17.591664,18.996828,1.835000,18.877026
5806,18.876989,15.020909,16.306267,17.591628,18.996792,1.835000,18.876989
5807,18.876952,15.020874,16.306232,17.591592,18.996756,1.835000,18.876952
5808,18.876915,15.020840,16.306197,17.591556,18.996720,1.835000,18.876915
5809,18.876878,15.020805,16.306161,17.591520,18.996683,1.835000,18.876878
5810,18.876841,15.020771,16.306126,17.591483,18.996647,1.835000,18.876841
5811,18.876804,15.020736,16.306091,17.591447,18.996611,1.835000,18.876804
5812,18.876767,15.020702,16.306055,17.591411,18.996575,1.835000,18.876767
5813,18.876730,15.020667,16.306020,17.591375,18.996539,1.835000,18.876730
5814,18.876693,15.020633,16.305985,17.591339,18.996503,1.835000,18.876693
5815,18.876656,15.020598,16.305949,17.591303,18.996467,1.835000,18.876656
5816,18.876619,15.020564,16.305914,17.591267,18.996431,1.835000,18.876619
5817,18.876582,15.020529,16.305879,17.591231,18.996394,1.835000,18.876582
5818,18.876546,15.020495,16.305844,17.591195,18.996358,1.835000,18.876546
5819,18.876509,15.020461,16.305808,17.591158,18.996322,1.835000,18.876509
5820,18.876472,15.020426,16.305773,17.591122,18.996286,1.835000,18.876472
5821,18.876435,15.020392,16.305738,17.591086,18.996250,1.835000,18.876435
5822,18.876398,15.020357,16.305702,17.591050,18.996214,1.835000,18.876398
5823,18.876361,15.020323,16.305667,17.591014,18.996178,1.835000,18.876361
5824,18.876324,15.020288,16.305632,17.590978,18.996142,1.835000,18.876324
5825,18.876287,15.020254,16.305597,17.590942,18.996106,1.835000,18.876287
5826,18.876250,15.020220,16.305562,17.590906,18.996070,1.835000,18.876250
5827,18.876213,15.020185,16.305526,17.590870,18.996034,1.835000,18.876213
5828,18.876177,15.020151,16.305491,17.590834,18.995998,1.835000,18.876177
5829,18.876140,15.020116,16.305456,17.590798,18.995962,1.835000,18.876140
5830,18.876103,15.020082,16.305421,17.590762,18.995926,1.835000,18.876103
5831,18.876066,15.020048,16.305385,17.590726,18.995890,1.835000,18.876066
5832,18.876029,15.020013,16.305350,17.590690,18.995854,1.835000,18.876029
5833,18.875992,15.019979,16.305315,17.590654,18.995818,1.835000,18.875992
5834,18.875956,15.019945,16.305280,17.590618,18.995782,1.835000,18.875956
5835,18.875919,15.019910,16.305245,17.590582,18.995746,1.835000,18.875919
5836,18.875882,15.019876,16.305210,17.590546,18.995710,1.835000,18.875882
5837,18.875845,15.019842,16.305174,17.590510,18.995674,1.835000,18.875845
5838,18.875808,15.019807,16.305139,17.590474,18.995638,1.835000,18.875808
5839,18.875772,15.019773,16.305104,17.590438,18.995602,1.835000,18.875772
5840,18.875735,15.019739,16.305069,17.590402,18.995566,1.835000,18.875735
5841,18.875698,15.019704,16.305034,17.590366,18.995530,1.835000,18.875698
5842,18.875661,15.019670,16.304999,17.590330,18.995494,1.835000,18.875661
5843,18.875624,15.019636,16.304964,17.590294,18.995458,1.835000,18.875624
5844,18.875588,15.019601,16.304928,17.590258,18.995422,1.835000,18.875588
5845,18.875551,15.019567,16.304893,17.590222,18.995386,1.835000,18.875551
5846,18.875514,15.019533,16.304858,17.590186,18.995350,1.835000,18.875514
5847,18.875477,15.019498,16.304823,17.590150,18.995314,1.835000,18.875477
5848,18.875441,15.019464,16.304788,17.590114,18.995278,1.835000,18.875441
5849,18.875404,15.019430,16.304753,17.590079,18.995242,1.835000,18.875404
5850,18.875367,15.019396,16.304718,17.590043,18.995206,1.835000,18.875367
5851,18.875331,15.019361,16.304683,17.590007,18.995171,1.835000,18.875331
5852,18.875294,15.019327,16.304648,17.589971,18.995135,1.835000,18.875294
5853,18.875257,15.019293,16.304613,17.589935,18.995099,1.835000,18.875257
5854,18.875220,15.019259,16.304578,17.589899,18.995063,1.835000,18.875220
5855,18.875184,15.019224,16.304543,17.589863,18.995027,1.835000,18.875184
5856,18.875147,15.019190,16.304508,17.589827,18.994991,1.835000,18.875147
5857,18.875110,15.019156,16.304472,17.589791,18.994955,1.835000,18.875110
5858,18.875074,15.019122,16.304437,17.589756,18.994919,1.835000,18.875074
5859,18.875037,15.019088,16.304402,17.589720,18.994884,1.835000,18.875037
5860,18.875000,15.019053,16.304367,17.589684,18.994848,1.835000,18.875000
5861,18.874964,15.019019,16.304332,17.589648,18.994812,1.835000,18.874964
5862,18.874927,15.018985,16.304297,17.589612,18.994776,1.835000,18.874927
5863,18.874891,15.018951,16.304262,17.589576,18.994740,1.835000,18.874891
5864,18.874854,15.018917,16.304227,17.589541,18.994704,1.835000,18.874854
5865,18.874817,15.018882,16.304192,17.589505,18.994669,1.835000,18.874817
5866,18.874781,15.018848,16.304157,17.589469,18.994633,1.835000,18.874781
5867,18.874744,15.018814,16.304122,17.589433,18.994597,1.835000,18.874744
5868,18.874707,15.018780,16.304087,17.589397,18.994561,1.835000,18.874707
5869,18.874671,15.018746,16.304052,17.589362,18.994525,1.835000,18.874671
5870,18.874634,15.018712,16.304018,17.589326,18.994490,1.835000,18.874634
5871,18.874598,15.018677,16.303983,17.589290,18.994454,1.835000,18.874598
5872,18.874561,15.018643,16.303948,17.589254,18.994418,1.835000,18.874561
5873,18.874524,15.018609,16.303913,17.589219,18.994382,1.835000,18.874524
5874,18.874488,15.018575,16.303878,17.589183,18.994347,1.835000,18.874488
5875,18.874451,15.018541,16.303843,17.589147,18.994311,1.835000,18.874451
5876,18.874415,15.018507,16.303808,17.589111,18.994275,1.835000,18.874415
5877,18.874378,15.018473,16.303773,17.589076,18.994239,1.835000,18.874378
5878,18.874342,15.018439,16.303738,17.589040,18.994204,1.835000,18.874342
5879,18.874305,15.018405,16.303703,17.589004,18.994168,1.835000,18.874305
5880,18.874269,15.018370,16.303668,17.588968,18.994132,1.835000,18.874269
5881,18.874232,15.018336,16.303633,17.588933,18.994096,1.835000,18.874232
5882,18.874196,15.018302,16.303598,17.588897,18.994061,1.835000,18.874196
5883,18.874159,15.018268,16.303564,17.588861,18.994025,1.835000,18.874159
5884,18.874123,15.018234,16.303529,17.588826,18.993989,1.835000,18.874123
5885,18.874086,15.018200,16.303494,17.588790,18.993954,1.835000,18.874086
5886,18.874050,15.018166,16.303459,17.588754,18.993918,1.835000,18.874050
5887,18.874013,15.018132,16.303424,17.588719,18.993882,1.835000,18.874013
5888,18.873977,15.018098,16.303389,17.588683,18.993847,1.835000,18.873977
5889,18.873940,15.018064,16.303354,17.588647,18.993811,1.835000,18.873940
5890,18.873904,15.018030,16.303320,17.588612,18.993775,1.835000,18.873904
5891,18.873867,15.017996,16.303285,17.588576,18.993740,1.835000,18.873867
5892,18.873831,15.017962,16.303250,17.588540,18.993704,1.835000,18.873831
5893,18.873794,15.017928,16.303215,17.588505,18.993668,1.835000,18.873794
5894,18.873758,15.017894,16.303180,17.588469,18.993633,1.835000,18.873758
5895,18.873721,15.017860,16.303145,17.588433,18.993597,1.835000,18.873721
5896,18.873685,15.017826,16.303111,17.588398,18.993562,1.835000,18.873685
5897,18.873648,15.017792,16.303076,17.588362,18.993526,1.835000,18.873648
5898,18.873612,15.017758,16.303041,17.588327,18.993490,1.835000,18.873612
5899,18.873576,15.017724,16.303006,17.588291,18.993455,1.835000,18.873576
5900,18.873539,15.017690,16.302971,17.588255,18.993419,1.835000,18.873539
5901,18.873503,15.017656,16.302937,17.588220,18.993384,1.835000,18.873503
5902,18.873466,15.017622,16.302902,17.588184,18.993348,1.835000,18.873466
5903,18.873430,15.017588,16.302867,17.588149,18.993312,1.835000,18.873430
5904,18.873394,15.017554,16.302832,17.588113,18.993277,1.835000,18.873394
5905,18.873357,15.017520,16.302798,17.588077,18.993241,1.835000,18.873357
5906,18.873321,15.017486,16.302763,17.588042,18.993206,1.835000,18.873321
5907,18.873285,15.017452,16.302728,17.588006,18.993170,1.835000,18.873285
5908,18.873248,15.017418,16.302693,17.587971,18.993135,1.835000,18.873248
5909,18.873212,15.017384,16.302659,17.587935,18.993099,1.835000,18.873212
5910,18.873175,15.017350,16.302624,17.587900,18.993063,1.835000,18.873175
5911,18.873139,15.017317,16.302589,17.587864,18.993028,1.835000,18.873139
5912,18.873103,15.017283,16.302554,17.587829,18.992992,1.835000,18.873103
5913,18.873066,15.017249,16.302520,17.587793,18.992957,1.835000,18.873066
5914,18.873030,15.017215,16.302485,17.587758,18.992921,1.835000,18.873030
5915,18.872994,15.017181,16.302450,17.587722,18.992886,1.835000,18.872994
5916,18.872958,15.017147,16.302416,17.587687,18.992850,1.835000,18.872958
5917,18.872921,15.017113,16.302381,17.587651,18.992815,1.835000,18.872921
5918,18.872885,15.017079,16.302346,17.587616,18.992779,1.835000,18.872885
5919,18.872849,15.017046,16.302312,17.587580,18.992744,1.835000,18.872849
5920,18.872812,15.017012,16.302277,17.587545,18.992708,1.835000,18.872812
5921,18.872776,15.016978,16.302242,17.587509,18.992673,1.835000,18.872776
5922,18.872740,15.016944,16.302208,17.587474,18.992637,1.835000,18.872740
5923,18.872704,15.016910,16.302173,17.587438,18.992602,1.835000,18.872704
5924,18.872667,15.016876,16.302138,17.587403,18.992567,1.835000,18.872667
5925,18.872631,15.016842,16.302104,17.587367,18.992531,1.835000,18.872631
5926,18.872595,15.016809,16.302069,17.587332,18.992496,1.835000,18.872595
5927,18.872558,15.016775,16.302034,17.587296,18.992460,1.835000,18.872558
5928,18.872522,15.016741,16.302000,17.587261,18.992425,1.835000,18.872522
5929,18.872486,15.016707,16.301965,17.587226,18.992389,1.835000,18.872486
5930,18.872450,15.016673,16.301931,17.587190,18.992354,1.835000,18.872450
5931,18.872414,15.016640,16.301896,17.587155,18.992319,1.835000,18.872414
5932,18.872377,15.016606,16.301861,17.587119,18.992283,1.835000,18.872377
5933,18.872341,15.016572,16.301827,17.587084,18.992248,1.835000,18.872341
5934,18.872305,15.016538,16.301792,17.587049,18.992212,1.835000,18.872305
5935,18.872269,15.016504,16.301758,17.587013,18.992177,1.835000,18.872269
5936,18.872233,15.016471,16.301723,17.586978,18.992142,1.835000,18.872233
5937,18.872196,15.016437,16.301688,17.586942,18.992106,1.835000,18.872196
5938,18.872160,15.016403,16.301654,17.586907,18.992071,1.835000,18.872160
5939,18.872124,15.016369,16.301619,17.586872,18.992036,1.835000,18.872124
5940,18.872088,15.016336,16.301585,17.586836,18.992000,1.835000,18.872088
5941,18.872052,15.016302,16.301550,17.586801,18.991965,1.835000,18.872052
5942,18.872016,15.016268,16.301516,17.586766,18.991929,1.835000,18.872016
5943,18.871979,15.016234,16.301481,17.586730,18.991894,1.835000,18.871979
5944,18.871943,15.016201,16.301447,17.586695,18.991859,1.835000,18.871943
5945,18.871907,15.016167,16.301412,17.586660,18.991823,1.835000,18.871907
5946,18.871871,15.016133,16.301378,17.586624,18.991788,1.835000,18.871871
5947,18.871835,15.016100,16.301343,17.586589,18.991753,1.835000,18.871835
5948,18.871799,15.016066,16.301309,17.586554,18.991718,1.835000,18.871799
5949,18.871763,15.016032,16.301274,17.586518,18.991682,1.835000,18.871763
5950,18.871727,15.015999,16.301240,17.586483,18.991647,1.835000,18.871727
5951,18.871690,15.015965,16.301205,17.586448,18.991612,1.835000,18.871690
5952,18.871654,15.015931,16.301171,17.586413,18.991576,1.835000,18.871654
5953,18.871618,15.015898,16.301136,17.586377,18.991541,1.835000,18.871618
5954,18.871582,15.015864,16.301102,17.586342,18.991506,1.835000,18.871582
5955,18.871546,15.015830,16.301067,17.586307,18.991471,1.835000,18.871546
5956,18.871510,15.015797,16.301033,17.586271,18.991435,1.835000,18.871510
5957,18.871474,15.015763,16.300998,17.586236,18.991400,1.835000,18.871474
5958,18.871438,15.015729,16.300964,17.586201,18.991365,1.835000,18.871438
5959,18.871402,15.015696,16.300929,17.586166,18.991329,1.835000,18.871402
5960,18.871366,15.015662,16.300895,17.586130,18.991294,1.835000,18.871366
5961,18.871330,15.015628,16.300861,17.586095,18.991259,1.835000,18.871330
5962,18.871294,15.015595,16.300826,17.586060,18.991224,1.835000,18.871294
5963,18.871258,15.015561,16.300792,17.586025,18.991189,1.835000,18.871258
5964,18.871222,15.015528,16.300757,17.585990,18.991153,1.835000,18.871222
5965,18.871186,15.015494,16.300723,17.585954,18.991118,1.835000,18.871186
5966,18.871150,15.015460,16.300689,17.585919,18.991083,1.835000,18.871150
5967,18.871114,15.015427,16.300654,17.585884,18.991048,1.835000,18.871114
5968,18.871078,15.015393,16.300620,17.585849,18.991013,1.835000,18.871078
5969,18.871042,15.015360,16.300585,17.585814,18.990977,1.835000,18.871042
5970,18.871006,15.015326,16.300551,17.585778,18.990942,1.835000,18.871006
5971,18.870970,15.015292,16.300517,17.585743,18.990907,1.835000,18.870970
5972,18.870934,15.015259,16.300482,17.585708,18.990872,1.835000,18.870934
5973,18.870898,15.015225,16.300448,17.585673,18.990837,1.835000,18.870898
5974,18.870862,15.015192,16.300414,17.585638,18.990802,1.835000,18.870862
5975,18.870826,15.015158,16.300379,17.585603,18.990766,1.835000,18.870826
5976,18.870790,15.015125,16.300345,17.585567,18.990731,1.835000,18.870790
5977,18.870754,15.015091,16.300311,17.585532,18.990696,1.835000,18.870754
5978,18.870718,15.015058,16.300276,17.585497,18.990661,1.835000,18.870718
5979,18.870682,15.015024,16.300242,17.585462,18.990626,1.835000,18.870682
5980,18.870646,15.014991,16.300208,17.585427,18.990591,1.835000,18.870646
5981,18.870610,15.014957,16.300173,17.585392,18.990556,1.835000,18.870610
5982,18.870574,15.014924,16.300139,17.585357,18.990520,1.835000,18.870574
5983,18.870539,15.014890,16.300105,17.585322,18.990485,1.835000,18.870539
5984,18.870503,15.014857,16.300070,17.585286,18.990450,1.835000,18.870503
5985,18.870467,15.014823,16.300036,17.585251,18.990415,1.835000,18.870467
5986,18.870431,15.014790,16.300002,17.585216,18.990380,1.835000,18.870431
5987,18.870395,15.014756,16.299967,17.585181,18.990345,1.835000,18.870395
5988,18.870359,15.014723,16.299933,17.585146,18.990310,1.835000,18.870359
5989,18.870323,15.014689,16.299899,17.585111,18.990275,1.835000,18.870323
5990,18.870287,15.014656,16.299865,17.585076,18.990240,1.835000,18.870287
5991,18.870252,15.014622,16.299830,17.585041,18.990205,1.835000,18.870252
5992,18.870216,15.014589,16.299796,17.585006,18.990170,1.835000,18.870216
5993,18.870180,15.014555,16.299762,17.584971,18.990135,1.835000,18.870180
5994,18.870144,15.014522,16.299728,17.584936,18.990100,1.835000,18.870144
5995,18.870108,15.014488,16.299693,17.584901,18.990065,1.835000,18.870108
5996,18.870072,15.014455,16.299659,17.584866,18.990030,1.835000,18.870072
5997,18.870037,15.014422,16.299625,17.584831,18.989995,1.835000,18.870037
5998,18.870001,15.014388,16.299591,17.584796,18.989960,1.835000,18.870001
5999,18.869965,15.014355,16.299557,17.584761,18.989925,1.835000,18.869965
6000,18.869929,15.014321,16.299522,17.584726,18.989890,1.835000,18.869929
6001,18.869893,15.014288,16.299488,17.584691,18.989855,1.835000,18.869893
6002,18.869858,15.014255,16.299454,17.584656,18.989820,1.835000,18.869858
6003,18.869822,15.014221,16.299420,17.584621,18.989785,1.835000,18.869822
6004,18.869786,15.014188,16.299386,17.584586,18.989750,1.835000,18.869786
6005,18.869750,15.014154,16.299351,17.584551,18.989715,1.835000,18.869750
6006,18.869714,15.014121,16.299317,17.584516,18.989680,1.835000,18.869714
6007,18.869679,15.014088,16.299283,17.584481,18.989645,1.835000,18.869679
6008,18.869643,15.014054,16.299249,17.584446,18.989610,1.835000,18.869643
6009,18.869607,15.014021,16.299215,17.584411,18.989575,1.835000,18.869607
6010,18.869571,15.013988,16.299181,17.584376,18.989540,1.835000,18.869571
6011,18.869536,15.013954,16.299146,17.584341,18.989505,1.835000,18.869536
6012,18.869500,15.013921,16.299112,17.584306,18.989470,1.835000,18.869500
6013,18.869464,15.013888,16.299078,17.584271,18.989435,1.835000,18.869464
6014,18.869428,15.013854,16.299044,17.584236,18.989400,1.835000,18.869428
6015,18.869393,15.013821,16.299010,17.584201,18.989365,1.835000,18.869393
6016,18.869357,15.013788,16.298976,17.584166,18.989330,1.835000,18.869357
6017,18.869321,15.013754,16.298942,17.584132,18.989295,1.835000,18.869321
6018,18.869286,15.013721,16.298908,17.584097,18.989260,1.835000,18.869286
6019,18.869250,15.013688,16.298874,17.584062,18.989226,1.835000,18.869250
6020,18.869214,15.013654,16.298839,17.584027,18.989191,1.835000,18.869214
6021,18.869179,15.013621,16.298805,17.583992,18.989156,1.835000,18.869179
6022,18.869143,15.013588,16.298771,17.583957,18.989121,1.835000,18.869143
6023,18.869107,15.013555,16.298737,17.583922,18.989086,1.835000,18.869107
6024,18.869072,15.013521,16.298703,17.583887,18.989051,1.835000,18.869072
6025,18.869036,15.013488,16.298669,17.583853,18.989016,1.835000,18.869036
6026,18.869000,15.013455,16.298635,17.583818,18.988981,1.835000,18.869000
6027,18.868965,15.013421,16.298601,17.583783,18.988947,1.835000,18.868965
6028,18.868929,15.013388,16.298567,17.583748,18.988912,1.835000,18.868929
6029,18.868893,15.013355,16.298533,17.583713,18.988877,1.835000,18.868893
6030,18.868858,15.013322,16.298499,17.583678,18.988842,1.835000,18.868858
6031,18.868822,15.013289,16.298465,17.583643,18.988807,1.835000,18.868822
6032,18.868787,15.013255,16.298431,17.583609,18.988772,1.835000,18.868787
6033,18.868751,15.013222,16.298397,17.583574,18.988738,1.835000,18.868751
6034,18.868715,15.013189,16.298363,17.583539,18.988703,1.835000,18.868715
6035,18.868680,15.013156,16.298329,17.583504,18.988668,1.835000,18.868680
6036,18.868644,15.013122,16.298295,17.583469,18.988633,1.835000,18.868644
6037,18.868609,15.013089,16.298261,17.583435,18.988598,1.835000,18.868609
6038,18.868573,15.013056,16.298227,17.583400,18.988564,1.835000,18.868573
6039,18.868537,15.013023,16.298193,17.583365,18.988529,1.835000,18.868537
6040,18.868502,15.012990,16.298159,17.583330,18.988494,1.835000,18.868502
6041,18.868466,15.012956,16.298125,17.583296,18.988459,1.835000,18.868466
6042,18.868431,15.012923,16.298091,17.583261,18.988425,1.835000,18.868431
6043,18.868395,15.012890,16.298057,17.583226,18.988390,1.835000,18.868395
6044,18.868360,15.012857,16.298023,17.583191,18.988355,1.835000,18.868360
6045,18.868324,15.012824,16.297989,17.583157,18.988320,1.835000,18.868324
6046,18.868289,15.012791,16.297955,17.583122,18.988286,1.835000,18.868289
6047,18.868253,15.012757,16.297921,17.583087,18.988251,1.835000,18.868253
6048,18.868218,15.012724,16.297887,17.583052,18.988216,1.835000,18.868218
6049,18.868182,15.012691,16.297853,17.583018,18.988181,1.835000,18.868182
6050,18.868147,15.012658,16.297819,17.582983,18.988147,1.835000,18.868147
6051,18.868111,15.012625,16.297785,17.582948,18.988112,1.835000,18.868111
6052,18.868076,15.012592,16.297751,17.582914,18.988077,1.835000,18.868076
6053,18.868040,15.012559,16.297718,17.582879,18.988043,1.835000,18.868040
6054,18.868005,15.012526,16.297684,17.582844,18.988008,1.835000,18.868005
6055,18.867969,15.012493,16.297650,17.582809,18.987973,1.835000,18.867969
6056,18.867934,15.012459,16.297616,17.582775,18.987939,1.835000,18.867934
6057,18.867898,15.012426,16.297582,17.582740,18.987904,1.835000,18.867898
6058,18.867863,15.012393,16.297548,17.582705,18.987869,1.835000,18.867863
6059,18.867827,15.012360,16.297514,17.582671,18.987835,1.835000,18.867827
6060,18.867792,15.012327,16.297480,17.582636,18.987800,1.835000,18.867792
6061,18.867756,15.012294,16.297447,17.582601,18.987765,1.835000,18.867756
6062,18.867721,15.012261,16.297413,17.582567,18.987731,1.835000,18.867721
6063,18.867685,15.012228,16.297379,17.582532,18.987696,1.835000,18.867685
6064,18.867650,15.012195,16.297345,17.582498,18.987661,1.835000,18.867650
6065,18.867615,15.012162,16.297311,17.582463,18.987627,1.835000,18.867615
6066,18.867579,15.012129,16.297277,17.582428,18.987592,1.835000,18.867579
6067,18.867544,15.012096,16.297243,17.582394,18.987557,1.835000,18.867544
6068,18.867508,15.012063,16.297210,17.582359,18.987523,1.835000,18.867508
6069,18.867473,15.012030,16.297176,17.582324,18.987488,1.835000,18.867473
6070,18.867438,15.011997,16.297142,17.582290,18.987454,1.835000,18.867438
6071,18.867402,15.011964,16.297108,17.582255,18.987419,1.835000,18.867402
6072,18.867367,15.011931,16.297074,17.582221,18.987384,1.835000,18.867367
6073,18.867331,15.011898,16.297041,17.582186,18.987350,1.835000,18.867331
6074,18.867296,15.011865,16.297007,17.582151,18.987315,1.835000,18.867296
6075,18.867261,15.011832,16.296973,17.582117,18.987281,1.835000,18.867261
6076,18.867225,15.011799,16.296939,17.582082,18.987246,1.835000,18.867225
6077,18.867190,15.011766,16.296906,17.582048,18.987212,1.835000,18.867190
6078,18.867155,15.011733,16.296872,17.582013,18.987177,1.835000,18.867155
6079,18.867119,15.011700,16.296838,17.581979,18.987142,1.835000,18.867119
6080,18.867084,15.011667,16.296804,17.581944,18.987108,1.835000,18.867084
6081,18.867049,15.011634,16.296770,17.581910,18.987073,1.835000,18.867049
6082,18.867013,15.011601,16.296737,17.581875,18.987039,1.835000,18.867013
6083,18.866978,15.011568,16.296703,17.581841,18.987004,1.835000,18.866978
6084,18.866943,15.011535,16.296669,17.581806,18.986970,1.835000,18.866943
6085,18.866907,15.011502,16.296636,17.581772,18.986935,1.835000,18.866907
6086,18.866872,15.011469,16.296602,17.581737,18.986901,1.835000,18.866872
6087,18.866837,15.011436,16.296568,17.581702,18.986866,1.835000,18.866837
6088,18.866802,15.011403,16.296534,17.581668,18.986832,1.835000,18.866802
6089,18.866766,15.011370,16.296501,17.581634,18.986797,1.835000,18.866766
6090,18.866731,15.011337,16.296467,17.581599,18.986763,1.835000,18.866731
6091,18.866696,15.011304,16.296433,17.581565,18.986728,1.835000,18.866696
6092,18.866661,15.011272,16.296400,17.581530,18.986694,1.835000,18.866661
6093,18.866625,15.011239,16.296366,17.581496,18.986659,1.835000,18.866625
6094,18.866590,15.011206,16.296332,17.581461,18.986625,1.835000,18.866590
6095,18.866555,15.011173,16.296299,17.581427,18.986590,1.835000,18.866555
6096,18.866520,15.011140,16.296265,17.581392,18.986556,1.835000,18.866520
6097,18.866484,15.011107,16.296231,17.581358,18.986522,1.835000,18.866484
6098,18.866449,15.011074,16.296198,17.581323,18.986487,1.835000,18.866449
6099,18.866414,15.011041,16.296164,17.581289,18.986453,1.835000,18.866414
6100,18.866379,15.011008,16.296130,17.581254,18.986418,1.835000,18.866379
6101,18.866343,15.010976,16.296097,17.581220,18.986384,1.835000,18.866343
6102,18.866308,15.010943,16.296063,17.581186,18.986349,1.835000,18.866308
6103,18.866273,15.010910,16.296029,17.581151,18.986315,1.835000,18.866273
6104,18.866238,15.010877,16.295996,17.581117,18.986281,1.835000,18.866238
6105,18.866203,15.010844,16.295962,17.581082,18.986246,1.835000,18.866203
6106,18.866167,15.010811,16.295929,17.581048,18.986212,1.835000,18.866167
6107,18.866132,15.010779,16.295895,17.581014,18.986177,1.835000,18.866132
6108,18.866097,15.010746,16.295861,17.580979,18.986143,1.835000,18.866097
6109,18.866062,15.010713,16.295828,17.580945,18.986109,1.835000,18.866062
6110,18.866027,15.010680,16.295794,17.580910,18.986074,1.835000,18.866027
6111,18.865992,15.010647,16.295761,17.580876,18.986040,1.835000,18.865992
6112,18.865956,15.010615,16.295727,17.580842,18.986006,1.835000,18.865956
6113,18.865921,15.010582,16.295693,17.580807,18.985971,1.835000,18.865921
6114,18.865886,15.010549,16.295660,17.580773,18.985937,1.835000,18.865886
6115,18.865851,15.010516,16.295626,17.580739,18.985902,1.835000,18.865851
6116,18.865816,15.010483,16.295593,17.580704,18.985868,1.835000,18.865816
6117,18.865781,15.010451,16.295559,17.580670,18.985834,1.835000,18.865781
6118,18.865746,15.010418,16.295526,17.580636,18.985799,1.835000,18.865746
6119,18.865711,15.010385,16.295492,17.580601,18.985765,1.835000,18.865711
6120,18.865676,15.010352,16.295459,17.580567,18.985731,1.835000,18.865676
6121,18.865640,15.010320,16.295425,17.580533,18.985697,1.835000,18.865640
6122,18.865605,15.010287,16.295392,17.580498,18.985662,1.835000,18.865605
6123,18.865570,15.010254,16.295358,17.580464,18.985628,1.835000,18.865570
6124,18.865535,15.010221,16.295324,17.580430,18.985594,1.835000,18.865535
6125,18.865500,15.010189,16.295291,17.580396,18.985559,1.835000,18.865500
6126,18.865465,15.010156,16.295257,17.580361,18.985525,1.835000,18.865465
6127,18.865430,15.010123,16.295224,17.580327,18.985491,1.835000,18.865430
6128,18.865395,15.010091,16.295190,17.580293,18.985457,1.835000,18.865395
6129,18.865360,15.010058,16.295157,17.580258,18.985422,1.835000,18.865360
6130,18.865325,15.010025,16.295124,17.580224,18.985388,1.835000,18.865325
6131,18.865290,15.009993,16.295090,17.580190,18.985354,1.835000,18.865290
6132,18.865255,15.009960,16.295057,17.580156,18.985319,1.835000,18.865255
6133,18.865220,15.009927,16.295023,17.580121,18.985285,1.835000,18.865220
6134,18.865185,15.009894,16.294990,17.580087,18.985251,1.835000,18.865185
6135,18.865150,15.009862,16.294956,17.580053,18.985217,1.835000,18.865150
6136,18.865115,15.009829,16.294923,17.580019,18.985183,1.835000,18.865115
6137,18.865080,15.009796,16.294889,17.579985,18.985148,1.835000,18.865080
6138,18.865045,15.009764,16.294856,17.579950,18.985114,1.835000,18.865045
6139,18.865010,15.009731,16.294822,17.579916,18.985080,1.835000,18.865010
6140,18.864975,15.009699,16.294789,17.579882,18.985046,1.835000,18.864975
6141,18.864940,15.009666,16.294756,17.579848,18.985011,1.835000,18.864940
6142,18.864905,15.009633,16.294722,17.579813,18.984977,1.835000,18.864905
6143,18.864870,15.009601,16.294689,17.579779,18.984943,1.835000,18.864870
6144,18.864835,15.009568,16.294655,17.579745,18.984909,1.835000,18.864835
6145,18.864800,15.009535,16.294622,17.579711,18.984875,1.835000,18.864800
6146,18.864765,15.009503,16.294589,17.579677,18.984841,1.835000,18.864765
6147,18.864730,15.009470,16.294555,17.579643,18.984806,1.835000,18.864730
6148,18.864695,15.009438,16.294522,17.579608,18.984772,1.835000,18.864695
6149,18.864660,15.009405,16.294488,17.579574,18.984738,1.835000,18.864660
6150,18.864625,15.009372,16.294455,17.579540,18.984704,1.835000,18.864625
6151,18.864590,15.009340,16.294422,17.579506,18.984670,1.835000,18.864590
6152,18.864555,15.009307,16.294388,17.579472,18.984636,1.835000,18.864555
6153,18.864520,15.009275,16.294355,17.579438,18.984602,1.835000,18.864520
6154,18.864485,15.009242,16.294322,17.579404,18.984567,1.835000,18.864485
6155,18.864451,15.009209,16.294288,17.579369,18.984533,1.835000,18.864451
6156,18.864416,15.009177,16.294255,17.579335,18.984499,1.835000,18.864416
6157,18.864381,15.009144,16.294222,17.579301,18.984465,1.835000,18.864381
6158,18.864346,15.009112,16.294188,17.579267,18.984431,1.835000,18.864346
6159,18.864311,15.009079,16.294155,17.579233,18.984397,1.835000,18.864311
6160,18.864276,15.009047,16.294122,17.579199,18.984363,1.835000,18.864276
6161,18.864241,15.009014,16.294088,17.579165,18.984329,1.835000,18.864241
6162,18.864206,15.008982,16.294055,17.579131,18.984295,1.835000,18.864206
6163,18.864172,15.008949,16.294022,17.579097,18.984260,1.835000,18.864172
6164,18.864137,15.008917,16.293988,17.579063,18.984226,1.835000,18.864137
6165,18.864102,15.008884,16.293955,17.579029,18.984192,1.835000,18.864102
6166,18.864067,15.008852,16.293922,17.578994,18.984158,1.835000,18.864067
6167,18.864032,15.008819,16.293889,17.578960,18.984124,1.835000,18.864032
6168,18.863997,15.008787,16.293855,17.578926,18.984090,1.835000,18.863997
6169,18.863963,15.008754,16.293822,17.578892,18.984056,1.835000,18.863963
6170,18.863928,15.008722,16.293789,17.578858,18.984022,1.835000,18.863928
6171,18.863893,15.008689,16.293756,17.578824,18.983988,1.835000,18.863893
6172,18.863858,15.008657,16.293722,17.578790,18.983954,1.835000,18.863858
6173,18.863823,15.008624,16.293689,17.578756,18.983920,1.835000,18.863823
6174,18.863789,15.008592,16.293656,17.578722,18.983886,1.835000,18.863789
6175,18.863754,15.008559,16.293623,17.578688,18.983852,1.835000,18.863754
6176,18.863719,15.008527,16.293589,17.578654,18.983818,1.835000,18.863719
6177,18.863684,15.008494,16.293556,17.578620,18.983784,1.835000,18.863684
6178,18.863649,15.008462,16.293523,17.578586,18.983750,1.835000,18.863649
6179,18.863615,15.008430,16.293490,17.578552,18.983716,1.835000,18.863615
6180,18.863580,15.008397,16.293456,17.578518,18.983682,1.835000,18.863580
6181,18.863545,15.008365,16.293423,17.578484,18.983648,1.835000,18.863545
6182,18.863510,15.008332,16.293390,17.578450,18.983614,1.835000,18.863510
6183,18.863476,15.008300,16.293357,17.578416,18.983580,1.835000,18.863476
6184,18.863441,15.008267,16.293324,17.578382,18.983546,1.835000,18.863441
6185,18.863406,15.008235,16.293291,17.578348,18.983512,1.835000,18.863406
6186,18.863371,15.008203,16.293257,17.578314,18.983478,1.835000,18.863371
6187,18.863337,15.008170,16.293224,17.578280,18.983444,1.835000,18.863337
6188,18.863302,15.008138,16.293191,17.578247,18.983410,1.835000,18.863302
6189,18.863267,15.008105,16.293158,17.578213,18.983376,1.835000,18.863267
6190,18.863233,15.008073,16.293125,17.578179,18.983342,1.835000,18.863233
6191,18.863198,15.008041,16.293092,17.578145,18.983309,1.835000,18.863198
6192,18.863163,15.008008,16.293058,17.578111,18.983275,1.835000,18.863163
6193,18.863129,15.007976,16.293025,17.578077,18.983241,1.835000,18.863129
6194,18.863094,15.007944,16.292992,17.578043,18.983207,1.835000,18.863094
6195,18.863059,15.007911,16.292959,17.578009,18.983173,1.835000,18.863059
6196,18.863025,15.007879,16.292926,17.577975,18.983139,1.835000,18.863025
6197,18.862990,15.007847,16.292893,17.577941,18.983105,1.835000,18.862990
6198,18.862955,15.007814,16.292860,17.577907,18.983071,1.835000,18.862955
6199,18.862921,15.007782,16.292827,17.577874,18.983037,1.835000,18.862921
6200,18.862886,15.007749,16.292793,17.577840,18.983003,1.835000,18.862886
6201,18.862851,15.007717,16.292760,17.577806,18.982970,1.835000,18.862851
6202,18.862817,15.007685,16.292727,17.577772,18.982936,1.835000,18.862817
6203,18.862782,15.007653,16.292694,17.577738,18.982902,1.835000,18.862782
6204,18.862747,15.007620,16.292661,17.577704,18.982868,1.835000,18.862747
6205,18.862713,15.007588,16.292628,17.577670,18.982834,1.835000,18.862713
6206,18.862678,15.007556,16.292595,17.577637,18.982800,1.835000,18.862678
6207,18.862644,15.007523,16.292562,17.577603,18.982766,1.835000,18.862644
6208,18.862609,15.007491,16.292529,17.577569,18.982733,1.835000,18.862609
6209,18.862574,15.007459,16.292496,17.577535,18.982699,1.835000,18.862574
6210,18.862540,15.007426,16.292463,17.577501,18.982665,1.835000,18.862540
6211,18.862505,15.007394,16.292430,17.577467,18.982631,1.835000,18.862505
6212,18.862471,15.007362,16.292397,17.577434,18.982597,1.835000,18.862471
6213,18.862436,15.007330,16.292364,17.577400,18.982564,1.835000,18.862436
6214,18.862401,15.007297,16.292331,17.577366,18.982530,1.835000,18.862401
6215,18.862367,15.007265,16.292298,17.577332,18.982496,1.835000,18.862367
6216,18.862332,15.007233,16.292265,17.577298,18.982462,1.835000,18.862332
6217,18.862298,15.007201,16.292232,17.577265,18.982428,1.835000,18.862298
6218,18.862263,15.007168,16.292198,17.577231,18.982395,1.835000,18.862263
6219,18.862229,15.007136,16.292165,17.577197,18.982361,1.835000,18.862229
6220,18.862194,15.007104,16.292133,17.577163,18.982327,1.835000,18.862194
6221,18.862160,15.007072,16.292100,17.577130,18.982293,1.835000,18.862160
6222,18.862125,15.007040,16.292067,17.577096,18.982260,1.835000,18.862125
6223,18.862091,15.007007,16.292034,17.577062,18.982226,1.835000,18.862091
6224,18.862056,15.006975,16.292001,17.577028,18.982192,1.835000,18.862056
6225,18.862022,15.006943,16.291968,17.576995,18.982158,1.835000,18.862022
6226,18.861987,15.006911,16.291935,17.576961,18.982125,1.835000,18.861987
6227,18.861953,15.006879,16.291902,17.576927,18.982091,1.835000,18.861953
6228,18.861918,15.006846,16.291869,17.576893,18.982057,1.835000,18.861918
6229,18.861884,15.006814,16.291836,17.576860,18.982023,1.835000,18.861884
6230,18.861849,15.006782,16.291803,17.576826,18.981990,1.835000,18.861849
6231,18.861815,15.006750,16.291770,17.576792,18.981956,1.835000,18.861815
6232,18.861780,15.006718,16.291737,17.576759,18.981922,1.835000,18.861780
6233,18.861746,15.006686,16.291704,17.576725,18.981889,1.835000,18.861746
6234,18.861711,15.006653,16.291671,17.576691,18.981855,1.835000,18.861711
6235,18.861677,15.006621,16.291638,17.576657,18.981821,1.835000,18.861677
6236,18.861642,15.006589,16.291605,17.576624,18.981788,1.835000,18.861642
6237,18.861608,15.006557,16.291572,17.576590,18.981754,1.835000,18.861608
6238,18.861573,15.006525,16.291539,17.576556,18.981720,1.835000,18.861573
6239,18.861539,15.006493,16.291507,17.576523,18.981687,1.835000,18.861539
6240,18.861505,15.006461,16.291474,17.576489,18.981653,1.835000,18.861505
6241,18.861470,15.006428,16.291441,17.576455,18.981619,1.835000,18.861470
6242,18.861436,15.006396,16.291408,17.576422,18.981586,1.835000,18.861436
6243,18.861401,15.006364,16.291375,17.576388,18.981552,1.835000,18.861401
6244,18.861367,15.006332,16.291342,17.576355,18.981518,1.835000,18.861367
6245,18.861333,15.006300,16.291309,17.576321,18.981485,1.835000,18.861333
6246,18.861298,15.006268,16.291276,17.576287,18.981451,1.835000,18.861298
6247,18.861264,15.006236,16.291244,17.576254,18.981417,1.835000,18.861264
6248,18.861229,15.006204,16.291211,17.576220,18.981384,1.835000,18.861229
6249,18.861195,15.006172,16.291178,17.576186,18.981350,1.835000,18.861195
6250,18.861161,15.006140,16.291145,17.576153,18.981317,1.835000,18.861161
6251,18.861126,15.006108,16.291112,17.576119,18.981283,1.835000,18.861126
6252,18.861092,15.006076,16.291079,17.576086,18.981249,1.835000,18.861092
6253,18.861058,15.006043,16.291047,17.576052,18.981216,1.835000,18.861058
6254,18.861023,15.006011,16.291014,17.576018,18.981182,1.835000,18.861023
6255,18.860989,15.005979,16.290981,17.575985,18.981149,1.835000,18.860989
6256,18.860954,15.005947,16.290948,17.575951,18.981115,1.835000,18.860954
6257,18.860920,15.005915,16.290915,17.575918,18.981082,1.835000,18.860920
6258,18.860886,15.005883,16.290883,17.575884,18.981048,1.835000,18.860886
6259,18.860852,15.005851,16.290850,17.575851,18.981014,1.835000,18.860852
6260,18.860817,15.005819,16.290817,17.575817,18.980981,1.835000,18.860817
6261,18.860783,15.005787,16.290784,17.575784,18.980947,1.835000,18.860783
6262,18.860749,15.005755,16.290751,17.575750,18.980914,1.835000,18.860749
6263,18.860714,15.005723,16.290719,17.575716,18.980880,1.835000,18.860714
6264,18.860680,15.005691,16.290686,17.575683,18.980847,1.835000,18.860680
6265,18.860646,15.005659,16.290653,17.575649,18.980813,1.835000,18.860646
6266,18.860611,15.005627,16.290620,17.575616,18.980780,1.835000,18.860611
6267,18.860577,15.005595,16.290588,17.575582,18.980746,1.835000,18.860577
6268,18.860543,15.005563,16.290555,17.575549,18.980713,1.835000,18.860543
6269,18.860509,15.005531,16.290522,17.575515,18.980679,1.835000,18.860509
6270,18.860474,15.005499,16.290489,17.575482,18.980646,1.835000,18.860474
6271,18.860440,15.005467,16.290457,17.575448,18.980612,1.835000,18.860440
6272,18.860406,15.005435,16.290424,17.575415,18.980579,1.835000,18.860406
6273,18.860372,15.005403,16.290391,17.575381,18.980545,1.835000,18.860372
6274,18.860337,15.005372,16.290359,17.575348,18.980512,1.835000,18.860337
6275,18.860303,15.005340,16.290326,17.575315,18.980478,1.835000,18.860303
6276,18.860269,15.005308,16.290293,17.575281,18.980445,1.835000,18.860269
6277,18.860235,15.005276,16.290260,17.575248,18.980411,1.835000,18.860235
6278,18.860200,15.005244,16.290228,17.575214,18.980378,1.835000,18.860200
6279,18.860166,15.005212,16.290195,17.575181,18.980344,1.835000,18.860166
6280,18.860132,15.005180,16.290162,17.575147,18.980311,1.835000,18.860132
6281,18.860098,15.005148,16.290130,17.575114,18.980278,1.835000,18.860098
6282,18.860064,15.005116,16.290097,17.575080,18.980244,1.835000,18.860064
6283,18.860029,15.005084,16.290064,17.575047,18.980211,1.835000,18.860029
6284,18.859995,15.005052,16.290032,17.575014,18.980177,1.835000,18.859995
6285,18.859961,15.005020,16.289999,17.574980,18.980144,1.835000,18.859961
6286,18.859927,15.004989,16.289966,17.574947,18.980110,1.835000,18.859927
6287,18.859893,15.004957,16.289934,17.574913,18.980077,1.835000,18.859893
6288,18.859859,15.004925,16.289901,17.574880,18.980044,1.835000,18.859859
6289,18.859824,15.004893,16.289869,17.574846,18.980010,1.835000,18.859824
6290,18.859790,15.004861,16.289836,17.574813,18.979977,1.835000,18.859790
6291,18.859756,15.004829,16.289803,17.574780,18.979944,1.835000,18.859756
6292,18.859722,15.004797,16.289771,17.574746,18.979910,1.835000,18.859722
6293,18.859688,15.004765,16.289738,17.574713,18.979877,1.835000,18.859688
6294,18.859654,15.004734,16.289705,17.574680,18.979843,1.835000,18.859654
6295,18.859620,15.004702,16.289673,17.574646,18.979810,1.835000,18.859620
6296,18.859585,15.004670,16.289640,17.574613,18.979777,1.835000,18.859585
6297,18.859551,15.004638,16.289608,17.574580,18.979743,1.835000,18.859551
6298,18.859517,15.004606,16.289575,17.574546,18.979710,1.835000,18.859517
6299,18.859483,15.004574,16.289543,17.574513,18.979677,1.835000,18.859483
6300,18.859449,15.004543,16.289510,17.574479,18.979643,1.835000,18.859449
6301,18.859415,15.004511,16.289477,17.574446,18.979610,1.835000,18.859415
6302,18.859381,15.004479,16.289445,17.574413,18.979577,1.835000,18.859381
6303,18.859347,15.004447,16.289412,17.574380,18.979543,1.835000,18.859347
6304,18.859313,15.004415,16.289380,17.574346,18.979510,1.835000,18.859313
6305,18.859279,15.004384,16.289347,17.574313,18.979477,1.835000,18.859279
6306,18.859245,15.004352,16.289315,17.574280,18.979443,1.835000,18.859245
6307,18.859211,15.004320,16.289282,17.574246,18.979410,1.835000,18.859211
6308,18.859176,15.004288,16.289250,17.574213,18.979377,1.835000,18.859176
6309,18.859142,15.004257,16.289217,17.574180,18.979343,1.835000,18.859142
6310,18.859108,15.004225,16.289184,17.574146,18.979310,1.835000,18.859108
6311,18.859074,15.004193,16.289152,17.574113,18.979277,1.835000,18.859074
6312,18.859040,15.004161,16.289119,17.574080,18.979244,1.835000,18.859040
6313,18.859006,15.004130,16.289087,17.574047,18.979210,1.835000,18.859006
6314,18.858972,15.004098,16.289054,17.574013,18.979177,1.835000,18.858972
6315,18.858938,15.004066,16.289022,17.573980,18.979144,1.835000,18.858938
6316,18.858904,15.004034,16.288989,17.573947,18.979111,1.835000,18.858904
6317,18.858870,15.004003,16.288957,17.573914,18.979077,1.835000,18.858870
6318,18.858836,15.003971,16.288924,17.573880,18.979044,1.835000,18.858836
6319,18.858802,15.003939,16.288892,17.573847,18.979011,1.835000,18.858802
6320,18.858768,15.003907,16.288859,17.573814,18.978978,1.835000,18.858768
6321,18.858734,15.003876,16.288827,17.573781,18.978944,1.835000,18.858734
6322,18.858700,15.003844,16.288795,17.573747,18.978911,1.835000,18.858700
6323,18.858666,15.003812,16.288762,17.573714,18.978878,1.835000,18.858666
6324,18.858632,15.003781,16.288730,17.573681,18.978845,1.835000,18.858632
6325,18.858598,15.003749,16.288697,17.573648,18.978812,1.835000,18.858598
6326,18.858564,15.003717,16.288665,17.573615,18.978778,1.835000,18.858564
6327,18.858530,15.003686,16.288632,17.573581,18.978745,1.835000,18.858530
6328,18.858497,15.003654,16.288600,17.573548,18.978712,1.835000,18.858497
6329,18.858463,15.003622,16.288567,17.573515,18.978679,1.835000,18.858463
6330,18.858429,15.003591,16.288535,17.573482,18.978646,1.835000,18.858429
6331,18.858395,15.003559,16.288503,17.573449,18.978612,1.835000,18.858395
6332,18.858361,15.003527,16.288470,17.573415,18.978579,1.835000,18.858361
6333,18.858327,15.003496,16.288438,17.573382,18.978546,1.835000,18.858327
6334,18.858293,15.003464,16.288405,17.573349,18.978513,1.835000,18.858293
6335,18.858259,15.003432,16.288373,17.573316,18.978480,1.835000,18.858259
6336,18.858225,15.003401,16.288341,17.573283,18.978447,1.835000,18.858225
6337,18.858191,15.003369,16.288308,17.573250,18.978414,1.835000,18.858191
6338,18.858157,15.003337,16.288276,17.573217,18.978380,1.835000,18.858157
6339,18.858123,15.003306,16.288243,17.573183,18.978347,1.835000,18.858123
6340,18.858090,15.003274,16.288211,17.573150,18.978314,1.835000,18.858090
6341,18.858056,15.003243,16.288179,17.573117,18.978281,1.835000,18.858056
6342,18.858022,15.003211,16.288146,17.573084,18.978248,1.835000,18.858022
6343,18.857988,15.003179,16.288114,17.573051,18.978215,1.835000,18.857988
6344,18.857954,15.003148,16.288082,17.573018,18.978182,1.835000,18.857954
6345,18.857920,15.003116,16.288049,17.572985,18.978149,1.835000,18.857920
6346,18.857886,15.003085,16.288017,17.572952,18.978115,1.835000,18.857886
6347,18.857853,15.003053,16.287985,17.572919,18.978082,1.835000,18.857853
6348,18.857819,15.003021,16.287952,17.572886,18.978049,1.835000,18.857819
6349,18.857785,15.002990,16.287920,17.572852,18.978016,1.835000,18.857785
6350,18.857751,15.002958,16.287888,17.572819,18.977983,1.835000,18.857751
6351,18.857717,15.002927,16.287855,17.572786,18.977950,1.835000,18.857717
6352,18.857683,15.002895,16.287823,17.572753,18.977917,1.835000,18.857683
6353,18.857650,15.002864,16.287791,17.572720,18.977884,1.835000,18.857650
6354,18.857616,15.002832,16.287758,17.572687,18.977851,1.835000,18.857616
6355,18.857582,15.002801,16.287726,17.572654,18.977818,1.835000,18.857582
6356,18.857548,15.002769,16.287694,17.572621,18.977785,1.835000,18.857548
6357,18.857514,15.002737,16.287662,17.572588,18.977752,1.835000,18.857514
6358,18.857481,15.002706,16.287629,17.572555,18.977719,1.835000,18.857481
6359,18.857447,15.002674,16.287597,17.572522,18.977686,1.835000,18.857447
6360,18.857413,15.002643,16.287565,17.572489,18.977653,1.835000,18.857413
6361,18.857379,15.002611,16.287532,17.572456,18.977620,1.835000,18.857379
6362,18.857345,15.002580,16.287500,17.572423,18.977587,1.835000,18.857345
6363,18.857312,15.002548,16.287468,17.572390,18.977554,1.835000,18.857312
6364,18.857278,15.002517,16.287436,17.572357,18.977521,1.835000,18.857278
6365,18.857244,15.002485,16.287403,17.572324,18.977488,1.835000,18.857244
6366,18.857210,15.002454,16.287371,17.572291,18.977455,1.835000,18.857210
6367,18.857177,15.002422,16.287339,17.572258,18.977422,1.835000,18.857177
6368,18.857143,15.002391,16.287307,17.572225,18.977389,1.835000,18.857143
6369,18.857109,15.002359,16.287275,17.572192,18.977356,1.835000,18.857109
6370,18.857076,15.002328,16.287242,17.572159,18.977323,1.835000,18.857076
6371,18.857042,15.002297,16.287210,17.572126,18.977290,1.835000,18.857042
6372,18.857008,15.002265,16.287178,17.572093,18.977257,1.835000,18.857008
6373,18.856974,15.002234,16.287146,17.572060,18.977224,1.835000,18.856974
6374,18.856941,15.002202,16.287114,17.572027,18.977191,1.835000,18.856941
6375,18.856907,15.002171,16.287081,17.571994,18.977158,1.835000,18.856907
6376,18.856873,15.002139,16.287049,17.571961,18.977125,1.835000,18.856873
6377,18.856840,15.002108,16.287017,17.571928,18.977092,1.835000,18.856840
6378,18.856806,15.002076,16.286985,17.571895,18.977059,1.835000,18.856806
6379,18.856772,15.002045,16.286953,17.571862,18.977026,1.835000,18.856772
6380,18.856739,15.002014,16.286920,17.571830,18.976993,1.835000,18.856739
6381,18.856705,15.001982,16.286888,17.571797,18.976960,1.835000,18.856705
6382,18.856671,15.001951,16.286856,17.571764,18.976928,1.835000,18.856671
6383,18.856638,15.001919,16.286824,17.571731,18.976895,1.835000,18.856638
6384,18.856604,15.001888,16.286792,17.571698,18.976862,1.835000,18.856604
6385,18.856570,15.001857,16.286760,17.571665,18.976829,1.835000,18.856570
6386,18.856537,15.001825,16.286728,17.571632,18.976796,1.835000,18.856537
6387,18.856503,15.001794,16.286695,17.571599,18.976763,1.835000,18.856503
6388,18.856469,15.001762,16.286663,17.571566,18.976730,1.835000,18.856469
6389,18.856436,15.001731,16.286631,17.571533,18.976697,1.835000,18.856436
6390,18.856402,15.001700,16.286599,17.571501,18.976664,1.835000,18.856402
6391,18.856369,15.001668,16.286567,17.571468,18.976632,1.835000,18.856369
6392,18.856335,15.001637,16.286535,17.571435,18.976599,1.835000,18.856335
6393,18.856301,15.001606,16.286503,17.571402,18.976566,1.835000,18.856301
6394,18.856268,15.001574,16.286471,17.571369,18.976533,1.835000,18.856268
6395,18.856234,15.001543,16.286439,17.571336,18.976500,1.835000,18.856234
6396,18.856201,15.001512,16.286406,17.571304,18.976467,1.835000,18.856201
6397,18.856167,15.001480,16.286374,17.571271,18.976435,1.835000,18.856167
6398,18.856133,15.001449,16.286342,17.571238,18.976402,1.835000,18.856133
6399,18.856100,15.001418,16.286310,17.571205,18.976369,1.835000,18.856100
6400,18.856066,15.001386,16.286278,17.571172,18.976336,1.835000,18.856066
6401,18.856033,15.001355,16.286246,17.571139,18.976303,1.835000,18.856033
6402,18.855999,15.001324,16.286214,17.571107,18.976270,1.835000,18.855999
6403,18.855966,15.001292,16.286182,17.571074,18.976238,1.835000,18.855966
6404,18.855932,15.001261,16.286150,17.571041,18.976205,1.835000,18.855932
6405,18.855899,15.001230,16.286118,17.571008,18.976172,1.835000,18.855899
6406,18.855865,15.001198,16.286086,17.570975,18.976139,1.835000,18.855865
6407,18.855832,15.001167,16.286054,17.570943,18.976106,1.835000,18.855832
6408,18.855798,15.001136,16.286022,17.570910,18.976074,1.835000,18.855798
6409,18.855764,15.001105,16.285990,17.570877,18.976041,1.835000,18.855764
6410,18.855731,15.001073,16.285958,17.570844,18.976008,1.835000,18.855731
6411,18.855697,15.001042,16.285926,17.570812,18.975975,1.835000,18.855697
6412,18.855664,15.001011,16.285894,17.570779,18.975943,1.835000,18.855664
6413,18.855630,15.000980,16.285862,17.570746,18.975910,1.835000,18.855630
6414,18.855597,15.000948,16.285830,17.570713,18.975877,1.835000,18.855597
6415,18.855563,15.000917,16.285798,17.570681,18.975844,1.835000,18.855563
6416,18.855530,15.000886,16.285766,17.570648,18.975812,1.835000,18.855530
6417,18.855497,15.000855,16.285734,17.570615,18.975779,1.835000,18.855497
6418,18.855463,15.000823,16.285702,17.570582,18.975746,1.835000,18.855463
6419,18.855430,15.000792,16.285670,17.570550,18.975714,1.835000,18.855430
6420,18.855396,15.000761,16.285638,17.570517,18.975681,1.835000,18.855396
6421,18.855363,15.000730,16.285606,17.570484,18.975648,1.835000,18.855363
6422,18.855329,15.000699,16.285574,17.570452,18.975615,1.835000,18.855329
6423,18.855296,15.000667,16.285542,17.570419,18.975583,1.835000,18.855296
6424,18.855262,15.000636,16.285510,17.570386,18.975550,1.835000,18.855262
6425,18.855229,15.000605,16.285478,17.570353,18.975517,1.835000,18.855229
6426,18.855195,15.000574,16.285446,17.570321,18.975485,1.835000,18.855195
6427,18.855162,15.000543,16.285414,17.570288,18.975452,1.835000,18.855162
6428,18.855129,15.000511,16.285382,17.570255,18.975419,1.835000,18.855129
6429,18.855095,15.000480,16.285350,17.570223,18.975387,1.835000,18.855095
6430,18.855062,15.000449,16.285318,17.570190,18.975354,1.835000,18.855062
6431,18.855028,15.000418,16.285287,17.570157,18.975321,1.835000,18.855028
6432,18.854995,15.000387,16.285255,17.570125,18.975289,1.835000,18.854995
6433,18.854962,15.000356,16.285223,17.570092,18.975256,1.835000,18.854962
6434,18.854928,15.000324,16.285191,17.570060,18.975223,1.835000,18.854928
6435,18.854895,15.000293,16.285159,17.570027,18.975191,1.835000,18.854895
6436,18.854861,15.000262,16.285127,17.569994,18.975158,1.835000,18.854861
6437,18.854828,15.000231,16.285095,17.569962,18.975125,1.835000,18.854828
6438,18.854795,15.000200,16.285063,17.569929,18.975093,1.835000,18.854795
6439,18.854761,15.000169,16.285031,17.569896,18.975060,1.835000,18.854761
6440,18.854728,15.000138,16.285000,17.569864,18.975028,1.835000,18.854728
6441,18.854695,15.000106,16.284968,17.569831,18.974995,1.835000,18.854695
6442,18.854661,15.000075,16.284936,17.569799,18.974962,1.835000,18.854661
6443,18.854628,15.000044,16.284904,17.569766,18.974930,1.835000,18.854628
6444,18.854595,15.000013,16.284872,17.569733,18.974897,1.835000,18.854595
6445,18.854561,14.999982,16.284840,17.569701,18.974865,1.835000,18.854561
6446,18.854528,14.999951,16.284808,17.569668,18.974832,1.835000,18.854528
6447,18.854495,14.999920,16.284777,17.569636,18.974799,1.835000,18.854495
6448,18.854461,14.999889,16.284745,17.569603,18.974767,1.835000,18.854461
6449,18.854428,14.999858,16.284713,17.569571,18.974734,1.835000,18.854428
6450,18.854395,14.999827,16.284681,17.569538,18.974702,1.835000,18.854395
6451,18.854361,14.999796,16.284649,17.569505,18.974669,1.835000,18.854361
6452,18.854328,14.999764,16.284618,17.569473,18.974637,1.835000,18.854328
6453,18.854295,14.999733,16.284586,17.569440,18.974604,1.835000,18.854295
6454,18.854262,14.999702,16.284554,17.569408,18.974572,1.835000,18.854262
6455,18.854228,14.999671,16.284522,17.569375,18.974539,1.835000,18.854228
6456,18.854195,14.999640,16.284490,17.569343,18.974506,1.835000,18.854195
6457,18.854162,14.999609,16.284459,17.569310,18.974474,1.835000,18.854162
6458,18.854128,14.999578,16.284427,17.569278,18.974441,1.835000,18.854128
6459,18.854095,14.999547,16.284395,17.569245,18.974409,1.835000,18.854095
6460,18.854062,14.999516,16.284363,17.569213,18.974376,1.835000,18.854062
6461,18.854029,14.999485,16.284331,17.569180,18.974344,1.835000,18.854029
6462,18.853995,14.999454,16.284300,17.569148,18.974311,1.835000,18.853995
6463,18.853962,14.999423,16.284268,17.569115,18.974279,1.835000,18.853962
6464,18.853929,14.999392,16.284236,17.569083,18.974246,1.835000,18.853929
6465,18.853896,14.999361,16.284204,17.569050,18.974214,1.835000,18.853896
6466,18.853863,14.999330,16.284173,17.569018,18.974181,1.835000,18.853863
6467,18.853829,14.999299,16.284141,17.568985,18.974149,1.835000,18.853829
6468,18.853796,14.999268,16.284109,17.568953,18.974116,1.835000,18.853796
6469,18.853763,14.999237,16.284078,17.568920,18.974084,1.835000,18.853763
6470,18.853730,14.999206,16.284046,17.568888,18.974052,1.835000,18.853730
6471,18.853697,14.999175,16.284014,17.568855,18.974019,1.835000,18.853697
6472,18.853663,14.999144,16.283982,17.568823,18.973987,1.835000,18.853663
6473,18.853630,14.999113,16.283951,17.568790,18.973954,1.835000,18.853630
6474,18.853597,14.999082,16.283919,17.568758,18.973922,1.835000,18.853597
6475,18.853564,14.999051,16.283887,17.568726,18.973889,1.835000,18.853564
6476,18.853531,14.999020,16.283856,17.568693,18.973857,1.835000,18.853531
6477,18.853497,14.998989,16.283824,17.568661,18.973824,1.835000,18.853497
6478,18.853464,14.998958,16.283792,17.568628,18.973792,1.835000,18.853464
6479,18.853431,14.998927,16.283761,17.568596,18.973760,1.835000,18.853431
6480,18.853398,14.998897,16.283729,17.568563,18.973727,1.835000,18.853398
6481,18.853365,14.998866,16.283697,17.568531,18.973695,1.835000,18.853365
6482,18.853332,14.998835,16.283666,17.568499,18.973662,1.835000,18.853332
6483,18.853299,14.998804,16.283634,17.568466,18.973630,1.835000,18.853299
6484,18.853265,14.998773,16.283602,17.568434,18.973598,1.835000,18.853265
6485,18.853232,14.998742,16.283571,17.568401,18.973565,1.835000,18.853232
6486,18.853199,14.998711,16.283539,17.568369,18.973533,1.835000,18.853199
6487,18.853166,14.998680,16.283507,17.568337,18.973500,1.835000,18.853166
6488,18.853133,14.998649,16.283476,17.568304,18.973468,1.835000,18.853133
6489,18.853100,14.998618,16.283444,17.568272,18.973436,1.835000,18.853100
6490,18.853067,14.998587,16.283412,17.568240,18.973403,1.835000,18.853067
6491,18.853034,14.998557,16.283381,17.568207,18.973371,1.835000,18.853034
6492,18.853001,14.998526,16.283349,17.568175,18.973339,1.835000,18.853001
6493,18.852967,14.998495,16.283318,17.568143,18.973306,1.835000,18.852967
6494,18.852934,14.998464,16.283286,17.568110,18.973274,1.835000,18.852934
6495,18.852901,14.998433,16.283254,17.568078,18.973242,1.835000,18.852901
6496,18.852868,14.998402,16.283223,17.568046,18.973209,1.835000,18.852868
6497,18.852835,14.998371,16.283191,17.568013,18.973177,1.835000,18.852835
6498,18.852802,14.998341,16.283160,17.567981,18.973145,1.835000,18.852802
6499,18.852769,14.998310,16.283128,17.567949,18.973112,1.835000,18.852769
6500,18.852736,14.998279,16.283096,17.567916,18.973080,1.835000,18.852736
6501,18.852703,14.998248,16.283065,17.567884,18.973048,1.835000,18.852703
6502,18.852670,14.998217,16.283033,17.567852,18.973015,1.835000,18.852670
6503,18.852637,14.998186,16.283002,17.567819,18.972983,1.835000,18.852637
6504,18.852604,14.998156,16.282970,17.567787,18.972951,1.835000,18.852604
6505,18.852571,14.998125,16.282939,17.567755,18.972919,1.835000,18.852571
6506,18.852538,14.998094,16.282907,17.567723,18.972886,1.835000,18.852538
6507,18.852505,14.998063,16.282876,17.567690,18.972854,1.835000,18.852505
6508,18.852472,14.998032,16.282844,17.567658,18.972822,1.835000,18.852472
6509,18.852439,14.998002,16.282813,17.567626,18.972789,1.835000,18.852439
6510,18.852406,14.997971,16.282781,17.567593,18.972757,1.835000,18.852406
6511,18.852373,14.997940,16.282749,17.567561,18.972725,1.835000,18.852373
6512,18.852340,14.997909,16.282718,17.567529,18.972693,1.835000,18.852340
6513,18.852307,14.997878,16.282686,17.567497,18.972660,1.835000,18.852307
6514,18.852274,14.997848,16.282655,17.567464,18.972628,1.835000,18.852274
6515,18.852241,14.997817,16.282623,17.567432,18.972596,1.835000,18.852241
6516,18.852208,14.997786,16.282592,17.567400,18.972564,1.835000,18.852208
6517,18.852175,14.997755,16.282560,17.567368,18.972532,1.835000,18.852175
6518,18.852142,14.997725,16.282529,17.567336,18.972499,1.835000,18.852142
6519,18.852109,14.997694,16.282497,17.567303,18.972467,1.835000,18.852109
6520,18.852076,14.997663,16.282466,17.567271,18.972435,1.835000,18.852076
6521,18.852043,14.997632,16.282435,17.567239,18.972403,1.835000,18.852043
6522,18.852010,14.997602,16.282403,17.567207,18.972370,1.835000,18.852010
6523,18.851977,14.997571,16.282372,17.567174,18.972338,1.835000,18.851977
6524,18.851944,14.997540,16.282340,17.567142,18.972306,1.835000,18.851944
6525,18.851911,14.997510,16.282309,17.567110,18.972274,1.835000,18.851911
6526,18.851879,14.997479,16.282277,17.567078,18.972242,1.835000,18.851879
6527,18.851846,14.997448,16.282246,17.567046,18.972210,1.835000,18.851846
6528,18.851813,14.997417,16.282214,17.567014,18.972177,1.835000,18.851813
6529,18.851780,14.997387,16.282183,17.566981,18.972145,1.835000,18.851780
6530,18.851747,14.997356,16.282152,17.566949,18.972113,1.835000,18.851747
6531,18.851714,14.997325,16.282120,17.566917,18.972081,1.835000,18.851714
6532,18.851681,14.997295,16.282089,17.566885,18.972049,1.835000,18.851681
6533,18.851648,14.997264,16.282057,17.566853,18.972017,1.835000,18.851648
6534,18.851615,14.997233,16.282026,17.566821,18.971984,1.835000,18.851615
6535,18.851583,14.997203,16.281994,17.566788,18.971952,1.835000,18.851583
6536,18.851550,14.997172,16.281963,17.566756,18.971920,1.835000,18.851550
6537,18.851517,14.997141,16.281932,17.566724,18.971888,1.835000,18.851517
6538,18.851484,14.997111,16.281900,17.566692,18.971856,1.835000,18.851484
6539,18.851451,14.997080,16.281869,17.566660,18.971824,1.835000,18.851451
6540,18.851418,14.997049,16.281837,17.566628,18.971792,1.835000,18.851418
6541,18.851385,14.997019,16.281806,17.566596,18.971760,1.835000,18.851385
6542,18.851353,14.996988,16.281775,17.566564,18.971727,1.835000,18.851353
6543,18.851320,14.996957,16.281743,17.566532,18.971695,1.835000,18.851320
6544,18.851287,14.996927,16.281712,17.566499,18.971663,1.835000,18.851287
6545,18.851254,14.996896,16.281681,17.566467,18.971631,1.835000,18.851254
6546,18.851221,14.996866,16.281649,17.566435,18.971599,1.835000,18.851221
6547,18.851188,14.996835,16.281618,17.566403,18.971567,1.835000,18.851188
6548,18.851156,14.996804,16.281587,17.566371,18.971535,1.835000,18.851156
6549,18.851123,14.996774,16.281555,17.566339,18.971503,1.835000,18.851123
6550,18.851090,14.996743,16.281524,17.566307,18.971471,1.835000,18.851090
6551,18.851057,14.996712,16.281493,17.566275,18.971439,1.835000,18.851057
6552,18.851024,14.996682,16.281461,17.566243,18.971407,1.835000,18.851024
6553,18.850992,14.996651,16.281430,17.566211,18.971375,1.835000,18.850992
6554,18.850959,14.996621,16.281399,17.566179,18.971343,1.835000,18.850959
6555,18.850926,14.996590,16.281367,17.566147,18.971311,1.835000,18.850926
6556,18.850893,14.996560,16.281336,17.566115,18.971279,1.835000,18.850893
6557,18.850861,14.996529,16.281305,17.566083,18.971247,1.835000,18.850861
6558,18.850828,14.996498,16.281273,17.566051,18.971214,1.835000,18.850828
6559,18.850795,14.996468,16.281242,17.566019,18.971182,1.835000,18.850795
6560,18.850762,14.996437,16.281211,17.565987,18.971150,1.835000,18.850762
6561,18.850730,14.996407,16.281180,17.565955,18.971118,1.835000,18.850730
6562,18.850697,14.996376,16.281148,17.565923,18.971086,1.835000,18.850697
6563,18.850664,14.996346,16.281117,17.565891,18.971054,1.835000,18.850664
6564,18.850631,14.996315,16.281086,17.565859,18.971022,1.835000,18.850631
6565,18.850599,14.996285,16.281055,17.565827,18.970990,1.835000,18.850599
6566,18.850566,14.996254,16.281023,17.565795,18.970958,1.835000,18.850566
6567,18.850533,14.996224,16.280992,17.565763,18.970926,1.835000,18.850533
6568,18.850501,14.996193,16.280961,17.565731,18.970894,1.835000,18.850501
6569,18.850468,14.996163,16.280930,17.565699,18.970863,1.835000,18.850468
6570,18.850435,14.996132,16.280898,17.565667,18.970831,1.835000,18.850435
6571,18.850403,14.996102,16.280867,17.565635,18.970799,1.835000,18.850403
6572,18.850370,14.996071,16.280836,17.565603,18.970767,1.835000,18.850370
6573,18.850337,14.996041,16.280805,17.565571,18.970735,1.835000,18.850337
6574,18.850304,14.996010,16.280773,17.565539,18.970703,1.835000,18.850304
6575,18.850272,14.995980,16.280742,17.565507,18.970671,1.835000,18.850272
6576,18.850239,14.995949,16.280711,17.565475,18.970639,1.835000,18.850239
6577,18.850206,14.995919,16.280680,17.565443,18.970607,1.835000,18.850206
6578,18.850174,14.995888,16.280649,17.565411,18.970575,1.835000,18.850174
6579,18.850141,14.995858,16.280617,17.565379,18.970543,1.835000,18.850141
6580,18.850109,14.995827,16.280586,17.565347,18.970511,1.835000,18.850109
6581,18.850076,14.995797,16.280555,17.565315,18.970479,1.835000,18.850076
6582,18.850043,14.995766,16.280524,17.565284,18.970447,1.835000,18.850043
6583,18.850011,14.995736,16.280493,17.565252,18.970415,1.835000,18.850011
6584,18.849978,14.995705,16.280461,17.565220,18.970384,1.835000,18.849978
6585,18.849945,14.995675,16.280430,17.565188,18.970352,1.835000,18.849945
6586,18.849913,14.995645,16.280399,17.565156,18.970320,1.835000,18.849913
6587,18.849880,14.995614,16.280368,17.565124,18.970288,1.835000,18.849880
6588,18.849848,14.995584,16.280337,17.565092,18.970256,1.835000,18.849848
6589,18.849815,14.995553,16.280306,17.565060,18.970224,1.835000,18.849815
6590,18.849782,14.995523,16.280275,17.565028,18.970192,1.835000,18.849782
6591,18.849750,14.995492,16.280243,17.564997,18.970160,1.835000,18.849750
6592,18.849717,14.995462,16.280212,17.564965,18.970129,1.835000,18.849717
6593,18.849685,14.995432,16.280181,17.564933,18.970097,1.835000,18.849685
6594,18.849652,14.995401,16.280150,17.564901,18.970065,1.835000,18.849652
6595,18.849619,14.995371,16.280119,17.564869,18.970033,1.835000,18.849619
6596,18.849587,14.995340,16.280088,17.564837,18.970001,1.835000,18.849587
6597,18.849554,14.995310,16.280057,17.564805,18.969969,1.835000,18.849554
6598,18.849522,14.995280,16.280026,17.564774,18.969937,1.835000,18.849522
6599,18.849489,14.995249,16.279994,17.564742,18.969906,1.835000,18.849489
6600,18.849457,14.995219,16.279963,17.564710,18.969874,1.835000,18.849457
6601,18.849424,14.995189,16.279932,17.564678,18.969842,1.835000,18.849424
6602,18.849392,14.995158,16.279901,17.564646,18.969810,1.835000,18.849392
6603,18.849359,14.995128,16.279870,17.564615,18.969778,1.835000,18.849359
6604,18.849326,14.995098,16.279839,17.564583,18.969747,1.835000,18.849326
6605,18.849294,14.995067,16.279808,17.564551,18.969715,1.835000,18.849294
6606,18.849261,14.995037,16.279777,17.564519,18.969683,1.835000,18.849261
6607,18.849229,14.995006,16.279746,17.564487,18.969651,1.835000,18.849229
6608,18.849196,14.994976,16.279715,17.564456,18.969619,1.835000,18.849196
6609,18.849164,14.994946,16.279684,17.564424,18.969588,1.835000,18.849164
6610,18.849131,14.994915,16.279653,17.564392,18.969556,1.835000,18.849131
6611,18.849099,14.994885,16.279622,17.564360,18.969524,1.835000,18.849099
6612,18.849066,14.994855,16.279591,17.564329,18.969492,1.835000,18.849066
6613,18.849034,14.994825,16.279560,17.564297,18.969461,1.835000,18.849034
6614,18.849001,14.994794,16.279529,17.564265,18.969429,1.835000,18.849001
6615,18.848969,14.994764,16.279498,17.564233,18.969397,1.835000,18.848969
6616,18.848937,14.994734,16.279466,17.564202,18.969365,1.835000,18.848937
6617,18.848904,14.994703,16.279435,17.564170,18.969334,1.835000,18.848904
6618,18.848872,14.994673,16.279404,17.564138,18.969302,1.835000,18.848872
6619,18.848839,14.994643,16.279373,17.564106,18.969270,1.835000,18.848839
6620,18.848807,14.994613,16.279342,17.564075,18.969238,1.835000,18.848807
6621,18.848774,14.994582,16.279311,17.564043,18.969207,1.835000,18.848774
6622,18.848742,14.994552,16.279280,17.564011,18.969175,1.835000,18.848742
6623,18.848709,14.994522,16.279249,17.563979,18.969143,1.835000,18.848709
6624,18.848677,14.994491,16.279219,17.563948,18.969112,1.835000,18.848677
6625,18.848645,14.994461,16.279188,17.563916,18.969080,1.835000,18.848645
6626,18.848612,14.994431,16.279157,17.563884,18.969048,1.835000,18.848612
6627,18.848580,14.994401,16.279126,17.563853,18.969016,1.835000,18.848580
6628,18.848547,14.994370,16.279095,17.563821,18.968985,1.835000,18.848547
6629,18.848515,14.994340,16.279064,17.563789,18.968953,1.835000,18.848515
6630,18.848482,14.994310,16.279033,17.563758,18.968921,1.835000,18.848482
6631,18.848450,14.994280,16.279002,17.563726,18.968890,1.835000,18.848450
6632,18.848418,14.994250,16.278971,17.563694,18.968858,1.835000,18.848418
6633,18.848385,14.994219,16.278940,17.563663,18.968826,1.835000,18.848385
6634,18.848353,14.994189,16.278909,17.563631,18.968795,1.835000,18.848353
6635,18.848321,14.994159,16.278878,17.563599,18.968763,1.835000,18.848321
6636,18.848288,14.994129,16.278847,17.563568,18.968731,1.835000,18.848288
6637,18.848256,14.994098,16.278816,17.563536,18.968700,1.835000,18.848256
6638,18.848223,14.994068,16.278785,17.563504,18.968668,1.835000,18.848223
6639,18.848191,14.994038,16.278754,17.563473,18.968637,1.835000,18.848191
6640,18.848159,14.994008,16.278723,17.563441,18.968605,1.835000,18.848159
6641,18.848126,14.993978,16.278693,17.563409,18.968573,1.835000,18.848126
6642,18.848094,14.993948,16.278662,17.563378,18.968542,1.835000,18.848094
6643,18.848062,14.993917,16.278631,17.563346,18.968510,1.835000,18.848062
6644,18.848029,14.993887,16.278600,17.563315,18.968478,1.835000,18.848029
6645,18.847997,14.993857,16.278569,17.563283,18.968447,1.835000,18.847997
6646,18.847965,14.993827,16.278538,17.563251,18.968415,1.835000,18.847965
6647,18.847932,14.993797,16.278507,17.563220,18.968384,1.835000,18.847932
6648,18.847900,14.993767,16.278476,17.563188,18.968352,1.835000,18.847900
6649,18.847868,14.993736,16.278445,17.563157,18.968320,1.835000,18.847868
6650,18.847835,14.993706,16.278415,17.563125,18.968289,1.835000,18.847835
6651,18.847803,14.993676,16.278384,17.563093,18.968257,1.835000,18.847803
6652,18.847771,14.993646,16.278353,17.563062,18.968226,1.835000,18.847771
6653,18.847739,14.993616,16.278322,17.563030,18.968194,1.835000,18.847739
6654,18.847706,14.993586,16.278291,17.562999,18.968163,1.835000,18.847706
6655,18.847674,14.993556,16.278260,17.562967,18.968131,1.835000,18.847674
6656,18.847642,14.993526,16.278230,17.562936,18.968099,1.835000,18.847642
6657,18.847610,14.993495,16.278199,17.562904,18.968068,1.835000,18.847610
6658,18.847577,14.993465,16.278168,17.562873,18.968036,1.835000,18.847577
6659,18.847545,14.993435,16.278137,17.562841,18.968005,1.835000,18.847545
6660,18.847513,14.993405,16.278106,17.562809,18.967973,1.835000,18.847513
6661,18.847480,14.993375,16.278075,17.562778,18.967942,1.835000,18.847480
6662,18.847448,14.993345,16.278045,17.562746,18.967910,1.835000,18.847448
6663,18.847416,14.993315,16.278014,17.562715,18.967879,1.835000,18.847416
6664,18.847384,14.993285,16.277983,17.562683,18.967847,1.835000,18.847384
6665,18.847352,14.993255,16.277952,17.562652,18.967816,1.835000,18.847352
6666,18.847319,14.993225,16.277921,17.562620,18.967784,1.835000,18.847319
6667,18.847287,14.993195,16.277891,17.562589,18.967753,1.835000,18.847287
6668,18.847255,14.993165,16.277860,17.562557,18.967721,1.835000,18.847255
6669,18.847223,14.993134,16.277829,17.562526,18.967690,1.835000,18.847223
6670,18.847190,14.993104,16.277798,17.562494,18.967658,1.835000,18.847190
6671,18.847158,14.993074,16.277768,17.562463,18.967627,1.835000,18.847158
6672,18.847126,14.993044,16.277737,17.562431,18.967595,1.835000,18.847126
6673,18.847094,14.993014,16.277706,17.562400,18.967564,1.835000,18.847094
6674,18.847062,14.992984,16.277675,17.562368,18.967532,1.835000,18.847062
6675,18.847029,14.992954,16.277645,17.562337,18.967501,1.835000,18.847029
6676,18.846997,14.992924,16.277614,17.562306,18.967469,1.835000,18.846997
6677,18.846965,14.992894,16.277583,17.562274,18.967438,1.835000,18.846965
6678,18.846933,14.992864,16.277552,17.562243,18.967406,1.835000,18.846933
6679,18.846901,14.992834,16.277522,17.562211,18.967375,1.835000,18.846901
6680,18.846869,14.992804,16.277491,17.562180,18.967344,1.835000,18.846869
6681,18.846837,14.992774,16.277460,17.562148,18.967312,1.835000,18.846837
6682,18.846804,14.992744,16.277429,17.562117,18.967281,1.835000,18.846804
6683,18.846772,14.992714,16.277399,17.562085,18.967249,1.835000,18.846772
6684,18.846740,14.992684,16.277368,17.562054,18.967218,1.835000,18.846740
6685,18.846708,14.992654,16.277337,17.562023,18.967186,1.835000,18.846708
6686,18.846676,14.992624,16.277307,17.561991,18.967155,1.835000,18.846676
6687,18.846644,14.992594,16.277276,17.561960,18.967124,1.835000,18.846644
6688,18.846612,14.992564,16.277245,17.561928,18.967092,1.835000,18.846612
6689,18.846579,14.992534,16.277215,17.561897,18.967061,1.835000,18.846579
6690,18.846547,14.992504,16.277184,17.561866,18.967029,1.835000,18.846547
6691,18.846515,14.992474,16.277153,17.561834,18.966998,1.835000,18.846515
6692,18.846483,14.992444,16.277123,17.561803,18.966967,1.835000,18.846483
6693,18.846451,14.992415,16.277092,17.561771,18.966935,1.835000,18.846451
6694,18.846419,14.992385,16.277061,17.561740,18.966904,1.835000,18.846419
6695,18.846387,14.992355,16.277031,17.561709,18.966873,1.835000,18.846387
6696,18.846355,14.992325,16.277000,17.561677,18.966841,1.835000,18.846355
6697,18.846323,14.992295,16.276969,17.561646,18.966810,1.835000,18.846323
6698,18.846291,14.992265,16.276939,17.561615,18.966778,1.835000,18.846291
6699,18.846259,14.992235,16.276908,17.561583,18.966747,1.835000,18.846259
6700,18.846227,14.992205,16.276877,17.561552,18.966716,1.835000,18.846227
6701,18.846194,14.992175,16.276847,17.561521,18.966684,1.835000,18.846194
6702,18.846162,14.992145,16.276816,17.561489,18.966653,1.835000,18.846162
6703,18.846130,14.992115,16.276786,17.561458,18.966622,1.835000,18.846130
6704,18.846098,14.992085,16.276755,17.561427,18.966590,1.835000,18.846098
6705,18.846066,14.992055,16.276724,17.561395,18.966559,1.835000,18.846066
6706,18.846034,14.992026,16.276694,17.561364,18.966528,1.835000,18.846034
6707,18.846002,14.991996,16.276663,17.561333,18.966496,1.835000,18.846002
6708,18.845970,14.991966,16.276633,17.561301,18.966465,1.835000,18.845970
6709,18.845938,14.991936,16.276602,17.561270,18.966434,1.835000,18.845938
6710,18.845906,14.991906,16.276571,17.561239,18.966403,1.835000,18.845906
6711,18.845874,14.991876,16.276541,17.561207,18.966371,1.835000,18.845874
6712,18.845842,14.991846,16.276510,17.561176,18.966340,1.835000,18.845842
6713,18.845810,14.991816,16.276480,17.561145,18.966309,1.835000,18.845810
6714,18.845778,14.991787,16.276449,17.561114,18.966277,1.835000,18.845778
6715,18.845746,14.991757,16.276418,17.561082,18.966246,1.835000,18.845746
6716,18.845714,14.991727,16.276388,17.561051,18.966215,1.835000,18.845714
6717,18.845682,14.991697,16.276357,17.561020,18.966184,1.835000,18.845682
6718,18.845650,14.991667,16.276327,17.560989,18.966152,1.835000,18.845650
6719,18.845618,14.991637,16.276296,17.560957,18.966121,1.835000,18.845618
6720,18.845586,14.991608,16.276266,17.560926,18.966090,1.835000,18.845586
6721,18.845554,14.991578,16.276235,17.560895,18.966059,1.835000,18.845554
6722,18.845522,14.991548,16.276205,17.560864,18.966027,1.835000,18.845522
6723,18.845490,14.991518,16.276174,17.560832,18.965996,1.835000,18.845490
6724,18.845458,14.991488,16.276144,17.560801,18.965965,1.835000,18.845458
6725,18.845427,14.991459,16.276113,17.560770,18.965934,1.835000,18.845427
6726,18.845395,14.991429,16.276083,17.560739,18.965902,1.835000,18.845395
6727,18.845363,14.991399,16.276052,17.560707,18.965871,1.835000,18.845363
6728,18.845331,14.991369,16.276022,17.560676,18.965840,1.835000,18.845331
6729,18.845299,14.991339,16.275991,17.560645,18.965809,1.835000,18.845299
6730,18.845267,14.991310,16.275961,17.560614,18.965778,1.835000,18.845267
6731,18.845235,14.991280,16.275930,17.560583,18.965746,1.835000,18.845235
6732,18.845203,14.991250,16.275900,17.560551,18.965715,1.835000,18.845203
6733,18.845171,14.991220,16.275869,17.560520,18.965684,1.835000,18.845171
6734,18.845139,14.991190,16.275839,17.560489,18.965653,1.835000,18.845139
6735,18.845107,14.991161,16.275808,17.560458,18.965622,1.835000,18.845107
6736,18.845075,14.991131,16.275778,17.560427,18.965590,1.835000,18.845075
6737,18.845044,14.991101,16.275747,17.560395,18.965559,1.835000,18.845044
6738,18.845012,14.991071,16.275717,17.560364,18.965528,1.835000,18.845012
6739,18.844980,14.991042,16.275686,17.560333,18.965497,1.835000,18.844980
6740,18.844948,14.991012,16.275656,17.560302,18.965466,1.835000,18.844948
6741,18.844916,14.990982,16.275625,17.560271,18.965435,1.835000,18.844916
6742,18.844884,14.990953,16.275595,17.560240,18.965403,1.835000,18.844884
6743,18.844852,14.990923,16.275565,17.560208,18.965372,1.835000,18.844852
6744,18.844821,14.990893,16.275534,17.560177,18.965341,1.835000,18.844821
6745,18.844789,14.990863,16.275504,17.560146,18.965310,1.835000,18.844789
6746,18.844757,14.990834,16.275473,17.560115,18.965279,1.835000,18.844757
6747,18.844725,14.990804,16.275443,17.560084,18.965248,1.835000,18.844725
6748,18.844693,14.990774,16.275412,17.560053,18.965217,1.835000,18.844693
6749,18.844661,14.990745,16.275382,17.560022,18.965185,1.835000,18.844661
6750,18.844629,14.990715,16.275352,17.559991,18.965154,1.835000,18.844629
6751,18.844598,14.990685,16.275321,17.559959,18.965123,1.835000,18.844598
6752,18.844566,14.990655,16.275291,17.559928,18.965092,1.835000,18.844566
6753,18.844534,14.990626,16.275260,17.559897,18.965061,1.835000,18.844534
6754,18.844502,14.990596,16.275230,17.559866,18.965030,1.835000,18.844502
6755,18.844470,14.990566,16.275200,17.559835,18.964999,1.835000,18.844470
6756,18.844439,14.990537,16.275169,17.559804,18.964968,1.835000,18.844439
6757,18.844407,14.990507,16.275139,17.559773,18.964937,1.835000,18.844407
6758,18.844375,14.990477,16.275109,17.559742,18.964906,1.835000,18.844375
6759,18.844343,14.990448,16.275078,17.559711,18.964875,1.835000,18.844343
6760,18.844312,14.990418,16.275048,17.559680,18.964843,1.835000,18.844312
6761,18.844280,14.990389,16.275017,17.559649,18.964812,1.835000,18.844280
6762,18.844248,14.990359,16.274987,17.559618,18.964781,1.835000,18.844248
6763,18.844216,14.990329,16.274957,17.559586,18.964750,1.835000,18.844216
6764,18.844184,14.990300,16.274926,17.559555,18.964719,1.835000,18.844184
6765,18.844153,14.990270,16.274896,17.559524,18.964688,1.835000,18.844153
6766,18.844121,14.990240,16.274866,17.559493,18.964657,1.835000,18.844121
6767,18.844089,14.990211,16.274835,17.559462,18.964626,1.835000,18.844089
6768,18.844057,14.990181,16.274805,17.559431,18.964595,1.835000,18.844057
6769,18.844026,14.990151,16.274775,17.559400,18.964564,1.835000,18.844026
6770,18.843994,14.990122,16.274745,17.559369,18.964533,1.835000,18.843994
6771,18.843962,14.990092,16.274714,17.559338,18.964502,1.835000,18.843962
6772,18.843931,14.990063,16.274684,17.559307,18.964471,1.835000,18.843931
6773,18.843899,14.990033,16.274654,17.559276,18.964440,1.835000,18.843899
6774,18.843867,14.990004,16.274623,17.559245,18.964409,1.835000,18.843867
6775,18.843835,14.989974,16.274593,17.559214,18.964378,1.835000,18.843835
6776,18.843804,14.989944,16.274563,17.559183,18.964347,1.835000,18.843804
6777,18.843772,14.989915,16.274532,17.559152,18.964316,1.835000,18.843772
6778,18.843740,14.989885,16.274502,17.559121,18.964285,1.835000,18.843740
6779,18.843709,14.989856,16.274472,17.559090,18.964254,1.835000,18.843709
6780,18.843677,14.989826,16.274442,17.559059,18.964223,1.835000,18.843677
6781,18.843645,14.989797,16.274411,17.559028,18.964192,1.835000,18.843645
6782,18.843614,14.989767,16.274381,17.558997,18.964161,1.835000,18.843614
6783,18.843582,14.989737,16.274351,17.558966,18.964130,1.835000,18.843582
6784,18.843550,14.989708,16.274321,17.558935,18.964099,1.835000,18.843550
6785,18.843519,14.989678,16.274290,17.558904,18.964068,1.835000,18.843519
6786,18.843487,14.989649,16.274260,17.558874,18.964037,1.835000,18.843487
6787,18.843455,14.989619,16.274230,17.558843,18.964006,1.835000,18.843455
6788,18.843424,14.989590,16.274200,17.558812,18.963975,1.835000,18.843424
6789,18.843392,14.989560,16.274169,17.558781,18.963944,1.835000,18.843392
6790,18.843360,14.989531,16.274139,17.558750,18.963914,1.835000,18.843360
6791,18.843329,14.989501,16.274109,17.558719,18.963883,1.835000,18.843329
6792,18.843297,14.989472,16.274079,17.558688,18.963852,1.835000,18.843297
6793,18.843265,14.989442,16.274049,17.558657,18.963821,1.835000,18.843265
6794,18.843234,14.989413,16.274018,17.558626,18.963790,1.835000,18.843234
6795,18.843202,14.989383,16.273988,17.558595,18.963759,1.835000,18.843202
6796,18.843171,14.989354,16.273958,17.558564,18.963728,1.835000,18.843171
6797,18.843139,14.989324,16.273928,17.558533,18.963697,1.835000,18.843139
6798,18.843107,14.989295,16.273898,17.558502,18.963666,1.835000,18.843107
6799,18.843076,14.989265,16.273867,17.558472,18.963635,1.835000,18.843076
6800,18.843044,14.989236,16.273837,17.558441,18.963605,1.835000,18.843044
6801,18.843013,14.989206,16.273807,17.558410,18.963574,1.835000,18.843013
6802,18.842981,14.989177,16.273777,17.558379,18.963543,1.835000,18.842981
6803,18.842950,14.989147,16.273747,17.558348,18.963512,1.835000,18.842950
6804,18.842918,14.989118,16.273716,17.558317,18.963481,1.835000,18.842918
6805,18.842886,14.989088,16.273686,17.558286,18.963450,1.835000,18.842886
6806,18.842855,14.989059,16.273656,17.558255,18.963419,1.835000,18.842855
6807,18.842823,14.989029,16.273626,17.558225,18.963388,1.835000,18.842823
6808,18.842792,14.989000,16.273596,17.558194,18.963358,1.835000,18.842792
6809,18.842760,14.988971,16.273566,17.558163,18.963327,1.835000,18.842760
6810,18.842729,14.988941,16.273536,17.558132,18.963296,1.835000,18.842729
6811,18.842697,14.988912,16.273505,17.558101,18.963265,1.835000,18.842697
6812,18.842666,14.988882,16.273475,17.558070,18.963234,1.835000,18.842666
6813,18.842634,14.988853,16.273445,17.558040,18.963203,1.835000,18.842634
6814,18.842602,14.988823,16.273415,17.558009,18.963173,1.835000,18.842602
6815,18.842571,14.988794,16.273385,17.557978,18.963142,1.835000,18.842571
6816,18.842539,14.988765,16.273355,17.557947,18.963111,1.835000,18.842539
6817,18.842508,14.988735,16.273325,17.557916,18.963080,1.835000,18.842508
6818,18.842476,14.988706,16.273295,17.557886,18.963049,1.835000,18.842476
6819,18.842445,14.988676,16.273265,17.557855,18.963019,1.835000,18.842445
6820,18.842413,14.988647,16.273234,17.557824,18.962988,1.835000,18.842413
6821,18.842382,14.988618,16.273204,17.557793,18.962957,1.835000,18.842382
6822,18.842350,14.988588,16.273174,17.557762,18.962926,1.835000,18.842350
6823,18.842319,14.988559,16.273144,17.557732,18.962895,1.835000,18.842319
6824,18.842287,14.988530,16.273114,17.557701,18.962865,1.835000,18.842287
6825,18.842256,14.988500,16.273084,17.557670,18.962834,1.835000,18.842256
6826,18.842225,14.988471,16.273054,17.557639,18.962803,1.835000,18.842225
6827,18.842193,14.988441,16.273024,17.557609,18.962772,1.835000,18.842193
6828,18.842162,14.988412,16.272994,17.557578,18.962742,1.835000,18.842162
6829,18.842130,14.988383,16.272964,17.557547,18.962711,1.835000,18.842130
6830,18.842099,14.988353,16.272934,17.557516,18.962680,1.835000,18.842099
6831,18.842067,14.988324,16.272904,17.557485,18.962649,1.835000,18.842067
6832,18.842036,14.988295,16.272874,17.557455,18.962619,1.835000,18.842036
6833,18.842004,14.988265,16.272844,17.557424,18.962588,1.835000,18.842004
6834,18.841973,14.988236,16.272814,17.557393,18.962557,1.835000,18.841973
6835,18.841942,14.988207,16.272784,17.557363,18.962526,1.835000,18.841942
6836,18.841910,14.988177,16.272754,17.557332,18.962496,1.835000,18.841910
6837,18.841879,14.988148,16.272724,17.557301,18.962465,1.835000,18.841879
6838,18.841847,14.988119,16.272694,17.557270,18.962434,1.835000,18.841847
6839,18.841816,14.988090,16.272664,17.557240,18.962403,1.835000,18.841816
6840,18.841784,14.988060,16.272634,17.557209,18.962373,1.835000,18.841784
6841,18.841753,14.988031,16.272604,17.557178,18.962342,1.835000,18.841753
6842,18.841722,14.988002,16.272574,17.557148,18.962311,1.835000,18.841722
6843,18.841690,14.987972,16.272544,17.557117,18.962281,1.835000,18.841690
6844,18.841659,14.987943,16.272514,17.557086,18.962250,1.835000,18.841659
6845,18.841627,14.987914,16.272484,17.557056,18.962219,1.835000,18.841627
6846,18.841596,14.987884,16.272454,17.557025,18.962189,1.835000,18.841596
6847,18.841565,14.987855,16.272424,17.556994,18.962158,1.835000,18.841565
6848,18.841533,14.987826,16.272394,17.556964,18.962127,1.835000,18.841533
6849,18.841502,14.987797,16.272364,17.556933,18.962097,1.835000,18.841502
6850,18.841471,14.987767,16.272334,17.556902,18.962066,1.835000,18.841471
6851,18.841439,14.987738,16.272304,17.556872,18.962035,1.835000,18.841439
6852,18.841408,14.987709,16.272274,17.556841,18.962005,1.835000,18.841408
6853,18.841377,14.987680,16.272244,17.556810,18.961974,1.835000,18.841377
6854,18.841345,14.987650,16.272214,17.556780,18.961943,1.835000,18.841345
6855,18.841314,14.987621,16.272184,17.556749,18.961913,1.835000,18.841314
6856,18.841283,14.987592,16.272154,17.556718,18.961882,1.835000,18.841283
6857,18.841251,14.987563,16.272124,17.556688,18.961851,1.835000,18.841251
6858,18.841220,14.987533,16.272094,17.556657,18.961821,1.835000,18.841220
6859,18.841189,14.987504,16.272064,17.556626,18.961790,1.835000,18.841189
6860,18.841157,14.987475,16.272034,17.556596,18.961760,1.835000,18.841157
6861,18.841126,14.987446,16.272004,17.556565,18.961729,1.835000,18.841126
6862,18.841095,14.987417,16.271975,17.556535,18.961698,1.835000,18.841095
6863,18.841063,14.987387,16.271945,17.556504,18.961668,1.835000,18.841063
6864,18.841032,14.987358,16.271915,17.556473,18.961637,1.835000,18.841032
6865,18.841001,14.987329,16.271885,17.556443,18.961607,1.835000,18.841001
6866,18.840969,14.987300,16.271855,17.556412,18.961576,1.835000,18.840969
6867,18.840938,14.987271,16.271825,17.556382,18.961545,1.835000,18.840938
6868,18.840907,14.987241,16.271795,17.556351,18.961515,1.835000,18.840907
6869,18.840876,14.987212,16.271765,17.556320,18.961484,1.835000,18.840876
6870,18.840844,14.987183,16.271735,17.556290,18.961454,1.835000,18.840844
6871,18.840813,14.987154,16.271706,17.556259,18.961423,1.835000,18.840813
6872,18.840782,14.987125,16.271676,17.556229,18.961393,1.835000,18.840782
6873,18.840751,14.987096,16.271646,17.556198,18.961362,1.835000,18.840751
6874,18.840718,14.987065,16.271615,17.556167,18.961330,1.835000,18.840718
6875,18.840685,14.987034,16.271583,17.556134,18.961297,1.835000,18.840685
6876,18.840651,14.987003,16.271550,17.556101,18.961264,1.835000,18.840651
6877,18.840617,14.986971,16.271518,17.556068,18.961232,1.835000,18.840617
6878,18.840584,14.986940,16.271486,17.556035,18.961199,1.835000,18.840584
6879,18.840550,14.986908,16.271454,17.556002,18.961166,1.835000,18.840550
6880,18.840516,14.986877,16.271422,17.555969,18.961133,1.835000,18.840516
6881,18.840482,14.986845,16.271390,17.555936,18.961100,1.835000,18.840482
6882,18.840449,14.986814,16.271357,17.555903,18.961067,1.835000,18.840449
6883,18.840415,14.986783,16.271325,17.555870,18.961034,1.835000,18.840415
6884,18.840382,14.986751,16.271293,17.555837,18.961001,1.835000,18.840382
6885,18.840348,14.986720,16.271261,17.555804,18.960968,1.835000,18.840348
6886,18.840314,14.986688,16.271229,17.555772,18.960935,1.835000,18.840314
6887,18.840281,14.986657,16.271197,17.555739,18.960902,1.835000,18.840281
6888,18.840247,14.986626,16.271165,17.555706,18.960870,1.835000,18.840247
6889,18.840213,14.986594,16.271132,17.555673,18.960837,1.835000,18.840213
6890,18.840180,14.986563,16.271100,17.555640,18.960804,1.835000,18.840180
6891,18.840146,14.986532,16.271068,17.555607,18.960771,1.835000,18.840146
6892,18.840112,14.986500,16.271036,17.555574,18.960738,1.835000,18.840112
6893,18.840079,14.986469,16.271004,17.555541,18.960705,1.835000,18.840079
6894,18.840045,14.986437,16.270972,17.555509,18.960672,1.835000,18.840045
6895,18.840012,14.986406,16.270940,17.555476,18.960640,1.835000,18.840012
6896,18.839978,14.986375,16.270908,17.555443,18.960607,1.835000,18.839978
6897,18.839945,14.986343,16.270876,17.555410,18.960574,1.835000,18.839945
6898,18.839911,14.986312,16.270844,17.555377,18.960541,1.835000,18.839911
6899,18.839877,14.986281,16.270811,17.555344,18.960508,1.835000,18.839877
6900,18.839844,14.986249,16.270779,17.555312,18.960475,1.835000,18.839844
6901,18.839810,14.986218,16.270747,17.555279,18.960443,1.835000,18.839810
6902,18.839777,14.986187,16.270715,17.555246,18.960410,1.835000,18.839777
6903,18.839743,14.986155,16.270683,17.555213,18.960377,1.835000,18.839743
6904,18.839710,14.986124,16.270651,17.555180,18.960344,1.835000,18.839710
6905,18.839676,14.986093,16.270619,17.555148,18.960311,1.835000,18.839676
6906,18.839642,14.986062,16.270587,17.555115,18.960279,1.835000,18.839642
6907,18.839609,14.986030,16.270555,17.555082,18.960246,1.835000,18.839609
6908,18.839575,14.985999,16.270523,17.555049,18.960213,1.835000,18.839575
6909,18.839542,14.985968,16.270491,17.555016,18.960180,1.835000,18.839542
6910,18.839508,14.985936,16.270459,17.554984,18.960147,1.835000,18.839508
6911,18.839475,14.985905,16.270427,17.554951,18.960115,1.835000,18.839475
6912,18.839441,14.985874,16.270395,17.554918,18.960082,1.835000,18.839441
6913,18.839408,14.985843,16.270363,17.554885,18.960049,1.835000,18.839408
6914,18.839374,14.985811,16.270331,17.554853,18.960016,1.835000,18.839374
6915,18.839341,14.985780,16.270299,17.554820,18.959984,1.835000,18.839341
6916,18.839307,14.985749,16.270267,17.554787,18.959951,1.835000,18.839307
6917,18.839274,14.985718,16.270235,17.554754,18.959918,1.835000,18.839274
6918,18.839240,14.985686,16.270203,17.554722,18.959885,1.835000,18.839240
6919,18.839207,14.985655,16.270171,17.554689,18.959853,1.835000,18.839207
6920,18.839173,14.985624,16.270139,17.554656,18.959820,1.835000,18.839173
6921,18.839140,14.985593,16.270107,17.554623,18.959787,1.835000,18.839140
6922,18.839106,14.985561,16.270075,17.554591,18.959754,1.835000,18.839106
6923,18.839073,14.985530,16.270043,17.554558,18.959722,1.835000,18.839073
6924,18.839039,14.985499,16.270011,17.554525,18.959689,1.835000,18.839039
6925,18.839006,14.985468,16.269979,17.554493,18.959656,1.835000,18.839006
6926,18.838973,14.985437,16.269947,17.554460,18.959624,1.835000,18.838973
6927,18.838939,14.985405,16.269915,17.554427,18.959591,1.835000,18.838939
6928,18.838906,14.985374,16.269883,17.554394,18.959558,1.835000,18.838906
6929,18.838872,14.985343,16.269851,17.554362,18.959526,1.835000,18.838872
6930,18.838839,14.985312,16.269819,17.554329,18.959493,1.835000,18.838839
6931,18.838805,14.985281,16.269787,17.554296,18.959460,1.835000,18.838805
6932,18.838772,14.985249,16.269755,17.554264,18.959427,1.835000,18.838772
6933,18.838739,14.985218,16.269723,17.554231,18.959395,1.835000,18.838739
6934,18.838705,14.985187,16.269692,17.554198,18.959362,1.835000,18.838705
6935,18.838672,14.985156,16.269660,17.554166,18.959330,1.835000,18.838672
6936,18.838638,14.985125,16.269628,17.554133,18.959297,1.835000,18.838638
6937,18.838605,14.985094,16.269596,17.554100,18.959264,1.835000,18.838605
6938,18.838572,14.985062,16.269564,17.554068,18.959232,1.835000,18.838572
6939,18.838538,14.985031,16.269532,17.554035,18.959199,1.835000,18.838538
6940,18.838505,14.985000,16.269500,17.554002,18.959166,1.835000,18.838505
6941,18.838471,14.984969,16.269468,17.553970,18.959134,1.835000,18.838471
6942,18.838438,14.984938,16.269436,17.553937,18.959101,1.835000,18.838438
6943,18.838405,14.984907,16.269405,17.553905,18.959068,1.835000,18.838405
6944,18.838371,14.984876,16.269373,17.553872,18.959036,1.835000,18.838371
6945,18.838338,14.984844,16.269341,17.553839,18.959003,1.835000,18.838338
6946,18.838305,14.984813,16.269309,17.553807,18.958971,1.835000,18.838305
6947,18.838271,14.984782,16.269277,17.553774,18.958938,1.835000,18.838271
6948,18.838238,14.984751,16.269245,17.553742,18.958905,1.835000,18.838238
6949,18.838205,14.984720,16.269213,17.553709,18.958873,1.835000,18.838205
6950,18.838171,14.984689,16.269182,17.553676,18.958840,1.835000,18.838171
6951,18.838138,14.984658,16.269150,17.553644,18.958808,1.835000,18.838138
6952,18.838105,14.984627,16.269118,17.553611,18.958775,1.835000,18.838105
6953,18.838071,14.984596,16.269086,17.553579,18.958742,1.835000,18.838071
6954,18.838038,14.984564,16.269054,17.553546,18.958710,1.835000,18.838038
6955,18.838005,14.984533,16.269022,17.553514,18.958677,1.835000,18.838005
6956,18.837971,14.984502,16.268991,17.553481,18.958645,1.835000,18.837971
6957,18.837938,14.984471,16.268959,17.553448,18.958612,1.835000,18.837938
6958,18.837905,14.984440,16.268927,17.553416,18.958580,1.835000,18.837905
6959,18.837872,14.984409,16.268895,17.553383,18.958547,1.835000,18.837872
6960,18.837838,14.984378,16.268863,17.553351,18.958515,1.835000,18.837838
6961,18.837805,14.984347,16.268832,17.553318,18.958482,1.835000,18.837805
6962,18.837772,14.984316,16.268800,17.553286,18.958450,1.835000,18.837772
6963,18.837738,14.984285,16.268768,17.553253,18.958417,1.835000,18.837738
6964,18.837705,14.984254,16.268736,17.553221,18.958384,1.835000,18.837705
6965,18.837672,14.984223,16.268704,17.553188,18.958352,1.835000,18.837672
6966,18.837639,14.984192,16.268673,17.553156,18.958319,1.835000,18.837639
6967,18.837605,14.984161,16.268641,17.553123,18.958287,1.835000,18.837605
6968,18.837572,14.984130,16.268609,17.553091,18.958254,1.835000,18.837572
6969,18.837539,14.984099,16.268577,17.553058,18.958222,1.835000,18.837539
6970,18.837506,14.984068,16.268546,17.553026,18.958189,1.835000,18.837506
6971,18.837472,14.984037,16.268514,17.552993,18.958157,1.835000,18.837472
6972,18.837439,14.984006,16.268482,17.552961,18.958124,1.835000,18.837439
6973,18.837406,14.983975,16.268450,17.552928,18.958092,1.835000,18.837406
6974,18.837373,14.983944,16.268419,17.552896,18.958059,1.835000,18.837373
6975,18.837340,14.983913,16.268387,17.552863,18.958027,1.835000,18.837340
6976,18.837306,14.983882,16.268355,17.552831,18.957995,1.835000,18.837306
6977,18.837273,14.983851,16.268323,17.552798,18.957962,1.835000,18.837273
6978,18.837240,14.983820,16.268292,17.552766,18.957930,1.835000,18.837240
6979,18.837207,14.983789,16.268260,17.552733,18.957897,1.835000,18.837207
6980,18.837174,14.983758,16.268228,17.552701,18.957865,1.835000,18.837174
6981,18.837140,14.983727,16.268197,17.552668,18.957832,1.835000,18.837140
6982,18.837107,14.983696,16.268165,17.552636,18.957800,1.835000,18.837107
6983,18.837074,14.983665,16.268133,17.552604,18.957767,1.835000,18.837074
6984,18.837041,14.983634,16.268102,17.552571,18.957735,1.835000,18.837041
6985,18.837008,14.983603,16.268070,17.552539,18.957703,1.835000,18.837008
6986,18.836975,14.983572,16.268038,17.552506,18.957670,1.835000,18.836975
6987,18.836941,14.983541,16.268006,17.552474,18.957638,1.835000,18.836941
6988,18.836908,14.983510,16.267975,17.552442,18.957605,1.835000,18.836908
6989,18.836875,14.983479,16.267943,17.552409,18.957573,1.835000,18.836875
6990,18.836842,14.983448,16.267911,17.552377,18.957540,1.835000,18.836842
6991,18.836809,14.983418,16.267880,17.552344,18.957508,1.835000,18.836809
6992,18.836776,14.983387,16.267848,17.552312,18.957476,1.835000,18.836776
6993,18.836743,14.983356,16.267817,17.552280,18.957443,1.835000,18.836743
6994,18.836709,14.983325,16.267785,17.552247,18.957411,1.835000,18.836709
6995,18.836676,14.983294,16.267753,17.552215,18.957379,1.835000,18.836676
6996,18.836643,14.983263,16.267722,17.552182,18.957346,1.835000,18.836643
6997,18.836610,14.983232,16.267690,17.552150,18.957314,1.835000,18.836610
6998,18.836577,14.983201,16.267658,17.552118,18.957281,1.835000,18.836577
6999,18.836544,14.983170,16.267627,17.552085,18.957249,1.835000,18.836544
7000,18.836511,14.983139,16.267595,17.552053,18.957217,1.835000,18.836511
7001,18.836478,14.983109,16.267563,17.552021,18.957184,1.835000,18.836478
7002,18.836445,14.983078,16.267532,17.551988,18.957152,1.835000,18.836445
7003,18.836412,14.983047,16.267500,17.551956,18.957120,1.835000,18.836412
7004,18.836378,14.983016,16.267469,17.551924,18.957087,1.835000,18.836378
7005,18.836345,14.982985,16.267437,17.551891,18.957055,1.835000,18.836345
7006,18.836312,14.982954,16.267405,17.551859,18.957023,1.835000,18.836312
7007,18.836279,14.982923,16.267374,17.551827,18.956990,1.835000,18.836279
7008,18.836246,14.982893,16.267342,17.551794,18.956958,1.835000,18.836246
7009,18.836213,14.982862,16.267311,17.551762,18.956926,1.835000,18.836213
7010,18.836180,14.982831,16.267279,17.551730,18.956893,1.835000,18.836180
7011,18.836147,14.982800,16.267248,17.551697,18.956861,1.835000,18.836147
7012,18.836114,14.982769,16.267216,17.551665,18.956829,1.835000,18.836114
7013,18.836081,14.982738,16.267184,17.551633,18.956797,1.835000,18.836081
7014,18.836048,14.982708,16.267153,17.551600,18.956764,1.835000,18.836048
7015,18.836015,14.982677,16.267121,17.551568,18.956732,1.835000,18.836015
7016,18.835982,14.982646,16.267090,17.551536,18.956700,1.835000,18.835982
7017,18.835949,14.982615,16.267058,17.551504,18.956667,1.835000,18.835949
7018,18.835916,14.982584,16.267027,17.551471,18.956635,1.835000,18.835916
7019,18.835883,14.982554,16.266995,17.551439,18.956603,1.835000,18.835883
7020,18.835850,14.982523,16.266964,17.551407,18.956571,1.835000,18.835850
7021,18.835817,14.982492,16.266932,17.551375,18.956538,1.835000,18.835817
7022,18.835784,14.982461,16.266901,17.551342,18.956506,1.835000,18.835784
7023,18.835751,14.982430,16.266869,17.551310,18.956474,1.835000,18.835751
7024,18.835718,14.982400,16.266838,17.551278,18.956442,1.835000,18.835718
7025,18.835685,14.982369,16.266806,17.551246,18.956409,1.835000,18.835685
7026,18.835652,14.982338,16.266775,17.551213,18.956377,1.835000,18.835652
7027,18.835619,14.982307,16.266743,17.551181,18.956345,1.835000,18.835619
7028,18.835586,14.982277,16.266712,17.551149,18.956313,1.835000,18.835586
7029,18.835553,14.982246,16.266680,17.551117,18.956280,1.835000,18.835553
7030,18.835520,14.982215,16.266649,17.551084,18.956248,1.835000,18.835520
7031,18.835487,14.982184,16.266617,17.551052,18.956216,1.835000,18.835487
7032,18.835454,14.982154,16.266586,17.551020,18.956184,1.835000,18.835454
7033,18.835421,14.982123,16.266554,17.550988,18.956152,1.835000,18.835421
7034,18.835388,14.982092,16.266523,17.550956,18.956119,1.835000,18.835388
7035,18.835355,14.982061,16.266491,17.550923,18.956087,1.835000,18.835355
7036,18.835323,14.982031,16.266460,17.550891,18.956055,1.835000,18.835323
7037,18.835290,14.982000,16.266428,17.550859,18.956023,1.835000,18.835290
7038,18.835257,14.981969,16.266397,17.550827,18.955991,1.835000,18.835257
7039,18.835224,14.981939,16.266366,17.550795,18.955958,1.835000,18.835224
7040,18.835191,14.981908,16.266334,17.550762,18.955926,1.835000,18.835191
7041,18.835158,14.981877,16.266303,17.550730,18.955894,1.835000,18.835158
7042,18.835125,14.981847,16.266271,17.550698,18.955862,1.835000,18.835125
7043,18.835092,14.981816,16.266240,17.550666,18.955830,1.835000,18.835092
7044,18.835059,14.981785,16.266208,17.550634,18.955798,1.835000,18.835059
7045,18.835026,14.981754,16.266177,17.550602,18.955766,1.835000,18.835026
7046,18.834994,14.981724,16.266146,17.550570,18.955733,1.835000,18.834994
7047,18.834961,14.981693,16.266114,17.550537,18.955701,1.835000,18.834961
7048,18.834928,14.981662,16.266083,17.550505,18.955669,1.835000,18.834928
7049,18.834895,14.981632,16.266051,17.550473,18.955637,1.835000,18.834895
7050,18.834862,14.981601,16.266020,17.550441,18.955605,1.835000,18.834862
7051,18.834829,14.981570,16.265989,17.550409,18.955573,1.835000,18.834829
7052,18.834796,14.981540,16.265957,17.550377,18.955541,1.835000,18.834796
7053,18.834764,14.981509,16.265926,17.550345,18.955508,1.835000,18.834764
7054,18.834731,14.981479,16.265894,17.550313,18.955476,1.835000,18.834731
7055,18.834698,14.981448,16.265863,17.550280,18.955444,1.835000,18.834698
7056,18.834665,14.981417,16.265832,17.550248,18.955412,1.835000,18.834665
7057,18.834632,14.981387,16.265800,17.550216,18.955380,1.835000,18.834632
7058,18.834599,14.981356,16.265769,17.550184,18.955348,1.835000,18.834599
7059,18.834567,14.981325,16.265738,17.550152,18.955316,1.835000,18.834567
7060,18.834534,14.981295,16.265706,17.550120,18.955284,1.835000,18.834534
7061,18.834501,14.981264,16.265675,17.550088,18.955252,1.835000,18.834501
7062,18.834468,14.981234,16.265644,17.550056,18.955220,1.835000,18.834468
7063,18.834435,14.981203,16.265612,17.550024,18.955188,1.835000,18.834435
7064,18.834403,14.981172,16.265581,17.549992,18.955156,1.835000,18.834403
7065,18.834370,14.981142,16.265550,17.549960,18.955123,1.835000,18.834370
7066,18.834337,14.981111,16.265518,17.549928,18.955091,1.835000,18.834337
7067,18.834304,14.981081,16.265487,17.549896,18.955059,1.835000,18.834304
7068,18.834271,14.981050,16.265456,17.549864,18.955027,1.835000,18.834271
7069,18.834239,14.981019,16.265424,17.549832,18.954995,1.835000,18.834239
7070,18.834206,14.980989,16.265393,17.549799,18.954963,1.835000,18.834206
7071,18.834173,14.980958,16.265362,17.549767,18.954931,1.835000,18.834173
7072,18.834140,14.980928,16.265330,17.549735,18.954899,1.835000,18.834140
7073,18.834108,14.980897,16.265299,17.549703,18.954867,1.835000,18.834108
7074,18.834075,14.980867,16.265268,17.549671,18.954835,1.835000,18.834075
7075,18.834042,14.980836,16.265237,17.549639,18.954803,1.835000,18.834042
7076,18.834009,14.980805,16.265205,17.549607,18.954771,1.835000,18.834009
7077,18.833977,14.980775,16.265174,17.549575,18.954739,1.835000,18.833977
7078,18.833944,14.980744,16.265143,17.549543,18.954707,1.835000,18.833944
7079,18.833911,14.980714,16.265112,17.549511,18.954675,1.835000,18.833911
7080,18.833878,14.980683,16.265080,17.549479,18.954643,1.835000,18.833878
7081,18.833846,14.980653,16.265049,17.549447,18.954611,1.835000,18.833846
7082,18.833813,14.980622,16.265018,17.549415,18.954579,1.835000,18.833813
7083,18.833780,14.980592,16.264987,17.549383,18.954547,1.835000,18.833780
7084,18.833748,14.980561,16.264955,17.549351,18.954515,1.835000,18.833748
7085,18.833715,14.980531,16.264924,17.549319,18.954483,1.835000,18.833715
7086,18.833682,14.980500,16.264893,17.549288,18.954451,1.835000,18.833682
7087,18.833650,14.980470,16.264862,17.549256,18.954419,1.835000,18.833650
7088,18.833617,14.980439,16.264830,17.549224,18.954387,1.835000,18.833617
7089,18.833584,14.980409,16.264799,17.549192,18.954355,1.835000,18.833584
7090,18.833552,14.980378,16.264768,17.549160,18.954324,1.835000,18.833552
7091,18.833519,14.980348,16.264737,17.549128,18.954292,1.835000,18.833519
7092,18.833486,14.980317,16.264705,17.549096,18.954260,1.835000,18.833486
7093,18.833454,14.980287,16.264674,17.549064,18.954228,1.835000,18.833454
7094,18.833421,14.980256,16.264643,17.549032,18.954196,1.835000,18.833421
7095,18.833388,14.980226,16.264612,17.549000,18.954164,1.835000,18.833388
7096,18.833356,14.980195,16.264581,17.548968,18.954132,1.835000,18.833356
7097,18.833323,14.980165,16.264550,17.548936,18.954100,1.835000,18.833323
7098,18.833290,14.980135,16.264518,17.548904,18.954068,1.835000,18.833290
7099,18.833258,14.980104,16.264487,17.548872,18.954036,1.835000,18.833258
7100,18.833225,14.980074,16.264456,17.548841,18.954004,1.835000,18.833225
7101,18.833192,14.980043,16.264425,17.548809,18.953972,1.835000,18.833192
7102,18.833160,14.980013,16.264394,17.548777,18.953941,1.835000,18.833160
7103,18.833127,14.979982,16.264363,17.548745,18.953909,1.835000,18.833127
7104,18.833095,14.979952,16.264331,17.548713,18.953877,1.835000,18.833095
7105,18.833062,14.979922,16.264300,17.548681,18.953845,1.835000,18.833062
7106,18.833029,14.979891,16.264269,17.548649,18.953813,1.835000,18.833029
7107,18.832997,14.979861,16.264238,17.548617,18.953781,1.835000,18.832997
7108,18.832964,14.979830,16.264207,17.548585,18.953749,1.835000,18.832964
7109,18.832932,14.979800,16.264176,17.548554,18.953717,1.835000,18.832932
7110,18.832899,14.979769,16.264145,17.548522,18.953686,1.835000,18.832899
7111,18.832866,14.979739,16.264113,17.548490,18.953654,1.835000,18.832866
7112,18.832834,14.979709,16.264082,17.548458,18.953622,1.835000,18.832834
7113,18.832801,14.979678,16.264051,17.548426,18.953590,1.835000,18.832801
7114,18.832769,14.979648,16.264020,17.548394,18.953558,1.835000,18.832769
7115,18.832736,14.979618,16.263989,17.548363,18.953526,1.835000,18.832736
7116,18.832704,14.979587,16.263958,17.548331,18.953495,1.835000,18.832704
7117,18.832671,14.979557,16.263927,17.548299,18.953463,1.835000,18.832671
7118,18.832639,14.979526,16.263896,17.548267,18.953431,1.835000,18.832639
7119,18.832606,14.979496,16.263865,17.548235,18.953399,1.835000,18.832606
7120,18.832573,14.979466,16.263833,17.548203,18.953367,1.835000,18.832573
7121,18.832541,14.979435,16.263802,17.548172,18.953335,1.835000,18.832541
7122,18.832508,14.979405,16.263771,17.548140,18.953304,1.835000,18.832508
7123,18.832476,14.979375,16.263740,17.548108,18.953272,1.835000,18.832476
7124,18.832443,14.979344,16.263709,17.548076,18.953240,1.835000,18.832443
7125,18.832411,14.979314,16.263678,17.548044,18.953208,1.835000,18.832411
7126,18.832378,14.979284,16.263647,17.548013,18.953177,1.835000,18.832378
7127,18.832346,14.979253,16.263616,17.547981,18.953145,1.835000,18.832346
7128,18.832313,14.979223,16.263585,17.547949,18.953113,1.835000,18.832313
7129,18.832281,14.979193,16.263554,17.547917,18.953081,1.835000,18.832281
7130,18.832248,14.979162,16.263523,17.547886,18.953049,1.835000,18.832248
7131,18.832216,14.979132,16.263492,17.547854,18.953018,1.835000,18.832216
7132,18.832183,14.979102,16.263461,17.547822,18.952986,1.835000,18.832183
7133,18.832151,14.979071,16.263430,17.547790,18.952954,1.835000,18.832151
7134,18.832118,14.979041,16.263399,17.547759,18.952922,1.835000,18.832118
7135,18.832086,14.979011,16.263368,17.547727,18.952891,1.835000,18.832086
7136,18.832054,14.978981,16.263337,17.547695,18.952859,1.835000,18.832054
7137,18.832021,14.978950,16.263306,17.547663,18.952827,1.835000,18.832021
7138,18.831989,14.978920,16.263275,17.547632,18.952795,1.835000,18.831989
7139,18.831956,14.978890,16.263244,17.547600,18.952764,1.835000,18.831956
7140,18.831924,14.978859,16.263213,17.547568,18.952732,1.835000,18.831924
7141,18.831891,14.978829,16.263182,17.547536,18.952700,1.835000,18.831891
7142,18.831859,14.978799,16.263151,17.547505,18.952669,1.835000,18.831859
7143,18.831826,14.978769,16.263120,17.547473,18.952637,1.835000,18.831826
7144,18.831794,14.978738,16.263089,17.547441,18.952605,1.835000,18.831794
7145,18.831762,14.978708,16.263058,17.547410,18.952573,1.835000,18.831762
7146,18.831729,14.978678,16.263027,17.547378,18.952542,1.835000,18.831729
7147,18.831697,14.978648,16.262996,17.547346,18.952510,1.835000,18.831697
7148,18.831664,14.978617,16.262965,17.547315,18.952478,1.835000,18.831664
7149,18.831632,14.978587,16.262934,17.547283,18.952447,1.835000,18.831632
7150,18.831600,14.978557,16.262903,17.547251,18.952415,1.835000,18.831600
7151,18.831567,14.978527,16.262872,17.547220,18.952383,1.835000,18.831567
7152,18.831535,14.978496,16.262841,17.547188,18.952352,1.835000,18.831535
7153,18.831502,14.978466,16.262810,17.547156,18.952320,1.835000,18.831502
7154,18.831470,14.978436,16.262779,17.547125,18.952288,1.835000,18.831470
7155,18.831438,14.978406,16.262748,17.547093,18.952257,1.835000,18.831438
7156,18.831405,14.978376,16.262717,17.547061,18.952225,1.835000,18.831405
7157,18.831373,14.978345,16.262686,17.547030,18.952193,1.835000,18.831373
7158,18.831340,14.978315,16.262656,17.546998,18.952162,1.835000,18.831340
7159,18.831308,14.978285,16.262625,17.546966,18.952130,1.835000,18.831308
7160,18.831276,14.978255,16.262594,17.546935,18.952099,1.835000,18.831276
7161,18.831243,14.978225,16.262563,17.546903,18.952067,1.835000,18.831243
7162,18.831211,14.978194,16.262532,17.546871,18.952035,1.835000,18.831211
7163,18.831179,14.978164,16.262501,17.546840,18.952004,1.835000,18.831179
7164,18.831146,14.978134,16.262470,17.546808,18.951972,1.835000,18.831146
7165,18.831114,14.978104,16.262439,17.546777,18.951940,1.835000,18.831114
7166,18.831082,14.978074,16.262408,17.546745,18.951909,1.835000,18.831082
7167,18.831049,14.978044,16.262377,17.546713,18.951877,1.835000,18.831049
7168,18.831017,14.978013,16.262347,17.546682,18.951846,1.835000,18.831017
7169,18.830985,14.977983,16.262316,17.546650,18.951814,1.835000,18.830985
7170,18.830952,14.977953,16.262285,17.546619,18.951782,1.835000,18.830952
7171,18.830920,14.977923,16.262254,17.546587,18.951751,1.835000,18.830920
7172,18.830888,14.977893,16.262223,17.546555,18.951719,1.835000,18.830888
7173,18.830856,14.977863,16.262192,17.546524,18.951688,1.835000,18.830856
7174,18.830823,14.977833,16.262161,17.546492,18.951656,1.835000,18.830823
7175,18.830791,14.977802,16.262131,17.546461,18.951625,1.835000,18.830791
7176,18.830759,14.977772,16.262100,17.546429,18.951593,1.835000,18.830759
7177,18.830726,14.977742,16.262069,17.546398,18.951561,1.835000,18.830726
7178,18.830694,14.977712,16.262038,17.546366,18.951530,1.835000,18.830694
7179,18.830662,14.977682,16.262007,17.546335,18.951498,1.835000,18.830662
7180,18.830630,14.977652,16.261976,17.546303,18.951467,1.835000,18.830630
7181,18.830597,14.977622,16.261946,17.546271,18.951435,1.835000,18.830597
7182,18.830565,14.977592,16.261915,17.546240,18.951404,1.835000,18.830565
7183,18.830533,14.977562,16.261884,17.546208,18.951372,1.835000,18.830533
7184,18.830501,14.977532,16.261853,17.546177,18.951341,1.835000,18.830501
7185,18.830468,14.977501,16.261822,17.546145,18.951309,1.835000,18.830468
7186,18.830436,14.977471,16.261792,17.546114,18.951278,1.835000,18.830436
7187,18.830404,14.977441,16.261761,17.546082,18.951246,1.835000,18.830404
7188,18.830372,14.977411,16.261730,17.546051,18.951215,1.835000,18.830372
7189,18.830339,14.977381,16.261699,17.546019,18.951183,1.835000,18.830339
7190,18.830307,14.977351,16.261668,17.545988,18.951152,1.835000,18.830307
7191,18.830275,14.977321,16.261638,17.545956,18.951120,1.835000,18.830275
7192,18.830243,14.977291,16.261607,17.545925,18.951089,1.835000,18.830243
7193,18.830211,14.977261,16.261576,17.545893,18.951057,1.835000,18.830211
7194,18.830178,14.977231,16.261545,17.545862,18.951026,1.835000,18.830178
7195,18.830146,14.977201,16.261515,17.545830,18.950994,1.835000,18.830146
7196,18.830114,14.977171,16.261484,17.545799,18.950963,1.835000,18.830114
7197,18.830082,14.977141,16.261453,17.545767,18.950931,1.835000,18.830082
7198,18.830050,14.977111,16.261422,17.545736,18.950900,1.835000,18.830050
7199,18.830017,14.977081,16.261392,17.545705,18.950868,1.835000,18.830017
7200,18.829985,14.977051,16.261361,17.545673,18.950837,1.835000,18.829985
7201,18.829953,14.977021,16.261330,17.545642,18.950805,1.835000,18.829953
7202,18.829921,14.976991,16.261299,17.545610,18.950774,1.835000,18.829921
7203,18.829889,14.976961,16.261269,17.545579,18.950743,1.835000,18.829889
7204,18.829857,14.976931,16.261238,17.545547,18.950711,1.835000,18.829857
7205,18.829824,14.976901,16.261207,17.545516,18.950680,1.835000,18.829824
7206,18.829792,14.976871,16.261176,17.545484,18.950648,1.835000,18.829792
7207,18.829760,14.976841,16.261146,17.545453,18.950617,1.835000,18.829760
7208,18.829728,14.976811,16.261115,17.545422,18.950585,1.835000,18.829728
7209,18.829696,14.976781,16.261084,17.545390,18.950554,1.835000,18.829696
7210,18.829664,14.976751,16.261054,17.545359,18.950523,1.835000,18.829664
7211,18.829632,14.976721,16.261023,17.545327,18.950491,1.835000,18.829632
7212,18.829600,14.976691,16.260992,17.545296,18.950460,1.835000,18.829600
7213,18.829567,14.976661,16.260962,17.545265,18.950428,1.835000,18.829567
7214,18.829535,14.976631,16.260931,17.545233,18.950397,1.835000,18.829535
7215,18.829503,14.976601,16.260900,17.545202,18.950366,1.835000,18.829503
7216,18.829471,14.976571,16.260870,17.545170,18.950334,1.835000,18.829471
7217,18.829439,14.976541,16.260839,17.545139,18.950303,1.835000,18.829439
7218,18.829407,14.976511,16.260808,17.545108,18.950271,1.835000,18.829407
7219,18.829375,14.976481,16.260778,17.545076,18.950240,1.835000,18.829375
7220,18.829343,14.976451,16.260747,17.545045,18.950209,1.835000,18.829343
7221,18.829311,14.976421,16.260716,17.545013,18.950177,1.835000,18.829311
7222,18.829279,14.976391,16.260686,17.544982,18.950146,1.835000,18.829279
7223,18.829247,14.976361,16.260655,17.544951,18.950115,1.835000,18.829247
7224,18.829214,14.976331,16.260624,17.544919,18.950083,1.835000,18.829214
7225,18.829182,14.976302,16.260594,17.544888,18.950052,1.835000,18.829182
7226,18.829150,14.976272,16.260563,17.544857,18.950021,1.835000,18.829150
7227,18.829118,14.976242,16.260532,17.544825,18.949989,1.835000,18.829118
7228,18.829086,14.976212,16.260502,17.544794,18.949958,1.835000,18.829086
7229,18.829054,14.976182,16.260471,17.544763,18.949927,1.835000,18.829054
7230,18.829022,14.976152,16.260441,17.544731,18.949895,1.835000,18.829022
7231,18.828990,14.976122,16.260410,17.544700,18.949864,1.835000,18.828990
7232,18.828958,14.976092,16.260379,17.544669,18.949833,1.835000,18.828958
7233,18.828926,14.976062,16.260349,17.544637,18.949801,1.835000,18.828926
7234,18.828894,14.976032,16.260318,17.544606,18.949770,1.835000,18.828894
7235,18.828862,14.976003,16.260288,17.544575,18.949739,1.835000,18.828862
7236,18.828830,14.975973,16.260257,17.544544,18.949707,1.835000,18.828830
7237,18.828798,14.975943,16.260226,17.544512,18.949676,1.835000,18.828798
7238,18.828766,14.975913,16.260196,17.544481,18.949645,1.835000,18.828766
7239,18.828734,14.975883,16.260165,17.544450,18.949613,1.835000,18.828734
7240,18.828702,14.975853,16.260135,17.544418,18.949582,1.835000,18.828702
7241,18.828670,14.975823,16.260104,17.544387,18.949551,1.835000,18.828670
7242,18.828638,14.975794,16.260074,17.544356,18.949520,1.835000,18.828638
7243,18.828606,14.975764,16.260043,17.544325,18.949488,1.835000,18.828606
7244,18.828574,14.975734,16.260013,17.544293,18.949457,1.835000,18.828574
7245,18.828542,14.975704,16.259982,17.544262,18.949426,1.835000,18.828542
7246,18.828510,14.975674,16.259951,17.544231,18.949395,1.835000,18.828510
7247,18.828478,14.975644,16.259921,17.544199,18.949363,1.835000,18.828478
7248,18.828446,14.975615,16.259890,17.544168,18.949332,1.835000,18.828446
7249,18.828414,14.975585,16.259860,17.544137,18.949301,1.835000,18.828414
7250,18.828382,14.975555,16.259829,17.544106,18.949270,1.835000,18.828382
7251,18.828350,14.975525,16.259799,17.544075,18.949238,1.835000,18.828350
7252,18.828318,14.975495,16.259768,17.544043,18.949207,1.835000,18.828318
7253,18.828286,14.975466,16.259738,17.544012,18.949176,1.835000,18.828286
7254,18.828254,14.975436,16.259707,17.543981,18.949145,1.835000,18.828254
7255,18.828223,14.975406,16.259677,17.543950,18.949113,1.835000,18.828223
7256,18.828191,14.975376,16.259646,17.543918,18.949082,1.835000,18.828191
7257,18.828159,14.975346,16.259616,17.543887,18.949051,1.835000,18.828159
7258,18.828127,14.975317,16.259585,17.543856,18.949020,1.835000,18.828127
7259,18.828095,14.975287,16.259555,17.543825,18.948989,1.835000,18.828095
7260,18.828063,14.975257,16.259524,17.543794,18.948957,1.835000,18.828063
7261,18.828031,14.975227,16.259494,17.543762,18.948926,1.835000,18.828031
7262,18.827999,14.975198,16.259463,17.543731,18.948895,1.835000,18.827999
7263,18.827967,14.975168,16.259433,17.543700,18.948864,1.835000,18.827967
7264,18.827935,14.975138,16.259402,17.543669,18.948833,1.835000,18.827935
7265,18.827903,14.975108,16.259372,17.543638,18.948801,1.835000,18.827903
7266,18.827872,14.975078,16.259341,17.543607,18.948770,1.835000,18.827872
7267,18.827840,14.975049,16.259311,17.543575,18.948739,1.835000,18.827840
7268,18.827808,14.975019,16.259281,17.543544,18.948708,1.835000,18.827808
7269,18.827776,14.974989,16.259250,17.543513,18.948677,1.835000,18.827776
7270,18.827744,14.974960,16.259220,17.543482,18.948646,1.835000,18.827744
7271,18.827712,14.974930,16.259189,17.543451,18.948615,1.835000,18.827712
7272,18.827680,14.974900,16.259159,17.543420,18.948583,1.835000,18.827680
7273,18.827649,14.974870,16.259128,17.543388,18.948552,1.835000,18.827649
7274,18.827617,14.974841,16.259098,17.543357,18.948521,1.835000,18.827617
7275,18.827585,14.974811,16.259067,17.543326,18.948490,1.835000,18.827585
7276,18.827553,14.974781,16.259037,17.543295,18.948459,1.835000,18.827553
7277,18.827521,14.974752,16.259007,17.543264,18.948428,1.835000,18.827521
7278,18.827489,14.974722,16.258976,17.543233,18.948397,1.835000,18.827489
7279,18.827458,14.974692,16.258946,17.543202,18.948365,1.835000,18.827458
7280,18.827426,14.974662,16.258915,17.543171,18.948334,1.835000,18.827426
7281,18.827394,14.974633,16.258885,17.543139,18.948303,1.835000,18.827394
7282,18.827362,14.974603,16.258855,17.543108,18.948272,1.835000,18.827362
7283,18.827330,14.974573,16.258824,17.543077,18.948241,1.835000,18.827330
7284,18.827298,14.974544,16.258794,17.543046,18.948210,1.835000,18.827298
7285,18.827267,14.974514,16.258764,17.543015,18.948179,1.835000,18.827267
7286,18.827235,14.974484,16.258733,17.542984,18.948148,1.835000,18.827235
7287,18.827203,14.974455,16.258703,17.542953,18.948117,1.835000,18.827203
7288,18.827171,14.974425,16.258672,17.542922,18.948086,1.835000,18.827171
7289,18.827140,14.974395,16.258642,17.542891,18.948055,1.835000,18.827140
7290,18.827108,14.974366,16.258612,17.542860,18.948024,1.835000,18.827108
7291,18.827076,14.974336,16.258581,17.542829,18.947992,1.835000,18.827076
7292,18.827044,14.974306,16.258551,17.542798,18.947961,1.835000,18.827044
7293,18.827012,14.974277,16.258521,17.542767,18.947930,1.835000,18.827012
7294,18.826981,14.974247,16.258490,17.542735,18.947899,1.835000,18.826981
7295,18.826949,14.974218,16.258460,17.542704,18.947868,1.835000,18.826949
7296,18.826917,14.974188,16.258430,17.542673,18.947837,1.835000,18.826917
7297,18.826885,14.974158,16.258399,17.542642,18.947806,1.835000,18.826885
7298,18.826854,14.974129,16.258369,17.542611,18.947775,1.835000,18.826854
7299,18.826822,14.974099,16.258339,17.542580,18.947744,1.835000,18.826822
7300,18.826790,14.974069,16.258308,17.542549,18.947713,1.835000,18.826790
7301,18.826758,14.974040,16.258278,17.542518,18.947682,1.835000,18.826758
7302,18.826727,14.974010,16.258248,17.542487,18.947651,1.835000,18.826727
7303,18.826695,14.973981,16.258217,17.542456,18.947620,1.835000,18.826695
7304,18.826663,14.973951,16.258187,17.542425,18.947589,1.835000,18.826663
7305,18.826632,14.973921,16.258157,17.542394,18.947558,1.835000,18.826632
7306,18.826600,14.973892,16.258126,17.542363,18.947527,1.835000,18.826600
7307,18.826568,14.973862,16.258096,17.542332,18.947496,1.835000,18.826568
7308,18.826536,14.973833,16.258066,17.542301,18.947465,1.835000,18.826536
7309,18.826505,14.973803,16.258036,17.542270,18.947434,1.835000,18.826505
7310,18.826473,14.973774,16.258005,17.542239,18.947403,1.835000,18.826473
7311,18.826441,14.973744,16.257975,17.542208,18.947372,1.835000,18.826441
7312,18.826410,14.973714,16.257945,17.542177,18.947341,1.835000,18.826410
7313,18.826378,14.973685,16.257915,17.542146,18.947310,1.835000,18.826378
7314,18.826346,14.973655,16.257884,17.542115,18.947279,1.835000,18.826346
7315,18.826315,14.973626,16.257854,17.542084,18.947248,1.835000,18.826315
7316,18.826283,14.973596,16.257824,17.542053,18.947217,1.835000,18.826283
7317,18.826251,14.973567,16.257794,17.542022,18.947186,1.835000,18.826251
7318,18.826220,14.973537,16.257763,17.541992,18.947155,1.835000,18.826220
7319,18.826188,14.973508,16.257733,17.541961,18.947124,1.835000,18.826188
7320,18.826156,14.973478,16.257703,17.541930,18.947093,1.835000,18.826156
7321,18.826125,14.973449,16.257673,17.541899,18.947063,1.835000,18.826125
7322,18.826093,14.973419,16.257642,17.541868,18.947032,1.835000,18.826093
7323,18.826062,14.973390,16.257612,17.541837,18.947001,1.835000,18.826062
7324,18.826030,14.973360,16.257582,17.541806,18.946970,1.835000,18.826030
7325,18.825998,14.973331,16.257552,17.541775,18.946939,1.835000,18.825998
7326,18.825967,14.973301,16.257522,17.541744,18.946908,1.835000,18.825967
7327,18.825935,14.973272,16.257491,17.541713,18.946877,1.835000,18.825935
7328,18.825903,14.973242,16.257461,17.541682,18.946846,1.835000,18.825903
7329,18.825872,14.973213,16.257431,17.541651,18.946815,1.835000,18.825872
7330,18.825840,14.973183,16.257401,17.541620,18.946784,1.835000,18.825840
7331,18.825809,14.973154,16.257371,17.541590,18.946753,1.835000,18.825809
7332,18.825777,14.973124,16.257340,17.541559,18.946722,1.835000,18.825777
7333,18.825745,14.973095,16.257310,17.541528,18.946692,1.835000,18.825745
7334,18.825714,14.973065,16.257280,17.541497,18.946661,1.835000,18.825714
7335,18.825682,14.973036,16.257250,17.541466,18.946630,1.835000,18.825682
7336,18.825651,14.973006,16.257220,17.541435,18.946599,1.835000,18.825651
7337,18.825619,14.972977,16.257189,17.541404,18.946568,1.835000,18.825619
7338,18.825588,14.972947,16.257159,17.541373,18.946537,1.835000,18.825588
7339,18.825556,14.972918,16.257129,17.541343,18.946506,1.835000,18.825556
7340,18.825524,14.972888,16.257099,17.541312,18.946476,1.835000,18.825524
7341,18.825493,14.972859,16.257069,17.541281,18.946445,1.835000,18.825493
7342,18.825461,14.972830,16.257039,17.541250,18.946414,1.835000,18.825461
7343,18.825430,14.972800,16.257009,17.541219,18.946383,1.835000,18.825430
7344,18.825398,14.972771,16.256978,17.541188,18.946352,1.835000,18.825398
7345,18.825367,14.972741,16.256948,17.541157,18.946321,1.835000,18.825367
7346,18.825335,14.972712,16.256918,17.541127,18.946290,1.835000,18.825335
7347,18.825304,14.972682,16.256888,17.541096,18.946260,1.835000,18.825304
7348,18.825272,14.972653,16.256858,17.541065,18.946229,1.835000,18.825272
7349,18.825241,14.972624,16.256828,17.541034,18.946198,1.835000,18.825241
7350,18.825209,14.972594,16.256798,17.541003,18.946167,1.835000,18.825209
7351,18.825178,14.972565,16.256768,17.540973,18.946136,1.835000,18.825178
7352,18.825146,14.972535,16.256737,17.540942,18.946106,1.835000,18.825146
7353,18.825115,14.972506,16.256707,17.540911,18.946075,1.835000,18.825115
7354,18.825083,14.972477,16.256677,17.540880,18.946044,1.835000,18.825083
7355,18.825052,14.972447,16.256647,17.540849,18.946013,1.835000,18.825052
7356,18.825020,14.972418,16.256617,17.540819,18.945982,1.835000,18.825020
7357,18.824989,14.972388,16.256587,17.540788,18.945952,1.835000,18.824989
7358,18.824957,14.972359,16.256557,17.540757,18.945921,1.835000,18.824957
7359,18.824926,14.972330,16.256527,17.540726,18.945890,1.835000,18.824926
7360,18.824894,14.972300,16.256497,17.540695,18.945859,1.835000,18.824894
7361,18.824863,14.972271,16.256467,17.540665,18.945828,1.835000,18.824863
7362,18.824831,14.972242,16.256437,17.540634,18.945798,1.835000,18.824831
7363,18.824800,14.972212,16.256407,17.540603,18.945767,1.835000,18.824800
7364,18.824768,14.972183,16.256377,17.540572,18.945736,1.835000,18.824768
7365,18.824737,14.972153,16.256347,17.540542,18.945705,1.835000,18.824737
7366,18.824705,14.972124,16.256316,17.540511,18.945675,1.835000,18.824705
7367,18.824674,14.972095,16.256286,17.540480,18.945644,1.835000,18.824674
7368,18.824642,14.972065,16.256256,17.540449,18.945613,1.835000,18.824642
7369,18.824611,14.972036,16.256226,17.540419,18.945582,1.835000,18.824611
7370,18.824580,14.972007,16.256196,17.540388,18.945552,1.835000,18.824580
7371,18.824548,14.971977,16.256166,17.540357,18.945521,1.835000,18.824548
7372,18.824517,14.971948,16.256136,17.540327,18.945490,1.835000,18.824517
7373,18.824485,14.971919,16.256106,17.540296,18.945460,1.835000,18.824485
7374,18.824454,14.971890,16.256076,17.540265,18.945429,1.835000,18.824454
7375,18.824422,14.971860,16.256046,17.540234,18.945398,1.835000,18.824422
7376,18.824391,14.971831,16.256016,17.540204,18.945367,1.835000,18.824391
7377,18.824360,14.971802,16.255986,17.540173,18.945337,1.835000,18.824360
7378,18.824328,14.971772,16.255956,17.540142,18.945306,1.835000,18.824328
7379,18.824297,14.971743,16.255926,17.540112,18.945275,1.835000,18.824297
7380,18.824266,14.971714,16.255896,17.540081,18.945245,1.835000,18.824266
7381,18.824234,14.971684,16.255866,17.540050,18.945214,1.835000,18.824234
7382,18.824203,14.971655,16.255836,17.540020,18.945183,1.835000,18.824203
7383,18.824171,14.971626,16.255806,17.539989,18.945153,1.835000,18.824171
7384,18.824140,14.971597,16.255776,17.539958,18.945122,1.835000,18.824140
7385,18.824109,14.971567,16.255746,17.539927,18.945091,1.835000,18.824109
7386,18.824077,14.971538,16.255716,17.539897,18.945061,1.835000,18.824077
7387,18.824046,14.971509,16.255686,17.539866,18.945030,1.835000,18.824046
7388,18.824015,14.971480,16.255656,17.539836,18.944999,1.835000,18.824015
7389,18.823983,14.971450,16.255627,17.539805,18.944969,1.835000,18.823983
7390,18.823952,14.971421,16.255597,17.539774,18.944938,1.835000,18.823952
7391,18.823920,14.971392,16.255567,17.539744,18.944907,1.835000,18.823920
7392,18.823889,14.971363,16.255537,17.539713,18.944877,1.835000,18.823889
7393,18.823858,14.971333,16.255507,17.539682,18.944846,1.835000,18.823858
7394,18.823826,14.971304,16.255477,17.539652,18.944815,1.835000,18.823826
7395,18.823795,14.971275,16.255447,17.539621,18.944785,1.835000,18.823795
7396,18.823764,14.971246,16.255417,17.539590,18.944754,1.835000,18.823764
7397,18.823733,14.971216,16.255387,17.539560,18.944724,1.835000,18.823733
7398,18.823701,14.971187,16.255357,17.539529,18.944693,1.835000,18.823701
7399,18.823670,14.971158,16.255327,17.539499,18.944662,1.835000,18.823670
7400,18.823639,14.971129,16.255297,17.539468,18.944632,1.835000,18.823639
7401,18.823607,14.971100,16.255267,17.539437,18.944601,1.835000,18.823607
7402,18.823576,14.971070,16.255238,17.539407,18.944571,1.835000,18.823576
7403,18.823545,14.971041,16.255208,17.539376,18.944540,1.835000,18.823545
7404,18.823513,14.971012,16.255178,17.539346,18.944509,1.835000,18.823513
7405,18.823482,14.970983,16.255148,17.539315,18.944479,1.835000,18.823482
7406,18.823451,14.970954,16.255118,17.539284,18.944448,1.835000,18.823451
7407,18.823420,14.970924,16.255088,17.539254,18.944418,1.835000,18.823420
7408,18.823388,14.970895,16.255058,17.539223,18.944387,1.835000,18.823388
7409,18.823357,14.970866,16.255028,17.539193,18.944357,1.835000,18.823357
7410,18.823326,14.970837,16.254998,17.539162,18.944326,1.835000,18.823326
7411,18.823295,14.970808,16.254969,17.539132,18.944295,1.835000,18.823295
7412,18.823263,14.970779,16.254939,17.539101,18.944265,1.835000,18.823263
7413,18.823232,14.970749,16.254909,17.539070,18.944234,1.835000,18.823232
7414,18.823201,14.970720,16.254879,17.539040,18.944204,1.835000,18.823201
7415,18.823170,14.970691,16.254849,17.539009,18.944173,1.835000,18.823170
7416,18.823138,14.970662,16.254819,17.538979,18.944143,1.835000,18.823138
7417,18.823107,14.970633,16.254790,17.538948,18.944112,1.835000,18.823107
7418,18.823076,14.970604,16.254760,17.538918,18.944082,1.835000,18.823076
7419,18.823045,14.970575,16.254730,17.538887,18.944051,1.835000,18.823045
7420,18.823013,14.970545,16.254700,17.538857,18.944021,1.835000,18.823013
7421,18.822982,14.970516,16.254670,17.538826,18.943990,1.835000,18.822982
7422,18.822951,14.970487,16.254640,17.538796,18.943959,1.835000,18.822951
7423,18.822920,14.970458,16.254611,17.538765,18.943929,1.835000,18.822920
7424,18.822889,14.970429,16.254581,17.538735,18.943898,1.835000,18.822889
7425,18.822857,14.970400,16.254551,17.538704,18.943868,1.835000,18.822857
7426,18.822826,14.970371,16.254521,17.538674,18.943837,1.835000,18.822826
7427,18.822795,14.970342,16.254491,17.538643,18.943807,1.835000,18.822795
7428,18.822764,14.970313,16.254462,17.538613,18.943776,1.835000,18.822764
7429,18.822733,14.970283,16.254432,17.538582,18.943746,1.835000,18.822733
7430,18.822701,14.970254,16.254402,17.538552,18.943716,1.835000,18.822701
7431,18.822670,14.970225,16.254372,17.538521,18.943685,1.835000,18.822670
7432,18.822639,14.970196,16.254342,17.538491,18.943655,1.835000,18.822639
7433,18.822608,14.970167,16.254313,17.538460,18.943624,1.835000,18.822608
7434,18.822577,14.970138,16.254283,17.538430,18.943594,1.835000,18.822577
7435,18.822546,14.970109,16.254253,17.538399,18.943563,1.835000,18.822546
7436,18.822514,14.970080,16.254223,17.538369,18.943533,1.835000,18.822514
7437,18.822483,14.970051,16.254194,17.538338,18.943502,1.835000,18.822483
7438,18.822452,14.970022,16.254164,17.538308,18.943472,1.835000,18.822452
7439,18.822421,14.969993,16.254134,17.538278,18.943441,1.835000,18.822421
7440,18.822390,14.969964,16.254104,17.538247,18.943411,1.835000,18.822390
7441,18.822359,14.969935,16.254075,17.538217,18.943380,1.835000,18.822359
7442,18.822328,14.969906,16.254045,17.538186,18.943350,1.835000,18.822328
7443,18.822296,14.969877,16.254015,17.538156,18.943320,1.835000,18.822296
7444,18.822265,14.969847,16.253985,17.538125,18.943289,1.835000,18.822265
7445,18.822234,14.969818,16.253956,17.538095,18.943259,1.835000,18.822234
7446,18.822203,14.969789,16.253926,17.538065,18.943228,1.835000,18.822203
7447,18.822172,14.969760,16.253896,17.538034,18.943198,1.835000,18.822172
7448,18.822141,14.969731,16.253866,17.538004,18.943168,1.835000,18.822141
7449,18.822110,14.969702,16.253837,17.537973,18.943137,1.835000,18.822110
7450,18.822079,14.969673,16.253807,17.537943,18.943107,1.835000,18.822079
7451,18.822048,14.969644,16.253777,17.537913,18.943076,1.835000,18.822048
7452,18.822017,14.969615,16.253748,17.537882,18.943046,1.835000,18.822017
7453,18.821985,14.969586,16.253718,17.537852,18.943016,1.835000,18.821985
7454,18.821954,14.969557,16.253688,17.537821,18.942985,1.835000,18.821954
7455,18.821923,14.969528,16.253659,17.537791,18.942955,1.835000,18.821923
7456,18.821892,14.969499,16.253629,17.537761,18.942924,1.835000,18.821892
7457,18.821861,14.969470,16.253599,17.537730,18.942894,1.835000,18.821861
7458,18.821830,14.969441,16.253570,17.537700,18.942864,1.835000,18.821830
7459,18.821799,14.969412,16.253540,17.537669,18.942833,1.835000,18.821799
7460,18.821768,14.969383,16.253510,17.537639,18.942803,1.835000,18.821768
7461,18.821737,14.969354,16.253481,17.537609,18.942773,1.835000,18.821737
7462,18.821706,14.969325,16.253451,17.537578,18.942742,1.835000,18.821706
7463,18.821675,14.969297,16.253421,17.537548,18.942712,1.835000,18.821675
7464,18.821644,14.969268,16.253392,17.537518,18.942682,1.835000,18.821644
7465,18.821613,14.969239,16.253362,17.537487,18.942651,1.835000,18.821613
7466,18.821582,14.969210,16.253332,17.537457,18.942621,1.835000,18.821582
7467,18.821551,14.969181,16.253303,17.537427,18.942591,1.835000,18.821551
7468,18.821520,14.969152,16.253273,17.537396,18.942560,1.835000,18.821520
7469,18.821489,14.969123,16.253243,17.537366,18.942530,1.835000,18.821489
7470,18.821458,14.969094,16.253214,17.537336,18.942500,1.835000,18.821458
7471,18.821427,14.969065,16.253184,17.537305,18.942469,1.835000,18.821427
7472,18.821396,14.969036,16.253155,17.537275,18.942439,1.835000,18.821396
7473,18.821365,14.969007,16.253125,17.537245,18.942409,1.835000,18.821365
7474,18.821334,14.968978,16.253095,17.537215,18.942378,1.835000,18.821334
7475,18.821303,14.968949,16.253066,17.537184,18.942348,1.835000,18.821303
7476,18.821272,14.968920,16.253036,17.537154,18.942318,1.835000,18.821272
7477,18.821241,14.968891,16.253006,17.537124,18.942287,1.835000,18.821241
7478,18.821210,14.968863,16.252977,17.537093,18.942257,1.835000,18.821210
7479,18.821179,14.968834,16.252947,17.537063,18.942227,1.835000,18.821179
7480,18.821148,14.968805,16.252918,17.537033,18.942197,1.835000,18.821148
7481,18.821117,14.968776,16.252888,17.537002,18.942166,1.835000,18.821117
7482,18.821086,14.968747,16.252859,17.536972,18.942136,1.835000,18.821086
7483,18.821055,14.968718,16.252829,17.536942,18.942106,1.835000,18.821055
7484,18.821024,14.968689,16.252799,17.536912,18.942075,1.835000,18.821024
7485,18.820993,14.968660,16.252770,17.536881,18.942045,1.835000,18.820993
7486,18.820962,14.968631,16.252740,17.536851,18.942015,1.835000,18.820962
7487,18.820931,14.968603,16.252711,17.536821,18.941985,1.835000,18.820931
7488,18.820900,14.968574,16.252681,17.536791,18.941954,1.835000,18.820900
7489,18.820869,14.968545,16.252652,17.536760,18.941924,1.835000,18.820869
7490,18.820838,14.968516,16.252622,17.536730,18.941894,1.835000,18.820838
7491,18.820807,14.968487,16.252593,17.536700,18.941864,1.835000,18.820807
7492,18.820777,14.968458,16.252563,17.536670,18.941834,1.835000,18.820777
7493,18.820746,14.968429,16.252533,17.536640,18.941803,1.835000,18.820746
7494,18.820715,14.968401,16.252504,17.536609,18.941773,1.835000,18.820715
7495,18.820684,14.968372,16.252474,17.536579,18.941743,1.835000,18.820684
7496,18.820653,14.968343,16.252445,17.536549,18.941713,1.835000,18.820653
7497,18.820622,14.968314,16.252415,17.536519,18.941682,1.835000,18.820622
7498,18.820591,14.968285,16.252386,17.536488,18.941652,1.835000,18.820591
7499,18.820560,14.968256,16.252356,17.536458,18.941622,1.835000,18.820560
7500,18.820529,14.968228,16.252327,17.536428,18.941592,1.835000,18.820529
7501,18.820498,14.968199,16.252297,17.536398,18.941562,1.835000,18.820498
7502,18.820468,14.968170,16.252268,17.536368,18.941531,1.835000,18.820468
7503,18.820437,14.968141,16.252238,17.536337,18.941501,1.835000,18.820437
7504,18.820406,14.968112,16.252209,17.536307,18.941471,1.835000,18.820406
7505,18.820375,14.968084,16.252179,17.536277,18.941441,1.835000,18.820375
7506,18.820344,14.968055,16.252150,17.536247,18.941411,1.835000,18.820344
7507,18.820313,14.968026,16.252120,17.536217,18.941381,1.835000,18.820313
7508,18.820282,14.967997,16.252091,17.536187,18.941350,1.835000,18.820282
7509,18.820251,14.967968,16.252061,17.536156,18.941320,1.835000,18.820251
7510,18.820221,14.967940,16.252032,17.536126,18.941290,1.835000,18.820221
7511,18.820190,14.967911,16.252002,17.536096,18.941260,1.835000,18.820190
7512,18.820159,14.967882,16.251973,17.536066,18.941230,1.835000,18.820159
7513,18.820128,14.967853,16.251944,17.536036,18.941200,1.835000,18.820128
7514,18.820097,14.967825,16.251914,17.536006,18.941169,1.835000,18.820097
7515,18.820066,14.967796,16.251885,17.535976,18.941139,1.835000,18.820066
7516,18.820036,14.967767,16.251855,17.535945,18.941109,1.835000,18.820036
7517,18.820005,14.967738,16.251826,17.535915,18.941079,1.835000,18.820005
7518,18.819974,14.967709,16.251796,17.535885,18.941049,1.835000,18.819974
7519,18.819943,14.967681,16.251767,17.535855,18.941019,1.835000,18.819943
7520,18.819912,14.967652,16.251737,17.535825,18.940989,1.835000,18.819912
7521,18.819882,14.967623,16.251708,17.535795,18.940959,1.835000,18.819882
7522,18.819851,14.967595,16.251679,17.535765,18.940929,1.835000,18.819851
7523,18.819820,14.967566,16.251649,17.535735,18.940898,1.835000,18.819820
7524,18.819789,14.967537,16.251620,17.535704,18.940868,1.835000,18.819789
7525,18.819758,14.967508,16.251590,17.535674,18.940838,1.835000,18.819758
7526,18.819728,14.967480,16.251561,17.535644,18.940808,1.835000,18.819728
7527,18.819697,14.967451,16.251532,17.535614,18.940778,1.835000,18.819697
7528,18.819666,14.967422,16.251502,17.535584,18.940748,1.835000,18.819666
7529,18.819635,14.967393,16.251473,17.535554,18.940718,1.835000,18.819635
7530,18.819605,14.967365,16.251443,17.535524,18.940688,1.835000,18.819605
7531,18.819574,14.967336,16.251414,17.535494,18.940658,1.835000,18.819574
7532,18.819543,14.967307,16.251385,17.535464,18.940628,1.835000,18.819543
7533,18.819512,14.967279,16.251355,17.535434,18.940598,1.835000,18.819512
7534,18.819482,14.967250,16.251326,17.535404,18.940567,1.835000,18.819482
7535,18.819451,14.967221,16.251296,17.535374,18.940537,1.835000,18.819451
7536,18.819420,14.967193,16.251267,17.535344,18.940507,1.835000,18.819420
7537,18.819389,14.967164,16.251238,17.535314,18.940477,1.835000,18.819389
7538,18.819359,14.967135,16.251208,17.535283,18.940447,1.835000,18.819359
7539,18.819328,14.967107,16.251179,17.535253,18.940417,1.835000,18.819328
7540,18.819297,14.967078,16.251150,17.535223,18.940387,1.835000,18.819297
7541,18.819266,14.967049,16.251120,17.535193,18.940357,1.835000,18.819266
7542,18.819236,14.967021,16.251091,17.535163,18.940327,1.835000,18.819236
7543,18.819205,14.966992,16.251062,17.535133,18.940297,1.835000,18.819205
7544,18.819174,14.966963,16.251032,17.535103,18.940267,1.835000,18.819174
7545,18.819144,14.966935,16.251003,17.535073,18.940237,1.835000,18.819144
7546,18.819113,14.966906,16.250974,17.535043,18.940207,1.835000,18.819113
7547,18.819082,14.966877,16.250944,17.535013,18.940177,1.835000,18.819082
7548,18.819052,14.966849,16.250915,17.534983,18.940147,1.835000,18.819052
7549,18.819021,14.966820,16.250886,17.534953,18.940117,1.835000,18.819021
7550,18.818990,14.966791,16.250856,17.534923,18.940087,1.835000,18.818990
7551,18.818959,14.966763,16.250827,17.534893,18.940057,1.835000,18.818959
7552,18.818929,14.966734,16.250798,17.534863,18.940027,1.835000,18.818929
7553,18.818898,14.966706,16.250768,17.534833,18.939997,1.835000,18.818898
7554,18.818867,14.966677,16.250739,17.534803,18.939967,1.835000,18.818867
7555,18.818837,14.966648,16.250710,17.534773,18.939937,1.835000,18.818837
7556,18.818806,14.966620,16.250681,17.534743,18.939907,1.835000,18.818806
7557,18.818775,14.966591,16.250651,17.534713,18.939877,1.835000,18.818775
7558,18.818745,14.966563,16.250622,17.534683,18.939847,1.835000,18.818745
7559,18.818714,14.966534,16.250593,17.534653,18.939817,1.835000,18.818714
7560,18.818684,14.966505,16.250563,17.534623,18.939787,1.835000,18.818684
7561,18.818653,14.966477,16.250534,17.534594,18.939757,1.835000,18.818653
7562,18.818622,14.966448,16.250505,17.534564,18.939727,1.835000,18.818622
7563,18.818592,14.966420,16.250476,17.534534,18.939697,1.835000,18.818592
7564,18.818561,14.966391,16.250446,17.534504,18.939667,1.835000,18.818561
7565,18.818530,14.966362,16.250417,17.534474,18.939638,1.835000,18.818530
7566,18.818500,14.966334,16.250388,17.534444,18.939608,1.835000,18.818500
7567,18.818469,14.966305,16.250359,17.534414,18.939578,1.835000,18.818469
7568,18.818439,14.966277,16.250329,17.534384,18.939548,1.835000,18.818439
7569,18.818408,14.966248,16.250300,17.534354,18.939518,1.835000,18.818408
7570,18.818377,14.966220,16.250271,17.534324,18.939488,1.835000,18.818377
7571,18.818347,14.966191,16.250242,17.534294,18.939458,1.835000,18.818347
7572,18.818316,14.966163,16.250212,17.534264,18.939428,1.835000,18.818316
7573,18.818286,14.966134,16.250183,17.534234,18.939398,1.835000,18.818286
7574,18.818255,14.966105,16.250154,17.534204,18.939368,1.835000,18.818255
7575,18.818224,14.966077,16.250125,17.534175,18.939338,1.835000,18.818224
7576,18.818194,14.966048,16.250096,17.534145,18.939308,1.835000,18.818194
7577,18.818163,14.966020,16.250066,17.534115,18.939279,1.835000,18.818163
7578,18.818133,14.965991,16.250037,17.534085,18.939249,1.835000,18.818133
7579,18.818102,14.965963,16.250008,17.534055,18.939219,1.835000,18.818102
7580,18.818072,14.965934,16.249979,17.534025,18.939189,1.835000,18.818072
7581,18.818041,14.965906,16.249950,17.533995,18.939159,1.835000,18.818041
7582,18.818010,14.965877,16.249920,17.533965,18.939129,1.835000,18.818010
7583,18.817980,14.965849,16.249891,17.533936,18.939099,1.835000,18.817980
7584,18.817949,14.965820,16.249862,17.533906,18.939069,1.835000,18.817949
7585,18.817919,14.965792,16.249833,17.533876,18.939040,1.835000,18.817919
7586,18.817888,14.965763,16.249804,17.533846,18.939010,1.835000,18.817888
7587,18.817858,14.965735,16.249774,17.533816,18.938980,1.835000,18.817858
7588,18.817827,14.965706,16.249745,17.533786,18.938950,1.835000,18.817827
7589,18.817797,14.965678,16.249716,17.533756,18.938920,1.835000,18.817797
7590,18.817766,14.965649,16.249687,17.533727,18.938890,1.835000,18.817766
7591,18.817736,14.965621,16.249658,17.533697,18.938861,1.835000,18.817736
7592,18.817705,14.965592,16.249629,17.533667,18.938831,1.835000,18.817705
7593,18.817675,14.965564,16.249600,17.533637,18.938801,1.835000,18.817675
7594,18.817644,14.965536,16.249570,17.533607,18.938771,1.835000,18.817644
7595,18.817614,14.965507,16.249541,17.533577,18.938741,1.835000,18.817614
7596,18.817583,14.965479,16.249512,17.533548,18.938711,1.835000,18.817583
7597,18.817553,14.965450,16.249483,17.533518,18.938682,1.835000,18.817553
7598,18.817522,14.965422,16.249454,17.533488,18.938652,1.835000,18.817522
7599,18.817492,14.965393,16.249425,17.533458,18.938622,1.835000,18.817492
7600,18.817461,14.965365,16.249396,17.533428,18.938592,1.835000,18.817461
7601,18.817431,14.965336,16.249366,17.533399,18.938562,1.835000,18.817431
7602,18.817400,14.965308,16.249337,17.533369,18.938533,1.835000,18.817400
7603,18.817370,14.965280,16.249308,17.533339,18.938503,1.835000,18.817370
7604,18.817339,14.965251,16.249279,17.533309,18.938473,1.835000,18.817339
7605,18.817309,14.965223,16.249250,17.533279,18.938443,1.835000,18.817309
7606,18.817278,14.965194,16.249221,17.533250,18.938413,1.835000,18.817278
7607,18.817248,14.965166,16.249192,17.533220,18.938384,1.835000,18.817248
7608,18.817217,14.965137,16.249163,17.533190,18.938354,1.835000,18.817217
7609,18.817187,14.965109,16.249134,17.533160,18.938324,1.835000,18.817187
7610,18.817157,14.965081,16.249105,17.533131,18.938294,1.835000,18.817157
7611,18.817126,14.965052,16.249076,17.533101,18.938265,1.835000,18.817126
7612,18.817096,14.965024,16.249046,17.533071,18.938235,1.835000,18.817096
7613,18.817065,14.964995,16.249017,17.533041,18.938205,1.835000,18.817065
7614,18.817035,14.964967,16.248988,17.533012,18.938175,1.835000,18.817035
7615,18.817004,14.964939,16.248959,17.532982,18.938146,1.835000,18.817004
7616,18.816974,14.964910,16.248930,17.532952,18.938116,1.835000,18.816974
7617,18.816944,14.964882,16.248901,17.532922,18.938086,1.835000,18.816944
7618,18.816913,14.964854,16.248872,17.532893,18.938056,1.835000,18.816913
7619,18.816883,14.964825,16.248843,17.532863,18.938027,1.835000,18.816883
7620,18.816852,14.964797,16.248814,17.532833,18.937997,1.835000,18.816852
7621,18.816822,14.964768,16.248785,17.532803,18.937967,1.835000,18.816822
7622,18.816792,14.964740,16.248756,17.532774,18.937938,1.835000,18.816792
7623,18.816761,14.964712,16.248727,17.532744,18.937908,1.835000,18.816761
7624,18.816731,14.964683,16.248698,17.532714,18.937878,1.835000,18.816731
7625,18.816700,14.964655,16.248669,17.532685,18.937848,1.835000,18.816700
7626,18.816670,14.964627,16.248640,17.532655,18.937819,1.835000,18.816670
7627,18.816640,14.964598,16.248611,17.532625,18.937789,1.835000,18.816640
7628,18.816609,14.964570,16.248582,17.532596,18.937759,1.835000,18.816609
7629,18.816579,14.964542,16.248553,17.532566,18.937730,1.835000,18.816579
7630,18.816549,14.964513,16.248524,17.532536,18.937700,1.835000,18.816549
7631,18.816518,14.964485,16.248495,17.532506,18.937670,1.835000,18.816518
7632,18.816488,14.964457,16.248466,17.532477,18.937641,1.835000,18.816488
7633,18.816458,14.964428,16.248437,17.532447,18.937611,1.835000,18.816458
7634,18.816427,14.964400,16.248408,17.532417,18.937581,1.835000,18.816427
7635,18.816397,14.964372,16.248379,17.532388,18.937552,1.835000,18.816397
7636,18.816367,14.964343,16.248350,17.532358,18.937522,1.835000,18.816367
7637,18.816336,14.964315,16.248321,17.532328,18.937492,1.835000,18.816336
7638,18.816306,14.964287,16.248292,17.532299,18.937463,1.835000,18.816306
7639,18.816276,14.964259,16.248263,17.532269,18.937433,1.835000,18.816276
7640,18.816245,14.964230,16.248234,17.532240,18.937403,1.835000,18.816245
7641,18.816215,14.964202,16.248205,17.532210,18.937374,1.835000,18.816215
7642,18.816185,14.964174,16.248176,17.532180,18.937344,1.835000,18.816185
7643,18.816154,14.964145,16.248147,17.532151,18.937314,1.835000,18.816154
7644,18.816124,14.964117,16.248118,17.532121,18.937285,1.835000,18.816124
7645,18.816094,14.964089,16.248089,17.532091,18.937255,1.835000,18.816094
7646,18.816063,14.964061,16.248060,17.532062,18.937226,1.835000,18.816063
7647,18.816033,14.964032,16.248031,17.532032,18.937196,1.835000,18.816033
7648,18.816003,14.964004,16.248002,17.532003,18.937166,1.835000,18.816003
7649,18.815973,14.963976,16.247973,17.531973,18.937137,1.835000,18.815973
7650,18.815942,14.963948,16.247944,17.531943,18.937107,1.835000,18.815942
7651,18.815912,14.963919,16.247915,17.531914,18.937078,1.835000,18.815912
7652,18.815882,14.963891,16.247887,17.531884,18.937048,1.835000,18.815882
7653,18.815851,14.963863,16.247858,17.531855,18.937018,1.835000,18.815851
7654,18.815821,14.963835,16.247829,17.531825,18.936989,1.835000,18.815821
7655,18.815791,14.963806,16.247800,17.531795,18.936959,1.835000,18.815791
7656,18.815761,14.963778,16.247771,17.531766,18.936930,1.835000,18.815761
7657,18.815730,14.963750,16.247742,17.531736,18.936900,1.835000,18.815730
7658,18.815700,14.963722,16.247713,17.531707,18.936870,1.835000,18.815700
7659,18.815670,14.963693,16.247684,17.531677,18.936841,1.835000,18.815670
7660,18.815640,14.963665,16.247655,17.531647,18.936811,1.835000,18.815640
7661,18.815609,14.963637,16.247626,17.531618,18.936782,1.835000,18.815609
7662,18.815579,14.963609,16.247598,17.531588,18.936752,1.835000,18.815579
7663,18.815549,14.963581,16.247569,17.531559,18.936723,1.835000,18.815549
7664,18.815519,14.963552,16.247540,17.531529,18.936693,1.835000,18.815519
7665,18.815488,14.963524,16.247511,17.531500,18.936663,1.835000,18.815488
7666,18.815458,14.963496,16.247482,17.531470,18.936634,1.835000,18.815458
7667,18.815428,14.963468,16.247453,17.531441,18.936604,1.835000,18.815428
7668,18.815398,14.963440,16.247424,17.531411,18.936575,1.835000,18.815398
7669,18.815368,14.963411,16.247395,17.531382,18.936545,1.835000,18.815368
7670,18.815337,14.963383,16.247367,17.531352,18.936516,1.835000,18.815337
7671,18.815307,14.963355,16.247338,17.531322,18.936486,1.835000,18.815307
7672,18.815277,14.963327,16.247309,17.531293,18.936457,1.835000,18.815277
7673,18.815247,14.963299,16.247280,17.531263,18.936427,1.835000,18.815247
7674,18.815217,14.963271,16.247251,17.531234,18.936398,1.835000,18.815217
7675,18.815186,14.963242,16.247222,17.531204,18.936368,1.835000,18.815186
7676,18.815156,14.963214,16.247194,17.531175,18.936339,1.835000,18.815156
7677,18.815126,14.963186,16.247165,17.531145,18.936309,1.835000,18.815126
7678,18.815096,14.963158,16.247136,17.531116,18.936280,1.835000,18.815096
7679,18.815066,14.963130,16.247107,17.531086,18.936250,1.835000,18.815066
7680,18.815036,14.963102,16.247078,17.531057,18.936221,1.835000,18.815036
7681,18.815005,14.963073,16.247049,17.531027,18.936191,1.835000,18.815005
7682,18.814975,14.963045,16.247021,17.530998,18.936162,1.835000,18.814975
7683,18.814945,14.963017,16.246992,17.530968,18.936132,1.835000,18.814945
7684,18.814915,14.962989,16.246963,17.530939,18.936103,1.835000,18.814915
7685,18.814885,14.962961,16.246934,17.530910,18.936073,1.835000,18.814885
7686,18.814855,14.962933,16.246905,17.530880,18.936044,1.835000,18.814855
7687,18.814825,14.962905,16.246877,17.530851,18.936014,1.835000,18.814825
7688,18.814794,14.962877,16.246848,17.530821,18.935985,1.835000,18.814794
7689,18.814764,14.962848,16.246819,17.530792,18.935955,1.835000,18.814764
7690,18.814734,14.962820,16.246790,17.530762,18.935926,1.835000,18.814734
7691,18.814704,14.962792,16.246762,17.530733,18.935897,1.835000,18.814704
7692,18.814674,14.962764,16.246733,17.530703,18.935867,1.835000,18.814674
7693,18.814644,14.962736,16.246704,17.530674,18.935838,1.835000,18.814644
7694,18.814614,14.962708,16.246675,17.530644,18.935808,1.835000,18.814614
7695,18.814584,14.962680,16.246646,17.530615,18.935779,1.835000,18.814584
7696,18.814554,14.962652,16.246618,17.530586,18.935749,1.835000,18.814554
7697,18.814523,14.962624,16.246589,17.530556,18.935720,1.835000,18.814523
7698,18.814493,14.962596,16.246560,17.530527,18.935691,1.835000,18.814493
7699,18.814463,14.962568,16.246531,17.530497,18.935661,1.835000,18.814463
7700,18.814433,14.962539,16.246503,17.530468,18.935632,1.835000,18.814433
7701,18.814403,14.962511,16.246474,17.530439,18.935602,1.835000,18.814403
7702,18.814373,14.962483,16.246445,17.530409,18.935573,1.835000,18.814373
7703,18.814343,14.962455,16.246416,17.530380,18.935544,1.835000,18.814343
7704,18.814313,14.962427,16.246388,17.530350,18.935514,1.835000,18.814313
7705,18.814283,14.962399,16.246359,17.530321,18.935485,1.835000,18.814283
7706,18.814253,14.962371,16.246330,17.530292,18.935455,1.835000,18.814253
7707,18.814223,14.962343,16.246302,17.530262,18.935426,1.835000,18.814223
7708,18.814193,14.962315,16.246273,17.530233,18.935397,1.835000,18.814193
7709,18.814163,14.962287,16.246244,17.530203,18.935367,1.835000,18.814163
7710,18.814133,14.962259,16.246215,17.530174,18.935338,1.835000,18.814133
7711,18.814102,14.962231,16.246187,17.530145,18.935308,1.835000,18.814102
7712,18.814072,14.962203,16.246158,17.530115,18.935279,1.835000,18.814072
7713,18.814042,14.962175,16.246129,17.530086,18.935250,1.835000,18.814042
7714,18.814012,14.962147,16.246101,17.530057,18.935220,1.835000,18.814012
7715,18.813982,14.962119,16.246072,17.530027,18.935191,1.835000,18.813982
7716,18.813952,14.962091,16.246043,17.529998,18.935162,1.835000,18.813952
7717,18.813922,14.962063,16.246015,17.529968,18.935132,1.835000,18.813922
7718,18.813892,14.962035,16.245986,17.529939,18.935103,1.835000,18.813892
7719,18.813862,14.962007,16.245957,17.529910,18.935074,1.835000,18.813862
7720,18.813832,14.961979,16.245929,17.529880,18.935044,1.835000,18.813832
7721,18.813802,14.961951,16.245900,17.529851,18.935015,1.835000,18.813802
7722,18.813772,14.961923,16.245871,17.529822,18.934986,1.835000,18.813772
7723,18.813742,14.961895,16.245843,17.529792,18.934956,1.835000,18.813742
7724,18.813712,14.961867,16.245814,17.529763,18.934927,1.835000,18.813712
7725,18.813682,14.961839,16.245785,17.529734,18.934898,1.835000,18.813682
7726,18.813652,14.961811,16.245757,17.529705,18.934868,1.835000,18.813652
7727,18.813622,14.961783,16.245728,17.529675,18.934839,1.835000,18.813622
7728,18.813592,14.961755,16.245699,17.529646,18.934810,1.835000,18.813592
7729,18.813562,14.961727,16.245671,17.529617,18.934780,1.835000,18.813562
7730,18.813532,14.961699,16.245642,17.529587,18.934751,1.835000,18.813532
7731,18.813502,14.961671,16.245614,17.529558,18.934722,1.835000,18.813502
7732,18.813473,14.961643,16.245585,17.529529,18.934693,1.835000,18.813473
7733,18.813443,14.961615,16.245556,17.529499,18.934663,1.835000,18.813443
7734,18.813413,14.961587,16.245528,17.529470,18.934634,1.835000,18.813413
7735,18.813383,14.961559,16.245499,17.529441,18.934605,1.835000,18.813383
7736,18.813353,14.961531,16.245470,17.529412,18.934575,1.835000,18.813353
7737,18.813323,14.961503,16.245442,17.529382,18.934546,1.835000,18.813323
7738,18.813293,14.961475,16.245413,17.529353,18.934517,1.835000,18.813293
7739,18.813263,14.961448,16.245385,17.529324,18.934488,1.835000,18.813263
7740,18.813233,14.961420,16.245356,17.529295,18.934458,1.835000,18.813233
7741,18.813203,14.961392,16.245327,17.529265,18.934429,1.835000,18.813203
7742,18.813173,14.961364,16.245299,17.529236,18.934400,1.835000,18.813173
7743,18.813143,14.961336,16.245270,17.529207,18.934371,1.835000,18.813143
7744,18.813113,14.961308,16.245242,17.529177,18.934341,1.835000,18.813113
7745,18.813083,14.961280,16.245213,17.529148,18.934312,1.835000,18.813083
7746,18.813053,14.961252,16.245185,17.529119,18.934283,1.835000,18.813053
7747,18.813024,14.961224,16.245156,17.529090,18.934254,1.835000,18.813024
7748,18.812994,14.961196,16.245127,17.529061,18.934224,1.835000,18.812994
7749,18.812964,14.961168,16.245099,17.529031,18.934195,1.835000,18.812964
7750,18.812934,14.961141,16.245070,17.529002,18.934166,1.835000,18.812934
7751,18.812904,14.961113,16.245042,17.528973,18.934137,1.835000,18.812904
7752,18.812874,14.961085,16.245013,17.528944,18.934107,1.835000,18.812874
7753,18.812844,14.961057,16.244985,17.528914,18.934078,1.835000,18.812844
7754,18.812814,14.961029,16.244956,17.528885,18.934049,1.835000,18.812814
7755,18.812784,14.961001,16.244928,17.528856,18.934020,1.835000,18.812784
7756,18.812755,14.960973,16.244899,17.528827,18.933991,1.835000,18.812755
7757,18.812725,14.960945,16.244871,17.528798,18.933961,1.835000,18.812725
7758,18.812695,14.960918,16.244842,17.528768,18.933932,1.835000,18.812695
7759,18.812665,14.960890,16.244813,17.528739,18.933903,1.835000,18.812665
7760,18.812635,14.960862,16.244785,17.528710,18.933874,1.835000,18.812635
7761,18.812605,14.960834,16.244756,17.528681,18.933845,1.835000,18.812605
7762,18.812575,14.960806,16.244728,17.528652,18.933816,1.835000,18.812575
7763,18.812546,14.960778,16.244699,17.528623,18.933786,1.835000,18.812546
7764,18.812516,14.960750,16.244671,17.528593,18.933757,1.835000,18.812516
7765,18.812486,14.960723,16.244642,17.528564,18.933728,1.835000,18.812486
7766,18.812456,14.960695,16.244614,17.528535,18.933699,1.835000,18.812456
7767,18.812426,14.960667,16.244585,17.528506,18.933670,1.835000,18.812426
7768,18.812397,14.960639,16.244557,17.528477,18.933641,1.835000,18.812397
7769,18.812367,14.960611,16.244528,17.528448,18.933611,1.835000,18.812367
7770,18.812337,14.960583,16.244500,17.528418,18.933582,1.835000,18.812337
7771,18.812307,14.960556,16.244471,17.528389,18.933553,1.835000,18.812307
7772,18.812277,14.960528,16.244443,17.528360,18.933524,1.835000,18.812277
7773,18.812247,14.960500,16.244415,17.528331,18.933495,1.835000,18.812247
7774,18.812218,14.960472,16.244386,17.528302,18.933466,1.835000,18.812218
7775,18.812188,14.960444,16.244358,17.528273,18.933437,1.835000,18.812188
7776,18.812158,14.960417,16.244329,17.528244,18.933407,1.835000,18.812158
7777,18.812128,14.960389,16.244301,17.528214,18.933378,1.835000,18.812128
7778,18.812098,14.960361,16.244272,17.528185,18.933349,1.835000,18.812098
7779,18.812069,14.960333,16.244244,17.528156,18.933320,1.835000,18.812069
7780,18.812039,14.960305,16.244215,17.528127,18.933291,1.835000,18.812039
7781,18.812009,14.960278,16.244187,17.528098,18.933262,1.835000,18.812009
7782,18.811979,14.960250,16.244158,17.528069,18.933233,1.835000,18.811979
7783,18.811950,14.960222,16.244130,17.528040,18.933204,1.835000,18.811950
7784,18.811920,14.960194,16.244102,17.528011,18.933175,1.835000,18.811920
7785,18.811890,14.960167,16.244073,17.527982,18.933145,1.835000,18.811890
7786,18.811860,14.960139,16.244045,17.527953,18.933116,1.835000,18.811860
7787,18.811831,14.960111,16.244016,17.527923,18.933087,1.835000,18.811831
7788,18.811801,14.960083,16.243988,17.527894,18.933058,1.835000,18.811801
7789,18.811771,14.960056,16.243959,17.527865,18.933029,1.835000,18.811771
7790,18.811741,14.960028,16.243931,17.527836,18.933000,1.835000,18.811741
7791,18.811712,14.960000,16.243903,17.527807,18.932971,1.835000,18.811712
7792,18.811682,14.959972,16.243874,17.527778,18.932942,1.835000,18.811682
7793,18.811652,14.959945,16.243846,17.527749,18.932913,1.835000,18.811652
7794,18.811622,14.959917,16.243817,17.527720,18.932884,1.835000,18.811622
7795,18.811593,14.959889,16.243789,17.527691,18.932855,1.835000,18.811593
7796,18.811563,14.959861,16.243761,17.527662,18.932826,1.835000,18.811563
7797,18.811533,14.959834,16.243732,17.527633,18.932797,1.835000,18.811533
7798,18.811504,14.959806,16.243704,17.527604,18.932768,1.835000,18.811504
7799,18.811474,14.959778,16.243676,17.527575,18.932739,1.835000,18.811474
7800,18.811444,14.959751,16.243647,17.527546,18.932709,1.835000,18.811444
7801,18.811415,14.959723,16.243619,17.527517,18.932680,1.835000,18.811415
7802,18.811385,14.959695,16.243590,17.527488,18.932651,1.835000,18.811385
7803,18.811355,14.959667,16.243562,17.527459,18.932622,1.835000,18.811355
7804,18.811325,14.959640,16.243534,17.527430,18.932593,1.835000,18.811325
7805,18.811296,14.959612,16.243505,17.527401,18.932564,1.835000,18.811296
7806,18.811266,14.959584,16.243477,17.527372,18.932535,1.835000,18.811266
7807,18.811236,14.959557,16.243449,17.527343,18.932506,1.835000,18.811236
7808,18.811207,14.959529,16.243420,17.527314,18.932477,1.835000,18.811207
7809,18.811177,14.959501,16.243392,17.527285,18.932448,1.835000,18.811177
7810,18.811147,14.959474,16.243364,17.527256,18.932419,1.835000,18.811147
7811,18.811118,14.959446,16.243335,17.527227,18.932390,1.835000,18.811118
7812,18.811088,14.959418,16.243307,17.527198,18.932361,1.835000,18.811088
7813,18.811058,14.959391,16.243279,17.527169,18.932332,1.835000,18.811058
7814,18.811029,14.959363,16.243250,17.527140,18.932303,1.835000,18.811029
7815,18.810999,14.959335,16.243222,17.527111,18.932274,1.835000,18.810999
7816,18.810970,14.959308,16.243194,17.527082,18.932245,1.835000,18.810970
7817,18.810940,14.959280,16.243165,17.527053,18.932216,1.835000,18.810940
7818,18.810910,14.959252,16.243137,17.527024,18.932187,1.835000,18.810910
7819,18.810881,14.959225,16.243109,17.526995,18.932158,1.835000,18.810881
7820,18.810851,14.959197,16.243080,17.526966,18.932130,1.835000,18.810851
7821,18.810821,14.959169,16.243052,17.526937,18.932101,1.835000,18.810821
7822,18.810792,14.959142,16.243024,17.526908,18.932072,1.835000,18.810792
7823,18.810762,14.959114,16.242996,17.526879,18.932043,1.835000,18.810762
7824,18.810733,14.959087,16.242967,17.526850,18.932014,1.835000,18.810733
7825,18.810703,14.959059,16.242939,17.526821,18.931985,1.835000,18.810703
7826,18.810673,14.959031,16.242911,17.526792,18.931956,1.835000,18.810673
7827,18.810644,14.959004,16.242882,17.526763,18.931927,1.835000,18.810644
7828,18.810614,14.958976,16.242854,17.526734,18.931898,1.835000,18.810614
7829,18.810585,14.958948,16.242826,17.526705,18.931869,1.835000,18.810585
7830,18.810555,14.958921,16.242798,17.526676,18.931840,1.835000,18.810555
7831,18.810525,14.958893,16.242769,17.526647,18.931811,1.835000,18.810525
7832,18.810496,14.958866,16.242741,17.526618,18.931782,1.835000,18.810496
7833,18.810466,14.958838,16.242713,17.526590,18.931753,1.835000,18.810466
7834,18.810437,14.958810,16.242685,17.526561,18.931724,1.835000,18.810437
7835,18.810407,14.958783,16.242656,17.526532,18.931696,1.835000,18.810407
7836,18.810378,14.958755,16.242628,17.526503,18.931667,1.835000,18.810378
7837,18.810348,14.958728,16.242600,17.526474,18.931638,1.835000,18.810348
7838,18.810318,14.958700,16.242572,17.526445,18.931609,1.835000,18.810318
7839,18.810289,14.958673,16.242543,17.526416,18.931580,1.835000,18.810289
7840,18.810259,14.958645,16.242515,17.526387,18.931551,1.835000,18.810259
7841,18.810230,14.958617,16.242487,17.526358,18.931522,1.835000,18.810230
7842,18.810200,14.958590,16.242459,17.526329,18.931493,1.835000,18.810200
7843,18.810171,14.958562,16.242430,17.526301,18.931464,1.835000,18.810171
7844,18.810141,14.958535,16.242402,17.526272,18.931436,1.835000,18.810141
7845,18.810112,14.958507,16.242374,17.526243,18.931407,1.835000,18.810112
7846,18.810082,14.958480,16.242346,17.526214,18.931378,1.835000,18.810082
7847,18.810053,14.958452,16.242318,17.526185,18.931349,1.835000,18.810053
7848,18.810023,14.958425,16.242289,17.526156,18.931320,1.835000,18.810023
7849,18.809994,14.958397,16.242261,17.526127,18.931291,1.835000,18.809994
7850,18.809964,14.958370,16.242233,17.526099,18.931262,1.835000,18.809964
7851,18.809935,14.958342,16.242205,17.526070,18.931234,1.835000,18.809935
7852,18.809905,14.958314,16.242177,17.526041,18.931205,1.835000,18.809905
7853,18.809876,14.958287,16.242148,17.526012,18.931176,1.835000,18.809876
7854,18.809846,14.958259,16.242120,17.525983,18.931147,1.835000,18.809846
7855,18.809817,14.958232,16.242092,17.525954,18.931118,1.835000,18.809817
7856,18.809787,14.958204,16.242064,17.525926,18.931089,1.835000,18.809787
7857,18.809758,14.958177,16.242036,17.525897,18.931061,1.835000,18.809758
7858,18.809728,14.958149,16.242008,17.525868,18.931032,1.835000,18.809728
7859,18.809699,14.958122,16.241979,17.525839,18.931003,1.835000,18.809699
7860,18.809669,14.958094,16.241951,17.525810,18.930974,1.835000,18.809669
7861,18.809640,14.958067,16.241923,17.525781,18.930945,1.835000,18.809640
7862,18.809610,14.958039,16.241895,17.525753,18.930916,1.835000,18.809610
7863,18.809581,14.958012,16.241867,17.525724,18.930888,1.835000,18.809581
7864,18.809551,14.957984,16.241839,17.525695,18.930859,1.835000,18.809551
7865,18.809522,14.957957,16.241811,17.525666,18.930830,1.835000,18.809522
7866,18.809492,14.957929,16.241782,17.525637,18.930801,1.835000,18.809492
7867,18.809463,14.957902,16.241754,17.525609,18.930772,1.835000,18.809463
7868,18.809434,14.957874,16.241726,17.525580,18.930744,1.835000,18.809434
7869,18.809404,14.957847,16.241698,17.525551,18.930715,1.835000,18.809404
7870,18.809375,14.957820,16.241670,17.525522,18.930686,1.835000,18.809375
7871,18.809345,14.957792,16.241642,17.525494,18.930657,1.835000,18.809345
7872,18.809316,14.957765,16.241614,17.525465,18.930629,1.835000,18.809316
7873,18.809286,14.957737,16.241586,17.525436,18.930600,1.835000,18.809286
7874,18.809257,14.957710,16.241557,17.525407,18.930571,1.835000,18.809257
7875,18.809228,14.957682,16.241529,17.525378,18.930542,1.835000,18.809228
7876,18.809198,14.957655,16.241501,17.525350,18.930514,1.835000,18.809198
7877,18.809169,14.957627,16.241473,17.525321,18.930485,1.835000,18.809169
7878,18.809139,14.957600,16.241445,17.525292,18.930456,1.835000,18.809139
7879,18.809110,14.957573,16.241417,17.525263,18.930427,1.835000,18.809110
7880,18.809081,14.957545,16.241389,17.525235,18.930399,1.835000,18.809081
7881,18.809051,14.957518,16.241361,17.525206,18.930370,1.835000,18.809051
7882,18.809022,14.957490,16.241333,17.525177,18.930341,1.835000,18.809022
7883,18.808992,14.957463,16.241305,17.525149,18.930312,1.835000,18.808992
7884,18.808963,14.957435,16.241277,17.525120,18.930284,1.835000,18.808963
7885,18.808934,14.957408,16.241249,17.525091,18.930255,1.835000,18.808934
7886,18.808904,14.957381,16.241220,17.525062,18.930226,1.835000,18.808904
7887,18.808875,14.957353,16.241192,17.525034,18.930197,1.835000,18.808875
7888,18.808845,14.957326,16.241164,17.525005,18.930169,1.835000,18.808845
7889,18.808816,14.957298,16.241136,17.524976,18.930140,1.835000,18.808816
7890,18.808787,14.957271,16.241108,17.524948,18.930111,1.835000,18.808787
7891,18.808757,14.957244,16.241080,17.524919,18.930083,1.835000,18.808757
7892,18.808728,14.957216,16.241052,17.524890,18.930054,1.835000,18.808728
7893,18.808699,14.957189,16.241024,17.524861,18.930025,1.835000,18.808699
7894,18.808669,14.957161,16.240996,17.524833,18.929997,1.835000,18.808669
7895,18.808640,14.957134,16.240968,17.524804,18.929968,1.835000,18.808640
7896,18.808611,14.957107,16.240940,17.524775,18.929939,1.835000,18.808611
7897,18.808581,14.957079,16.240912,17.524747,18.929910,1.835000,18.808581
7898,18.808552,14.957052,16.240884,17.524718,18.929882,1.835000,18.808552
7899,18.808523,14.957025,16.240856,17.524689,18.929853,1.835000,18.808523
7900,18.808493,14.956997,16.240828,17.524661,18.929824,1.835000,18.808493
7901,18.808464,14.956970,16.240800,17.524632,18.929796,1.835000,18.808464
7902,18.808435,14.956942,16.240772,17.524603,18.929767,1.835000,18.808435
7903,18.808405,14.956915,16.240744,17.524575,18.929738,1.835000,18.808405
7904,18.808376,14.956888,16.240716,17.524546,18.929710,1.835000,18.808376
7905,18.808347,14.956860,16.240688,17.524517,18.929681,1.835000,18.808347
7906,18.808318,14.956833,16.240660,17.524489,18.929653,1.835000,18.808318
7907,18.808288,14.956806,16.240632,17.524460,18.929624,1.835000,18.808288
7908,18.808259,14.956778,16.240604,17.524431,18.929595,1.835000,18.808259
7909,18.808230,14.956751,16.240576,17.524403,18.929567,1.835000,18.808230
7910,18.808200,14.956724,16.240548,17.524374,18.929538,1.835000,18.808200
7911,18.808171,14.956696,16.240520,17.524346,18.929509,1.835000,18.808171
7912,18.808142,14.956669,16.240492,17.524317,18.929481,1.835000,18.808142
7913,18.808113,14.956642,16.240464,17.524288,18.929452,1.835000,18.808113
7914,18.808083,14.956615,16.240436,17.524260,18.929423,1.835000,18.808083
7915,18.808054,14.956587,16.240408,17.524231,18.929395,1.835000,18.808054
7916,18.808025,14.956560,16.240380,17.524202,18.929366,1.835000,18.808025
7917,18.807995,14.956533,16.240352,17.524174,18.929338,1.835000,18.807995
7918,18.807966,14.956505,16.240324,17.524145,18.929309,1.835000,18.807966
7919,18.807937,14.956478,16.240296,17.524117,18.929280,1.835000,18.807937
7920,18.807908,14.956451,16.240268,17.524088,18.929252,1.835000,18.807908
7921,18.807878,14.956423,16.240240,17.524059,18.929223,1.835000,18.807878
7922,18.807849,14.956396,16.240213,17.524031,18.929195,1.835000,18.807849
7923,18.807820,14.956369,16.240185,17.524002,18.929166,1.835000,18.807820
7924,18.807791,14.956342,16.240157,17.523974,18.929137,1.835000,18.807791
7925,18.807761,14.956314,16.240129,17.523945,18.929109,1.835000,18.807761
7926,18.807732,14.956287,16.240101,17.523917,18.929080,1.835000,18.807732
7927,18.807703,14.956260,16.240073,17.523888,18.929052,1.835000,18.807703
7928,18.807674,14.956233,16.240045,17.523859,18.929023,1.835000,18.807674
7929,18.807645,14.956205,16.240017,17.523831,18.928995,1.835000,18.807645
7930,18.807615,14.956178,16.239989,17.523802,18.928966,1.835000,18.807615
7931,18.807586,14.956151,16.239961,17.523774,18.928938,1.835000,18.807586
7932,18.807557,14.956123,16.239933,17.523745,18.928909,1.835000,18.807557
7933,18.807528,14.956096,16.239905,17.523717,18.928880,1.835000,18.807528
7934,18.807499,14.956069,16.239878,17.523688,18.928852,1.835000,18.807499
7935,18.807469,14.956042,16.239850,17.523660,18.928823,1.835000,18.807469
7936,18.807440,14.956015,16.239822,17.523631,18.928795,1.835000,18.807440
7937,18.807411,14.955987,16.239794,17.523602,18.928766,1.835000,18.807411
7938,18.807382,14.955960,16.239766,17.523574,18.928738,1.835000,18.807382
7939,18.807353,14.955933,16.239738,17.523545,18.928709,1.835000,18.807353
7940,18.807323,14.955906,16.239710,17.523517,18.928681,1.835000,18.807323
7941,18.807294,14.955878,16.239682,17.523488,18.928652,1.835000,18.807294
7942,18.807265,14.955851,16.239655,17.523460,18.928624,1.835000,18.807265
7943,18.807236,14.955824,16.239627,17.523431,18.928595,1.835000,18.807236
7944,18.807207,14.955797,16.239599,17.523403,18.928567,1.835000,18.807207
7945,18.807178,14.955770,16.239571,17.523374,18.928538,1.835000,18.807178
7946,18.807148,14.955742,16.239543,17.523346,18.928510,1.835000,18.807148
7947,18.807119,14.955715,16.239515,17.523317,18.928481,1.835000,18.807119
7948,18.807090,14.955688,16.239487,17.523289,18.928453,1.835000,18.807090
7949,18.807061,14.955661,16.239460,17.523260,18.928424,1.835000,18.807061
7950,18.807032,14.955634,16.239432,17.523232,18.928396,1.835000,18.807032
7951,18.807003,14.955606,16.239404,17.523203,18.928367,1.835000,18.807003
7952,18.806974,14.955579,16.239376,17.523175,18.928339,1.835000,18.806974
7953,18.806945,14.955552,16.239348,17.523146,18.928310,1.835000,18.806945
7954,18.806915,14.955525,16.239320,17.523118,18.928282,1.835000,18.806915
7955,18.806886,14.955498,16.239293,17.523089,18.928253,1.835000,18.806886
7956,18.806857,14.955471,16.239265,17.523061,18.928225,1.835000,18.806857
7957,18.806828,14.955443,16.239237,17.523032,18.928196,1.835000,18.806828
7958,18.806799,14.955416,16.239209,17.523004,18.928168,1.835000,18.806799
7959,18.806770,14.955389,16.239181,17.522976,18.928139,1.835000,18.806770
7960,18.806741,14.955362,16.239154,17.522947,18.928111,1.835000,18.806741
7961,18.806712,14.955335,16.239126,17.522919,18.928082,1.835000,18.806712
7962,18.806683,14.955308,16.239098,17.522890,18.928054,1.835000,18.806683
7963,18.806653,14.955280,16.239070,17.522862,18.928026,1.835000,18.806653
7964,18.806624,14.955253,16.239042,17.522833,18.927997,1.835000,18.806624
7965,18.806595,14.955226,16.239015,17.522805,18.927969,1.835000,18.806595
7966,18.806566,14.955199,16.238987,17.522776,18.927940,1.835000,18.806566
7967,18.806537,14.955172,16.238959,17.522748,18.927912,1.835000,18.806537
7968,18.806508,14.955145,16.238931,17.522720,18.927883,1.835000,18.806508
7969,18.806479,14.955118,16.238903,17.522691,18.927855,1.835000,18.806479
7970,18.806450,14.955091,16.238876,17.522663,18.927827,1.835000,18.806450
7971,18.806421,14.955063,16.238848,17.522634,18.927798,1.835000,18.806421
7972,18.806392,14.955036,16.238820,17.522606,18.927770,1.835000,18.806392
7973,18.806363,14.955009,16.238792,17.522578,18.927741,1.835000,18.806363
7974,18.806334,14.954982,16.238765,17.522549,18.927713,1.835000,18.806334
7975,18.806305,14.954955,16.238737,17.522521,18.927685,1.835000,18.806305
7976,18.806276,14.954928,16.238709,17.522492,18.927656,1.835000,18.806276
7977,18.806247,14.954901,16.238681,17.522464,18.927628,1.835000,18.806247
7978,18.806218,14.954874,16.238654,17.522436,18.927599,1.835000,18.806218
7979,18.806188,14.954847,16.238626,17.522407,18.927571,1.835000,18.806188
7980,18.806159,14.954819,16.238598,17.522379,18.927543,1.835000,18.806159
7981,18.806130,14.954792,16.238570,17.522350,18.927514,1.835000,18.806130
7982,18.806101,14.954765,16.238543,17.522322,18.927486,1.835000,18.806101
7983,18.806072,14.954738,16.238515,17.522294,18.927457,1.835000,18.806072
7984,18.806043,14.954711,16.238487,17.522265,18.927429,1.835000,18.806043
7985,18.806014,14.954684,16.238460,17.522237,18.927401,1.835000,18.806014
7986,18.805985,14.954657,16.238432,17.522209,18.927372,1.835000,18.805985
7987,18.805956,14.954630,16.238404,17.522180,18.927344,1.835000,18.805956
7988,18.805927,14.954603,16.238376,17.522152,18.927316,1.835000,18.805927
7989,18.805898,14.954576,16.238349,17.522124,18.927287,1.835000,18.805898
7990,18.805869,14.954549,16.238321,17.522095,18.927259,1.835000,18.805869
7991,18.805840,14.954522,16.238293,17.522067,18.927231,1.835000,18.805840
7992,18.805811,14.954495,16.238266,17.522039,18.927202,1.835000,18.805811
7993,18.805782,14.954468,16.238238,17.522010,18.927174,1.835000,18.805782
7994,18.805753,14.954441,16.238210,17.521982,18.927146,1.835000,18.805753
7995,18.805724,14.954414,16.238183,17.521954,18.927117,1.835000,18.805724
7996,18.805695,14.954387,16.238155,17.521925,18.927089,1.835000,18.805695
7997,18.805667,14.954360,16.238127,17.521897,18.927061,1.835000,18.805667
7998,18.805638,14.954333,16.238100,17.521869,18.927032,1.835000,18.805638
7999,18.805609,14.954305,16.238072,17.521840,18.927004,1.835000,18.805609
8000,18.805580,14.954278,16.238044,17.521812,18.926976,1.835000,18.805580
8001,18.805551,14.954251,16.238017,17.521784,18.926947,1.835000,18.805551
8002,18.805522,14.954224,16.237989,17.521755,18.926919,1.835000,18.805522
8003,18.805493,14.954197,16.237961,17.521727,18.926891,1.835000,18.805493
8004,18.805464,14.954170,16.237934,17.521699,18.926863,1.835000,18.805464
8005,18.805435,14.954143,16.237906,17.521670,18.926834,1.835000,18.805435
8006,18.805406,14.954116,16.237878,17.521642,18.926806,1.835000,18.805406
8007,18.805377,14.954089,16.237851,17.521614,18.926778,1.835000,18.805377
8008,18.805348,14.954062,16.237823,17.521586,18.926749,1.835000,18.805348
8009,18.805319,14.954035,16.237795,17.521557,18.926721,1.835000,18.805319
8010,18.805290,14.954008,16.237768,17.521529,18.926693,1.835000,18.805290
8011,18.805261,14.953981,16.237740,17.521501,18.926665,1.835000,18.805261
8012,18.805232,14.953955,16.237713,17.521472,18.926636,1.835000,18.805232
8013,18.805204,14.953928,16.237685,17.521444,18.926608,1.835000,18.805204
8014,18.805175,14.953901,16.237657,17.521416,18.926580,1.835000,18.805175
8015,18.805146,14.953874,16.237630,17.521388,18.926551,1.835000,18.805146
8016,18.805117,14.953847,16.237602,17.521359,18.926523,1.835000,18.805117
8017,18.805088,14.953820,16.237574,17.521331,18.926495,1.835000,18.805088
8018,18.805059,14.953793,16.237547,17.521303,18.926467,1.835000,18.805059
8019,18.805030,14.953766,16.237519,17.521275,18.926438,1.835000,18.805030
8020,18.805001,14.953739,16.237492,17.521246,18.926410,1.835000,18.805001
8021,18.804972,14.953712,16.237464,17.521218,18.926382,1.835000,18.804972
8022,18.804943,14.953685,16.237436,17.521190,18.926354,1.835000,18.804943
8023,18.804915,14.953658,16.237409,17.521162,18.926326,1.835000,18.804915
8024,18.804886,14.953631,16.237381,17.521134,18.926297,1.835000,18.804886
8025,18.804857,14.953604,16.237354,17.521105,18.926269,1.835000,18.804857
8026,18.804828,14.953577,16.237326,17.521077,18.926241,1.835000,18.804828
8027,18.804799,14.953550,16.237299,17.521049,18.926213,1.835000,18.804799
8028,18.804770,14.953523,16.237271,17.521021,18.926184,1.835000,18.804770
8029,18.804741,14.953496,16.237243,17.520992,18.926156,1.835000,18.804741
8030,18.804713,14.953469,16.237216,17.520964,18.926128,1.835000,18.804713
8031,18.804684,14.953443,16.237188,17.520936,18.926100,1.835000,18.804684
8032,18.804655,14.953416,16.237161,17.520908,18.926072,1.835000,18.804655
8033,18.804626,14.953389,16.237133,17.520880,18.926043,1.835000,18.804626
8034,18.804597,14.953362,16.237106,17.520851,18.926015,1.835000,18.804597
8035,18.804568,14.953335,16.237078,17.520823,18.925987,1.835000,18.804568
8036,18.804540,14.953308,16.237051,17.520795,18.925959,1.835000,18.804540
8037,18.804511,14.953281,16.237023,17.520767,18.925931,1.835000,18.804511
8038,18.804482,14.953254,16.236996,17.520739,18.925903,1.835000,18.804482
8039,18.804453,14.953227,16.236968,17.520711,18.925874,1.835000,18.804453
8040,18.804424,14.953200,16.236940,17.520682,18.925846,1.835000,18.804424
8041,18.804395,14.953174,16.236913,17.520654,18.925818,1.835000,18.804395
8042,18.804367,14.953147,16.236885,17.520626,18.925790,1.835000,18.804367
8043,18.804338,14.953120,16.236858,17.520598,18.925762,1.835000,18.804338
8044,18.804309,14.953093,16.236830,17.520570,18.925734,1.835000,18.804309
8045,18.804280,14.953066,16.236803,17.520542,18.925705,1.835000,18.804280
8046,18.804252,14.953039,16.236775,17.520513,18.925677,1.835000,18.804252
8047,18.804223,14.953012,16.236748,17.520485,18.925649,1.835000,18.804223
8048,18.804194,14.952986,16.236720,17.520457,18.925621,1.835000,18.804194
8049,18.804165,14.952959,16.236693,17.520429,18.925593,1.835000,18.804165
8050,18.804136,14.952932,16.236665,17.520401,18.925565,1.835000,18.804136
8051,18.804108,14.952905,16.236638,17.520373,18.925537,1.835000,18.804108
8052,18.804079,14.952878,16.236610,17.520345,18.925508,1.835000,18.804079
8053,18.804050,14.952851,16.236583,17.520317,18.925480,1.835000,18.804050
8054,18.804021,14.952824,16.236555,17.520288,18.925452,1.835000,18.804021
8055,18.803993,14.952798,16.236528,17.520260,18.925424,1.835000,18.803993
8056,18.803964,14.952771,16.236501,17.520232,18.925396,1.835000,18.803964
8057,18.803935,14.952744,16.236473,17.520204,18.925368,1.835000,18.803935
8058,18.803906,14.952717,16.236446,17.520176,18.925340,1.835000,18.803906
8059,18.803878,14.952690,16.236418,17.520148,18.925312,1.835000,18.803878
8060,18.803849,14.952664,16.236391,17.520120,18.925284,1.835000,18.803849
8061,18.803820,14.952637,16.236363,17.520092,18.925255,1.835000,18.803820
8062,18.803791,14.952610,16.236336,17.520064,18.925227,1.835000,18.803791
8063,18.803763,14.952583,16.236308,17.520035,18.925199,1.835000,18.803763
8064,18.803734,14.952556,16.236281,17.520007,18.925171,1.835000,18.803734
8065,18.803705,14.952529,16.236253,17.519979,18.925143,1.835000,18.803705
8066,18.803676,14.952503,16.236226,17.519951,18.925115,1.835000,18.803676
8067,18.803648,14.952476,16.236199,17.519923,18.925087,1.835000,18.803648
8068,18.803619,14.952449,16.236171,17.519895,18.925059,1.835000,18.803619
8069,18.803590,14.952422,16.236144,17.519867,18.925031,1.835000,18.803590
8070,18.803562,14.952396,16.236116,17.519839,18.925003,1.835000,18.803562
8071,18.803533,14.952369,16.236089,17.519811,18.924975,1.835000,18.803533
8072,18.803504,14.952342,16.236061,17.519783,18.924947,1.835000,18.803504
8073,18.803475,14.952315,16.236034,17.519755,18.924919,1.835000,18.803475
8074,18.803447,14.952288,16.236007,17.519727,18.924891,1.835000,18.803447
8075,18.803418,14.952262,16.235979,17.519699,18.924862,1.835000,18.803418
8076,18.803389,14.952235,16.235952,17.519671,18.924834,1.835000,18.803389
8077,18.803361,14.952208,16.235924,17.519643,18.924806,1.835000,18.803361
8078,18.803332,14.952181,16.235897,17.519615,18.924778,1.835000,18.803332
8079,18.803303,14.952155,16.235870,17.519586,18.924750,1.835000,18.803303
8080,18.803275,14.952128,16.235842,17.519558,18.924722,1.835000,18.803275
8081,18.803246,14.952101,16.235815,17.519530,18.924694,1.835000,18.803246
8082,18.803217,14.952074,16.235787,17.519502,18.924666,1.835000,18.803217
8083,18.803189,14.952048,16.235760,17.519474,18.924638,1.835000,18.803189
8084,18.803160,14.952021,16.235733,17.519446,18.924610,1.835000,18.803160
8085,18.803131,14.951994,16.235705,17.519418,18.924582,1.835000,18.803131
8086,18.803103,14.951967,16.235678,17.519390,18.924554,1.835000,18.803103
8087,18.803074,14.951941,16.235651,17.519362,18.924526,1.835000,18.803074
8088,18.803045,14.951914,16.235623,17.519334,18.924498,1.835000,18.803045
8089,18.803017,14.951887,16.235596,17.519306,18.924470,1.835000,18.803017
8090,18.802988,14.951861,16.235568,17.519278,18.924442,1.835000,18.802988
8091,18.802960,14.951834,16.235541,17.519250,18.924414,1.835000,18.802960
8092,18.802931,14.951807,16.235514,17.519222,18.924386,1.835000,18.802931
8093,18.802902,14.951780,16.235486,17.519194,18.924358,1.835000,18.802902
8094,18.802874,14.951754,16.235459,17.519166,18.924330,1.835000,18.802874
8095,18.802845,14.951727,16.235432,17.519138,18.924302,1.835000,18.802845
8096,18.802816,14.951700,16.235404,17.519110,18.924274,1.835000,18.802816
8097,18.802788,14.951674,16.235377,17.519082,18.924246,1.835000,18.802788
8098,18.802759,14.951647,16.235350,17.519055,18.924218,1.835000,18.802759
8099,18.802731,14.951620,16.235322,17.519027,18.924190,1.835000,18.802731
8100,18.802702,14.951594,16.235295,17.518999,18.924162,1.835000,18.802702
8101,18.802673,14.951567,16.235268,17.518971,18.924134,1.835000,18.802673
8102,18.802645,14.951540,16.235240,17.518943,18.924106,1.835000,18.802645
8103,18.802616,14.951513,16.235213,17.518915,18.924079,1.835000,18.802616
8104,18.802588,14.951487,16.235186,17.518887,18.924051,1.835000,18.802588
8105,18.802559,14.951460,16.235159,17.518859,18.924023,1.835000,18.802559
8106,18.802531,14.951433,16.235131,17.518831,18.923995,1.835000,18.802531
8107,18.802502,14.951407,16.235104,17.518803,18.923967,1.835000,18.802502
8108,18.802473,14.951380,16.235077,17.518775,18.923939,1.835000,18.802473
8109,18.802445,14.951354,16.235049,17.518747,18.923911,1.835000,18.802445
8110,18.802416,14.951327,16.235022,17.518719,18.923883,1.835000,18.802416
8111,18.802388,14.951300,16.234995,17.518691,18.923855,1.835000,18.802388
8112,18.802359,14.951274,16.234967,17.518663,18.923827,1.835000,18.802359
8113,18.802331,14.951247,16.234940,17.518635,18.923799,1.835000,18.802331
8114,18.802302,14.951220,16.234913,17.518607,18.923771,1.835000,18.802302
8115,18.802274,14.951194,16.234886,17.518580,18.923743,1.835000,18.802274
8116,18.802245,14.951167,16.234858,17.518552,18.923715,1.835000,18.802245
8117,18.802216,14.951140,16.234831,17.518524,18.923688,1.835000,18.802216
8118,18.802188,14.951114,16.234804,17.518496,18.923660,1.835000,18.802188
8119,18.802159,14.951087,16.234777,17.518468,18.923632,1.835000,18.802159
8120,18.802131,14.951061,16.234749,17.518440,18.923604,1.835000,18.802131
8121,18.802102,14.951034,16.234722,17.518412,18.923576,1.835000,18.802102
8122,18.802074,14.951007,16.234695,17.518384,18.923548,1.835000,18.802074
8123,18.802045,14.950981,16.234668,17.518356,18.923520,1.835000,18.802045
8124,18.802017,14.950954,16.234640,17.518329,18.923492,1.835000,18.802017
8125,18.801988,14.950927,16.234613,17.518301,18.923464,1.835000,18.801988
8126,18.801960,14.950901,16.234586,17.518273,18.923437,1.835000,18.801960
8127,18.801931,14.950874,16.234559,17.518245,18.923409,1.835000,18.801931
8128,18.801903,14.950848,16.234531,17.518217,18.923381,1.835000,18.801903
8129,18.801874,14.950821,16.234504,17.518189,18.923353,1.835000,18.801874
8130,18.801846,14.950794,16.234477,17.518161,18.923325,1.835000,18.801846
8131,18.801817,14.950768,16.234450,17.518133,18.923297,1.835000,18.801817
8132,18.801789,14.950741,16.234423,17.518106,18.923269,1.835000,18.801789
8133,18.801760,14.950715,16.234395,17.518078,18.923242,1.835000,18.801760
8134,18.801732,14.950688,16.234368,17.518050,18.923214,1.835000,18.801732
8135,18.801703,14.950662,16.234341,17.518022,18.923186,1.835000,18.801703
8136,18.801675,14.950635,16.234314,17.517994,18.923158,1.835000,18.801675
8137,18.801646,14.950608,16.234287,17.517966,18.923130,1.835000,18.801646
8138,18.801618,14.950582,16.234259,17.517939,18.923102,1.835000,18.801618
8139,18.801589,14.950555,16.234232,17.517911,18.923075,1.835000,18.801589
8140,18.801561,14.950529,16.234205,17.517883,18.923047,1.835000,18.801561
8141,18.801533,14.950502,16.234178,17.517855,18.923019,1.835000,18.801533
8142,18.801504,14.950476,16.234151,17.517827,18.922991,1.835000,18.801504
8143,18.801476,14.950449,16.234123,17.517800,18.922963,1.835000,18.801476
8144,18.801447,14.950423,16.234096,17.517772,18.922936,1.835000,18.801447
8145,18.801419,14.950396,16.234069,17.517744,18.922908,1.835000,18.801419
8146,18.801390,14.950370,16.234042,17.517716,18.922880,1.835000,18.801390
8147,18.801362,14.950343,16.234015,17.517688,18.922852,1.835000,18.801362
8148,18.801333,14.950316,16.233988,17.517660,18.922824,1.835000,18.801333
8149,18.801305,14.950290,16.233960,17.517633,18.922797,1.835000,18.801305
8150,18.801277,14.950263,16.233933,17.517605,18.922769,1.835000,18.801277
8151,18.801248,14.950237,16.233906,17.517577,18.922741,1.835000,18.801248
8152,18.801220,14.950210,16.233879,17.517549,18.922713,1.835000,18.801220
8153,18.801191,14.950184,16.233852,17.517522,18.922685,1.835000,18.801191
8154,18.801163,14.950157,16.233825,17.517494,18.922658,1.835000,18.801163
8155,18.801135,14.950131,16.233798,17.517466,18.922630,1.835000,18.801135
8156,18.801106,14.950104,16.233770,17.517438,18.922602,1.835000,18.801106
8157,18.801078,14.950078,16.233743,17.517410,18.922574,1.835000,18.801078
8158,18.801049,14.950051,16.233716,17.517383,18.922547,1.835000,18.801049
8159,18.801021,14.950025,16.233689,17.517355,18.922519,1.835000,18.801021
8160,18.800993,14.949998,16.233662,17.517327,18.922491,1.835000,18.800993
8161,18.800964,14.949972,16.233635,17.517299,18.922463,1.835000,18.800964
8162,18.800936,14.949945,16.233608,17.517272,18.922436,1.835000,18.800936
8163,18.800907,14.949919,16.233581,17.517244,18.922408,1.835000,18.800907
8164,18.800879,14.949892,16.233553,17.517216,18.922380,1.835000,18.800879
8165,18.800851,14.949866,16.233526,17.517188,18.922352,1.835000,18.800851
8166,18.800822,14.949840,16.233499,17.517161,18.922325,1.835000,18.800822
8167,18.800794,14.949813,16.233472,17.517133,18.922297,1.835000,18.800794
8168,18.800766,14.949787,16.233445,17.517105,18.922269,1.835000,18.800766
8169,18.800737,14.949760,16.233418,17.517078,18.922241,1.835000,18.800737
8170,18.800709,14.949734,16.233391,17.517050,18.922214,1.835000,18.800709
8171,18.800680,14.949707,16.233364,17.517022,18.922186,1.835000,18.800680
8172,18.800652,14.949681,16.233337,17.516994,18.922158,1.835000,18.800652
8173,18.800624,14.949654,16.233310,17.516967,18.922130,1.835000,18.800624
8174,18.800595,14.949628,16.233283,17.516939,18.922103,1.835000,18.800595
8175,18.800567,14.949601,16.233255,17.516911,18.922075,1.835000,18.800567
8176,18.800539,14.949575,16.233228,17.516884,18.922047,1.835000,18.800539
8177,18.800510,14.949549,16.233201,17.516856,18.922020,1.835000,18.800510
8178,18.800482,14.949522,16.233174,17.516828,18.921992,1.835000,18.800482
8179,18.800454,14.949496,16.233147,17.516800,18.921964,1.835000,18.800454
8180,18.800425,14.949469,16.233120,17.516773,18.921937,1.835000,18.800425
8181,18.800397,14.949443,16.233093,17.516745,18.921909,1.835000,18.800397
8182,18.800369,14.949416,16.233066,17.516717,18.921881,1.835000,18.800369
8183,18.800341,14.949390,16.233039,17.516690,18.921854,1.835000,18.800341
8184,18.800312,14.949364,16.233012,17.516662,18.921826,1.835000,18.800312
8185,18.800284,14.949337,16.232985,17.516634,18.921798,1.835000,18.800284
8186,18.800256,14.949311,16.232958,17.516607,18.921771,1.835000,18.800256
8187,18.800227,14.949284,16.232931,17.516579,18.921743,1.835000,18.800227
8188,18.800199,14.949258,16.232904,17.516551,18.921715,1.835000,18.800199
8189,18.800171,14.949232,16.232877,17.516524,18.921688,1.835000,18.800171
8190,18.800142,14.949205,16.232850,17.516496,18.921660,1.835000,18.800142
8191,18.800114,14.949179,16.232823,17.516468,18.921632,1.835000,18.800114
8192,18.800086,14.949152,16.232796,17.516441,18.921605,1.835000,18.800086
8193,18.800058,14.949126,16.232769,17.516413,18.921577,1.835000,18.800058
8194,18.800029,14.949100,16.232742,17.516386,18.921549,1.835000,18.800029
8195,18.800001,14.949073,16.232715,17.516358,18.921522,1.835000,18.800001
8196,18.799973,14.949047,16.232688,17.516330,18.921494,1.835000,18.799973
8197,18.799945,14.949021,16.232661,17.516303,18.921466,1.835000,18.799945
8198,18.799916,14.948994,16.232634,17.516275,18.921439,1.835000,18.799916
8199,18.799888,14.948968,16.232607,17.516247,18.921411,1.835000,18.799888
8200,18.799860,14.948942,16.232580,17.516220,18.921384,1.835000,18.799860
8201,18.799832,14.948915,16.232553,17.516192,18.921356,1.835000,18.799832
8202,18.799803,14.948889,16.232526,17.516165,18.921328,1.835000,18.799803
8203,18.799775,14.948862,16.232499,17.516137,18.921301,1.835000,18.799775
8204,18.799747,14.948836,16.232472,17.516109,18.921273,1.835000,18.799747
8205,18.799719,14.948810,16.232445,17.516082,18.921246,1.835000,18.799719
8206,18.799690,14.948783,16.232418,17.516054,18.921218,1.835000,18.799690
8207,18.799662,14.948757,16.232391,17.516027,18.921190,1.835000,18.799662
8208,18.799634,14.948731,16.232364,17.515999,18.921163,1.835000,18.799634
8209,18.799606,14.948704,16.232337,17.515971,18.921135,1.835000,18.799606
8210,18.799578,14.948678,16.232310,17.515944,18.921108,1.835000,18.799578
8211,18.799549,14.948652,16.232283,17.515916,18.921080,1.835000,18.799549
8212,18.799521,14.948625,16.232256,17.515889,18.921052,1.835000,18.799521
8213,18.799493,14.948599,16.232229,17.515861,18.921025,1.835000,18.799493
8214,18.799465,14.948573,16.232202,17.515833,18.920997,1.835000,18.799465
8215,18.799436,14.948547,16.232175,17.515806,18.920970,1.835000,18.799436
8216,18.799408,14.948520,16.232148,17.515778,18.920942,1.835000,18.799408
8217,18.799380,14.948494,16.232121,17.515751,18.920915,1.835000,18.799380
8218,18.799352,14.948468,16.232094,17.515723,18.920887,1.835000,18.799352
8219,18.799324,14.948441,16.232068,17.515696,18.920859,1.835000,18.799324
8220,18.799296,14.948415,16.232041,17.515668,18.920832,1.835000,18.799296
8221,18.799267,14.948389,16.232014,17.515641,18.920804,1.835000,18.799267
8222,18.799239,14.948362,16.231987,17.515613,18.920777,1.835000,18.799239
8223,18.799211,14.948336,16.231960,17.515585,18.920749,1.835000,18.799211
8224,18.799183,14.948310,16.231933,17.515558,18.920722,1.835000,18.799183
8225,18.799155,14.948284,16.231906,17.515530,18.920694,1.835000,18.799155
8226,18.799127,14.948257,16.231879,17.515503,18.920667,1.835000,18.799127
8227,18.799098,14.948231,16.231852,17.515475,18.920639,1.835000,18.799098
8228,18.799070,14.948205,16.231825,17.515448,18.920612,1.835000,18.799070
8229,18.799042,14.948178,16.231798,17.515420,18.920584,1.835000,18.799042
8230,18.799014,14.948152,16.231772,17.515393,18.920557,1.835000,18.799014
8231,18.798986,14.948126,16.231745,17.515365,18.920529,1.835000,18.798986
8232,18.798958,14.948100,16.231718,17.515338,18.920501,1.835000,18.798958
8233,18.798929,14.948073,16.231691,17.515310,18.920474,1.835000,18.798929
8234,18.798901,14.948047,16.231664,17.515283,18.920446,1.835000,18.798901
8235,18.798873,14.948021,16.231637,17.515255,18.920419,1.835000,18.798873
8236,18.798845,14.947995,16.231610,17.515228,18.920391,1.835000,18.798845
8237,18.798817,14.947968,16.231583,17.515200,18.920364,1.835000,18.798817
8238,18.798789,14.947942,16.231557,17.515173,18.920336,1.835000,18.798789
8239,18.798761,14.947916,16.231530,17.515145,18.920309,1.835000,18.798761
8240,18.798733,14.947890,16.231503,17.515118,18.920282,1.835000,18.798733
8241,18.798705,14.947864,16.231476,17.515090,18.920254,1.835000,18.798705
8242,18.798676,14.947837,16.231449,17.515063,18.920227,1.835000,18.798676
8243,18.798648,14.947811,16.231422,17.515035,18.920199,1.835000,18.798648
8244,18.798620,14.947785,16.231395,17.515008,18.920172,1.835000,18.798620
8245,18.798592,14.947759,16.231369,17.514980,18.920144,1.835000,18.798592
8246,18.798564,14.947732,16.231342,17.514953,18.920117,1.835000,18.798564
8247,18.798536,14.947706,16.231315,17.514925,18.920089,1.835000,18.798536
8248,18.798508,14.947680,16.231288,17.514898,18.920062,1.835000,18.798508
8249,18.798480,14.947654,16.231261,17.514870,18.920034,1.835000,18.798480
8250,18.798452,14.947628,16.231234,17.514843,18.920007,1.835000,18.798452
8251,18.798424,14.947601,16.231208,17.514816,18.919979,1.835000,18.798424
8252,18.798396,14.947575,16.231181,17.514788,18.919952,1.835000,18.798396
8253,18.798367,14.947549,16.231154,17.514761,18.919925,1.835000,18.798367
8254,18.798339,14.947523,16.231127,17.514733,18.919897,1.835000,18.798339
8255,18.798311,14.947497,16.231100,17.514706,18.919870,1.835000,18.798311
8256,18.798283,14.947470,16.231073,17.514678,18.919842,1.835000,18.798283
8257,18.798255,14.947444,16.231047,17.514651,18.919815,1.835000,18.798255
8258,18.798227,14.947418,16.231020,17.514624,18.919787,1.835000,18.798227
8259,18.798199,14.947392,16.230993,17.514596,18.919760,1.835000,18.798199
8260,18.798171,14.947366,16.230966,17.514569,18.919732,1.835000,18.798171
8261,18.798143,14.947340,16.230940,17.514541,18.919705,1.835000,18.798143
8262,18.798115,14.947313,16.230913,17.514514,18.919678,1.835000,18.798115
8263,18.798087,14.947287,16.230886,17.514486,18.919650,1.835000,18.798087
8264,18.798059,14.947261,16.230859,17.514459,18.919623,1.835000,18.798059
8265,18.798031,14.947235,16.230832,17.514432,18.919595,1.835000,18.798031
8266,18.798003,14.947209,16.230806,17.514404,18.919568,1.835000,18.798003
8267,18.797975,14.947183,16.230779,17.514377,18.919541,1.835000,18.797975
8268,18.797947,14.947157,16.230752,17.514349,18.919513,1.835000,18.797947
8269,18.797919,14.947130,16.230725,17.514322,18.919486,1.835000,18.797919
8270,18.797891,14.947104,16.230699,17.514295,18.919458,1.835000,18.797891
8271,18.797863,14.947078,16.230672,17.514267,18.919431,1.835000,18.797863
8272,18.797835,14.947052,16.230645,17.514240,18.919404,1.835000,18.797835
8273,18.797807,14.947026,16.230618,17.514213,18.919376,1.835000,18.797807
8274,18.797779,14.947000,16.230592,17.514185,18.919349,1.835000,18.797779
8275,18.797751,14.946974,16.230565,17.514158,18.919322,1.835000,18.797751
8276,18.797723,14.946948,16.230538,17.514130,18.919294,1.835000,18.797723
8277,18.797695,14.946921,16.230511,17.514103,18.919267,1.835000,18.797695
8278,18.797667,14.946895,16.230485,17.514076,18.919240,1.835000,18.797667
8279,18.797639,14.946869,16.230458,17.514048,18.919212,1.835000,18.797639
8280,18.797611,14.946843,16.230431,17.514021,18.919185,1.835000,18.797611
8281,18.797583,14.946817,16.230404,17.513994,18.919157,1.835000,18.797583
8282,18.797555,14.946791,16.230378,17.513966,18.919130,1.835000,18.797555
8283,18.797527,14.946765,16.230351,17.513939,18.919103,1.835000,18.797527
8284,18.797499,14.946739,16.230324,17.513912,18.919075,1.835000,18.797499
8285,18.797471,14.946713,16.230298,17.513884,18.919048,1.835000,18.797471
8286,18.797443,14.946687,16.230271,17.513857,18.919021,1.835000,18.797443
8287,18.797415,14.946660,16.230244,17.513830,18.918993,1.835000,18.797415
8288,18.797387,14.946634,16.230217,17.513802,18.918966,1.835000,18.797387
8289,18.797359,14.946608,16.230191,17.513775,18.918939,1.835000,18.797359
8290,18.797331,14.946582,16.230164,17.513748,18.918911,1.835000,18.797331
8291,18.797303,14.946556,16.230137,17.513720,18.918884,1.835000,18.797303
8292,18.797275,14.946530,16.230111,17.513693,18.918857,1.835000,18.797275
8293,18.797247,14.946504,16.230084,17.513666,18.918830,1.835000,18.797247
8294,18.797220,14.946478,16.230057,17.513638,18.918802,1.835000,18.797220
8295,18.797192,14.946452,16.230031,17.513611,18.918775,1.835000,18.797192
8296,18.797164,14.946426,16.230004,17.513584,18.918748,1.835000,18.797164
8297,18.797136,14.946400,16.229977,17.513556,18.918720,1.835000,18.797136
8298,18.797108,14.946374,16.229951,17.513529,18.918693,1.835000,18.797108
8299,18.797080,14.946348,16.229924,17.513502,18.918666,1.835000,18.797080
8300,18.797052,14.946322,16.229897,17.513475,18.918638,1.835000,18.797052
8301,18.797024,14.946296,16.229871,17.513447,18.918611,1.835000,18.797024
8302,18.796996,14.946270,16.229844,17.513420,18.918584,1.835000,18.796996
8303,18.796968,14.946244,16.229817,17.513393,18.918557,1.835000,18.796968
8304,18.796940,14.946218,16.229791,17.513366,18.918529,1.835000,18.796940
8305,18.796913,14.946191,16.229764,17.513338,18.918502,1.835000,18.796913
8306,18.796885,14.946165,16.229737,17.513311,18.918475,1.835000,18.796885
8307,18.796857,14.946139,16.229711,17.513284,18.918448,1.835000,18.796857
8308,18.796829,14.946113,16.229684,17.513256,18.918420,1.835000,18.796829
8309,18.796801,14.946087,16.229657,17.513229,18.918393,1.835000,18.796801
8310,18.796773,14.946061,16.229631,17.513202,18.918366,1.835000,18.796773
8311,18.796745,14.946035,16.229604,17.513175,18.918338,1.835000,18.796745
8312,18.796717,14.946009,16.229577,17.513147,18.918311,1.835000,18.796717
8313,18.796690,14.945983,16.229551,17.513120,18.918284,1.835000,18.796690
8314,18.796662,14.945957,16.229524,17.513093,18.918257,1.835000,18.796662
8315,18.796634,14.945931,16.229498,17.513066,18.918230,1.835000,18.796634
8316,18.796606,14.945905,16.229471,17.513038,18.918202,1.835000,18.796606
8317,18.796578,14.945879,16.229444,17.513011,18.918175,1.835000,18.796578
8318,18.796550,14.945853,16.229418,17.512984,18.918148,1.835000,18.796550
8319,18.796522,14.945827,16.229391,17.512957,18.918121,1.835000,18.796522
8320,18.796495,14.945801,16.229365,17.512930,18.918093,1.835000,18.796495
8321,18.796467,14.945775,16.229338,17.512902,18.918066,1.835000,18.796467
8322,18.796439,14.945750,16.229311,17.512875,18.918039,1.835000,18.796439
8323,18.796411,14.945724,16.229285,17.512848,18.918012,1.835000,18.796411
8324,18.796383,14.945698,16.229258,17.512821,18.917985,1.835000,18.796383
8325,18.796355,14.945672,16.229232,17.512794,18.917957,1.835000,18.796355
8326,18.796328,14.945646,16.229205,17.512766,18.917930,1.835000,18.796328
8327,18.796300,14.945620,16.229178,17.512739,18.917903,1.835000,18.796300
8328,18.796272,14.945594,16.229152,17.512712,18.917876,1.835000,18.796272
8329,18.796244,14.945568,16.229125,17.512685,18.917849,1.835000,18.796244
8330,18.796216,14.945542,16.229099,17.512658,18.917821,1.835000,18.796216
8331,18.796188,14.945516,16.229072,17.512630,18.917794,1.835000,18.796188
8332,18.796161,14.945490,16.229046,17.512603,18.917767,1.835000,18.796161
8333,18.796133,14.945464,16.229019,17.512576,18.917740,1.835000,18.796133
8334,18.796105,14.945438,16.228993,17.512549,18.917713,1.835000,18.796105
8335,18.796077,14.945412,16.228966,17.512522,18.917685,1.835000,18.796077
8336,18.796050,14.945386,16.228939,17.512494,18.917658,1.835000,18.796050
8337,18.796022,14.945360,16.228913,17.512467,18.917631,1.835000,18.796022
8338,18.795994,14.945334,16.228886,17.512440,18.917604,1.835000,18.795994
8339,18.795966,14.945308,16.228860,17.512413,18.917577,1.835000,18.795966
8340,18.795938,14.945283,16.228833,17.512386,18.917550,1.835000,18.795938
8341,18.795911,14.945257,16.228807,17.512359,18.917522,1.835000,18.795911
8342,18.795883,14.945231,16.228780,17.512332,18.917495,1.835000,18.795883
8343,18.795855,14.945205,16.228754,17.512304,18.917468,1.835000,18.795855
8344,18.795827,14.945179,16.228727,17.512277,18.917441,1.835000,18.795827
8345,18.795800,14.945153,16.228701,17.512250,18.917414,1.835000,18.795800
8346,18.795772,14.945127,16.228674,17.512223,18.917387,1.835000,18.795772
8347,18.795744,14.945101,16.228648,17.512196,18.917360,1.835000,18.795744
8348,18.795716,14.945075,16.228621,17.512169,18.917332,1.835000,18.795716
8349,18.795689,14.945049,16.228595,17.512142,18.917305,1.835000,18.795689
8350,18.795661,14.945024,16.228568,17.512114,18.917278,1.835000,18.795661
8351,18.795633,14.944998,16.228542,17.512087,18.917251,1.835000,18.795633
8352,18.795605,14.944972,16.228515,17.512060,18.917224,1.835000,18.795605
8353,18.795578,14.944946,16.228489,17.512033,18.917197,1.835000,18.795578
8354,18.795550,14.944920,16.228462,17.512006,18.917170,1.835000,18.795550
8355,18.795522,14.944894,16.228436,17.511979,18.917143,1.835000,18.795522
8356,18.795494,14.944868,16.228409,17.511952,18.917116,1.835000,18.795494
8357,18.795467,14.944842,16.228383,17.511925,18.917088,1.835000,18.795467
8358,18.795439,14.944817,16.228356,17.511898,18.917061,1.835000,18.795439
8359,18.795411,14.944791,16.228330,17.511870,18.917034,1.835000,18.795411
8360,18.795384,14.944765,16.228303,17.511843,18.917007,1.835000,18.795384
8361,18.795356,14.944739,16.228277,17.511816,18.916980,1.835000,18.795356
8362,18.795328,14.944713,16.228250,17.511789,18.916953,1.835000,18.795328
8363,18.795300,14.944687,16.228224,17.511762,18.916926,1.835000,18.795300
8364,18.795273,14.944661,16.228197,17.511735,18.916899,1.835000,18.795273
8365,18.795245,14.944636,16.228171,17.511708,18.916872,1.835000,18.795245
8366,18.795217,14.944610,16.228144,17.511681,18.916845,1.835000,18.795217
8367,18.795190,14.944584,16.228118,17.511654,18.916818,1.835000,18.795190
8368,18.795162,14.944558,16.228092,17.511627,18.916791,1.835000,18.795162
8369,18.795134,14.944532,16.228065,17.511600,18.916763,1.835000,18.795134
8370,18.795107,14.944506,16.228039,17.511573,18.916736,1.835000,18.795107
8371,18.795079,14.944481,16.228012,17.511546,18.916709,1.835000,18.795079
8372,18.795051,14.944455,16.227986,17.511519,18.916682,1.835000,18.795051
8373,18.795024,14.944429,16.227959,17.511491,18.916655,1.835000,18.795024
8374,18.794996,14.944403,16.227933,17.511464,18.916628,1.835000,18.794996
8375,18.794968,14.944377,16.227906,17.511437,18.916601,1.835000,18.794968
8376,18.794941,14.944352,16.227880,17.511410,18.916574,1.835000,18.794941
8377,18.794913,14.944326,16.227854,17.511383,18.916547,1.835000,18.794913
8378,18.794885,14.944300,16.227827,17.511356,18.916520,1.835000,18.794885
8379,18.794858,14.944274,16.227801,17.511329,18.916493,1.835000,18.794858
8380,18.794830,14.944248,16.227774,17.511302,18.916466,1.835000,18.794830
8381,18.794802,14.944223,16.227748,17.511275,18.916439,1.835000,18.794802
8382,18.794775,14.944197,16.227722,17.511248,18.916412,1.835000,18.794775
8383,18.794747,14.944171,16.227695,17.511221,18.916385,1.835000,18.794747
8384,18.794720,14.944145,16.227669,17.511194,18.916358,1.835000,18.794720
8385,18.794692,14.944119,16.227642,17.511167,18.916331,1.835000,18.794692
8386,18.794664,14.944094,16.227616,17.511140,18.916304,1.835000,18.794664
8387,18.794637,14.944068,16.227590,17.511113,18.916277,1.835000,18.794637
8388,18.794609,14.944042,16.227563,17.511086,18.916250,1.835000,18.794609
8389,18.794581,14.944016,16.227537,17.511059,18.916223,1.835000,18.794581
8390,18.794554,14.943991,16.227510,17.511032,18.916196,1.835000,18.794554
8391,18.794526,14.943965,16.227484,17.511005,18.916169,1.835000,18.794526
8392,18.794499,14.943939,16.227458,17.510978,18.916142,1.835000,18.794499
8393,18.794471,14.943913,16.227431,17.510951,18.916115,1.835000,18.794471
8394,18.794443,14.943888,16.227405,17.510924,18.916088,1.835000,18.794443
8395,18.794416,14.943862,16.227379,17.510897,18.916061,1.835000,18.794416
8396,18.794388,14.943836,16.227352,17.510870,18.916034,1.835000,18.794388
8397,18.794361,14.943810,16.227326,17.510843,18.916007,1.835000,18.794361
8398,18.794333,14.943785,16.227300,17.510816,18.915980,1.835000,18.794333
8399,18.794305,14.943759,16.227273,17.510789,18.915953,1.835000,18.794305
8400,18.794278,14.943733,16.227247,17.510762,18.915926,1.835000,18.794278
8401,18.794250,14.943707,16.227221,17.510735,18.915899,1.835000,18.794250
8402,18.794223,14.943682,16.227194,17.510708,18.915872,1.835000,18.794223
8403,18.794195,14.943656,16.227168,17.510681,18.915845,1.835000,18.794195
8404,18.794168,14.943630,16.227141,17.510655,18.915818,1.835000,18.794168
8405,18.794140,14.943605,16.227115,17.510628,18.915791,1.835000,18.794140
8406,18.794112,14.943579,16.227089,17.510601,18.915764,1.835000,18.794112
8407,18.794085,14.943553,16.227063,17.510574,18.915738,1.835000,18.794085
8408,18.794057,14.943527,16.227036,17.510547,18.915711,1.835000,18.794057
8409,18.794030,14.943502,16.227010,17.510520,18.915684,1.835000,18.794030
8410,18.794002,14.943476,16.226984,17.510493,18.915657,1.835000,18.794002
8411,18.793975,14.943450,16.226957,17.510466,18.915630,1.835000,18.793975
8412,18.793947,14.943425,16.226931,17.510439,18.915603,1.835000,18.793947
8413,18.793920,14.943399,16.226905,17.510412,18.915576,1.835000,18.793920
8414,18.793892,14.943373,16.226878,17.510385,18.915549,1.835000,18.793892
8415,18.793865,14.943348,16.226852,17.510358,18.915522,1.835000,18.793865
8416,18.793837,14.943322,16.226826,17.510331,18.915495,1.835000,18.793837
8417,18.793810,14.943296,16.226799,17.510304,18.915468,1.835000,18.793810
8418,18.793782,14.943271,16.226773,17.510278,18.915441,1.835000,18.793782
8419,18.793755,14.943245,16.226747,17.510251,18.915414,1.835000,18.793755
8420,18.793727,14.943219,16.226721,17.510224,18.915388,1.835000,18.793727
8421,18.793700,14.943194,16.226694,17.510197,18.915361,1.835000,18.793700
8422,18.793672,14.943168,16.226668,17.510170,18.915334,1.835000,18.793672
8423,18.793644,14.943142,16.226642,17.510143,18.915307,1.835000,18.793644
8424,18.793617,14.943117,16.226615,17.510116,18.915280,1.835000,18.793617
8425,18.793590,14.943091,16.226589,17.510089,18.915253,1.835000,18.793590
8426,18.793562,14.943065,16.226563,17.510062,18.915226,1.835000,18.793562
8427,18.793535,14.943040,16.226537,17.510036,18.915199,1.835000,18.793535
8428,18.793507,14.943014,16.226510,17.510009,18.915173,1.835000,18.793507
8429,18.793480,14.942988,16.226484,17.509982,18.915146,1.835000,18.793480
8430,18.793452,14.942963,16.226458,17.509955,18.915119,1.835000,18.793452
8431,18.793425,14.942937,16.226432,17.509928,18.915092,1.835000,18.793425
8432,18.793397,14.942911,16.226405,17.509901,18.915065,1.835000,18.793397
8433,18.793370,14.942886,16.226379,17.509874,18.915038,1.835000,18.793370
8434,18.793342,14.942860,16.226353,17.509848,18.915011,1.835000,18.793342
8435,18.793315,14.942834,16.226327,17.509821,18.914984,1.835000,18.793315
8436,18.793287,14.942809,16.226300,17.509794,18.914958,1.835000,18.793287
8437,18.793260,14.942783,16.226274,17.509767,18.914931,1.835000,18.793260
8438,18.793232,14.942758,16.226248,17.509740,18.914904,1.835000,18.793232
8439,18.793205,14.942732,16.226222,17.509713,18.914877,1.835000,18.793205
8440,18.793177,14.942706,16.226196,17.509686,18.914850,1.835000,18.793177
8441,18.793150,14.942681,16.226169,17.509660,18.914823,1.835000,18.793150
8442,18.793123,14.942655,16.226143,17.509633,18.914797,1.835000,18.793123
8443,18.793095,14.942630,16.226117,17.509606,18.914770,1.835000,18.793095
8444,18.793068,14.942604,16.226091,17.509579,18.914743,1.835000,18.793068
8445,18.793040,14.942578,16.226064,17.509552,18.914716,1.835000,18.793040
8446,18.793013,14.942553,16.226038,17.509526,18.914689,1.835000,18.793013
8447,18.792985,14.942527,16.226012,17.509499,18.914663,1.835000,18.792985
8448,18.792958,14.942502,16.225986,17.509472,18.914636,1.835000,18.792958
8449,18.792931,14.942476,16.225960,17.509445,18.914609,1.835000,18.792931
8450,18.792903,14.942450,16.225933,17.509418,18.914582,1.835000,18.792903
8451,18.792876,14.942425,16.225907,17.509392,18.914555,1.835000,18.792876
8452,18.792848,14.942399,16.225881,17.509365,18.914529,1.835000,18.792848
8453,18.792821,14.942374,16.225855,17.509338,18.914502,1.835000,18.792821
8454,18.792794,14.942348,16.225829,17.509311,18.914475,1.835000,18.792794
8455,18.792766,14.942323,16.225803,17.509284,18.914448,1.835000,18.792766
8456,18.792739,14.942297,16.225776,17.509258,18.914421,1.835000,18.792739
8457,18.792711,14.942271,16.225750,17.509231,18.914395,1.835000,18.792711
8458,18.792684,14.942246,16.225724,17.509204,18.914368,1.835000,18.792684
8459,18.792657,14.942220,16.225698,17.509177,18.914341,1.835000,18.792657
8460,18.792629,14.942195,16.225672,17.509150,18.914314,1.835000,18.792629
8461,18.792602,14.942169,16.225646,17.509124,18.914287,1.835000,18.792602
8462,18.792574,14.942144,16.225619,17.509097,18.914261,1.835000,18.792574
8463,18.792547,14.942118,16.225593,17.509070,18.914234,1.835000,18.792547
8464,18.792520,14.942093,16.225567,17.509043,18.914207,1.835000,18.792520
8465,18.792492,14.942067,16.225541,17.509017,18.914180,1.835000,18.792492
8466,18.792465,14.942042,16.225515,17.508990,18.914154,1.835000,18.792465
8467,18.792438,14.942016,16.225489,17.508963,18.914127,1.835000,18.792438
8468,18.792410,14.941991,16.225463,17.508936,18.914100,1.835000,18.792410
8469,18.792383,14.941965,16.225436,17.508910,18.914073,1.835000,18.792383
8470,18.792356,14.941940,16.225410,17.508883,18.914047,1.835000,18.792356
8471,18.792328,14.941914,16.225384,17.508856,18.914020,1.835000,18.792328
8472,18.792301,14.941888,16.225358,17.508829,18.913993,1.835000,18.792301
8473,18.792274,14.941863,16.225332,17.508803,18.913967,1.835000,18.792274
8474,18.792246,14.941837,16.225306,17.508776,18.913940,1.835000,18.792246
8475,18.792219,14.941812,16.225280,17.508749,18.913913,1.835000,18.792219
8476,18.792192,14.941786,16.225254,17.508723,18.913886,1.835000,18.792192
8477,18.792164,14.941761,16.225227,17.508696,18.913860,1.835000,18.792164
8478,18.792137,14.941735,16.225201,17.508669,18.913833,1.835000,18.792137
8479,18.792110,14.941710,16.225175,17.508642,18.913806,1.835000,18.792110
8480,18.792082,14.941684,16.225149,17.508616,18.913780,1.835000,18.792082
8481,18.792055,14.941659,16.225123,17.508589,18.913753,1.835000,18.792055
8482,18.792028,14.941634,16.225097,17.508562,18.913726,1.835000,18.792028
8483,18.792000,14.941608,16.225071,17.508536,18.913699,1.835000,18.792000
8484,18.791973,14.941583,16.225045,17.508509,18.913673,1.835000,18.791973
8485,18.791946,14.941557,16.225019,17.508482,18.913646,1.835000,18.791946
8486,18.791918,14.941532,16.224993,17.508456,18.913619,1.835000,18.791918
8487,18.791891,14.941506,16.224967,17.508429,18.913593,1.835000,18.791891
8488,18.791864,14.941481,16.224940,17.508402,18.913566,1.835000,18.791864
8489,18.791837,14.941455,16.224914,17.508375,18.913539,1.835000,18.791837
8490,18.791809,14.941430,16.224888,17.508349,18.913513,1.835000,18.791809
8491,18.791782,14.941404,16.224862,17.508322,18.913486,1.835000,18.791782
8492,18.791755,14.941379,16.224836,17.508295,18.913459,1.835000,18.791755
8493,18.791727,14.941353,16.224810,17.508269,18.913433,1.835000,18.791727
8494,18.791700,14.941328,16.224784,17.508242,18.913406,1.835000,18.791700
8495,18.791673,14.941303,16.224758,17.508215,18.913379,1.835000,18.791673
8496,18.791646,14.941277,16.224732,17.508189,18.913353,1.835000,18.791646
8497,18.791618,14.941252,16.224706,17.508162,18.913326,1.835000,18.791618
8498,18.791591,14.941226,16.224680,17.508135,18.913299,1.835000,18.791591
8499,18.791564,14.941201,16.224654,17.508109,18.913273,1.835000,18.791564
8500,18.791537,14.941175,16.224628,17.508082,18.913246,1.835000,18.791537
8501,18.791509,14.941150,16.224602,17.508056,18.913219,1.835000,18.791509
8502,18.791482,14.941124,16.224576,17.508029,18.913193,1.835000,18.791482
8503,18.791455,14.941099,16.224550,17.508002,18.913166,1.835000,18.791455
8504,18.791428,14.941074,16.224524,17.507976,18.913139,1.835000,18.791428
8505,18.791400,14.941048,16.224498,17.507949,18.913113,1.835000,18.791400
8506,18.791373,14.941023,16.224472,17.507922,18.913086,1.835000,18.791373
8507,18.791346,14.940997,16.224446,17.507896,18.913060,1.835000,18.791346
8508,18.791319,14.940972,16.224420,17.507869,18.913033,1.835000,18.791319
8509,18.791291,14.940947,16.224394,17.507843,18.913006,1.835000,18.791291
8510,18.791264,14.940921,16.224368,17.507816,18.912980,1.835000,18.791264
8511,18.791237,14.940896,16.224342,17.507789,18.912953,1.835000,18.791237
8512,18.791210,14.940870,16.224316,17.507763,18.912927,1.835000,18.791210
8513,18.791183,14.940845,16.224290,17.507736,18.912900,1.835000,18.791183
8514,18.791155,14.940820,16.224264,17.507709,18.912873,1.835000,18.791155
8515,18.791128,14.940794,16.224238,17.507683,18.912847,1.835000,18.791128
8516,18.791101,14.940769,16.224212,17.507656,18.912820,1.835000,18.791101
8517,18.791074,14.940743,16.224186,17.507630,18.912794,1.835000,18.791074
8518,18.791047,14.940718,16.224160,17.507603,18.912767,1.835000,18.791047
8519,18.791019,14.940693,16.224134,17.507577,18.912740,1.835000,18.791019
8520,18.790992,14.940667,16.224108,17.507550,18.912714,1.835000,18.790992
8521,18.790965,14.940642,16.224082,17.507523,18.912687,1.835000,18.790965
8522,18.790938,14.940617,16.224056,17.507497,18.912661,1.835000,18.790938
8523,18.790911,14.940591,16.224030,17.507470,18.912634,1.835000,18.790911
8524,18.790883,14.940566,16.224004,17.507444,18.912607,1.835000,18.790883
8525,18.790856,14.940541,16.223978,17.507417,18.912581,1.835000,18.790856
8526,18.790829,14.940515,16.223952,17.507391,18.912554,1.835000,18.790829
8527,18.790802,14.940490,16.223926,17.507364,18.912528,1.835000,18.790802
8528,18.790775,14.940465,16.223900,17.507337,18.912501,1.835000,18.790775
8529,18.790748,14.940439,16.223874,17.507311,18.912475,1.835000,18.790748
8530,18.790720,14.940414,16.223848,17.507284,18.912448,1.835000,18.790720
8531,18.790693,14.940388,16.223822,17.507258,18.912422,1.835000,18.790693
8532,18.790666,14.940363,16.223796,17.507231,18.912395,1.835000,18.790666
8533,18.790639,14.940338,16.223770,17.507205,18.912368,1.835000,18.790639
8534,18.790612,14.940313,16.223744,17.507178,18.912342,1.835000,18.790612
8535,18.790585,14.940287,16.223718,17.507152,18.912315,1.835000,18.790585
8536,18.790558,14.940262,16.223693,17.507125,18.912289,1.835000,18.790558
8537,18.790530,14.940237,16.223667,17.507099,18.912262,1.835000,18.790530
8538,18.790503,14.940211,16.223641,17.507072,18.912236,1.835000,18.790503
8539,18.790476,14.940186,16.223615,17.507045,18.912209,1.835000,18.790476
8540,18.790449,14.940161,16.223589,17.507019,18.912183,1.835000,18.790449
8541,18.790422,14.940135,16.223563,17.506992,18.912156,1.835000,18.790422
8542,18.790395,14.940110,16.223537,17.506966,18.912130,1.835000,18.790395
8543,18.790368,14.940085,16.223511,17.506939,18.912103,1.835000,18.790368
8544,18.790341,14.940059,16.223485,17.506913,18.912077,1.835000,18.790341
8545,18.790313,14.940034,16.223459,17.506886,18.912050,1.835000,18.790313
8546,18.790286,14.940009,16.223433,17.506860,18.912024,1.835000,18.790286
8547,18.790259,14.939984,16.223408,17.506833,18.911997,1.835000,18.790259
8548,18.790232,14.939958,16.223382,17.506807,18.911971,1.835000,18.790232
8549,18.790205,14.939933,16.223356,17.506780,18.911944,1.835000,18.790205
8550,18.790178,14.939908,16.223330,17.506754,18.911918,1.835000,18.790178
8551,18.790151,14.939882,16.223304,17.506727,18.911891,1.835000,18.790151
8552,18.790124,14.939857,16.223278,17.506701,18.911865,1.835000,18.790124
8553,18.790097,14.939832,16.223252,17.506674,18.911838,1.835000,18.790097
8554,18.790070,14.939807,16.223226,17.506648,18.911812,1.835000,18.790070
8555,18.790043,14.939781,16.223201,17.506622,18.911785,1.835000,18.790043
8556,18.790015,14.939756,16.223175,17.506595,18.911759,1.835000,18.790015
8557,18.789988,14.939731,16.223149,17.506569,18.911732,1.835000,18.789988
8558,18.789961,14.939706,16.223123,17.506542,18.911706,1.835000,18.789961
8559,18.789934,14.939680,16.223097,17.506516,18.911679,1.835000,18.789934
8560,18.789907,14.939655,16.223071,17.506489,18.911653,1.835000,18.789907
8561,18.789880,14.939630,16.223045,17.506463,18.911627,1.835000,18.789880
8562,18.789853,14.939605,16.223020,17.506436,18.911600,1.835000,18.789853
8563,18.789826,14.939579,16.222994,17.506410,18.911574,1.835000,18.789826
8564,18.789799,14.939554,16.222968,17.506383,18.911547,1.835000,18.789799
8565,18.789772,14.939529,16.222942,17.506357,18.911521,1.835000,18.789772
8566,18.789745,14.939504,16.222916,17.506331,18.911494,1.835000,18.789745
8567,18.789718,14.939478,16.222890,17.506304,18.911468,1.835000,18.789718
8568,18.789691,14.939453,16.222864,17.506278,18.911441,1.835000,18.789691
8569,18.789664,14.939428,16.222839,17.506251,18.911415,1.835000,18.789664
8570,18.789637,14.939403,16.222813,17.506225,18.911389,1.835000,18.789637
8571,18.789610,14.939377,16.222787,17.506198,18.911362,1.835000,18.789610
8572,18.789583,14.939352,16.222761,17.506172,18.911336,1.835000,18.789583
8573,18.789556,14.939327,16.222735,17.506146,18.911309,1.835000,18.789556
8574,18.789529,14.939302,16.222710,17.506119,18.911283,1.835000,18.789529
8575,18.789502,14.939277,16.222684,17.506093,18.911256,1.835000,18.789502
8576,18.789475,14.939251,16.222658,17.506066,18.911230,1.835000,18.789475
8577,18.789448,14.939226,16.222632,17.506040,18.911204,1.835000,18.789448
8578,18.789421,14.939201,16.222606,17.506013,18.911177,1.835000,18.789421
8579,18.789394,14.939176,16.222581,17.505987,18.911151,1.835000,18.789394
8580,18.789367,14.939151,16.222555,17.505961,18.911124,1.835000,18.789367
8581,18.789340,14.939125,16.222529,17.505934,18.911098,1.835000,18.789340
8582,18.789313,14.939100,16.222503,17.505908,18.911072,1.835000,18.789313
8583,18.789286,14.939075,16.222477,17.505882,18.911045,1.835000,18.789286
8584,18.789259,14.939050,16.222452,17.505855,18.911019,1.835000,18.789259
8585,18.789232,14.939025,16.222426,17.505829,18.910993,1.835000,18.789232
8586,18.789205,14.939000,16.222400,17.505802,18.910966,1.835000,18.789205
8587,18.789178,14.938974,16.222374,17.505776,18.910940,1.835000,18.789178
8588,18.789151,14.938949,16.222348,17.505750,18.910913,1.835000,18.789151
8589,18.789124,14.938924,16.222323,17.505723,18.910887,1.835000,18.789124
8590,18.789097,14.938899,16.222297,17.505697,18.910861,1.835000,18.789097
8591,18.789070,14.938874,16.222271,17.505671,18.910834,1.835000,18.789070
8592,18.789043,14.938849,16.222245,17.505644,18.910808,1.835000,18.789043
8593,18.789016,14.938823,16.222220,17.505618,18.910782,1.835000,18.789016
8594,18.788989,14.938798,16.222194,17.505591,18.910755,1.835000,18.788989
8595,18.788962,14.938773,16.222168,17.505565,18.910729,1.835000,18.788962
8596,18.788935,14.938748,16.222142,17.505539,18.910703,1.835000,18.788935
8597,18.788908,14.938723,16.222117,17.505512,18.910676,1.835000,18.788908
8598,18.788881,14.938698,16.222091,17.505486,18.910650,1.835000,18.788881
8599,18.788854,14.938673,16.222065,17.505460,18.910624,1.835000,18.788854
8600,18.788827,14.938647,16.222039,17.505433,18.910597,1.835000,18.788827
8601,18.788800,14.938622,16.222014,17.505407,18.910571,1.835000,18.788800
8602,18.788773,14.938597,16.221988,17.505381,18.910545,1.835000,18.788773
8603,18.788746,14.938572,16.221962,17.505354,18.910518,1.835000,18.788746
8604,18.788720,14.938547,16.221937,17.505328,18.910492,1.835000,18.788720
8605,18.788693,14.938522,16.221911,17.505302,18.910466,1.835000,18.788693
8606,18.788666,14.938497,16.221885,17.505275,18.910439,1.835000,18.788666
8607,18.788639,14.938472,16.221859,17.505249,18.910413,1.835000,18.788639
8608,18.788612,14.938446,16.221834,17.505223,18.910387,1.835000,18.788612
8609,18.788585,14.938421,16.221808,17.505197,18.910360,1.835000,18.788585
8610,18.788558,14.938396,16.221782,17.505170,18.910334,1.835000,18.788558
8611,18.788531,14.938371,16.221757,17.505144,18.910308,1.835000,18.788531
8612,18.788504,14.938346,16.221731,17.505118,18.910281,1.835000,18.788504
8613,18.788477,14.938321,16.221705,17.505091,18.910255,1.835000,18.788477
8614,18.788451,14.938296,16.221680,17.505065,18.910229,1.835000,18.788451
8615,18.788424,14.938271,16.221654,17.505039,18.910203,1.835000,18.788424
8616,18.788397,14.938246,16.221628,17.505012,18.910176,1.835000,18.788397
8617,18.788370,14.938221,16.221602,17.504986,18.910150,1.835000,18.788370
8618,18.788343,14.938195,16.221577,17.504960,18.910124,1.835000,18.788343
8619,18.788316,14.938170,16.221551,17.504934,18.910097,1.835000,18.788316
8620,18.788289,14.938145,16.221525,17.504907,18.910071,1.835000,18.788289
8621,18.788262,14.938120,16.221500,17.504881,18.910045,1.835000,18.788262
8622,18.788235,14.938095,16.221474,17.504855,18.910019,1.835000,18.788235
8623,18.788209,14.938070,16.221448,17.504829,18.909992,1.835000,18.788209
8624,18.788182,14.938045,16.221423,17.504802,18.909966,1.835000,18.788182
8625,18.788155,14.938020,16.221397,17.504776,18.909940,1.835000,18.788155
8626,18.788128,14.937995,16.221371,17.504750,18.909914,1.835000,18.788128
8627,18.788101,14.937970,16.221346,17.504723,18.909887,1.835000,18.788101
8628,18.788074,14.937945,16.221320,17.504697,18.909861,1.835000,18.788074
8629,18.788047,14.937920,16.221294,17.504671,18.909835,1.835000,18.788047
8630,18.788021,14.937895,16.221269,17.504645,18.909809,1.835000,18.788021
8631,18.787994,14.937870,16.221243,17.504619,18.909782,1.835000,18.787994
8632,18.787967,14.937845,16.221218,17.504592,18.909756,1.835000,18.787967
8633,18.787940,14.937820,16.221192,17.504566,18.909730,1.835000,18.787940
8634,18.787913,14.937795,16.221166,17.504540,18.909704,1.835000,18.787913
8635,18.787886,14.937770,16.221141,17.504514,18.909677,1.835000,18.787886
8636,18.787860,14.937745,16.221115,17.504487,18.909651,1.835000,18.787860
8637,18.787833,14.937720,16.221089,17.504461,18.909625,1.835000,18.787833
8638,18.787806,14.937694,16.221064,17.504435,18.909599,1.835000,18.787806
8639,18.787779,14.937669,16.221038,17.504409,18.909572,1.835000,18.787779
8640,18.787752,14.937644,16.221013,17.504382,18.909546,1.835000,18.787752
8641,18.787726,14.937619,16.220987,17.504356,18.909520,1.835000,18.787726
8642,18.787699,14.937594,16.220961,17.504330,18.909494,1.835000,18.787699
8643,18.787672,14.937569,16.220936,17.504304,18.909468,1.835000,18.787672
8644,18.787645,14.937544,16.220910,17.504278,18.909441,1.835000,18.787645
8645,18.787618,14.937519,16.220885,17.504251,18.909415,1.835000,18.787618
8646,18.787592,14.937494,16.220859,17.504225,18.909389,1.835000,18.787592
8647,18.787565,14.937469,16.220833,17.504199,18.909363,1.835000,18.787565
8648,18.787538,14.937444,16.220808,17.504173,18.909337,1.835000,18.787538
8649,18.787511,14.937419,16.220782,17.504147,18.909310,1.835000,18.787511
8650,18.787484,14.937394,16.220757,17.504121,18.909284,1.835000,18.787484
8651,18.787458,14.937369,16.220731,17.504094,18.909258,1.835000,18.787458
8652,18.787431,14.937344,16.220705,17.504068,18.909232,1.835000,18.787431
8653,18.787404,14.937319,16.220680,17.504042,18.909206,1.835000,18.787404
8654,18.787377,14.937295,16.220654,17.504016,18.909180,1.835000,18.787377
8655,18.787351,14.937270,16.220629,17.503990,18.909153,1.835000,18.787351
8656,18.787324,14.937245,16.220603,17.503963,18.909127,1.835000,18.787324
8657,18.787297,14.937220,16.220578,17.503937,18.909101,1.835000,18.787297
8658,18.787270,14.937195,16.220552,17.503911,18.909075,1.835000,18.787270
8659,18.787244,14.937170,16.220526,17.503885,18.909049,1.835000,18.787244
8660,18.787217,14.937145,16.220501,17.503859,18.909023,1.835000,18.787217
8661,18.787190,14.937120,16.220475,17.503833,18.908996,1.835000,18.787190
8662,18.787163,14.937095,16.220450,17.503807,18.908970,1.835000,18.787163
8663,18.787137,14.937070,16.220424,17.503780,18.908944,1.835000,18.787137
8664,18.787110,14.937045,16.220399,17.503754,18.908918,1.835000,18.787110
8665,18.787083,14.937020,16.220373,17.503728,18.908892,1.835000,18.787083
8666,18.787056,14.936995,16.220348,17.503702,18.908866,1.835000,18.787056
8667,18.787030,14.936970,16.220322,17.503676,18.908840,1.835000,18.787030
8668,18.787003,14.936945,16.220297,17.503650,18.908814,1.835000,18.787003
8669,18.786976,14.936920,16.220271,17.503624,18.908787,1.835000,18.786976
8670,18.786949,14.936895,16.220245,17.503597,18.908761,1.835000,18.786949
8671,18.786923,14.936870,16.220220,17.503571,18.908735,1.835000,18.786923
8672,18.786896,14.936845,16.220194,17.503545,18.908709,1.835000,18.786896
8673,18.786869,14.936820,16.220169,17.503519,18.908683,1.835000,18.786869
8674,18.786843,14.936796,16.220143,17.503493,18.908657,1.835000,18.786843
8675,18.786816,14.936771,16.220118,17.503467,18.908631,1.835000,18.786816
8676,18.786789,14.936746,16.220092,17.503441,18.908605,1.835000,18.786789
8677,18.786763,14.936721,16.220067,17.503415,18.908579,1.835000,18.786763
8678,18.786736,14.936696,16.220041,17.503389,18.908552,1.835000,18.786736
8679,18.786709,14.936671,16.220016,17.503363,18.908526,1.835000,18.786709
8680,18.786682,14.936646,16.219990,17.503336,18.908500,1.835000,18.786682
8681,18.786656,14.936621,16.219965,17.503310,18.908474,1.835000,18.786656
8682,18.786629,14.936596,16.219939,17.503284,18.908448,1.835000,18.786629
8683,18.786602,14.936571,16.219914,17.503258,18.908422,1.835000,18.786602
8684,18.786576,14.936547,16.219888,17.503232,18.908396,1.835000,18.786576
8685,18.786549,14.936522,16.219863,17.503206,18.908370,1.835000,18.786549
8686,18.786522,14.936497,16.219837,17.503180,18.908344,1.835000,18.786522
8687,18.786496,14.936472,16.219812,17.503154,18.908318,1.835000,18.786496
8688,18.786469,14.936447,16.219787,17.503128,18.908292,1.835000,18.786469
8689,18.786442,14.936422,16.219761,17.503102,18.908266,1.835000,18.786442
8690,18.786416,14.936397,16.219736,17.503076,18.908239,1.835000,18.786416
8691,18.786389,14.936372,16.219710,17.503050,18.908213,1.835000,18.786389
8692,18.786362,14.936348,16.219685,17.503024,18.908187,1.835000,18.786362
8693,18.786336,14.936323,16.219659,17.502997,18.908161,1.835000,18.786336
8694,18.786309,14.936298,16.219634,17.502971,18.908135,1.835000,18.786309
8695,18.786282,14.936273,16.219608,17.502945,18.908109,1.835000,18.786282
8696,18.786256,14.936248,16.219583,17.502919,18.908083,1.835000,18.786256
8697,18.786229,14.936223,16.219557,17.502893,18.908057,1.835000,18.786229
8698,18.786203,14.936198,16.219532,17.502867,18.908031,1.835000,18.786203
8699,18.786176,14.936174,16.219506,17.502841,18.908005,1.835000,18.786176
8700,18.786149,14.936149,16.219481,17.502815,18.907979,1.835000,18.786149
8701,18.786123,14.936124,16.219456,17.502789,18.907953,1.835000,18.786123
8702,18.786096,14.936099,16.219430,17.502763,18.907927,1.835000,18.786096
8703,18.786069,14.936074,16.219405,17.502737,18.907901,1.835000,18.786069
8704,18.786043,14.936049,16.219379,17.502711,18.907875,1.835000,18.786043
8705,18.786016,14.936025,16.219354,17.502685,18.907849,1.835000,18.786016
8706,18.785990,14.936000,16.219328,17.502659,18.907823,1.835000,18.785990
8707,18.785963,14.935975,16.219303,17.502633,18.907797,1.835000,18.785963
8708,18.785936,14.935950,16.219278,17.502607,18.907771,1.835000,18.785936
8709,18.785910,14.935925,16.219252,17.502581,18.907745,1.835000,18.785910
8710,18.785883,14.935900,16.219227,17.502555,18.907719,1.835000,18.785883
8711,18.785857,14.935876,16.219201,17.502529,18.907693,1.835000,18.785857
8712,18.785830,14.935851,16.219176,17.502503,18.907667,1.835000,18.785830
8713,18.785803,14.935826,16.219151,17.502477,18.907641,1.835000,18.785803
8714,18.785777,14.935801,16.219125,17.502451,18.907615,1.835000,18.785777
8715,18.785750,14.935776,16.219100,17.502425,18.907589,1.835000,18.785750
8716,18.785724,14.935752,16.219074,17.502399,18.907563,1.835000,18.785724
8717,18.785697,14.935727,16.219049,17.502373,18.907537,1.835000,18.785697
8718,18.785671,14.935702,16.219024,17.502347,18.907511,1.835000,18.785671
8719,18.785644,14.935677,16.218998,17.502321,18.907485,1.835000,18.785644
8720,18.785617,14.935652,16.218973,17.502295,18.907459,1.835000,18.785617
8721,18.785591,14.935628,16.218948,17.502269,18.907433,1.835000,18.785591
8722,18.785564,14.935603,16.218922,17.502243,18.907407,1.835000,18.785564
8723,18.785538,14.935578,16.218897,17.502217,18.907381,1.835000,18.785538
8724,18.785511,14.935553,16.218871,17.502191,18.907355,1.835000,18.785511
8725,18.785485,14.935529,16.218846,17.502165,18.907329,1.835000,18.785485
8726,18.785458,14.935504,16.218821,17.502139,18.907303,1.835000,18.785458
8727,18.785432,14.935479,16.218795,17.502113,18.907277,1.835000,18.785432
8728,18.785405,14.935454,16.218770,17.502087,18.907251,1.835000,18.785405
8729,18.785378,14.935429,16.218745,17.502062,18.907225,1.835000,18.785378
8730,18.785352,14.935405,16.218719,17.502036,18.907199,1.835000,18.785352
8731,18.785325,14.935380,16.218694,17.502010,18.907173,1.835000,18.785325
8732,18.785299,14.935355,16.218669,17.501984,18.907148,1.835000,18.785299
8733,18.785272,14.935330,16.218643,17.501958,18.907122,1.835000,18.785272
8734,18.785246,14.935306,16.218618,17.501932,18.907096,1.835000,18.785246
8735,18.785219,14.935281,16.218593,17.501906,18.907070,1.835000,18.785219
8736,18.785193,14.935256,16.218567,17.501880,18.907044,1.835000,18.785193
8737,18.785166,14.935231,16.218542,17.501854,18.907018,1.835000,18.785166
8738,18.785140,14.935207,16.218517,17.501828,18.906992,1.835000,18.785140
8739,18.785113,14.935182,16.218491,17.501802,18.906966,1.835000,18.785113
8740,18.785087,14.935157,16.218466,17.501776,18.906940,1.835000,18.785087
8741,18.785060,14.935133,16.218441,17.501750,18.906914,1.835000,18.785060
8742,18.785034,14.935108,16.218415,17.501725,18.906888,1.835000,18.785034
8743,18.785007,14.935083,16.218390,17.501699,18.906862,1.835000,18.785007
8744,18.784981,14.935058,16.218365,17.501673,18.906837,1.835000,18.784981
8745,18.784954,14.935034,16.218339,17.501647,18.906811,1.835000,18.784954
8746,18.784928,14.935009,16.218314,17.501621,18.906785,1.835000,18.784928
8747,18.784901,14.934984,16.218289,17.501595,18.906759,1.835000,18.784901
8748,18.784875,14.934959,16.218263,17.501569,18.906733,1.835000,18.784875
8749,18.784848,14.934935,16.218238,17.501543,18.906707,1.835000,18.784848
8750,18.784822,14.934910,16.218213,17.501517,18.906681,1.835000,18.784822
8751,18.784795,14.934885,16.218188,17.501491,18.906655,1.835000,18.784795
8752,18.784769,14.934861,16.218162,17.501466,18.906629,1.835000,18.784769
8753,18.784742,14.934836,16.218137,17.501440,18.906604,1.835000,18.784742
8754,18.784716,14.934811,16.218112,17.501414,18.906578,1.835000,18.784716
8755,18.784690,14.934787,16.218086,17.501388,18.906552,1.835000,18.784690
8756,18.784663,14.934762,16.218061,17.501362,18.906526,1.835000,18.784663
8757,18.784637,14.934737,16.218036,17.501336,18.906500,1.835000,18.784637
8758,18.784610,14.934713,16.218011,17.501310,18.906474,1.835000,18.784610
8759,18.784584,14.934688,16.217985,17.501285,18.906448,1.835000,18.784584
8760,18.784557,14.934663,16.217960,17.501259,18.906422,1.835000,18.784557
